Type,Sequence
IGHV1-46*01,AS VKVSCK ASGY S FSS YSMHWVRQ APGQG FEWMGMV DPSANTAWSAQ KF QG RVTMTR DTSTR EVYMELTSLR FDDT AVYYCA RGPS YYIFD YWGQG TLVTVS S
IGHV1-69*13,S VKVSCK ASGGTFSN YAVSWVR QAPGQGL EWMGAF V PAFRK AHYAQDFQD RVTITA DQTST TAYMEFNSLR FDDT AVYYCAR WGLVGPLEDPVSSDPAHSGDHY GLDVW GQG TTVTVS S
IGHV1-2*02,GA SVKVSCK ASGY TFTGYYLHWVR QAPGQG LEWMGWIH PKSGDTH YAQKFLGRVTLTR DTST TIVYMELKWL TSDDT AVYYCS RGSG ISF GG IDY WGQG TLVTV PS
IGHV1-3*01,AS MKVSCK ASGY SFT AHAMHWVR QAPGQ RLEWMGWI NPGTGN TIYS QKFQD RVTITR DTSAT TVYMEL SGL RF EDT AVYYCA RSPRPL RFLEFLLAW F DPWGQG TLVTVS S
IGHV1-2*04,Q VQLVQ SGA EVK KPGA SVTVSCK ASQY TFTGYYLHWVR QAPGQGLEG MGWI NPNSGATNY AR KFQ GLVTMT RDTS ISTAYMELS SLKSDDT AVYYCAI GLPVQG MDV WGQG TTVTVS S
IGHV1-18*01,S VKVSCK ASGY TFTSYGISWVR QAPGQG LEWMGWI NPYNADTHY AQK FQG RVTMTA DTSTR TAYMDLRS LRSDDT AVYYCA RDPTM VRGVFRWF DPWGQG TLVTVS S
IGHV1-46*01,AS VKVSCK ASGY TFTSYYMHWVRQ APGQGL EWMGII NPSGGSTSY A QKF QG RVTMTR DTSTS TVYMELSS LRSEGT AVHYCA RDQAKDSS SWYFRR DWGDRDGWGQGA TV PVS
IGHV1-69*08,S VKVSCK TSGGT FRSHIFSWVR QAPGQGL EWMGRIIPVI DS AKYAQ KFQD RITITAD TSTG TAYLHLTS LTSEDT AIYYCTRVN LRGSQYN WF DPWGQGTP VTV SS
IGHV1-18*01,AS VKVSCK ASGY TFTSYGISWVRQ APGQGL EWMGWISAY NGNTNY AQKL QG RVTMTT DTSTS TAYMELRS LRSDDT AVYYCA RG IVVVT AEK IYYYYY G MD VWGQG TTVTVS S
IGHV1-2*04,AA LKDSCKA SGY TFTGYYMHWVRQ APGQGL EWMGWI NPNSGGTNYA QKF Q GWVTMT RDTS ISTAYMELSR LRSDDT AVYYCARI GNTR YGMDVW GQG TTVTVS S
IGHV1-2*02,AS VKVSCK ASGY TFTDYYVHWVRQ APGQG LECMAWI NPDNGV T DYAPKFQG RISLTR DTSSS TIYMEL SGLRSDDT AIYYCA RDPTVVGPDNPF DIW GQG TFVTVS S
IGHV1-2*02,A SVRVSCK ASGY TFTVYYLHWVR QAPGQG LEWMGWI NPKTGV TKYAQS FQGN VTMT RDTSIN TAYLELSR LRFDDT A VYYC ARILNS WFDPWGQG TLITV SS
IGHV1-24*01,AS VKVSCKL SGHT LTELSMHWVR QAPGKG LEWMG G Y DPEGGE TIYAQKI QG RVTIT EDTST EIAYMELTS LESEDT AVYYCT TGVGYRPDFD FW GQG TLIVVS S
IGHV1-18*01,AS VKVSCK ASGY TFTSYGISWVRQ APGQGL EWMGWISAY NGNTNY AQKL QG RVTMTT DTSTS TAYMELRS LRSDDT AVYYCA RDRD IVVV PAAIPHH YYYGMDV WGQG TTVTVS S
IGHV1-18*01,AS VKVSCK ASGY TFTSYGISWVRQ APGQGL EWMGWISAY NGNTNY AQQL QG RVTMTT DTSTS TAYMELRS LRSDET AVYYCA RDRV SW G AYYD FWSGYSG RLYYYYY G MD VWGQG TTVTVS S
IGHV1-2*06,AS VKVSCK ASGY TF TDNE MHRVR QAPGQGPEW MGRI NPPTGGKD YAQK FQG RVTLT RDTS ISTAYMELRS LRSDDT AVYFCARS WGPRGVDGELP LAYW GHG ALVTVS S
IGHV1-46*01,AS VKVSCK ASGF TFTSYYMHWVRQ APGQGL EWMGII NPSGDYTS YAQ K FQG RVTMTR DTSTT TVYMELSS LRSEDT AVYYCARA YPPTFD Y WGQG TLVTV SS
IGHV1-24*01,AS VKVSCK ASGY TLTGLSMHWVR QAPGKG LEWM GGFDPEDGD TIYAQKF QG RVTMT EDTSTD TAYMELSS LRSEDT AVYYC ATGSPHCSSTSCYPNWFDPWGL GTLVTVS S
IGHV1-2*02,AS VKVSC KPSGY T FTAYYIHWVRQ APGQGL EWMG WSNPNSGGA KYAQR FQG RVTMT RDTS ISTAYMEL SGLRSDDT AVYYCA RVP VLTRMA ATG PAQRWFDT WGQEPWSPSPQ
IGHV1-8*02,AS VKVSCK ASGY TFTN YD INW VR Q ATGQGL EWMGWM NPNSDNTG YAWNF QG RVTLT RNTS ISTAYMELTS LTSEDT AVYYC AKGPWQ TYYYGMDV WGQG TTVTVS S
IGHV1-18*01,AS VKVSC KTSG YIFS DFG ISWVRQ APGQGL EWMGWI NPYKGNTD YAQ KFQG RVTMTT DTSTS TAYMELRS LSFDDT AVYFCA RDRK VRGIT NNWFDPWGQG TLVTVS S
IGHV1-2*02,AS VKVSCK ASGY TFTGYYMHWVRQ APGQGL EWMGWI NPNSGGTNY AQKF QG RVTMT RDTS ISTAYMELSR LRSDDT AVYYCA SRTG LYYYYGMD VWGQG TTVTVS S
IGHV1-69*08,Q VQLVQ SGA EVK KPGS SVKVSCK ASGGT FSSYTISWVR QAPGQGL EWMGRIIPILGI AN YAQ KFQG RVTITA DKSTS TAYMELS SLRSEDT AVYYCAR DLQGY RAYAHY GGK GTLVTV S
IGHV1-18*01,Q VQLVQ SG IEVE KPGA SVKVSCK ASGY TFTSYGINWVRQ APGQGL EWMGWISVY NGNTNY AQKF QG RVTMTT DTSTS TAYLEL GGLRSDDT AVYYWARDFY DSRGY SI KGPFDYWGQG TLVTVS S
IGHV1-18*01,AS VKVSCK TSGYN FVTYGVSWVRQ APGQGL EWMGWINT HNDTTTSAPN FRARVTMT TDTSTT TAYMELR GLTSDDT AVYYCARFRIV GATS YYGMDV WGQG TTVTVS S
IGHV1-18*04,S VKVSCK ASGY TFTSYGISWVRQ APGQGL EWMGWISAY NGNTNY AQKL QG RVTMTT DTSTS TAYMELRSL RSDDT AVYYCA RDERWSTADHSEGFD Y WGQG TLVTV SS
IGHV1-8*01,A TVKVSCK ASGY TFSS YD INWVRQ ATGQGL EWMGWM NPNSGNTGY AQKF QG RVTMTR DTSES TVYMELSS LRSEDT AVYYCA RGQ YF DSSGP V NYHHGL DVWA KGPRSPSP
IGHV1-18*04,AS VKVSCK ASDYT F TNYAINW V R QAPGQGL EWMGWISTF NGDTNYA QKVRGRVTLTT DTSTR TVYMELRS LTSDDT AVYYCARS ADRDTWSPGNYWGQG TLVTV SS
IGHV1-18*01,AS VKVSCK ASGY TFSSYGISWVRQ APGQGL EWMGWISTY NGDTKYPQK F Q GRVTMTT DTSTK TAYMELR NLRSADT AVYYC ARDQ VRYC SGT CC YGL K WGFD YWS RG TLVT GPS
IGHV1-58*01,S VKVSCK ASGF TFT SSAVQWVRQA RGQR LEWIGWIVV GSGNTN YAQKFQ E RVTITR DMSTST AYMELS SLRSEDT AVYYCA ASG YYYYYGMD VWGQG TTVTVS S
IGHV1-2*04,AS VKVSCK ASGYTFPG YYMHWVRQ APGQGL EWMGWI NPNSGGTNYA QKF Q GWVTMT RDTS ISTAYMELSR LRSDDT AVYYCA RE TMV RGV DYYYGMDV WGQG TTVTVS S
IGHV1-2*02,AS VKASC NTTGY TFTAYRLHWVRQ VPGQGL EWMGWITS YTGV TYYGLKF QG RVTVTV DTS ITTAYMEL SGLSPDDT AVYYCAR DKGG VELAMDF WGHG TLVTVS S
IGHV1-2*02,AS VKVSCK ASGY SFSAYYMEWVWQ APGQGL EWMGWI NPKSGDTNY AQ KF QG RVTM NRDTS IATAYMEL SGLRSDDT AVYYCAR SPSGM YC SSTGCYG AYYYYAMD VWGQG TTVTVS S
IGHV1-3*01,A SVEVSCK ASGY TFTSYAMHWVR QAPGQ RLEWMGWIN AGNGNTK Y S QKF QG RVTITR DTSAS TAYMELSS LRSEDT AVYYC AGSR RITMVR G VSY G MDV WGQG TTVTVS S
IGHV1-18*01,AS VKVSCK ASGY TFTSYGISWVRQ APGQGL EWMGWISAY NGNTNY AQKL QG RVTMTT DTSTS TAYMELRS LRSDDT AVYYCA RDRYSN YVEVFYYYY GMDVWGQG TTVTVS S
IGHV1-2*02,AS VKVSCK ASGY TFTAHYIHWVR QAPGQG LEFMGWF NPQTGVRSPAQGFKD RVVMTR DTSTS TAYME IPNLRSDDTA TYYCARVTNF FSGSGAD FW GQG TLVIVS S
IGHV1-18*01,AS VKVSC KGYG YTFTR YG ITWVWQ APGQGL EWVGWIST DNGNTNQA QKVRGRVTITT DTSTD TVYMELRS LRSDDT AVYYCARV GKYCNGDSCPR F D Y WGQG TLVTVS S
IGHV1-24*01,Q VQLVQ SGA EVK KPGA SVKVSCVVSGYIVT DSS IHWVRQ APGNG LEWMGSF DPEDGE TVYAQKL QG RVTMTE DTSAG TVYMELS SLGSED TAVYYCA RGVIPDV QYQLL SRDAH FFDL WGRG TLVTVS S
IGHV1-3*04,Q VHLVQ SGA EVK KPGA SVKVSCK ASGY TLTRSAIHWVR QAPGQGL EWMGWIN TASGNTE Y SQNFR GRVTITR DTSAN TAYMELN SLTSEDT SVYYCAT DSGGR WFRYH WGQG TLVTVS S
IGHV1-8*01,AS VKVSCK ASGYTFGN YDIIWLR Q AAGQRPE WMGWI SPNSGNTA YAQ NFQG RVTMT RD VSITTAYMEL SSLTSEDT AVYYCA RGR F SPDPWGQG TLVTVA S
IGHV1-2*06,AS VKVSCK ASGY TF HDN YIHWVR QAPGQGPE WL GRLNPLSGVTN YAQK FQG RVTMT RDTSV STAYMELTRL RSDDT AMYYCA RGWGPWGVDGQLPFDYWGRG TLVTVS S
IGHV1-69*15,V KVSCK ASGGTF SSYAISWVRQ APGQGL EWMGRIIPIF GTANY AQ KFQG RVTITA DESTS TAYMELSS LRSEDT AVYYCARL HVDT AMVDY WGQG TLVTV SS
IGHV1-18*04,VD VA CMASVWTLTNYFISWVRQ APGQGVD WMGLISAYN WNTNNAQ RLQGRVTMTT DTSTS TAYMELKS LRSDDT AVYYCA RD AIIAV DGTRRND YYYGMDV WGKG TTVTVS S
IGHV1-24*01,AA VKVSCKV SGY TLT E LSMHWVR QAPGKG LEWM GG F DPEDGE TIYAQKF QG RVTMT EDTSTD TAYMELSS LRSEDT AVYYCA AG VAVAA TGGW L DPWGQG TLVTVS S
IGHV1-24*01,AS VKVSCKV SGY TLTELSMHWVG QAPGKG LEWM GG F DPEDGE TIYAQKF QG RVTMT EDTSTD TAYMELSS LRSEDT AVYYCA TSW AVR RRE RLSFDY WGQG TLVTVS S
IGHV1-2*04,AS VKVSCK ASGY TFTGYYMHWVRQ APGQGL EWMGWI NPNSGGTNYA QKF Q GWVTMT RDTS ISTAYMELSR LRSDDT AVYYCA RDGQ Y CSGGSCYSQPYGM DV WGQG TTVTVS S
IGHV1-8*01,AA SVKVSCK ASGY TF T S D DISWVRQA TGQGL EWMGWM NPNSGNTGY AQKV QG RVTMTR NSSTS TAYMELSS LRSEDT AVYYCAR SRPAPEGR Y N WNVWK KQRDH YYGLDVW GQG TTVTVS S
IGHV1-2*02,AS VKVSCK ASGY TFTGYYMHWVR QAPGQGL EWMGWI NPNSGGTNY A QKF QG RVTMT RDTS ISTAYMELSR LRSDDT AVYYCAS LGYSYGSSTKRP YYYYGMDV WGQG TTVTVS S
IGHV1-24*01,S VKVSCKV SGYT LTELTMHWLR QAPGKGREGMGGFDPEDGE TIYAQKF QG RVTMT EDTSTDT AYMELS SLRSEDT AVYYC ASGP LI TGTPDE YYYYYGMDV WGQG TTVTVS S
IGHV1-69*15,VSCKASGC TFIS SAI SWV R QDPGQGL EWM G RLIPIF GTANYAQKFQG RVTITA DESTS TAYMELSS LRSEDT AVYYCA RDGT MYGDY VPGDYWGQG TLVTVS S
IGHV1-2*02,SG KVSCKA SGY TF TDS YIHWVRQ APGQG LEWMGWIY PKSGDTNY AQKF QG RVTMT RDTS ISTAYMD L S RLRSDDTA MYYCVSVTWS QYDDFDKWGQ GTLVTVS S
IGHV1-2*02,VA SVKVSCK ASGY TF SG HYVHWVRQ APGQG LEWMGWI NPKSGG TIYAQKF QG RVTM SRDTS ITTAYMELS RLTSDDT AVYYCATL GVGSSS WH MDDPSGQ GTLVTV SS
IGHV1-58*01,S VKVSCK ASGL IF S TSAVQWMRQA RGQSL EWIGWIVV GSGNTA YTQTF QG RVSITR DISAR T AYME LS SLGSEDT AVYYCA AAE LGKIDSWGQG TLVTV S
IGHV1-8*01,AS VKVSCK ASGY TFTSYD INWVRQA TGQGL EWMGWM NPNSGNTGY AQKF QG RVTMT RNTS ISTAYMEL SSLRSKDT AVYYCA RGGGR VGWLQLWGYYFD YWGQG TLVTVS S
IGHV1-69*04,S VKVSCK ASGGT FRTYAISWVR QAPGQG LEWIGRFIPVF GVTNY AQ KFQG RVTITA DRLTSTG YLD L SS LRSDDS AIYYCA RDY RVRGQY EGYGHPEDYGPPEYRN YALDVW GQGT TVTVS S
IGHV1-3*01,QV QLVQ SASEVKNPGA SVNISC K AL RY S FIS Y GIHWLR QAPGQ RLEWMGWI DPATGK TKFSQKF QG RVTITMYT SAS TVYLGLS SLRAED TALYYCARA MGDA SISC CSGL DV WGQG TTVTV SS
IGHV1-24*01,AS VKVSCKV SGNSL TAASIYWVRQ APGKGL EWLG SFDPQYGDPI YA QK FQG RITMT EDTSTD TAYMEL SGLRSEDT AVYYCA TDSIS GIVIMAWVYW GQG TLVTVS S
IGHV1-46*01,AS VKVSCK ASGY TFTRYSMHWVRQ APGQG LEWMGVV DPAGGTTNY A QKFQD RVTVTR DTSTS TVYLD LSSLRSEDT AVYYCARAYLDVTVNY WGQG TLVTVS S
IGHV1-18*04,AS VKVSCK ASGY TFTSYGISWVRQ APGQGL EWMGWISAY NGNTNY AQKL QG RVTMTT DTSTS TAYMELRS LRSDDT AVYYCA RDG IQISN W F DTWGQG TLVTVS S
IGHV1-69*04,S VKVSCK ASGGTFSNN ALSWV R QAPGQGL EWM G KMIPVM GVTDYAQNFQG RVTFTA DESTKT GYMELKS LTSEDT AVYFCAT RGGKSDFDNWGQG TLVTV SS
IGHV1-24*01,AS VKVSCKV SGY SISVFPMFWVRQ APGK RLEWLGTF DPLHDE TIYAEKF QG RVTMT EDTSTD TAYMD LTSLRSEDT AVYYCALQ GGSSG VIHYAMD VWGQG TTVTVS S
IGHV1-2*02,AS VKVSCK ASGY TFTGYYMHWVRQ APGQGL EWMGWI NPNSGGTD YAQK FQG RVTMT RDTS ISTAYMELSR LRSDDT AVYYCA RDSDRH YEFW GGYYPSYG LEVW GQG TTVIVS S
IGHV1-3*01,QA QLVQ SGA EVK KPGA SVKVSCK ASGY RFTTYVIHWRR QAPGQSPE WMGFIGR ASGGTKYSEKFQD RVNITM NTSTT TAYMD LSGLTSEDT AVYYCAR DSLGARNWSDPWGQG SLVTV SS
IGHV1-18*01,AS VKVSCK ASGY TFTSYGINWVRQ APGQGL EWRGWN SAYNGNTNY AQ KL QG RVTMT TDTPTS TAYMELRSL RSDDT AVYYCARV PLWFGELSENW F DPWGQG TLVTVS S
IGHV1-2*04,Q VQLVQ SGA EVK KPGA SVKVSCKAYAYTF TG YYLHWVR QAPGQG LEWMGWI NPNSGATD YAR KFQG WVTMT RDTS ISTAYMELSRV KSDDT AVYCCARA LPVKG LDVW GQG TTVIVS S
IGHV1-2*02,AS VKVSCRA SG YTL NG RYLHWVRR APGQGL EWMGWL NPNNAIPKYPQKF QHRVTLT TDTPIS TGYMELTS LTSDDT AIYYC TRGN TVEYT GSAPFDRWGPG TLVTV SS
IGHV1-69*06,S VKVSC KPSGGT FSS Y GFTWVRQ APGEGL EWMGRIIPM FGTTD YAQK FKG RVTITA DRSTA TAYMELT SLTSD DAA VYF CARYADTLR TGYGTNSPPYG LDVW GQGT TLTVS S
IGHV1-8*01,AS VKVSCK ASGY TFTSY D INWVRQA TGQGL EWMGWM NPNSGNTGY AQKF QG RVTMT RNTS ISTAYMEL SSLRSEDS AVYYCAR TLGPPK RITIFGVVTAAYYY YGMDVWGQG TTVTVS S
IGHV1-18*01,AS VKVSCK ASGY TFTSYGISWVRQ APGQGL EWMGWISAY NGNTNY AQKVQGRVTMTT DTSTS TAYMELRS LRSDDT AVYYCA RDRHRSGW SWTYYYYGLDV WGQG TTVTVS S
IGHV1-24*01,AS VKVSCKV SGY TLSEISMHWVRQ APGKG LEWMGRFD REDGE TIYAQKV QG RVTMS EDTSTD TAYVELSCLR SEDT AVYYCVT GAW GCFF DHWGQG TLVTVS S
IGHV1-2*02,AS VKVSCK ASGY TF TNYYIHWVRQ APGQG LAWMGWI NPDSGVT SYAQKF L G RVTM TRDTS ISTAYMEL SSLKSDD TAMYYCAR LGL VA DATGS HYYFYGMDV WGQG TSVTVS S
IGHV1-2*02,AS VKVSCK ASGY TFTGYYMHWVRQ APGQGL EWMGWI NPNSGGTH YAQKF QG RVTMT RDTS ISTAYMELSR LRSDDT AVYYCA RDSV ATI GAY FQH WGQG TLVTV S
IGHV1-2*05,AS VKVSCK ASG YTF TDNE MHWVRL APGQGPE WLGLI NPLSGGT KYVQKF QG RLTMT RDTSLS TAYLELRSL RSDDTGG YFRARSW GPRGVDGELPLDYWGHG TMVIVS S
IGHV1-24*01,AS VKVSCKV SGY TLT ELPM HWVRQ APGEGL EWLGSF DPQDGE RRYAQKL QG RVTMS EDTSTD TAYLELRS LRSEDT AVYYCA AER IFGVVIYAFDI WGKG TMVTVS S
IGHV1-18*01,I QLVQ SGA EVK KPGA SVKVSCK ASGY TFSTYGISWIRQ APGQGL EWMGWISAY SGNTNYPQE MEGRVTMTT DTSTN TAYVEVLSL TSADT AVYYCVR DSDRRVP QVW LPDYWGQG TLVTVS S
IGHV1-18*01,AS VKVSCK ASGY TFTSYGISWVRQ APGQGL EWMGWISAY NGNTNY AQKL QG RVTMTT DTSTS TAYMELRS LRSDDT AVYYCA SSLSGFY GMDV WGQG TTVTVS S
IGHV1-24*01,AS VKVSCKV SGY TLTELSMHWVR QAPGKG LEWM GG F DPEDGE TIYAQKF QG RVTMT EDTSTD TAYMELSS LRSEDT AVYYCA TSYP IVVV PAAITPS YYYYYGMD VWGQG ITVTVS S
IGHV1-24*01,AS VKVSCKV SGY TLTELSMHWVR QAPGKG LEWM GG F DPEDGE TIYAQKF QG RVTMT EDTSTD TAYMELSS LRSEDT AVYYC ATAP VVVVVA ATRYS YYY G MDV WGQG TTVTVS S
IGHV1-69*04,S VKVSCK APGGT FSTYAIGWVRQ APGQG LEWMGRIIP VA D VANYAQ NLQG RVTITA DKSTS TAYMELRS LRSEDT AVYYCA RGVRGPS F YN WFD LWGQG TLVTV SS
IGHV1-24*01,AS VKVSCKVS GYNLSK LSMHWVRL APGKG LEWM GG F DADEGE RIYAQKF QG RVTM TEDTS IDTAYMELS SLRSEDT AVYYC GMSEPDY Y D FWS VPYWGRGT QVTVA S
IGHV1-18*04,AS VKVSCK ASGY TFTSYGISWVRQ APGQGL EWMGWISAY NGNTNY AQKL QG RVTMTT DTSTS TAHMELRSL RSDDT AVYYCA RDGDNQGS WYYD FWSGYQFPH YYYYGMDV WGQG TTVTVS S
IGHV1-24*01,AS VKVSCKV SGHTLSEVPM HWVR QAPGKGLEGMG SF DPVDG EVIAAQRL QG RVTMT EDTSTD TAYMELKS LTSEGT AMYYCTT ESQGPG IVVITYALE SWGEG TMVIVS S
IGHV1-69*02,Q VQLVQ SGA EVK KPGS SVKVSCK ASGGN FRASTITWVRQ APGQG LQWMGRT IPKVGDRNYA Q SFQG RVTITA DASSTT SYMELK NLRPEDT AIYYC ATGESR F ASGLDNWGQG TLVTVS S
IGHV1-2*02,AS VKVSFK ASGY TFTGYYMHWVRQ APGQGL EWMGWI NPNSGGTNY AQKF QG RVTMT RDTS ISTAYMELSR LRSDDT AVYYCA RENTRTDSSSGGFDPWGQG TLVTV SS
IGHV1-18*01,Q VQLVQ SGA EVK KPGA SVKVSC KTSGYN FTTYGISWVRQ APGQG LQWVGWIS ANSGY TTYAQKF QG RVTMT TDTPTT TAYMELRS LKYDDA AVYYCA RG FA AGSGG SVYFQYW GQG TLVSVS S
IGHV1-2*02,AS VKVSCK ASGY TFTAY YMHWVR QAPGQGL EWMGWI NPYSGDTT YAQ KF QG RVTMT RDTS IRTAYME LS RLRSDAT AVYYCAR EGG GFVVVISL DGM DVW GQG TTVTVS S
IGHV1-18*01,Q VQLVQ SG VEVK KPGA SVKVSCK ASGY TFTNYGISWVRQ APGQGL EWMGWISAY NGNTNY AQKVQGRVTMTT DTSTS TAHMELRSL RSDDT AVYYCAR KGLRGS HYYYFGMDV WGQG TTVTVS S
IGHV1-24*01,Q VQLVQ SGA EVK KPGA SVKVSCKV SGD ILTDLSIHW GRQAPGKG LECL GG F DPEDGE RFYAQ NVPG RVTMT EDTSTH TAYLEL SGLRSADT AMYYCATFRVNFHYW GHG TLVTVS S
IGHV1-69*13,S VKVSCK ASGGT FS SYAI SWVR QAPGQGL EWM GG IIPIF GTANYA Q KFQG RVTITA DESTS TAYMELS SLRSEDT AVYYCARAYWV RGV HTYYYYYGMD VWGQG TTVTVS S
IGHV1-2*02,AS VKVSCT TSGY TFS G YYFHWIR QAPGQGL EWMGWIN ADSGAT TYAQK FQG RVTVT RDTS IRTTYMEL TGLTSDDT AVYYCS REDYWGQG TLVTVA S
IGHV1-18*01,Q VHLVQ SGA EVK KPGA SVTVSC KTSGY TF KNS GIIWVRQ APGQGL EWMGWISAY SGNRNYAQNFQG RVTMTT DTSTNT GYMELRS LTSDDT AVYYCA RSSR TITVFGV DSGGA EYWG QG TLVIVS S
IGHV1-18*01,AS VKVSCK ASGY TFTSYGISWVRQ APGQGL EWMGWISAY NGNTNY AQKL QG RVTMTT DTSTS TAYMELRS LRSDDT AVYYCA RDFYDFWSGPA FWGYYYY G M DVWG QVTTVTVS S
IGHV1-18*04,AS VKVSCK ASG YLFKMYGITWVRQ APGQGL EWVGWISA YNGNTK YAQ NSQG RVIMTT DTSTS TAYMELR GLRSDDT AVYYCA RSPPGV GHISIFGVP IGPDS YYYMDV WGQG TTVTVS S
IGHV1-2*04,Q VQLVQ SGA EVK KPGA SVKVSCKAYAYTF TG YYLHWVR QAPGQG LEWMGWI NPNSGATD YAR KFQG WVTMT RDTS ISTAYMELSRV KSDDT AVYYCAR ALPVKG LHVW GQG TTVIVS S
IGHV1-3*01,Q VQLVQ SGA EVK KPGA SVKVSCK ASG YIFSSYTMHWVR QAPGQRPE WMGWITA GNGNTKYSQHFQD RVTIT GDTSA SIAYMEL SSLKSEDT AVYYCA RGPWG Y CSGGR CY SGS FDY WGQG TLVTVS S
IGHV1-18*01,Q VQLVQ SGA EVK KPGA SVKVSCK ASDYTFPSY GLSWVRQ APGQGLE GMGWIN AHNGH THYAEK FQG RFTMTT DTSTS TAYMELR GLRSDDT AVYYCARVTSIFGVV SS YYYYMDVW GEGT TVTVS S
IGHV1-3*01,QV QLVQ SASEVKNPGA SVNISC K A LRY S FIS Y GIHWLR QAPGQ RLEWMGWI DPATGK TKFSQKF QG SVTITMYT SAS TVYLGLS SLRSEDT A LYYCA RA IGDAS FSYCYGLDV WGQGT TVTVS S
IGHV1-2*02,AALQG YCK ASGY SF SAYYMEWVR QAPGQGL EWLGWI APNSGGTT FAQK FQG RVTLT RDTS ISTAYME LS RLRSDDT AVYYCA RDRSAAGGT AF DSWGQG TLVTVS A
IGHV1-24*01,AS VKVSCRV SGY TLTALSIHWVR QAPGQG LEWMGGF APEDGE PIYAQRF QG RVTMT EDTSAD TAYMELSS LRSEDT AVYYCA TGPT TMTYWYFD LWGRG TLVTVS S
IGHV1-3*01,AS VKVSCK ASGY TFTSYAMHWVR QAPGQ RLEWMGWIN AGNGNTK Y S QKF QG RVTITR DTSAS TAYMELSS LRSEDT AVYYCAR WPSGFYGSGS Y YKGPYGM DV WGQG TTVTVS S
IGHV1-18*01,A SVQVSCK ASGY TFTSYGISWVRQ APGQGL EWMGWIS GDEGNT TYAHKF HG RVTMTT DTSTS TAHMELRSL RSDDT AVYYCATVVGYS YGGGW F DPWGQG TLVTVS S
IGHV1-2*02,AS VKVSCK TSGYT FTDYYLHWVRQ APGQGL EWMGWI NPNSGCT SYAQK FKG RVTLT RDTSIG TAFMD LAS LTSDDT AVYYCA RDRSPLPTPAGHCDYWGQG TLVTV SS
IGHV1-18*01,AP VEVCW GASGYSF TD F GISWVRQ APGQGL QWMGWIS TSHHNTNY AE KFQD RVTLTA DTSTN TAYMELRSLT LDDT AVYYCA RDE YYFSINYRR ASDGD YWGQGTLVTVS S
IGHV1-24*01,V KVSCKV SGY TLT EL SMHWVR QAPGKG LEWM GG F DPEDGE TIYAQKF QG RVTMT EDSSTD TAYMELSS LRSEDT AVYYCAASVAV AGTPR YYNYYYGMDV WGQG TTVTVS S
IGHV1-8*01,AS VKVSCK ASGY TFTSYD INWVRQ ATGQGL EWMGWM NPNSGNTGY AQKF QG RVTMT RNTS ISTAYMEL SSLRSEDT AVYYCA RGWD YVW G SYRLRWF DPWGQ GTLVTVS S
IGHV1-2*02,AS VKVSCK ASGY TFTGYYMHWVRQ APGQGL EWMGWI NPNSGGTNY AQKF QG RVTMT RDTS ISTTYMELSR LRSDDT AVYYCA TSAA IRRVFWF DPWGQ GTLVTVS S
IGHV1-18*01,Q VQLVQ SG IEVE KPGA SVKVSCK ASGY TFTSYGINWVRQ APGQGL EWMGWISVY NGNTNY AQKF QG RVTMTT DTSTS TAYLEL GS L RSDDT AVYYC GRD FYE RRGY SI KGPFDYWGKG TLVTVS S
IGHV1-2*02,AS VKVSCK ASG YIF ND YYIHWVRQ APGQGL EWMGWI NPKTGAT NYAA TSEG RVTMT RDTSIN TAYLELSR L R FDDT AVYYCA RRGTP IGFGV DS WF DPWGQG TLVTVS S
IGHV1-18*01,QGQ LVQ SGPEVKRPGA SVRVSCK ASGY TFINYDITWVR QAPGKGL EWMGWISA HSGNTNYGQ KFQGRVTMTT DTSTN TAYMELRS LRPNDT AVDYC ARDHK WLAFYG LDGWGQG TAVSVS S
IGHV1-18*01,Q VQLVQ SGA EVK KPGA SVKVSCK ASGY TFTSYGISWVR QAPGQGL EWLGWIS GYNGNTKDAQKL QGRVTMTT DTSTN TAYMELRSL RSDDT AVYYCAREI APR EIVV GT RYYHFGMDVW SQGT TVTVS S
IGHV1-2*02,AS VKVSCK ASGY TFT D YYMHWVRQ APGQGL EWMAWI NPNSGAT KYAQ NFK GRFTVT RDTS VSTAYMEVNR LTSDDT AIYYCV RGSPMTSR YGLDVW GQG TTVTVS S
IGHV1-2*04,AS VKVSCK ASGY TFTGYYMHWVR QAPGQGL EWMGWI NPNSGGTNY AQ KF Q GWVTM TRDTS ISTAYME LS R LRSDDT AVDYCAR SRLVDD YVW G SYRYTL QD YYYY G MDV WGQGT TVTV SS
IGHV1-2*02,AS VKVSCK ASGY TFTGYYMHWVR QAPGQGL EWMGWI NPNSGGTT YAQKF QG RVTMT RDTS ISTAYMELSR LRSDDT AVYYCARVGIVVV PAA IRLWYY GMDVWGQG TTVTVS S
IGHV1-2*02,AS VKVSCK ASGY TFTGYYMHWVR QAPGQGL EWMGWI NPNSGGTNY AQKF QG RVTMT RDTS ISTAYMELSR LRSDDT AVYYCA REGIAAGGRG WF DPWGQG TLVTVS S
IGHV1-18*01,AS VKVSCK ASGHN FVSYGIHWVRQ APGQGL EWMGWISVY NGN TVYAEK LQG RLTMIT DTSTN TAYMELSS LRSDDT AVYYCT KEYR STYYYH DPGGQ GTLVTVS S
IGHV1-2*04,AS VKVSCK ASGY TFTGYYMHWVRQ APGQGL EWMGWI NPNSGGTNYA QKF Q GWVTMT RDTS ISTAYMELSR LRSDDT AVYYCA RAGSYG YYYYYGMD VWGQGT TGTV SS
IGHV1-69*13,S VKVSCK ASGGT F SSYAISWVR QAPGQGL EWMGRIIPIF GTAN YAQK FQG RVTITA DESTS TAYMELS SLRSEDT AVYYC A S NYLVGLAYYYY GMDVWGQGT TVTV SS
IGHV1-2*02,AS VRVSCK ASGY TFI DY YIYWVR QAPGQGL EWMGWI DPDGGGTN YAQK FRG RVTMT SDTSTNTAD MELSR LTSDDT ATYYCARDLAR SGLYG MDVW GQGT TTTV SS
IGHV1-18*01,AS VKVSCM ASGY TFTSYGISWVRQ APGQGL EWMGWISAY NGNTNY AQKL QG RVTMTT DTSTS TAYMELRS LRSDDT AVYYCA GRS Y YG MDV WGQG TTVTVS S
IGHV1-18*01,AS VKVSCK ASGY TFINYGITWVRQ APGQGL EWMGLINT YNGNTNDAQKFQD RVTLTT DTSTR TAYMELTSL RSDDT AVYYCAR NHYDSSPPF DIW GQG TTVTVS S
IGHV1-2*02,A SVKVSCQ TSGYT FTDYLIHWVRQ APGQGL EWMGWI NPQNGG TKFAQK FQG RVIMT RETS ISTIYMEL S SLRSDDT AVYFCARVTTIN M V R GIFIVD AFDTWGHG TTVIV SS
IGHV1-18*01,QV QLV QPG VEVK KPGA SVKVSCK ASGY TFTNYGISWVRQ APGQGL EWMGWISAY NGNTNY AQKVQGRVTMTT DTSTS TAYMELRSL RSDDT AVYYCAR KGLRGS HYYSFGMD VWG QVTTVTV SS
IGHV1-2*04,AA VKVYCK ASGY TFTGYYMHWVRQ APGQGL EWMGWI NPNSGGTNYA QKF Q GWVTMT RDTS ISTAYMELSR LRSDDT AVYYCA RSPTDYCSGGSCYRD A FDI WGQG TMVTV SS
IGHV1-69*01,S VKVSCK ASGGT FSSYAISWVR QAPGQGL EWM GG IIPIF GTANYAQKFQG RVTITA DESTS TAYMELS SLRSEDT AVYYCA RGGWGRTPG RVQYYY NG MEVWG QG TTVSV S
IGHV1-24*01,AS VKVSCMV SGY T LTELSMH WV R QAPGKGLAGRGGFDPEDGE TI DA QK FQG SVNM TEDTSTD TAYMELS SLRTEDT AVYYCA TAR AAILWAGWF DPWGQG TLVTVS S
IGHV1-18*01,AS MKVSCK ASGY TFTSYGISWVRQ APGQGL EWMGWISAY NGNTNY AQKL QG RVTMTT DTSTS TAYMELRS LRSDDT AVYYCA RDFWR HIVLMVY EGYY GMDV WGQG TTVTVS S
IGHV1-18*01,QGE LVQ SGT EMKK LGA SVRVSC KAPG FIFT SNG FAWVRQ APGQG LEWMGRVSAY NGDTQ YAQKF QG RVLMTT DSSTT TAYMELK NLRSDDT AVYFCA TTS VSLYWYFDLWV RG TLVTV SS
IGHV1-69*13,S VKVSCK ASGGT FSSYAISWVR QAPGQGL EWMGRIIPIF GTANYA Q KFQG RVTITA DESTS TAYMELS SLRSEDT AVYYCAR TSWGRGAAAG I SKGG YYYGMDV WGQG TTVTVS S
IGHV1-69*08,Q VQLVQ SGA EVK KPGS SVKVSCK ASGGT FSSYTISWVR QAPGQGL EWMGRIIPILGI AN YAQ KFQG RATITA DKSTS TAYMELS SLRSEDT AVYYCAR DLHGYSGYDHYWGQG TLVTV SS
IGHV1-24*01,AS VKVSCKV SGY TLTELSMHWVR QAPGKG LEWM GG F DPEDGE TIYAQKF QG RVTMT EDTSTD TAYMELSS LRSEDT AVYYCA TAPI F G V HN WF DPWGQG TLVTV SS
IGHV1-18*01,AS VKVSCQ SSGY TFTNYGISWVRQ APGQGL EWMGWIS GDNGNTNY A QKF QG RVTMT RDTLTST GYMELR GLTSDDT AVYYCA RE RGWKYPKP FAYGVV GAGDY NVHY G MDV WGQG TTVTVS S
IGHV1-3*01,QV QLVQ SASEVKNPGA SVNISC K A LRYSFISYGIHWLR QAPGQ RLEWMGWIE PATGK TKFSQ K F QG RVNITMYT SAS TVYLGLSILR SEDT ALYYCARAI GDAS FSYYYRLDVL SQGT TVTVS S
IGHV1-18*01,AS VKVSCK ASGY TFTSYGISWVRQ APGQGL EWMGWISAY NGNTNY AQKL QG RVTMTT DTSTS TAYMELRS LRSDDT AVYYCARE LTGIGE FWYFD LWGRG TLVTVS S
IGHV1-24*01,AS VKVSCKV SGY TLTEFSMHWVR QAPGKGL EWLG G F DPEHGK TIYAQKF QG RVTMS EDTSTD TAYMELSS LRSEDT AVYYCA TDDPPGA VFGVVIYALHI SGRG TIVAVA S
IGHV1-2*02,AS VKVSCK ASGY TFTGYYMHWVRQ APGQGL EWMGWI NPKRGDTE Y SENLQG RVTMT RDTS ISTVYMEL NSLRSDDT AVYYCA CPGLGSPGW SVDY WGQG TLITV SS
IGHV1-69*04,S VKVSCR DSGGT FTTYAINWMRQ APGQGL EWLGRIIPV LGKPNYAHKFQD RVTFTA DTST ATASMEFTS LTSDDP AVFYCATL SRDS VQW GQG TLVTV SS
IGHV1-18*04,AA LKVSCK ASGY TFTSYGISWVRQ APGQGL EWMGWISAY NGNTNY AQKL QG RVTMTT DTSTS TAYMELRS LRSDDT AVYYCA RDGDNQGS WYYD FWSGYQFPH YYYYGMDV WGQG TTVTVS S
IGHV1-2*02,AS VKVSCK ASGY TFTGYYMHWVR QAPGQGL EWMGWI NPNSGGTNY AQ KF QG RVNM TRDTS ISTAYMELSR LRSDDT AVYYCAR VGATPP FYYYYGMDV WGQG TTVTVS S
IGHV1-69*04,S VKVSRK ASGGT FSSYAISWVR QAPGQGL EW MG RII PILGIANYAQK FQG RVTITA DKSTS TAYMELS SLRSEDT AVYYCA RE RGYSSSGAN WYFDL WGRG TLVTV SS
IGHV1-18*01,GA SVKVSCK ASG YTFS SQTY GMSWVRQ APGQGL EWMGWISAH YGNTH YAERF QG RVTMTT DTSTN TAYMELRSL RSDDT AIYYCA RDQADTH LGYYGMDV WGQG TIVTVS S
IGHV1-2*02,AS VRVSCK TSGY T FND YYVHWVRQ APGQGL ERVGWIY PKTGGTDYA Q N F Q GRVSLT SDTS VRTVYMELR GLRSDDT ALYYCT REHRWASDYWGQG TLVTV SS
IGHV1-24*01,AS VKVSCKV SGY TLTELSMHWVR QAPGKG LEWM GG F DPEDGE TIYAQKF QG RVTMT EDTSTD TAYMELSS LRSEDT AVYYC ATSG IVATR RGQ ITDYYYYYGMD VGGQG TTVTV S
IGHV1-2*02,AS VKVSCK ASGY TFTSYGISWVRQ APGQGL EWMGWI NPNSGGTNY AQKF QG RVTMT RDTS ISTAYMELSR LRSDDT AVYYC ARGE LW TPHYTNGM DV WGQG TTVTVS S
IGHV1-2*02,AS VKVSCK ASGY TFT AYYMHWVR QAPGQGL EWMGWI NPNSGGTNY AQK FQG RVTM TSDTS ISTAYME LS RLRSDDM AVYYC A RNQ AKI FGGRYPYYG MDV WGQG TTVTVS S
IGHV1-2*02,AS VKVSCR TSGY TFTAYYIHWVR QAPGQGL EWMGWM HPNSGDTH YAQK FQG RVAMT RDTS ITTAYMELSS L R YDDS AVYFCASVTY SDYTDF DFW GQG TLVTVS S
IGHV1-69*13,S VKVSCK ASGGT FSSYAISWVR QAPGQGL EWMGRIIPIF GTANYA Q KFQG RVTITA DESTS TAYMELS SLRSEDT AVYYCA RDRPSEQPFWPGFDPWGQG TLVTVS S
IGHV1-2*04,AS VKVSCK ASGY TFTGYYMHWVRQ APGQGL EWMGWI NPNSGGTNYA QKF Q GWVTMT RDTS ISTAYMELSR LRSDDT AVYYCA RGHAPVLPSGN F D Y WGQG TLVTVS S
IGHV1-69*02,Q VQLVQ SGA EVK KPGS SVKVSCK ASGH TFTSYSISWVR QAPGQGL EWMGRFIPILAL T N YAQ KFQG RVTITA DTSTS TVYMELS SLRSEDT AVYYCA RTNE VT VP AALYYFD YWGQGP LVTV SS
IGHV1-2*02,AS VKVFCK ASGY TFT DY YLHWVR QAPGQGL EWMGWI NPNTGGTNYA QKFLGSVTMTR DTSTS TAYMEVTRL RSDEA AVYYCAR DRGMGDPCKGGT CF HNW F DPWGQG TLVTV SS
IGHV1-8*02,AS VKVSCK ASGY TFTSYGINWVR Q ATGQGL EWMGWV NPNSGNTGY AQKF QG RVTMT GSTS ISTAYMEL SSLRSDDT AVYYCA RGK RYQLLL DHY YEMDV WGQG TTVTVS S
IGHV1-18*01,QA QLVQ SGS EV KKPGA SVMVSCK ASGY TF SN YAITWVRQ APGQG LEWMGWIS GYNGNTD YAQK LQG RVTLTT DTSTS TAYMELRSL RSDDT AVYYCAR KGLRGS HFYSFGMD LWGQG TTVT GSS
IGHV1-24*01,Q VRLVQ SGA EVK KPGA SVKVSCRVF G YTL TDL SMHWVRQ APGNG LEWM GGFDPEDGGP IYELNF QG RVTMT EDTSTD TAYMELN SLSSEDT AVYYCA TD LIL EGSSLRDYWGQG TLVTVS S
IGHV1-3*01,Q VQLLQ SGA EVK KPGA TVRVSCE ASGY TFTSFAMQWVR QAPGQ RLEWMGWMNVV SGK TTYSE K F QG RLTFTR DTSAS TAYMD LSSQRSEDT ALYYCA RSTGT Y MHDPLDVWGQG TMVTVS S
IGHV1-18*01,Q VQLVQ SGA EVK KPGA SVKVSCK ASGY TFSYYGISWVR QAPGQG LEWMGWVS GYNGNTDY AE KFQG RVTMTT DTSTN TVYMDLR SQGSDDT AVYYCAR KGLRGS HYFYFGMD VWGQG TTVIVS S
IGHV1-58*01,SM KVSCK ASGF TFT SSAVQWVRQA RGQR LEWIGWIVV GSGNTN YAQKFQ E RVTITR DMSTST AYMELS SLRSEDT AVYYCA AAGPYDFWSGYYSPLAPY YYYY G MDV WGQG TTVTVS S
IGHV1-2*04,AS VKVSCK ASGY TFTAYYLHWVR QAPGQGL EWMGWINSI SGDTGYAQK F Q GLVTMT RDTSSS TAYMELS RLTPDDT AVYYCM REDLDEYK SFDL WGQG TLVTVS S
IGHV1-18*04,AS VKVSCKASVYTFTSYVISWVR QAPGQGL EWMGWISAY NGNTNY A QKL QG RVTMTT DTSTN TAYMELRS LRSDDT AVYYCA RDPM ITF GG VI G SLWYYY GMDVWGQG TTVTVS S
IGHV1-18*01,AS VKVSCK TSGY SF RSSD ICWVRQ APGQGL EWMGWIST YNGDTA Y AQRL QG RVAMTT DTSTG TAYLELTS LRSDDT AVYYC ARVAKQLDRRFED WGQG TLVTVS S
IGHV1-69*13,SM EVCWE ASGGT L SSYAISWVR QAPGQGL EWMGRIIPIF GTAN YAQ KFQG RVTITA DESTS TAYMELS SLRSEDT AVYYCA RGGFGE LSAYYYY YGMDVWGQG TTVTVS S
IGHV1-18*01,AS VKVSCK ASGY TFTYYGLSWVR QAPGQGPE WMGWISA SNGNTEYGQ RFQGRVTMTT DPSTS TGYLELRN LRSDDT AVYYCARVQ SGG WRYYYGLDVWCQVT TDTVSS
IGHV1-24*01,AS VKVSCKV SG FA LTDL TMHWVR QAPGKG LEWM GG F DPEDGE TIYAQKF QG RVTMT EDTSTD TAYMELSS LRSEDT AFYYCATY CSSTS CYMAFEY WGQG TLVTVS S
IGHV1-18*01,Q VQLVQ SGA EVK KPGA SVKVSCK ASDYTFPSY GLSWVRQ APGQGL EWMGWIN AHNGH THYA E K FQG RVTMT TDT ATSTAYMER RGLRSDDT AVYYCARVTSIF G VV SS YYYYMDV WGEGT TVTV SS
IGHV1-18*04,S VKVSCK ASGY TFTTYGINWVRQ APGQG LEWVGWIS ANKGK THYVHRF QG RVTLTT DTSTST ANMELRSLRFY ETD VYYCAR APLGE TLCGMVMAI NGA FDL WGQG TMITVS S
IGHV1-46*01,AS VKVSCK ASGY TFTSYYMHWVRQ APGQGL EWMGII NPSGGSTSY A QKF QG RVTMTR DTSTS TVYMELSS LRSEDT AVYYCARA QSTDYDFWSGYT SYYYYGMDV WGQG TTVTV S
IGHV1-2*02,AS VKVSCK ASGY TFSGYYIHWMR QAPGQGL EWMG WSNPKSGGTNF A Q KFQG RVTMT GDTSSS TAYMELSR LKSDDT AVYYCA REKRN IVVQWD YWGQG TLVTVS S
IGHV1-8*01,AS VKVSCK ASGY TFTSY D INWVRQAT GQGL EWMGWM NPNSGNTGY AQKF QG RVTMT RNTS ISTAYME L SSLRSEDT A VYYC ARDLLRYFDWLYDYW GQG TLVTV SS
IGHV1-2*02,AS VKVSCK TSGC TFTGYFLHWVR QAPGHGPE WMGWIT PDNGGTNYAQN FQARVTMT RDTS ITTAYMELSR LRPDDT AVYFCA RTG RIVGTTH DKEG TFEIWS QG TMVTVS S
IGHV1-24*01,AS VKVSCMV SGYT LTELSMHWVRQ APGKG LEWM GG F DPEDGE TIYAQKF QG RVTMT EDTSTD TAYMEL SSLRSED TAVYYCATIYAIF GV KMSLDY WGQG TLVTVS S
IGHV1-2*04,AS VKVSCK ASGY TFTGYYMNWVR QAPGQGL EWMGWI NPNRGGTNYA QKF Q GWVTMT RDTS ISTVYMELSR LRSDDT AVYYCARGYY DSSG YLITWARV TDA FDIW GQG TMVTVS S
IGHV1-2*02,AS VKVSCK ASGY TFTGYYMHWVRQ APGQGL EWMGWIY PNSGGTNY AQKF QG RVTMT RDTS ISTAYMELSR LRSDDT AVYYCA REAT KITIFGVVTRY GMDGWGQG TTVTVS S
IGHV1-18*01,AS VKVSCK ASGY TY NSY GINWVR QAPGQGL EWIGSI SGYKG ITKYAQK FQG RVTMTT DTSTS TAYMELRS LRSDDT AVYYCAR KAGV YGMDV WGQG TTVTVS S
IGHV1-2*02,AS VKVSCK ASGY TFSGYYMHWVRQ APGQGL EWMGWI NPKSGGTK YAQKF QG RVDM TRDTSKSTS YMELRRL RSDDT AVYYCARA HTNFGA I DG FDIW GQG TMVTVS S
IGHV1-24*01,AS VKVSCKV SGNT LTELSMHWVR QAPGKG LEWM GG F DPEDGE TIYAQKL QG RVTMT EDTSTD TAYMELSS LRSEDT AVYYCA TDAPSRDYGYG MDV WGQG ITVTVS S
IGHV1-46*01,AS VKVSCK ASG YIF SN YYLHWVR QAPGQGL EWMGTI NPSDGI TTYAQR FQG RLTMTR DTSTS TVSMELSS LRSEDT AMYYCAR ED Y YDSSGY SF GG YYYYGMD VWGQG TAVTVS S
IGHV1-69*08,Q VQLVQ SGA EVK KPGS SVKVSCK ASGGT FSSYTISWVR QAPGQG LEWMGRII PNLGIAN YAQK FQG RVTS TADKPTS TAYMELS SLRSEDT AVYYCAR DLHGYSG YAHS WGQG TLVTV SS
IGHV1-18*04,AS VKVSCK ASGY MFKMYGISWVRQ APGQGL EWVGWISAY NGKTN FAQ NLQG RVTMTT DTSTS TAYMELR GLRSDDT ATYYCA RSPPGVG RVSIIGVLV GPDS YFYMDV WGQG TTVTV S
IGHV1-3*01,QA QLVQ SGA EVK KPGA SVKVSCK ASGY RFTTYVIHWMR QAPGQSPE WMGFI GPGSGGT KY SEKFQD RVTITM DTSTT TAYMD LSGLTSEDT AVYYCA RDSLGARNW F DPWGQG TLVSV SS
IGHV1-2*04,AS VKVSC KTSGY T FSAYYIHWVRQ APGQGL EWLGWIY PDSGGTT Y AQ K FQG SVTM TRDTS I S T A YME LS RLTSD DTAMYYCARDIVDNLL YGPGDYWGQG TLVTVS S
IGHV1-24*01,AS VKVSCKI SG YTLTALPIHWVR QAPGKG LEWMGGFD AEDGK TIYAQTF QG RVTMT EDTSTD TAYMELN SLRSEDT AVYYC AG RITLFGVMTGFF DRWGQG TLVTV SS
IGHV1-69*05,SM KVSCK ASEGPF RDYAISW VR QAPGQGL EWLGGII PRFDKTNYAQ K FQG RVTITT DESTS AVYLVLTS LTSDDT AMYYCA RGIRNRH YYYGVDVW GQG TTVIVS S
IGHV1-18*01,AS VKVSCK ASGY SLT SH GISWVRQ APGQGPE WMGWIS GYNGNRNY AQRF QG RVTLTT ETSTN TAYMELRS LTSDDT AVYYCAR ANSRD IVVMVYA GHHWGQG TLVTVS S
IGHV1-3*01,Q VQLLQ SGT EVK KPGA SVLVSC KASGY IFKTYAVHWVRQ APGQG LEWMGWINE VNGNSRYSQ KF QG RLTINW DTSAT TAYMELS SLTSEDT AVYYCA RDRPTGSGT YGMDVW GQG ATVSVS S
IGHV1-58*02,S VKVCCK ASGFT F T SSAMQWVRQA RGQR LEWIGWIVV GSGTT TYAQKF QE RVTITR DMSTST AYMELS SLRSEDT AVYYCA ADSSSSDDPY YYYYYGMDV WGQGT TVTV S
IGHV1-69*13,V KVSCK ASGNT FS AYA I S WVR QAPGQGL EWMGVIIPI FGTPT YAQK FQD RVTIAA DESTS TAYMELSS LRSEDS AVYYCARV GG V YGG L WGQG TLVTV SS
IGHV1-69*13,S VKVSCK ASG VTFIS YPF SWVR QAPGQGL EWVGGIIPF FGTTNYAENFQG RVTITA DESTS TAYMELS SLRSEDT AVYYCA RGTETAMDPY YLEYW GQG TLVTV SS
IGHV1-2*02,AS VKVSCK ASGY TFTGYYMHWVRQ APGQGL EWMGWI NPNSGGTNY AQKF QG RVTMT RDTS ISTAYMELSR LRSDDT AVYYG ARDGE EY NWND VHYYYYGMDV WGQG TTVTVS S
IGHV1-69*04,S VKVSCK ASGGT FSS Y AISWVR QAPGQGL EWMG RI IPILGIANYAQK FQG RVTITA DKSTS TAYMELS SLRSEDPA VYYCA RERE FTMVRGVIKSYYYY SG MAVW GQGT TVTVS S
IGHV1-18*04,AS VKVSCK SSGY TFTNYGINWVR QAPGQGL EWMAWI GVYNGIRKYAEK FQG RVTMTT DTSTS TAYLEL GSLTSDDT AVYYCA RDGNFRDDYWGQG TLVSV SS
IGHV1-18*01,AS VKDSCKA SGY TFTSYGISWVRQ APGQGL EWMGWISAY NGNTNY A QKL QG RVTMTT DTSTS TAYMELRS LRSDDT AVYYCAI GG VI GG LD YWGQG TLVTVS S
IGHV1-69*04,GA SVKVSCK ASEGT FSYYAISWVR QAPGRGL EWMGRIIP ILDIANYAQK FQG RVTITA DKSTDT AYMELGSLR SDDS TVYFCVRAL LPPSSSSASR WF DPWGQG TLVTVS S
IGHV1-3*04,Q VHLVQ SGA EVK KPGA SVKVSCK ASGY TLTR S AIHWVCQ APGQGL EWMGWIN TASGNTE Y SQNFR GRVTITR DTSAN TAYMELN SLTSEDT SVYYCAT DSGGG WFRYH WGQG TLVTVS S
IGHV1-18*01,AS VKVSCK ASGY TFTSYGISWVRQ APGQGL EWMGWISAY NGNTNY AQKL QG RVTMTT DTSTS TAYMELRS LRSDDT AVYYCAR DLGSSG WYLVL APGS YYYYYGMD VWGQG TTVTVS S
IGHV1-24*01,A SVEVSCKV SGY TLTELSMHWVR QAPGKG LEWM GG F DPEDGE TIYAQKF QG RVNM TEDTSTD TAYMELSS LRSEDT AVYYCA TVPPFIS GWYLSV HPNWFDPWGQG TLVTVS S
IGHV1-18*04,V KVSCK ASGY TFTSYGISWVRQ APGQGL EWMGWISAY NGNTNY AQKL QG RVTMTT DTSTS TAYMELRS LRSDDT AVYYCA RDGL RAA A EYYYYYY GM D VWGQG TTVTVS S
IGHV1-24*01,AS VKVSCKV SGY TLTELSMHWVR QAPGKG LEWM GG F DPEDGE TIYAQKF QG RVTMT EDTSTD TAYMELSS LRSEDT AVYYCA TAPP VLHAHWF DPWGQG TRVTVS S
IGHV1-18*01,AA VKVSCK ASGYSFSS YGIIWVRQ APGQGL EWMGWISA YNGN IEY AQ K FQG RVTMTT DTSANTG YMDLRS LRSDDT AVYYCA RESTPG LRAIGYW GQG TLVTVS S
IGHV1-3*04,Q VQLVQ SGA EVK KPGAP VKVSCK ASGY TFTKFAIHWVR QAPGQ RLEWLGWLN TGNGDTKYSQRFQD RFKITR DTSADTS YMEVNSL RSEDT AVYYCARVRLQWF GEIPFDYWGQG SLVTV SS
IGHV1-2*02,AS VKVSCK ASGHPFT GYYIHWVRQ APGQGL EWMGCI NPNGGAT KYARRF QG RLTM TRDTS ITTAYME L SRLTSYD TAVYYC GRDPDSYYGSG TLDF DPWGQG TLVTVS S
IGHV1-2*02,AS VKVSCK ASGY TFTGYYMHWVR QAPGQGPE WMGWI NPSSSGTK YAQK FQG RVTMT RDTS ISTAYMELSR LRSDDT AVHYCAR EGRDGD YVSERYFDL WGRG TLVTVS S
IGHV1-18*04,AS VKVSCK ASGY TFISYSINWVRQ APGQGL EWMGWISVY NGNTNY AQKLQGRVTMTT DTSTS TAYMELRS LRSDDT AVYYCAR DCSGGS CYSVSYYY GMD V WGQG TTVTVS S
IGHV1-24*01,AS VKVSCKV SGY TLT E LSMHWVR QAPGKG LEWM GG F DPEDGE TIYAQKF QG RVTMT EDTSTD TAYMELSS LRSEDT AVYYC ATAAAIQR LGWFDPWGQG TLVTV SS
IGHV1-24*01,ASVKDS CKF SGDR ISEMSIHWVRQ TRGN RLEWL GGVDPEYGS LFY APRLKG RIVVTA DTSAATS YMELTR LTSEDT AVYYC STD LILY PSETSDHTGE VGASFW GQG TLVTV SS
IGHV1-3*04,Q VQLLQ SE TEV KKPGA SVKVSCK ASGYS FTTYAIHWVR QAPGQGL EWMGWINRV NGNSEYSQ KFQARLTIYR DTSAS TAYMELS SLTAEDA AVYFCA RDRPTGSE TYGMDVW GQG TTVSV SS
IGHV1-2*02,AS VKVSCK ASGY TFTGYYMHWVRQ APGQGL EWMGWI NPNSGGTNY AQKF QG RVTMT RDTS ISTAYMELSR LRSDDT AVYYCA REDFWSG YFM GV GYYGMDV WGKG TTVTVS S
IGHV1-18*01,AS VKVSCK ASGY TFTSYGISWVRQ APGQGL EWMGWISAY NGNTKYS QKF Q GRVTITR DTSAS TAYMELSS LRSEDT AVYYC ARGG TVTASWYYYY YGM D VWGQG TTVTVS S
IGHV1-69*04,GA SVKVSCK ASGGT FSSYAISWVR QAPGQGL EW MGR TI P ILGI ANYAQK FQG RVTITA DKSTS TAYMELS SLRSED T AVYYC AR RGI MFREAFDI WGQG TMVTV SS
IGHV1-69*13,S VKVSCK ASGGT F SSYAISWVR QAPGQGL EWM GG IIPIF GTAN YAQK FQG RVTITA DESTS TAYMELS SLRSEDT AVYYCARAYL FPYYYGSRS Y LGG LFRA TNGFDPWGQG TLVTVS S
IGHV1-18*01,AS VKVSCK ASGY TFN SY GISWVRL APGQ SLEWMGWI SPYSGNTNYA QKF QG RVTMTT DTSTN TAYLELRS LRPDDT AVYYCA RDPVST VFAVVVAY SDYWGQG TLVTVY S
IGHV1-8*01,AS VKVSCK ASGY TFTSYD INWVRQ ATGQGL EWMGWM NPNSGNTGY AQKF QG RVTMT RNTS ISTAYMEL SSLRSEDT AVYYC ASCHSST TYYYGMDV WGQG TTVTVS S
IGHV1-2*02,AS VKVSCK TSGY TFS G YYIHWVRQ APGQG LECMGWI NPNSGVTN YAQ NFQG RVTMT SDTS ISTAYMEL SSLTSDDT AVFYCARE ASAGHSTG YQYYFDY WGQG TLVTVS S
IGHV1-69*02,Q VHLVQS GAEGKKPGS SVNISCK TSGGT FSSYTVNWVR QAPGQGL EWMGRIIPI LD KAKY AKRFQD RVTITA DTSTST ANMELS SLRSEDT AVYYCA TCRGGGCYADPFD I WGQG TVVIV SS
IGHV1-2*02,AS VKVSCK ASGY TFTGYYMHWVRQ APGQGL EWMGWI NPNSGCTN YAQK FQG RVTMT RDTS ISTAYMELSR LRSDDT AVYYCA RED VVVVAA NA FDI WGQG TMVTVS S
IGHV1-3*01,AS VKVSCQ ASG YTFT SNT MHWVRQ APGQRR EWKGWIIA GNGDTQNSQ QFQGRVTIT RDTTAS TAYMALS SLRSEET AVYYCARE QCSGGS CYFVG DFDYWGQG TLVTV SS
IGHV1-2*02,AS VKVSCK ASGYT FTDYYMSWVRQ APGQGL EWMGWI NPNSGGTN YAQK FQG RVTMT CDTSIS TAYM D LSR LRSDD TAVYYCAKILS SAW FDLRVGYFE NWGQG TLVTV SS
IGHV1-69*13,S VKVSCK ASGGT FS SYAI SWVR QAPGQGL EWMGRIIPIF GTAN YAQ KFQG RVTITA DESTS TAYMELS SLRSEDT AVYYC AR YGYSSS WYYYY G MDV WGQG TTVTVS S
IGHV1-18*01,AS VKVSCKA TGY S VNNYG MSWVRQ APGQGL EWMGWI SPYNGNT KYIEKL QG RVTMTT DTSTS TAYMELRS LTSADT AVYYCA REK Y CSGGS CFSLGLH SRSTHN YYGLDVW GQG TTVTVS S
IGHV1-2*02,AS VKVSCK ASGY TFT G NYIYWVRQ APGQG LEWMGWI NPNSGGT KYVQKF QG RVTM SRDTS ISTAYMEVRG LRSDDT AVYFCA RAGFCSAGT CYDFF DYWGQG TLVTVS S
IGHV1-3*04,Q VQLVQ SGA EVK KPGA SVKVSCK ASGY TFTKFAIHWVR QAPGQ RLEWLGWLN TGNGDTKYSQRFQD RFKITR DTSADT SYMEVNSL RSDDT AVYYCARVRLQWF GEIPLDYWGQG SLVTV SS
IGHV1-2*02,AS VKVSCK ASGY TFTGYYMHWVRQ APGQGL EWMGWI NPNSGGTNY AQKF QG RVTMT RDTS ISTAYMELSR LRSDDT AVYYCA R GIVVV PDDY YYYYGMDV WGQG TTVTVS S
IGHV1-8*01,AS VKVSCK ASGY TFTSYD INWVRQ ATGQGL EWMGWM NPNSGNTGY AQKF QG RVTMT RNTS ISTAYMEL SSLRSEDT AVYYCA RGEYSG SYYFQH WGQG TLVTVS S
IGHV1-2*02,AS VKVSCK ASGY TFTYYYIQWVR QAPGQGL EWMGWI DPNRGGTNF AQKF QG RVTMT TDTTTS TAYLD LSSL R FDDT AVYYCA RAPST YYGVDVW GQG TAVTVS S
IGHV1-2*02,AS VKVSCT ASGY TFTGYYMHWVH QAPGQGL EWMGWI NPNSGDTNY A QKF QG RVTMT RDTS ISTAYMELTRL RSDDT AVYYCA RDYSNY EVDY WGQG TLVTVS S
IGHV1-18*04,AS VKVSCK ASGY TFTSYGISWVRQ APGQGL EWMGWISA YNGTANY AQKF QG RVTITA DESTS TAYMELSS LRSEDT AVYYCA FPHCSSTS CYYYYGMD VWGQG TTVTVS S
IGHV1-24*01,AS VKVSCKV SGY TLTELSMHWVR QAPGKG LEWM GG F DPEDGE TIYAQKF QG RVTMT EDTSTD TAYMELSS LRSEDT AVYYCA TTNST VTTLILYYYY YGMDVWG QVTTVTVS S
IGHV1-18*04,AS MKVSCK ASGY TFTTYGINWVRQ APGQGL EWVGWIS ANNGNT HYVQKF QG RVTLTT DTSTSTA NMELRSLR FDDT AVYYCA RAPH VETLFG MVMAI NGA FDL WGQG TMITV SS
IGHV1-2*02,AS MKVSCT TSGYG FTDYYMHWVRQ APGQGL EWIGWI NPNSGGT KYAQK FRG RVTMT RDTSIN TAYLVLSS LRSDDT ALYYCA RDPDY HIDVW GQGT PVTV SS
IGHV1-2*02,AS VKVSCK ASGYS FTSYYMHWVRQ APGQG LVWMGWI HPNTGETNYAQNFQG RVTMT RDTSTS TAYME LSR LMSDDT AVYYCAAVTWS QRDGF DVW GQG TMVTVS S
IGHV1-2*02,AS VKVSCK ASGY TFTGYYMHWVRQ APGQGL EWMGWI NPNSGGPNYA Q KF QG RVTMT RDTS ISTAYMELSR LRSDDT AVYYCA RENTRTDSSSGGFDPWGQG TLVTV SS
IGHV1-18*01,AS VKVSCK ASGY TFTSYAISWVR PAPGQGL EWLGWISAY NGNTH YAQEL QG RLTLTT DTSAN TAYMELRSL RSDDT AVYFCVR DDYDSLP YYFDF WGQG TLVTV SS
IGHV1-2*04,AS VKVSCK ASGY TFTGYYLHWVR QAPGQGL EWMGWI NPNSGGTNYA QKF Q GWVTMT RDTS ISTAYMELSR LRSDDT AVYYCA RAGSSSRG YYYYGMDV WGQG TTVTVS S
IGHV1-3*01,Q VQLVQ SGA EVK KPGA SVKISCK ASGY RFTTFVIHWMR QAPGQSPE WMGFI GPGSGGT K YAE KFQD RVTITR DTSTT TAYMEL SGLTSEDT AVYYCA RDSLGARNW F DPWGQG TLVT DSS
IGHV1-24*01,AS VKASCKV SGY TLTELSMHWVR QAPGKG LEWM GG F DPEDGE TIYAQKF QG RVTMT EDTSTD TAYMELSS LRSEDT AVYYCATAFTVR PVHNSSSW TNYYYY DGMD V W GQVTTVTV SS
IGHV1-24*01,AS VKVSCKV SGY TLTELSMHWVR QAPGKG LEWM GG F DPEDGE TIYAQKF QG RVTMT EDTSTD TAYMELSS LRSEDT AVYYCA TSFP IIAT RPGSG YYYYGMDV WGQG TTVTVS S
IGHV1-24*01,AS VKVSCKV SGY TLTELSMHWVR QAPGKG LEWM GG F DPEDGE TIYAQKF QG RVTMT EDTSTD TAYMELSS LRSEDT AVYYCA TGPAVGA QRWF DPWGQG TLVTVS S
IGHV1-2*04,Q VQLVQ SGA EVK KPGA SVKVSCKAYAYTF TG YYLHWVR QAPGQG LEWMGWI NPNSGATD YAR KFQG WVTMT RDTS IRTAYMELSRV KSDDT AVYYCARA LPVKG LDVW GQG TTVIVS S
IGHV1-2*02,AS VKVSCK ASGNFLEP EY IHWVRQ APGQGR EWMGWI SPPRGAT HYA QNFQDR VTMTWD TSLNTGD LELTRLK SDDSA VYQCVRV ASG FHL DSWGQG TLITVS S
IGHV1-2*02,AS VKVSCK ASGY TFT G HYLHWVR QAPGQGL EWMGWI NPNNGGTNPTQ KFQ G RVTMT RDRA ITTAYMELSR LSSDDT AVYWCA RDA FY STYGDYGD YYYLGMDV WGQG TTVAV S
IGHV1-46*01,SYQASG YTFT SHS MHWVRQ APGQG LEWMGII NPSGGSTSY AQKF QG RVTMTR DTSTS TVYMELS SLRSEDT AVYYCA RDRAAEGD YVWGSYR YGGA L D Y WGQG TLVTV S
IGHV1-2*04,AS VKVSCK ASGY TFTGYYMHWVRQ APGQGL EWMGWI NPNSGGTT YAQKF Q GWVTMT RDTS ISTAYMELSR LRSDDT AVYYCA RDQGCSSTSCYTGPY YYYGMDV WGQG TTVTVS S
IGHV1-2*06,AS VKVSCK ASGY RF TDT YMHWVR QAPGHGPEWMG RL NPLSGGTNYAQNFQG RVTLT GDTSTS TAYMELRS LKSDDT AVYYCA RGWGPRGVDGELPLD YW AMGPWSPSPQ
IGHV1-69*13,S VKVSCK ASGGGFS DYAISWVRQ APGQGL EWMGRIIPIF GA ADYAQK FQG RVSITA DDSTS TAYMELS SLRSEDT AVYYCA RGGDCSGGGCYPKGD YYYYGMDV WGQG TTVTVS S
IGHV1-2*04,AS VKVSCK ASGY TFTGYYMHWVRQ APGQGL EWMGWI NPNSGGTNYA QKF Q GWVTMT RDTS ISTAYMELSR LRSDD TVVYYCA RAGSYRG HYYYGMDV WGQG TTVTVS S
IGHV1-24*01,AS VKVSCKV SGY TLTELSMHWVR QAPGKG LEWM GG F DPEDGE TIYAQKF QG RVTMT EDTSTD TAYMELSS LRSEDT AVYYC ATGGH YDYVW GR R VSHPYGCWGQG TLATL SS
IGHV1-2*06,AS VKVSCK ASG YTF TDNE MHWVRQ APGQGPEW MGRI NPLTGGKD YAQK FQG RVTLT RDTS ISTAYMELRS LRSDDT AVYFCARS WGPRGVDGELPHDYWGHG TLVTVS S
IGHV1-18*01,AS VKVSCK ASGY TFTSYGISWVRQ APGQGL EWMGWISAY NGNTNY AQKL QG RVTMTT DTSTS TAYMELRS LRSDDT AVYYCA RDSQS Y CSSTSC HYYYY G MD VWGQG TTVTVS S
IGHV1-18*01,AS VKVSCK ASGY TFTSYGISRVR QAPGQGPEW L G W TSPYKGNTNY AQ K L QG RVTMT KDTSTS TAYMELRSL RSDDT AVYYCARVVAVWD YGDSYWG QGTLFTVS S
IGHV1-18*01,AS VKVSCK ASGY TFTSYGISWVRQ APGQGL EWMGWISAY KGNTNY A QKL QG RVTMTT DTSTS TAYMELRS LRSDDT AVYYCA RGL Q QSEG CYYYYGMD VWGQG TTVTVS S
IGHV1-8*01,AG VKVSCK ASGY TFTSFDI NW VR Q ATGQGL EWMGWV NPNSGNTGY AQKF QG RVTMT GSTS ISTAYMEL SSLRSDDT AVYYCA RGK RYQLLL DQY YEMDV WGQG TTVTVS S
IGHV1-2*02,GA SVKVSCK ASGY TFTGYYMHWVR QAPGQG LEWMGWI NPNSGGTNY AQKF QG RVTMT RDTS ISTAYMELS RLRSDDT AVYYCARALHY DFWSGY SLYGMDV WGQG TTVTVS S
IGHV1-3*01,Q VQLVQ SGA EVK KPGA SVKVSCK ASGYS FKRYAIHWVR QAPGQ RLEWMGWIN AGNGNT EFSQKF QG RVTITR DTSAS TAYMELRS LRSEDS AVYYCA RD LQDIIRGA I WEPYGMD VWA KGPRSPSP
IGHV1-24*01,AS VKVSCMV SGYT LTELSMHWVRQ APGKG LEWM GG F DPEDGE TIYAQKF QG RVTMT EDTSTD TAYMELS SLRSEDT AVYYC ATSLAI FGVV TN Y YYYY GMDVWGQGT TVTVS S
IGHV1-2*02,AS VKVSCE ASGY TFI D YYIHWVR QAPGQGL EWMGWI NPTSGATNSAQ KF HG RVTVT SDTS ISTAYMEL SGLRSDDT AIYYCARA TNRGSPA NAYVYW GQG TLVTVS S
IGHV1-2*02,AS VKVSYK ASGY TFTDYYFHWVRQ APGQGL EWMGWI NPKSGDTNYA Q NFQG RVTMT RDTS ITTGYMELSR LTSDDT AVYYCASVTW SQRGG FDIWGQGTM VA
IGHV1-69*02,Q VHLVQ SGA EVK KPGS SVNISCK TSGGT FSSYTVNWVR QAPGQG LEWMGRIIPI LDK AKY AKRFQD RVTITA DTSTS TAYMELS SLRSEDT AVYYCA TCRGGGCYADPFD I WGQG TVVIV SS
IGHV1-58*02,SM KVSCK ASGF TF T SSAMQWVRQA RGQR LEWIGWIVV GSGNTN YAQKFQE RVTITR DMSTST AYMELS SLRSEDT AVYYCA ASRLAAP RVYYYGMDV WGQG TTVTVS S
IGHV1-24*01,AS MKVSCKV SGY TL TDLS MHWVR QAPGKG LEWM GG F DPEDGE TIYAQKF QG RVTMT EDTSTD TAYMELSS LRSEDT AVYYCA TGPSSPPFDHWGQG TLVTVS S
IGHV1-24*01,AS VKVSCKV SG YTLTAFSMHWVR QAPGKGL EW LGGFD PQQRR TIY AQK FQG RVTMT EDTSTD TAYMELRN LRAEDT AVYYCA TDDPPGA VFGVVIYALHIW GQG TMVTVS S
IGHV1-3*01,AS VKVSCK ASGY TFSSYAMHWVR QAPGQ RLEWMGWIN AGNGNTK YSRKF QG RVTITR DTSAS TAYMELSS LRSEDT AVYYCA RPDG VATIWRA GF DY WGQG TLVTVS S
IGHV1-2*06,AS VKVSCK ASG YTFT ANE MHWVRR APGQGPE WMGRI NPLTGGKD YAQK FQG RVTLT RDTSIN TAYMELRS LSSDDT AVYFCARS WGPRGVDGELPLDYWGHG TLVTVS S
IGHV1-18*01,AS VKVSCK ASGY TFT N YGIIWVRQ APEQGL EWIGW NNT YNV KTD YAQK LQG RVTLTT DTSTN TAYMDLRS LRSDDT AVYFCA RDIE RIDVVRGLM TRPRARGG YYYGMDV WGQG TTVTVS S
IGHV1-2*04,Q VQLVQ SGA EVK KPGA SVTVSCK ASQY TFTGYYLHWVR QAPGQG LEWMGWI NPNSGATN YARK FQG WVTMT RDTS ISTAYMELS SLKSDDT AVYYCA RGLPVQG MDV WG QVTTVTV SS
IGHV1-18*04,AS VKVSCK ASG YTFT SNG FNWVRQ APGQGL EWMGWIS ADSGKSNY AQKF QG RVTMTT DSSTS TAYMELRS LRSEA TAVYYCA RA NIVGATWF DPWGQG TLVTVS S
IGHV1-46*01,AS VKVSCK ASGY TFT SYY MHWVR QAPGQGL EWMGII NPSGGSTS YAQK FQG RVTMTR DTSTS TVYMELSS LRSED TA VYY CAR LGI AA AGKGN YYYYGMDV WGQG TTVTVS S
IGHV1-2*02,AS VKVSCK ASGY TFTAYHIHWVRQ APGQGL EWMGWIY PNSGGTE Y S Q N FRGRVTMT RDTS IATAYMD LKSLTSDDT AVYYCVGVTWS KHDGF DIW GQ GALVTVS S
IGHV1-2*06,ASSKDS CK ASGY TFRA NYMP W VR QAPGQGPEW MGRI TPLSGV TTYAQK FQG RVTMT RDTS ISTAYMELSR LRSDDT AVYYCARAW GPWGVDGELPFDYWGHG TLVTV S
IGHV1-3*04,Q VQLVQ SGA EVK KSGA SVKVSCK ASGY TFT SN VMHWVCQ APGQ RLEWIGWIN TGTDNTKYS QKF QG RVTITQ DTSAS TAYMELS SLRSEDS AVYYCAR EYRY GYYYD YGGQ GTLVTR SS
IGHV1-46*01,AS WQVYCK ASGY TFTSYYMHWVRQ APGQGL EWMGII NPSGGSTSY A QKF QG RVTMTR DTSTS TVYMELSS LRSEDT AVYYCA RDRPNPSPYDFWSGYSAPPTGGMD V WGQG TTVTV S
IGHV1-18*01,AS VKVSCK ASGYTFPT YGISWVRQ APGQG LEWMGWT SGDHGDTNYA HKF QG RVTMTT DTSTT TAYMELRS LRSDDT AVYYCA RDWACSGGVCNDCFDPWGE VTLVTVS S
IGHV1-18*04,AS VKVSCK ASGY TFTSYGISWVRQ APGQGL EWMGWISAY NGNTNYPQK LQGRVTMTT DTSTS TAYMELRS LRSDDT AVYYCA RDGTCSST SCY RGE FYYYYY G MD VWGQG TTVTVS S
IGHV1-2*02,AS VKVSCR ASG YIF TDY HIHWVRQ APGQGL EWMGWI NPFSGDTDLAPKFQG RVTLT RDTS I STD YMQLSR LRYDDT AVYYC ARDLYERAFDY WGQG TLVTVS S
IGHV1-3*01,AS VKVSCK ASGY TFTSYAMHWVR QAPGQ RLEWMGWIN AGNGNTK Y S QKF QG RVTITR DTSAS TAYMELSS LRSEDT AVYYC ARGG TYY GSG ISFYYYYY GM DV WGQG TTVTVS S
IGHV1-46*01,AS VKVSCK ASGY TFTSYYMHWVRQ APGQGL EWMGII NPSGGSTSY A QKF QG RVTMTR DTSTS TVYMELSS LRSEDT AVYYCAR DLRGD YVWG TTRNYYG MDV WGQG TTVTVS S
IGHV1-69*13,S VKVSCK ASGGT FSSYAISWVR QAPGQGL EWM G GIIPIF GTANYAQKFQG RVTITA DESTS TAYMELS SLRSEDT AVYYC ARDGWHRDYGDY AFNWRF DPWGQG TLVTVS S
IGHV1-2*04,Q VQLVQ SGA EVK KPG ALVTVSC KASQY TFTGYYLHWVR QAPGQG LEWMGWI NPNSGATN YARK FQG WVTMT RDTS ISTAYMELS SLKSDDT AVYYCA RGLPVQG MDV WGQG TTVTVS S
IGHV1-2*02,AS VKVSCK ASGY TFTGYYMHWVRQ APGQGL EWMGWI NPNSGGTNY AQKF QG RVTMT RDTS ISTAYMELSR LRSDDT AVYYCA REKDYYGSGSPPDA FDIW GQG TMVTV AS
IGHV1-24*01,AS VKVSCKV SGY TLTKLSMRWVR QAPGKG LEWM GGFDPDDGE RIFAQ NFL GRVTLT DDTSTDT SYMELSS LRSEDT AVYYCATARY TSG WSIYFDF WGQG ILVTVS S
IGHV1-18*01,QGQ LVQ SGPEVKRPGA SVRVSCK ASGY TFINYDITWVR QAPGKGL EWMGWISA HSGNTNYGQ KFQGRVTMTT DTSTNT AYKELR SLRPNDT AVYYC ARDHK WLAFYGLDV WGQG TAVSVS S
IGHV1-69*13,S VKVSCK ASGGTFNN YTINWVR QAPGQGL EWM GG IIPMF ATAN YAQK FQG RVTIAA DEFT TTAHMELS SLRSEDT AMYYCA TTGGGH CIS SSCYRGLGSDHH AMDV WGQG TTVTVS S
IGHV1-24*01,AS VKVSCKV SGY TLTELSMHWVR HAPGKG LEWM GG F DPEDGE TIYAQKF QG RVTMT EDTSTD TAYMELS SLRSEDT AVYYC ATG VLLWFN AGW F DPWGQG TLVTVS S
IGHV1-2*06,AS VKVSCT ASGY TFIDFYIHWMRQ APGHGL EWLGRI NPSSGD TIYAQKF EG RVTMT RDTS ISTAYLHL SSLKSDDT A IYYC ARLM Y SRVWSPFDSWGQG TLVTV SS
IGHV1-24*01,AS VKVSCKV SGY TLT EL SMHWVR QAPGKGL EWM GGFDPEDGE TI YPQKFQG RVTMT EDTSTD TAYMELSS LRSEDT AVYYC ATAIAA AGTPN YYYYYYGMDV WGQG TTVTVS S
IGHV1-18*01,AS VKVSCK ASGY TFTSYGISWVRQ APGQGL EWMGWISAY NGNTNHA QKLQGRVTMTT DTSTS TAYMELRS LRSDDT AVYYCA RFPL LKIVVV PAA IDWF DPWGQG TLVTVS S
IGHV1-18*01,Q VQLVQ SGA EVK KPGA SVKVSCK ASGY TFSYYGISWVRK APGQG LEWMGWVS GYNGNTDY AE KFQG RVTMTT ETSTN TVYMDLR SLGSDDT AVYYCAR KGLRGS HYFYFGMD VWGQG TTVIVS S
IGHV1-24*01,AS VKVSCKV SGY TLTEFSMHWVR QAPGKGL EWL GGFDP EH R KTIYA QK FQARVTMT EDTSTD TAYMELRS LRSEDT AVYYCA TDDPPGA VFGVVIYALHIW GQG TMVTVS S
IGHV1-18*01,AS VKVSC KTSG YIFRD FG ISWVRQ APGQGL EWMGWI NPFKGNTDYSQK F QG RVTMTT DTSTS TAFMELRS LSFADT AVYFCA RDR LVRGIT NNWFDPWGQG TLVTV SS
IGHV1-3*01,QV QLVQ SASEVKNPGA SVNISC K AL RY S FIS Y GIHWLR QAPGQ RLEWMGWI DPATGK TKFSQKF QG RVTITMYT SAS TVYLGLSRL RYEDT ALYYCARA IGDAS FSYYYGLDV WGQGT TVTVS S
IGHV1-24*01,AS VKVSCKV SGY TLTELSMHWVR QAPGKG LEWM GG F DPEDGE TIYAQKF QG RVTMT EDTSTD TAYMELSS LRSEDT AVYYCAT IPSNWGSSYS GWYFDL WSRG TLVTV SS
IGHV1-24*01,AS VKVSCKV SGY TLTELSMHWVR QAPGKG LEWM GG F DPEDGE TIYAQKF QG RVTMT EDTSTD TAYMELSS LRSEDT AVYYCA TAPT VRGVITNYYYYY G MDV WGQG TTVTVS S
IGHV1-18*04,AS VKVSCK ASGY SLTSYGISWVRQ APGQGL ERMGWIS GYNGNTK F A QK LQG RITMTT DTSTT TAYMELRS LRSDDT AVYYCAR VPDF LSVYYTFDY WGQG SLVTVS S
IGHV1-46*01,Q VQLVQ SGA EVK KPGA SVKVSC KTSGY TFSSYYMHWVRH APGQGL EWLGII NPYGGSTSY AQKF QG RVTMTR DTSTS TVYMD LSSLRSDDT AVYFCARA EYGDSPSDYWGQG TQVTVS S
IGHV1-18*01,AS VKASCK ASGY AFT S YGIVWVRQ TPGQGL EWMGWISAY NGNTK YAQKL QG RVTMTT DTSTS TAYMELRSL RSDDT AVYYCARVSC SSTSCYEDYWGQG TLVTV SS
IGHV1-2*02,AS VKVSCK ASGY TFTGYYMHWVRQ APGQGL EWMGWI NPNSGGTNY AQKF QG RVTMT RDTS ISTAYMELSR LRSDDT AVYYCARV DRTGYCSGGSCFPYGM DV WGQG TTVTVS S
IGHV1-24*01,AS VKVSCKV SGY TLTELSMHWVR QAPGKG LEWM GG F DPEDGE TIYAQKF QG RVTMT EDTSTD TAYMELSS LRSEDT AVYYCA TALPY YYYY G MDV WGQG TTVTVS S
IGHV1-8*01,AS VKVSCK ASGY TFTSYD INWVRQ ATGQGL EWMGWM NPNSGNTGY AQKF QG RVTMT RNTS ISTAYMEL SSLRSEDT AVYYCA RGHE GIAVAS DYWGQG TLVTVS S
IGHV1-69*13,S VKVSCK ASGGT FS SY AISWVR QAPGQGL EWMGRIIPIF GTANY AQ KFQG RVTITA DESTS TAYMELSSLR CEDT AVYYCAR MGVGELSS CYYYY G MD VWGQGT TVTVA S
IGHV1-69*13,S VKVSCK ASGGT F SSYAISWVRQ APGQGL EWM GG IIPIF GTAN YAQK FQG RVTITA DESTS TAYMELS SLRSED TAVYYCARA LGYYDFWSG YYTAWD YWGQG TLVTV AS
IGHV1-2*02,AS VKVSCK ASGYA FTDYYLHRVR QDPGQGL EWMGWVN AKSGD TEYAQK FRG RVTM TRD TAISTAYMELR R LTSDDT ALYYCASVTW SQRDDF DVW GQG TMVTVS S
IGHV1-18*01,AS VKVSCK ASGY TLTSYGISWVRQ APGQGL EWMGWISAY NGNTNY AQKL QG RVTMTT DTSTS TAYMELRS LRSDDT AVYYCARTY CSSTS CWF DPWGQG TLVTVS S
IGHV1-69*13,S VKVSCK ASGGT F SSYAISWVR QAPGQGL EWM GG IIPIF GTAN YAQ KFQG RVTITA DESTS TAYMELS SLRSADT AVYYCA RAGWRTNR YYYAMDV WGTG TTVTVA S
IGHV1-18*04,AS VKVSCK ASGY TFT DY GITWARR APGQG LEWMAWT NPYDGNTNY AQKL QG RVTVTT DTSTT TAYMELRS LRSDDT AVYYC GRDSN FVVG DYWGQG TLVTV S
IGHV1-2*02,AS VKVSCR ASGY SFSAFYIYWVR QAPGQGL EWMGWI DPKSGDTN YA QK FQGG VILT RDTS ISTAYMD MSGLTSDDT AMYFCA RAPST FYGLDVW GQGT TATV SS
IGHV1-2*02,AS VKVSCK ASGY SFTGYYMHWVR QAPGQGL EWMGWI NPNSGGTNY AQKF QG RVTMT RDTS ISTAYMELSR LRSDDT AVYYCA RDRDLT K RGM DV WGQG TTVTVS S
IGHV1-46*01,AS VKISCK ATGY TFT SYYLNWVRQ APGQGL EWVGLI DPRSDFT R YADNFQG RVTVTR DTSTT TVYLHL SNLRSDDT AIYYCA RDGARS SI GGYGYWGQGT QVTVS S
IGHV1-2*06,AS VKVSCK ASGY RFI DHDM HWVR QAPGQGPGW M G RI NPLSGVTN YAK KFQG RVTMT RDTSIN TAYMD LR S LRSDDT AVYYCAK SWGPRGVDGELPLDYWGHG TLVTVS S
IGHV1-69*13,S VKVSCK ASGGT FS SY AISWVR QAPGQGL EWMGGIIPIF GTANYA Q KFQG RVTITA DESTS TAYMELS SLRSEDT AVYYCARV GYGYSSSPT YYYAMD VWGQG TLVTVS S
IGHV1-18*01,Q VQLVQ SGA EVK KPGA SVKVSCK ASDYTFPSY GLSWVRQ APGQGL EWMGWIN AHNGHTHDA E KFQG RVTMTT DTSTS TAYMELR GLRSDDT AVYYCARVTSIFGVV SS YYYYMDVW GEGT TVTV S
IGHV1-2*04,AS VKVSCR ASGY TFTDYYIHWVRQ APGQGL EWMGWI NPNSGGTNYA KRFQGWVTMT RDTS ISTVHMEVRRL KSDDT AVYYCA REGARS A YDLPTRDHG LDVW GQG TTVTVS S
IGHV1-69*13,S VKVSCK ASGGT FSSYAINWVRQ APGQGL EWMGVIIPIF GTANY AQ KFQG RVTITA DESTS TAYMELS SLRSEDT AVYYCAR EENNSGWYGCGNWGQG TLVTVS S
IGHV1-24*01,AS VKVSCKV SGY TFSALSIHWVR QAPGKG LEWM GG F DPDDGK RIYAQKF QG RVTMT EDTSTD TAYMELS SLRSEDT AVYHCVTWALAVVGTVS WGQG TLVTV SS
IGHV1-18*01,AS VKVSCK ASGY TFTKYGITWVRQ APGQGL EWMGWISTY NAST YYTQKL Q GRVTMTA DTSTR TAYMELRILR SDDT AVYYCA R ELEVITYY GM D VWGQG TTVIVS S
IGHV1-69*02,S VKVSCKA SGGT FSSYTISWVR QAPGQGL EWIGRIIPILGI ANDAQKFQG RVTITA DKSTS TAYMELSS LRSEDT AVYYCAR VPNYYDSSGYSPNWFDPWGQG TLVTV SS
IGHV1-8*01,AS VKVSCM ASGY TFTN YDL N WVR QAPGQGL EWMGWM NPNTGDAGYA H NFQG RVAMT RDTS ISTGYMELSS LKSEDT ALYYCA RAGSIGTKGD YYGLDVW GQG TTVIVS S
IGHV1-69*13,S VKVSCK SSGGT FST H AISWVR QAPGQ RLEWIGKIIPM FGTPNYA Q K LQG RVTITA DGS TTTVYMELTS LRSEDT AIYFCA KGAYSGY NVFD YWGQGTP VTV SS
IGHV1-69*13,S VKVSCK TSGNT FTSYAVIWVRQ APGQG LECMGGIIPL FGTTNYAQNFQG RVTIAA DESTS TAYLELRS LRSEDT AIYFCA RGR DIVVE PSDSDASDVWGQG TMVTVS T
IGHV1-18*01,AS VKVSCK ASGY TFTSYGISWVRQ APGQGL KWMGWISAY NGNTNY AQKL QG RVTMTT DTSTS TAYMELRS LRADDT AVDYCAR DSEGQ RYYYYGMD VWGQG TTVTVS S
IGHV1-46*01,AS VKVSCK ASGY TFTSYYMYWVRQ APGQGL EWMGMI DPSGGHTS Y A QKF QG RVTMTR DTSTS TVYMELS SLRPEDT AVYYCA RAAV AGIPPDYWGQG TLVTV SS
IGHV1-2*02,AS VKVSCK ASGY TFTGYYMHWVRQ APGQGL EWMGWI NPNSGGTNY AQKF QG RVTMT RDTS ISTAYMELSR LRSDDT AVYYCAR YDNWNPH TLLWFG DHAGGM DVW GQG TTVTVS S
IGHV1-18*04,A QVEVGCK ASGY TFSEYVFAWVRQ APGQGL EWMAWIS ANSGKTNY AQKF QG RVTVTT DTSTN TAHLEVTSLI SDDT AVYYCA RTSG RISLLQ GFMGPWGQG TLVIVS S
IGHV1-8*01,AS VKVSCK ASGY TFTSY D INWVRQAT GQGL EWMGWM NPNSGNTGY AQKF QG RVTMT RNTS ISTAYMEL SSLRSEDT AVYYCA RGLVKQ WLTVWYYFD YWGQG TLVTVA S
IGHV1-18*01,Q VQLVQ SGPEMKKPGA SVKVSC KASG YIFVTYLISWVR QAPGQGL EWMGWISTY QGNT RFAQKF QG RVTLTT DSSTS TVYMELR NLRPNDT AVYYCA RGSNVN WIQ HHWGW RTLVTVS S
IGHV1-18*04,AS VKVSCK ASGY TFTSYGISWVRQ APGQGL EWMGWISAY NGNTKYA QK FQD RVTMTT DTSTS TAYMELRS LRSDDT AVYYCA RAP LQIL TGS RVFEYW GQG TLVTV SS
IGHV1-24*01,AS VKVSCKV SGY TLTALSMHWVR QAPGKG LEWM GG F DPEDGE TIYAQKF QG RVTMT EDTSTD TAYMELSS LRSEDT AVYYCA TAGY GITIFGVVRQ LKGVGL SYGMDV WGQG TTVTVS S
IGHV1-18*01,AQ VKVACK ASGY TFTSYGISWVRQ APGQGL EWMGWISAY NGNTNY AQKL QG RVTMTT DTSTS TAYMELRS LRSDDT AVYYCA RDG VTIF GS EYYYYGMDV WGQG TTVTVS S
IGHV1-3*01,AS VKVSCK ASGY TFTSYAMHWVR QAPGQ RLEWMGWIN AGNGNTK Y S QKF QG RVTITR DTSAS TAYMELSS LRSEDT AVYYCA RDIQTYD YVWGSYRWSRF DPWGQG TLVTVS S
IGHV1-2*02,AS VKVSCK ASGY TFTGYYMHWVRQ APGQGL EWMGWI NPNSGGTNY AQKF QG RVTMT RDTS ISTAYMELSR LRSDDT AVYYC ASGW VG Y GMDV WGQG TTVTVS S
IGHV1-2*02,AS VKVSCK ASGY TFTA YYMHWVR QAPGQGPE WMGWI SPKSAGTNY AQK FQG RVTLT RDTT ISTAYMEL NSLTSDDT A VYY CARALKY CSGSNCYAP FVFHFW GQG TLVTV SS
IGHV1-18*04,VSE KVSCK ASGY SFT RH GICRVRQ DPRHGL EWTGWISAY HGRTNHAQKPQG RVTI PTDTSTS TAYMEQRS LRSDDT AVYYCAR YPSRK QLWVKYYCY GRDGWGQG TGV AV
IGHV1-58*01,S VKVSCK ASGFTFS NSALQWVRQAR GQRPE WIGWIVVD SGNTN YAQILQERV TIT RDMSTS TVYLELS SLRSEDT AVYYCA ANRRVP LEH WYYYAMD VWGQG TTLTVS S
IGHV1-46*01,AS VKVSCK ASGY TFTSYYMHWVRQ APGQGL EWMGII NPSGGSTSY AQKF QG RVTMTR DTSTS TVYMELS SLRSEDT AVYYC AGGD MIVVVTYYY GMDVWGAG TTVTVA S
IGHV1-69*06,S VKVSCK ASGDT FSR Y GLSWVR QAPGQGL EWM GG VIPI FGT TIYAQK FQG RVTITA DKSTTT SYMD LS RLRSDDT AVYYCA RDRRYNYG YT QRGD LNF DPWGQG TLVTVS S
IGHV1-2*04,Q VQLVQ SGA EVK KPGA SVTVSCK ASQY TFTGYYLHWVR QAPGQG LEWMGWI NPNSGATN YARK FQG WVTMT RDTS ISTAYMD LSSLKSDDT AVYYCA RGLPVQG MDV WGQG TTVTVS S
IGHV1-69*13,SVK DSC KASGGTFSN YAISWVR QAPGQGL EWMGRIIPL FGTTNYA Q KFQG RVTITA DESTS TAYMELRS LRSEDT AVYYC ARGGWSG CYRLDWF DPWGQG TLVTVS S
IGHV1-18*04,AS VKVSCK ASGY SFSAYGISWVRQ APGQGL EWVGWISTY NGDTKYAPRFQD RVTMTT DSSTS TASMELRSL RSDDT AVYYCT KDQPRK LSDL LADPFD V WGQG TVVTV SS
IGHV1-3*04,Q VQLVQ SGA EVK KPGA SVKVSCK ASGY TFTKFAIHWVR QAPGQ RLEWLGWLN TGNGDTKYSQRFQD RFKITR DTSADT SYMEVNSL RSEDT AVYYCARVRLQWF GEIPFDYWGQG SLVTV SS
IGHV1-3*04,Q VQLVQ SGA EVK KSGA SVKVSCK ASGY TFT SN VMHWVR QAPGQ RLEWIGWIN TGTDN IKYSQKF QG RVTITQ DTSAS TAYMELS SLRSEDS AVYYCAR EYRYG YYFDY WGQG TLVTR SS
IGHV1-2*02,V KVSCK ASGY TFT GYYMHWVR QAPGQGL EWMGWI NPNSGGTNY AQK F QG RVTMT RDTS IST A YM ELS RLRSDDT A VYY CARVGIAAARRYYY GMDVWGQGT TVTVS S
IGHV1-24*01,Q VQVVQ SGA EVK KPGA SVKVSCKV SGSTLSELP VHWVR QAPGKGRE WM GGVDSAEGD TLYAQK FKG RVTIIE DTSTDT AYMEL SSLTS VYTAVYYCA T SVL WPGE FTL SRPR FEYW GQG TLVTV SS
IGHV1-18*01,AS VKVSCK ASGYS F TS ARTFRNDCLAWVRQ APGQGL EWMGWITLY NGHTN YAQRFQ D RVSM AADTSTS TAYMQLRS LRSDDT AFYYCARVVT TS WYLN LDHWGQG TLVTV SS
IGHV1-18*01,AS VKVSCK ASGY TFTSYGISWVRQ APGQGL EWMGWISA DNGNTNY AQKL Q GRVSMTT DTSTS TAYIELRS LRSDDT AVYYCATVVGYS YGGGW F DPWGQG TLVIVS S
IGHV1-3*01,AS VKVSCK ASGY SFTAHAMHWMRQ APGQ RLEWIGWI NPGTGN TIYS QKFQG RVTITR DTSAT TVYMEL NSL R LADT A MYYYA RSPRP LRFLEFLLAWF DPWGQG TLVTVS S
IGHV1-8*01,AS VKVSCK ASGY TFTSY D INWVRQA TGQGL EWMGWM NPNSGNTGY AQKF QG RVTMT RNTS ISTAYMEL SSLRSEDT AVYYCA RGL Y TGIAA AG YYYY G MDV WGQGT TVTV SS
IGHV1-24*01,AS VKVSCKV SGY TLTELSMHWVR QAPGKG LEWM GG F DPEDGE TIYAQKF QG RVTMT EDTSTD TAYMELSS LRSEDT AVYYCA TGY YDIL TG YY APYNRWGQG TLVTVS S
IGHV1-69*13,S VKVSCK ASGGS FINYGFNWVR QAPGQGL EWMGWI NPLFGRADYAQNFQG RVTITA DESTS TAFLELTS LRSED MAIYYC AGN RIRYT SGYPPGFD Y WGQG TLVTV SS
IGHV1-18*01,AS VKVSCK ASGY TFTSYDIIWVRQ APGQG FEWMGWIN TDNGNT KYTEKV QG RVTMTT DTSTS TAYMELRS LRSDDT AVYYCARA EYHDFWSNYRPGGM DVW GQG TTVTVS S
IGHV1-24*01,AS VKVSCKV SGY TLIELSMHWVR QAPRKGL EWM GG F DPEDGE TIYAQKF QG RVTMT EDTSTD TAYMELSS LRSEDT AVYYC ATGSP VAI NNWFDPWGQG TLVTV SS
IGHV1-46*01,AS LKVSCK ASGY TFTSYYMHWVRQ APGQGL EWMGII NPSGGSTSY A QKF QG RVTMTR DTSTS TVYMELSS LRSEDT AVYYCA RD IVVVP AAMGEGQ YYYYGMDV WGQG TTVTVS S
IGHV1-18*01,AS VKVSCK ASGY TFTSCGISWVRQ APGQGL EWMGWISAY NGNTNY AQKL QG RVTMTT DTSTS TAYMELRS LRSDDT AVYYCA RGPTD YVWGS YRPSDYWGQG TLVTVS S
IGHV1-69*04,SV KVP CKASGGI FSTYAISWVR QAPGQGLDCMG RIIPIIG MTNYA Q KFQG RVTITA DKSTS TAYMELSS LRSDDT AVYYCA TDSPGGNSPEVD Y WGQG TLVTVS S
IGHV1-8*01,AS VKVSCK ASGY TFTN YD INWVRQA TGQGL EWMGWV NPDTGNTGY AQKVRGRVTMT RDTS ISTAYMELS SLRSEDT AVYYCARR HLSPGSGAYDPFD I WGQG TVVAVS S
IGHV1-18*01,AS VKVSCK ASGY RFTAYGIGWVRQ APGHGL EWVGWTSIY NGK TYYTQRF QDR VSMTT DTSTS TVYMELRS LRSDDT AVYYCA R V R HIVVVT AEGG WF DPWGQ GTLVTV SS
IGHV1-69*02,S VKVSCK ASGGT F T DYTISWVR QAPGQG LEWM GRNIPRLG LANYAQK FQG RVTITA DTSTS TAYMEL S SLGSEDT AVYYC ATNPSLYDS RAYYS HFGDWGQG TLVTVS S
IGHV1-2*06,ASA KVVCK ASGY RFI DHDM HWVR QAPGQGPEW MGRI NPRSGVTN Y A QK FQG RVTMT RDTSIN TAYMD LR S LRSDDT AVYYCAK SWGPRGVDGELPLDYWGHG TLVTVS S
IGHV1-24*01,ASVQDS CKV SG YTLSAISMHWVR QAPGQG LEWMGSF APEDGE TIYAQKV QG RVTMS EDTSTD TAYVELSS LRSEDT AVYYCV TGAW GYFF DHWGQG TLVTVS S
IGHV1-2*06,AS VKVSCK ASG YTFT ANE MHWVRL APGQGPE WVGLI NPLTGGTT YAQKF QG RLTMT RDTS ISTAYMELRS LRSDDT AVYFCARS WGPRGVDGELPLDYWGHG TLVTVS S
IGHV1-2*02,AS VKVSCK ASGY TFTGYYMHWVR QAPGQG LVWMGWI NPNSGGTNSAQKSQG RVTMT RDTS ISTAYME LS RLRSDDT AVYYCA REGI AAAGVYYYGMDV WGQG TTVTVS S
IGHV1-2*04,Q VQLVQ SGA EVK KPGA SVTVSCK ASQY TFTGYYLHWVR QAPGQG LEWMGWI NPNSGATN YARK FQ GWVTMT RDTS ISTAYMEVSS LKSDDT AVYYCA RGLPVQG MDV WGKG TTVTVS S
IGHV1-18*01,Q VQLVQ SGA EVK KPGA SVKVSC KTSGYN FTTYGISWVRQ APGQG LQWVGWIS ANSGY TTYALKF QG RVTMT TDTPTT TAYMELRS LKYDDA AVYYCA RG F SAGSGS SVYFQYW GQG TLVSVS S
IGHV1-69*04,S VKVSCK ASGGT FSSYAISWVR QAPGQGL EWMGRIIP IL G IANYAQK FQG RVTITA DKSTS TAYMELS SLRSEDT AVYYCA REED IVVVP AA IR GG WF DPGGQ GTLVTVS S
IGHV1-18*01,Q VQLVQ SG IEVE KPGA SVKVSCK ASGY TFTSYGINWVRQ APGQGL EWMGWISVY NGNTNY AQKF QG RVTMTT DTSTS TAYLELG S L RSDDT AVYYCAR DFYDSR VYSIK GPFDYWGQG TLVTVS S
IGHV1-69*06,S VKVSCK ASGGT INMFVMSWVR QAPGR RLEWM GG I IPSFGTT HYAQK FQG RVTITR DRSKS TVYMELS SLRSQDTA TYYCATIIS RSG VMIHDVWAFDI WGQG TMVTVS S
IGHV1-24*01,AS VKVSCMV SGF SLEAFSIHWVR QGPVKG LEWM GGFSPQDG YMIFAQK LQG RVTMA EDTSTD TAYMELTSL RSEDT AVYYCAVLVR GGA FDLW GQG TMVTVS S
IGHV1-69*04,S VKVSCK TSGGTLNSN TVSWVR QAPGQGL EWMGRIIPILGI AN YAQ KFQG RVTITA DKSTS TAYMELS SLRSEDT AVYYCA RDRYCSST SCYVSF DPWGQ GTLVTVS S
IGHV1-58*01,S VKVSCK ASGF TFT SSAVQWVRQA RGQR LEWIGWIVV GSGNTN YAQKFQ E RVTITR DMSTST AYMELS SLRSEDT AVYYCA AEGWNNWNFRN YYYYGMDV WGQG TTVTVS S
IGHV1-2*02,AS VKVSCK ASGY KF TDY SMHWVRQ APGQGL EWMGWI KPNSGG TIYAKKF QG RVTMT RDTS ITTAYMELTRLRV DDT AVYYCA REE LWW SG RASFGIDM WGQG TTVSVS S
IGHV1-69*02,Q VQLVQ SGA EVK KPGS SVKVSCK ASGGT F S SHTISWVR QAPGQGL EWMGRIIPILGV AN YAQ KFQG RVTITA DKSTS TAYMELS SLRSEDT AVHYCATAYYYV SGGK SYYFYAMAVW GQG TTVTVS S
IGHV1-3*01,Q VQLVQ SASEVKNPGA SVNISC K ALRYSFLS Y GIHWLR HAPGQ RLEWMGWI DPATGK TKFSQKF QG RVTITMYT SAS TVYLGMS SLRSEDT ALYYCA RA IGDAS FSYYY G LDV WGQGAP VTV SS
IGHV1-18*01,Q VQLVQ SGA EVK KPGA SVKVSCK ASDYTFPSY GLSWVRQ APGQGL EWMGWIN AHNGH THYAEKF QG RVTMTT DTSTS TAYMELR GLRSDDT AVYYCARVTSIFGVV SS YYYFMDV WGEGT TVTVS S
IGHV1-24*01,AS VKVSCKV SGY TLTELSMHWVR QAPGKG LEWM GG F DPEDGE TIYAQKF QG RVTMT EDTSTD TAYMELSS LRSEDT AVYYCA TGPT MV RGD WF DPWGQG TLVTV SS
IGHV1-69*13,S VKVSCK ASGTNF TSYSISRVR QAPGQGL EWMGGLIPVF DTAD YAQ KF QARVTITA DESTS TAYMELSS LRSDDT AVYYCA RGHGGGSSHS LFD YWGQG TLVAV SS
IGHV1-3*04,QV QLEQ SGA EVK KPGA SVKVSC KTSGYS FTSFAIHWAR QAPGQ RLEWLG G I NSGSDDTRYPQK F R GRVTIR GD TF AST SYMEL SSLTSEDT AVYYCA RGDGPD HWLIDY WGQG TLVTVS S
IGHV1-18*04,AS VKVSCKASAYTFTSYGISWVRQ APGQGL EWMGWISAY NGNTNY AQKL QG RVTMTT DTSTS TAYMELRS LRSDDT AVYYCA RDSLR EYAFW RDDGID YW GQG TLVTV SS
IGHV1-18*04,AS VKVSCK ASGY TFTSYVIIWVRQ APGQGL EWMGWISAY NGNTNY A QKL QG RVTMTT DTSTS TAYMELRS LRSDDT AVYYCA RKGI AVAGLD YWGQG TLVTV SS
IGHV1-69*13,S VKVSCQA SER TIRLLYIRWVR QPPGR QLEWMGGIIPIF GTTHYPQKFQG RVTITA DESTS TAYLELSCLR SEDT AIYFCA RGR DIVVE PSDSDASDVWGQG TMVTVS T
IGHV1-24*01,AS VKVSCKV SGY TLTALSMHWVR QAPGQG LEWMGGF APEDGE TIYAQKF QG RVTMT EDTSTD TAYMELSS LRSEDT AVYYC ATGP VIT GTTGNW F DPWGQG TLVTV SS
IGHV1-18*01,AS VKVSCK ASGY TFTSYGISWVRQ APGQGL EWMGWISAY NGNTNY AQKL QG RVTMTT DTSTS TAYMELRS LRSDDT AVYYCA RDGEGVAGPE YYYYY GMD VW GLG TTVTVS S
IGHV1-3*01,QA QLVQ SGA EVK KPGA SVKVSCK ASGY RFTTYVIHWMR QAPGQSPE WMGFI GPGSGGT KY SEKFQD RVTITM DTSTT TAYMD MSGLTSEDT AVYYCA RDSLGARNW F DPWGQG TLVTV SS
IGHV1-24*01,AS VKVSCKV SGY TLTALSMHWVR QAPGKGL EWM GG F DPADGA TIYAQK FQG RVTMT EDTSTD TAYMELSS LRSEDT AVYYCAT TS V FGVEPNWFDPWGQG TLVTV S
IGHV1-2*04,AS MKVSCK ASGY TFTGYYMHWVRQ APGQGL EWMGWI NPNSGGTNYA QKF Q GWVTMT RDTS ISTAYMELSR LRSDDT AVYFCA RETT SLVGATF SNWFDPWGQG TLVTV SS
IGHV1-18*01,Q VQLVQ SG VEVK KPGA SVKVSCKA FG YTFT NY GITWVRQ APGQGL EWMGWISAY KGNTNY AQKY QG RVTMTT DTSTS TAYMELRSLR CDDT AVYYCA RDR YEYVW GSSLMD YYFD YWGQG TLVSVS S
IGHV1-2*02,AS VKVSCK ASGY SFTGYYIHWVRQ APGQGL EWMGWI HPNTGDTT YAQ NFQG RVTLT RDTSIN TAYMAVSRL MSDDT AVYYCVAVTWS RRDGF DIWGQGTMVTVS S
IGHV1-2*02,AS VKVSCK ASGY TFT DY YMHWVR QAPGQGL EWMGWI NPNTGGTNYA Q NFQG RVTMT RDTSFS TAYMDLYRL TSDDT AVYYCVGVTW SQYDA FDV WGQG TMVTVS S
IGHV1-2*02,AS VKVSCK ASGY TFTGYYMHWVR QAPGQGL EWMGWI NPNSGGTNY AQKF QG RVTMT RDTS ISTAYMELSR LRSDDT AVYYCARV SGAARRGG YYGMDV WGQG TTVTVS S
IGHV1-3*01,QV QLVQ SASEVKNPGA SVNISC K AL RY S FIS Y GIHWLR QAPGQ RLEWMGWI DPATGK TKFSQKF QG RVTITMYT SAS TVYLGLS SLRSEDT A LYYCA RA IGDAS FSYYYGLD VWG QVTTVTV SS
IGHV1-2*02,AS VKVSCT ASGY TFT D YYFHWVRQ APGQGL EWMGWIY PNSGDTNYA Q NFQG RVTMT RDTS ISTGYLELSR LTSDDT AVYYCVSVTWS QRDGF DIWGQGTMVTVS S
IGHV1-2*04,AS VKVSCK ASGY TFTGYYMHWVRQ APGQGL EWMGWI NPNSGGTNYA QKF Q GWVTMT RDTS ISTAYMELSR LRSDDT AVYYCA REHYCSSTSCYGR HYYYGMDV WGQG TTVTVS S
IGHV1-46*01,AS VKVSCK ASGY TFTSHYIHWVRQ APGQG LEWMATV SPSTGRPTFG QTFQGRGTVTT DTSTS TVYMEVSS LRSEDT AVYYCA RDHSSDFDGR RSWWF DPWGQG TLVIVS S
IGHV1-69*04,S VKVSCKA SGGT F S SYAIIWVRQ APGQGL EWMGRIIPILGI A N YAQ KFQG RVTITA DKSTS TAYMELS SLRSEDT AVYYCA RGE EWELLGA WGQG TLVTV SS
IGHV1-24*01,AS VKVSCMV SGY TLT E LSMHWVR QAPGKG LEWM GG F DPEDGE TIYAQKF QG RVTMT EDTSTD TAYMELSS LRSEDT AVYYCATI LPPDYYDSSGYP LRRFDY WGQG TLVTVS S
IGHV1-8*01,AS VKVSCK ASGY TFTSYD INW VR Q ATGQGL EWMGWM NPNSGNTGY AQKF QG RVTMT RNTS ISTAYMELS SLRSEDT AVYYCA RPNPSYGG AFDIW GQG TMVTVS S
IGHV1-8*01,AS VKVSCK ASGY TFTSYD INWVRQ ATGQGL EWMGWM NPNSGNTGY AQKF QG RVTMT RDTS ISTAYMELSR LRSDDT AVYYCA GRGG YVRAYY G M DVWGQG TTVTVS S
IGHV1-69*05,S VKVYCK ASEGP F RAYAISWVR QAPGQGL EWLGGII PRFDKTNYAQ K FQG RVTITT DESTS AVYLVLTS LTSDDT TMYYCAR GIRNRH YYYGVDVW GQG TTVIVS S
IGHV1-18*04,AS VKVSCM ASGY TFTTYDITWVRQ APGQGL EWMGWIST HNGDTNYA QKF R GRVTMTA DTSTN TAYMELRRL RSDDT AVYYCA KGSD LSLFVVV PDAMVNDA FDVW GHG TLVTVS S
IGHV1-24*01,AS VKVSCKV SGY TLTELSMHWVR QAPGKG LEWM GG F DPEDGE TIYAQKF QG RVTMT EDTSTD TAYMELSS LRSEDT AVYYC ATSG IVATR RGQ I TD YYYYYVMTA WGQG TTVTA AS
IGHV1-18*04,AS VKVSCK TSGY TFSTYGISWVWQ APGQGL EWMGWIS DYNGH RTYARKF QG RVTLTT DTSTS TAYMEL GSLTSDDT AIYYCA RDRTRCSGGSCHSFPNWFDPWGQG TQVTVS S
IGHV1-69*06,S VKVSCK ASGGT FSSYAISWVR QAPGQGL EWMGGIIPIF GTANYA Q KFQG RVTITA DKSTS TAYMELS SLRSEDT AVYYCA RGA YS LDRSGPR SVFDI WGQ ATMVTVS S
IGHV1-69*13,S VKVSCQ ASGGT F SSYAISW VR QAPGQGL EWMGVIIPIFC TSNYAHKFQG RVTITA DESTS TAYMELS NLRSEDT AVYYCARE YSSGWYGR TAEYYFD YWGQG TLVTV SS
IGHV1-18*04,AS VKVSCK ASGY TFTNYGISWVRR APGQGL EWMGWISAY NGNTNY AQKL QG RVTMTT DTSTS TAYMELRS LRSDDT AVYYCARTY CTGG VCYSF AG MDV WGQG TTVTVS S
IGHV1-46*03,AS VKVSCK ASGYS FTSYYIHWVRQ APGQGL EWMGII NPHGGST SYTQKF DG RLTMT GDTSSN TVYMELS SLSSQDT AVYYCTMDLIAVS AAGGF DFW GQG TLVTVS S
IGHV1-18*01,AS MKVSCK ASGY TFTSYGISWVRQ APGQGL EWMGWISAY NGNTNY AQKL QG RVTMTT DTSTS TAYMELRS LRSDDT AVYYCA RDRGR VGRITIFGVDYYYYYGMDV WGQG TTVTVS S
IGHV1-69*04,S VKVSCK ASGGT FSS Y AISWVR QAPGQGL EW MG RI IPILGIANYAQK FQG RVTITA DKSTS TAYMELS SLRSEDT AVYYCAS VATR AGWKSS WYGMDV WGQG TTVTVS S
IGHV1-3*04,AS VKVSC NA SVYTFT HNS IHSV RHPPAQ RLDLMGWIHTV NG YTKF SQS F QG RVTIT GDTS ASIIYMEL SSL R FEDT AVYYCA R RSITA TGA FDF WGQG TLVTVS S
IGHV1-18*01,AS VKVSC KGSG YTVS NYG FSWVR QAPGQGPE WMGWINA YSGATN FAQM FQD RVTMTT DTSTS TVHMELRSL RSDDT AVYYCVRLRLV GNSYG TYFDLW GQG TQVTVS S
IGHV1-69*13,S VKVSCK ASGGT FS SY AISWVR QAPGQGL EWM GG IIPIF GTAT YA Q K FQG RVTITA DESTS TAYMELS SLRSEDT AVYYCA SDIWSGYYPF TYYGMDV WGQG TTVTVS S
IGHV1-46*01,Q VQLVQ SGA EVK KPGA SVKVSC KTSGY TFSSYYMHWLR HAPGQGL EWLGII NPYGGSTSY AQKF QG RVTMT GDTSTS TVYMD LSSLRSDDT TVYFCA GAEYGDSPFDYWGQG TQVTVS S
IGHV1-18*01,PMA SVKVSC KTSGYPFDSC GVSWVRQ APGQGL EWMGSIIVF NGKTN FAQKF QG RVTLTT DMSAS TAYMELKS LRSDDT AIYYCAR VPSTV ATTLFDF WGQGT QVIVS S
IGHV1-58*01,S VKVSCKA SA FT FS SSAVQWVRQA RGQR LEWIGWIVV GSGNT KYAQKF QE RVTITR DMSTST AYMELSS LRSDDT AVYYCAA ADYGD YVSFLHY G M D V WGQG TTVTVA S
IGHV1-18*01,ASEE V G CK ASGY TL NKYG ISWVRE APGQGL EWVGWVSGY DSRTNYS QKMQGRVTMT TDTSM ATVYMELRS LRSDDT AIYYCAR DYYDDWEDT FDIW GQG TMVTVS S
IGHV1-24*01,AS VKVSCKV SGY TLTELSMHWVR QAPGQGL EWL GGFDPEDRE TIYAQ NFQG RVTLT EDTSTD TAYMELSS LRSEDT AVYYC STGP VVVAATEVWF DPWGQ GTLVTVS S
IGHV1-69*02,Q VQLVQ SGA EVK KPGS SVKVSCK ASGH TFTSYSISWVR QAPGQGL EWMGRFIPILAL TN YAQ KFQG RVTITA DTSTS TVYMELS SRRSEDT AVYYCA RTNE VT VP AALYYFD YWGQG TLVTVS S
IGHV1-18*01,AS VKVSC KSSGY TFAD YG INWVR QAPGQGL EWMALIGVY NG ITKYARK FQG RVTMTT DTSTS TAYLEL GSLTSDDT AVYYCA RDASFRDDYWGQG TLVSV SS
IGHV1-18*01,Q VQLVQ SGPEMKKPGA SVKVSC KASG YIFVTYLISW GRQAPGQGL EWMVWIST YQGNT RFAQKF QG RVTLTT DSSTS TVYMELR NLRPNDT AVYYCA RGSNVN WNY H H WGQG TLVTVS S
IGHV1-18*01,AS VKVSCK ASG YMFTSYGISWVRQ APGQGL EWMGWISVQY GTTK YA RNM ETRLTMTA DTSTT TAYMELRS LTSDDA AVYYCVR DNFCES TTWRR ASDGD YW GQG TRVT GSS
IGHV1-24*01,ASVKDS CKV SGY TLTELSMHWVR QAPGKG LEWM GG F DPEDGE TIYAQKF QG RVTMT EDTSTD TAYMELSS LRSEDT AVYYCATAAY DSSGY YL P YF DYWGQG TLVTVS S
IGHV1-18*01,AS VKVSCK ASGY TFTSYGISWVRQ APGQGL EWMGWISVY NGNTNY AQKLQGRVTMTT DTSTS TAYMELRS LRSDDT AVYYCA RCEPDD YYLFF SPKVG AFDI WGQG TMVTVS S
IGHV1-18*01,AS VKVSCK ASGYNF RRYGISWVRQ APGQGL EWMGWI SPYNG YTFYAQKV QG RVSMTT DTSSS TAYMELRSLIF DDT AVYYCA RDRNA L TA AA DSGNNWGQG TLVTVS S
IGHV1-18*01,AAG KVSCKA SGYSFSS YGIIWVRQ APGQGL EWMGWISA YNGN IEY A QK FQG RVTMTT DTSANTG YMDLRS LRSDDT AVYYCA RESTPG LRAIGYW GQG TLVTVS S
IGHV1-3*03,AS VKVSCK ASGYSF TSYTIHWLRQ APGQRPE WMGWI NGGDGY T EYSQK FQG RVTISR HTSAST AYMEL SSLRVEDM ALYYCA RDGGPQSCSGPSC YADFYYFD LWGRG TLVTVS S
IGHV1-18*01,AS VKVSCR ASGY TFTKYGIIWVRQ APGQGL EWMGWISAY NGNTNY AQSL QG RVTMTT DTSTG TAYLDLRS LRSDDT AVYYCA RDPVPYSNNWYD YF DYWGQG TLVTVS T
IGHV1-18*01,AS MKVSCK ASGY TFTSYGISWVRQ APGQGL EWMGWISAY NGNTNY AQKL QG RVTMTT DTSTS TAYMELRS LRSDDT AVYYCA RDFWR HIVLMVY EGYY GMDV WGQG TTVTVS S
IGHV1-2*02,A SVQVSCK ASGY TFT ADYLHWVR QAPGQGL EWKGWI NPNSGDTNYA QSF QG RVTL NRDTS ISTAYMEL NSL R FDDT AVYFCA RGFK TLDL WGQG TMVTVS S
IGHV1-24*01,AS VKVSCKV SGY TL TEL S M HWVR QAPGKG LEWM GG F DPEDGE TIYAQKF QG RVTMT EDTSTD TAYMELS SLRSEDT AVYYC A TH Y AIFGFAAF DHWGQG TLVTV SS
IGHV1-18*01,AS VKVSCK ASGYNFAN YGVVWVRQ APGQGL EWMGWISA YNGQ KKFAHQL QG RVTMTT DTSTS TAYMELRS LTSDDT AVYYCA RDPPVLGAD RLIDY WGKGN LVTVS S
IGHV1-24*01,AS VKVSCKV SG YTLIEFSIHWVR QAPGGG LEWMG G F DPEKGE TIFAQK FQG RVTVT EDTSTD TAYMELS SLRPDDT AIYYCAAVEVIY NGNFPFDNWGQG TLVTVS S
IGHV1-24*01,AS VKVSCKV SGFTLPE LSMHWVR QAPGKG LEWM GG F DPEDGE TIYAQKF QG RVIMT EDTSTD TAYMELSS LRSEDT AVYYCA TSTPHSSSSNWFDPWGQG TLVTVS S
IGHV1-24*01,AS VKVYCKV SGY TL TEL S MHWV R QAPGKG LEWM GG F DPEDGE TIYAQKF QG RVTMT EDTSTD TAYMELSS LRSEDT AVYYCATTIA AAGTPN YYYYYYGMDV WGQG TTVTVS S
IGHV1-2*02,AS VKVSCK ASGY TFTGYYMRWVRQ APGQGL EWMGWI NPNSGGTNY AQKF QG RVTMT RDTS ISTAYMELSR LRSDDT AVYYCA RGGQDCTNG VCFYYY GMDVWGQG TTVTVS S
IGHV1-2*04,AS VKVSCK ASGY TFTGYYMHWVR QAPGQ VLAWMGWI NPNSGGTH YAQKF Q GWVTMT RDTS ISTAYMELSR LRSDDT AVYYCAR AGGN YRLYYYGMD VWGQG TTVTVS S
IGHV1-24*01,AS MKVSCKV SGY TLREVSIHWVR QAPGKG LEWMG G F DPKDGE IIYAQK FQG RVTMT EDTSTDT AYMQLN SLRSEDT AVYYCAT LGRKTYESN YQLIFYHYMD VWGRG TTVIVS S
IGHV1-24*01,AA VKVSCKVS GYSLTEQ SIHWVRQ APGKGL EWMGGFD HDNGK TIYAQKF QG RVTIS EDTSTD IGYMEVSSL RSDDT AVYYCTSSIVR FGEFFPHY F DYWGQGTP VIVS S
IGHV1-18*01,QAQ L E QSGD EV KKPGA SMKVSCK ASGY TFAHYGVSCVRQ APGQG LEWMGWIS GYNGNTT YAQK FQD RVTM TPDTSTR TVYMELRSL RSDDT AVYYCA RDPRHSNYEFGTGHD YYYMDI WGTG TTVTVS S
IGHV1-2*04,AS VKASCK ASGY TFT G YQLDWVR QAPGQGL EWLGWI NPNRGFT KYAQK FQG WFTMTW DSSIS TAYME L NRLKSDDT AVYFCA RSPKLRDT VT TGTMDYG MDV WGQG TTVTVS S
IGHV1-2*04,AS VKVSCK ASGY TFTGYYMHWVR QAPGQGL EWMGWI NPNSGGTNY AQK F QG WVTM TRDTS ISTAYMEL S R LRSDDT AVYYCA R AGYRP YYYYGMDV WGQG TTVTVS S
IGHV1-18*01,AS MKVSCK ASGY TFT NHG ISWVRQ APGQGL EWMGWINTY DADTKYA QKFQARVTMT TDRTTS TAYMELRS LTSDDT AVYYCA RDLQDYGD YVIDY WGQG TLVTVS S
IGHV1-69*13,S VKVSCKA SGDT FTSYAFSWVR QAPGQG LEWMGRIIP RFGSTT YAQ NFQG RVTITA DESSS TAYMELS SLRSEDT ALYYCA REPIAARPG IWF DPWGQG TLVTVY S
IGHV1-2*06,AS VKVSCM ASG YIF TDNE MHWVRQ APGQGPE WVGRL NPLTSATN YAQ RF QG RVTMT RDTSIN TAYMELRS LKSDDT AVYYCARS WGPRGVDGELPLDYWGPG TLVTVS S
IGHV1-2*02,AS VKVSCT ASGY TFTGFYLHWVR QAPGQGL EWMGWIY PNSGDTKY AQSF QG RVTMTR DTSSS TAYMELRS LGSDDT ATYYCASVTW NTYDPFDI W GQG TMIIVS S
IGHV1-2*04,AS VKVSCK ASGY TFTGYYMHWVRQ APGQGL EWMGWI NPNSGGTNYA QKF Q GWVTM TRDTS ISTAYMELSR LRSDDT AVYYCA SSTA VTRWCMD VWGQGT TVTVS S
IGHV1-18*01,AS VKVSCK ASGY TFTSYGISWVRQ APGQGL EWMGWISA SNGNTK YAQKLH G RVTMTT DTSTS TAYMELRS LGSDDT AVYYCAR DNKGT VQAYYGMDV WGQG TTVT GSS
IGHV1-18*04,AS VKVSCM ASGY TFTSYGISWVRQ APGQGL EWMGWISAY NGNTNY A QKL QG RVTMTT DTSTS TAYMELRS LRSDDT AVYYCARMSVV G AFWYYYY GMDVWGQG TTVTV SS
IGHV1-24*01,AS VKVSCKV SGY TLTELSMHWVR QAPGKG LEWM GG F DPEDGE TIYAQKF QG RVTMT EDTSTD TAYMELSS LRSEDT AVYYCATAFTVR PVHNSSSWTN YYYYC G MD VWGQG TTVTVS S
IGHV1-2*02,AS VKVSCK ASGY TFTGYYMHWVRQ APGQGL EWMGWIY PNSGGTNY AQKF QG RVTMT RDTS ISTAYMELSR LRSDDT AVYYCA REAT KITVFGVVTR YGM DVW GQG TTVTVS S
IGHV1-24*01,AS VKVSCKV SGY TLTELSMHWVR QAPGKG LEWM GG F DPEDGE TIYAQKF QG RVTMT EDTSTD TAYMELSS LRSEDT AVYYCVT APWNY LHAFDI WGQG TMVTVS S
IGHV1-18*01,AS VKVSCK ASGY TFTSYGISWVRQ APGQGL EWMGWISAY NGNTNY AQKL QG RVTMTT DTSTS TAYMELRS LRSDDT AVYYCAR DCSGGSCYPGGFDPWGQG TLVTV SS
IGHV1-18*04,AS VKVSCK ASDY TFISYGINWVRQ APGQGL EWMGWVST NYGNTNDAH KFHARVSMTTAI STT TAYLELRS LTSDDT AVYYCA RDYSRR SIW NRNGM DVW GQG TTVIVS S
IGHV1-2*02,AS VKVSCK ASGY TFTGYYMHWVR QAPGQGL EWMGWI NPNSGGTNY AQKF QG RVTMT RDTS ISTAYMELSR LRSDDT AVYYCA RAGVRNDFWSGLGA EYYYYGMDV WGQG TTVTVS S
IGHV1-2*02,AS VKVSCK ASGY TFT DY YMHWVR QAPGQGL EWMGWIY PTSGDTNYA Q NFQG RVTMT RDTS ISTAYMEL N RLR FDDT AVYYCVGVTWS QHDGF DIW GQG TMVTVS S
IGHV1-69*13,S VKVSCKA SGGT F S SYAIIWVRQ APGQG LECMGGIIPL FGTANYA Q KFQG RVTITA DESTS TAYMEL GSLTSEDT AVYYCA RSVTYADAF DVW GPGT MVTVS S
IGHV1-2*04,A QVKVSCK ASGY TFTGYYMHWVRQ APGQGL EWMGWI NPNSGGTNYA QKF Q GWVTMT RDTS ISTAYMELSR LRSDDT AVYYCA RGSPRRS Y DFWSG YYAAANWF DPWGQG TLVTV SS
IGHV1-24*01,AS VKVSCKV SGY TLTE LP IHWVR QAPGKGL DWM G GFD SEDGK TIYAQKF QG RVTMT EDTSTD TAYMELSS LRSEDT AVYFC AG RITLFGVITGF FDHWSQG TLVAVI S
IGHV1-3*01,Q VQLLQ SGT EVK KPGA SVLVSC KASGY IF N TYAVHWVRQ APGQGL EWMGWINE VNGNSRYSQ KF QG RLTINW DTTAT TAYMELS SLTSEDT AVYYCA RDRPTGSGT YGMDVW GQG TTVSV SS
IGHV1-8*02,AS VKVSCK ASGY TFTSYGISWVRQ ATGQGL EWMGWM NPNTGDAGYA H NFQG RVAMT RDTS ISTAYMEL SSLKSEDT AVYYCA RAGSIGTKGD YYGMDV WGQG TTVTVS S
IGHV1-8*01,V KVSCK ASGY TFTSY D INWVRQ ATGQGL EWMGWM NPNSGNTGY AQKF QG RVTMT RNTS ISTAYMEL SSLRSEDT AVYYCV GSTT TYYYYGMD VWGQG TTVTVS S
IGHV1-58*02,S VKVSCK ASGF TF T SSAMQWVRQA RGKR LEWIGWIVV GSGNTN YAQKFQER VTITR DMSTST AYMELS SLRSEDT AVYYCA ADLGYCGGDCFDYWGQG TLVTL SS
IGHV1-24*01,AS MKVSCKV SGY TLTELSMHWVR QAPGKG LEWM GG F DPEDGE TIYAQKF QG RVTMT EDTSTD TAYMELSS LRSEDT AVYYCA TGP AVIR G NWF DPWGQ GTLVTVS S
IGHV1-69*13,S VKVSCK ASGGT FSTY DM N WVR QAPGQGL EWMGRIIPIF GTANYA Q KFKG RVTIT ADGST STAYMEL SGLTSEDT AVYYCAK SSGSGT AYSWGWSYFD YWGQG TLVTV SS
IGHV1-8*01,AS VKVSCK AAGY TFTSY D INWVRQAT GQGL EWMGWM NPNSGNTR Y AQ K FQG RVTMT RNTS ISTAYMEL SSLRSEDT AVYYCA RV TN LIGL LW FGEPPRPFDYWGQG TLVTVS S
IGHV1-18*01,AS VKVSCT ASGY TF SSH SVYWVRQ APGQGL EWLGWISAY YGQTNYAESLQG RLTMTT DTSTR TAYLELRS LKSDDT AFYYCAR AAAPG IVVS GGFGPAG LDVW GQG TMVAVS S
IGHV1-18*01,AS VKVSCK ASGY TFTSYGISWVRQ APGQGL EWMGWISAY NGNTNY AQKL QG RVTMTT DTSTS TAYMELRS LRSDDT AVYYCA RDR HIVVVVAA TLNY HYYYYGMDV WGQG TTVTVS S
IGHV1-18*04,AS MKVSCK ASGY TFTSYGISWVRQ APGQGL EWMGWISAY NGNTNY AQKL QG RVTMTT DTSTS TAYMELRS LRSDDT AVYYC ARG LYVDIVAT MGPN YYYYGMDV WGQG TTVTVS S
IGHV1-18*01,Q VQLVQ SGPE VI KPGA SVKVSCK ASGY TFRNYGITWIRQ APGQG LECMGWISAY NGDTE YAHKFQ G RVNM NTDTSTR TAYLELRHL RSDDT ALYFCAR KGLRGSD CYSFGMD LWGQG TTVTVS S
IGHV1-18*01,AS VKVSCK ASGY TFFTYGISWVRQ APGQGL EWMGWISAYN CNTDSAH KF NG RLTMTT DRRTS TAYMEMRSL RSDDT AVYYCA RGEGQPRDD YYYMDV WGQG TTVTVS S
IGHV1-24*01,AS VKVSCKV SGY TL TDLSMHWLR QAPGKGL EWM GH F DPEDGH F DPEDG VTIYA GNFHG RVTM TEDTS IETAYMELTS LRPDDT AIYYC STGLSGDLSPF VS WGQG TLVTV SS
IGHV1-69*13,S VKVSCM ASGGT FRSFAISWVRQ APGQG LEWM GGFNPIYGTPN YAQK FQG RVTITA DESTS TAYMELS SLRSEDT AVYYC ASGGYS YSLRLIRYYYY FGMDVWGQG TTVTVS S
IGHV1-69*13,S VQVSCK ASGGT FSSYAISWVR QAPGQGL EWMGGIIPI FGKET YAQK FQG RVTITA DESTS TAYMELS SLRSEDT AVYYCA RDLPDSSGY LGYYGMDV WGQG TTVTVS S
IGHV1-2*02,AS VKVSCKASAYIF ND YYLHWVR QAPGQGL EWMGWI NPSGSGT EYAQK FKG RVTMT RDTSIN TAYMELRR LNSDDT AVYYC GS VTWS QRDDYD VW GQG TLVTVS S
IGHV1-69*13,S VKVSCK ASGGT FSSYAISWVR QAPGQGL EWMGRIIPIF GTANYA Q KFQG RVTITA DESTS TAYMELS SLRSEDT AVYYCA RGYYGSG SYRVYGMDV WGQG TTVTVS S
IGHV1-69*04,S VKVSCK ASGGT FSSYAISWVR QAPGQGL EWMGRIIPI L G IANYAQK FQG RVTITA DKSTS TAYMELSS LRSEDT TVYYCAR DAYSSGYYNNWFDPWGQG TLVTVS S
IGHV1-18*01,Q VQLVQ SGA EVK KPGA SVKVSCK ASGY TFSYYGISWVR QAPGQG LEWMGWVS GYNGNTDY AE KFQG RVTMTT DTSTN TVYMDLR SLGSDDR AVYYCAR KGLRGS HYFYFGMD VWGQG TTVIVS S
IGHV1-18*01,AS VKVSCK ASGY TFTSYGISWVRQ APGQGL EWMGWISAY NGNTNY AQKL QG RVTMTT DTSTS TAYMELRS LRSDDT AVYYCAR ATPGV C SSTSCFGTKD YYYYYMDV WGQGT TVTFF S
IGHV1-2*02,AS VKVSCK ASGYT FTDYCMHWVRQ APGQ RLEWMGWI NPNSGA TKYAQK FQG RVTMT RDTS ISTAYME LS RLTSDDT AVYYCA RGE YVISGY RNDA FDIW GQG TMVTVS S
IGHV1-2*06,AS VKVSCR ASG YTFT NNE MHWVRL APGQGPE WVGLI NPLTGVT KYAQKFL G RLSL TRDTS ISTAYMELRS LRSDDT AVYFCARS WGPRGVDGELPLDYWGHG TLVTVS S
IGHV1-2*02,AS VKVSCK ASGY MFT GYY M HW V R QAPGQGL EWMGWI NPNSGGTNY AQ KF QG RVTMT RDTS ISTAYMELSR LRSDDT AVYYCARASIYYD I LTGPPQD YYYYYGMDV WGQG TTVTVS S
IGHV1-18*01,AS VKVSC KGSDY SFTSYGISWVRQ APGQGL EWMGWISAY NGNTNY AQKL QG RVTMS TDTSTS TAYMELRS LRSDDT AVYYCA REGYCNDTICDKPFDYWGQG TLVTVS S
IGHV1-3*01,AS VKVSCK ASGY TFTSYAMHWVR QAPGQ RLEWMGWIN AGNGNTK Y S QKF QG RVTITR DTSAS TAYMELS SLRSEDT AVYYC ARGSPY Y YGSG SYYKKIADAF D I WDQGT MVTVS S
IGHV1-24*01,AS VKVSCKV SGNSL TAASIYWVRQ APGKGL EWMG SLDPQYGDPI YA QK FQG RITMT EDTSTD TAYMEL SGLRSEDT AVYYCA TDSIS GIVIMAWVYW GQG TLVTVS S
IGHV1-24*01,AS VKVSCKVS R YTLTELSMHWVR QAPGKG LEWM GG F DPEDGE TIYAQKF QG RVTMT EDTSTD TAYMELSS LRSEDT AVYYCA TVPPFIS GWYLSV HPNWFDPWGQG TLVTVS S
IGHV1-18*01,AS VKVSCK ASGY TFTSYGISWVRQ APGQGL EWMGWISAY NGNTNY AQKL QG RVTMTT DTSTS TAYMELRS LRSDDT AVYYCARARA AAGTELPSGFDPWGKG TLVTVA S
IGHV1-3*01,Q VQLVQ SGA EVK KSGT SVTVSCK ASGYS FSTYAMHWVR QAPGQ TLEWMGWINE VNGNSKYSEKFQG RLTIFR DTSAS TAYMELS SLASEDT AVYYCA RDRPTGSGT YGMDVW GQG TTVIVS S
IGHV1-2*02,AS VKVSCK ASGYS FIDYYLHWVRQ APGQGL EWMGWI NPKSGDTN YAQK FQG RVTM TRD TAITTAYMELSR LTSGDT AIYYCASV TRGQRDDL DIW GQG TMVTFS S
IGHV1-24*01,AS VKVSCKV SGY TLTELSMHWVR QAPGKG LEWM GG F DPEDGE TIYAQKF QG RVTMT EDTSTD TAYMELSS LRSEDT AVYYCA TAPGA MVTD WFDPWGQG TLVT DSS
IGHV1-18*01,A SVKVSCK ASGGT FSMFAISWVR QAPGQGL EWIGWISAY NGNTK Y S QKVQGRLTMTT DTSTS TAYMELRS LRSDDT AVYYCAR DLSGV EMATIAIYYY G VDVW GQG TTVTVS S
IGHV1-18*04,AS VKVSCK ASGY TFTSYGISWVRQ APGQGL EWMGWISAY NGNTNY AQKL QG RVTMTT DTSTS TAYMELRS LRSDDT AVYYCA RD YLLRYD FWSGYQNS YYYYYGMDV WGKG TTVTVS S
IGHV1-2*02,AS VKVSCK ASG YIFTGYYMHWVR QAPGQGL EWMGCF NPNSGGTH YAQ NFQG RITMT RDTS ISTAYMELTR LTSDDT AVYYCA RGKDVWNPPEYWGQG TLVTV SS
IGHV1-69*04,S VKVSCK ASGE TFTSF P INWVR QAPGQGL EWMGRLVPIV DKADYAQNFR GRLTITA DKST ATVYMELT NLRPDDT AVFFCA REGPED VVVL PSPLDFWGQG TLVTV SS
IGHV1-18*01,QGQ LVQ SGPEVKRPGA SVRVSCK ASGY TFINYDITWVR QAPGKGL EWMGWISA HSGNTNYGQ KFQGRVTMTT DTSTN TAYMELRS LRPNDT AVYYCA RAHK WLAFY GLD V WGQG TAVSVS S
IGHV1-2*06,AS VKVSCK ASG YTF TDNE MHFVRL APGQGPE WVGLI NPLTGGTT YAQKF QG RLTMT RDTS ISTAYMELRS LRSDDT AVYFCARS WGPRGVDGELPLDYWGQGTLD TV TT
IGHV1-24*01,S VKVSCKV SGY TLTELSMHWVR QAPGKG LEWM GG F DPEDGE TIYAQKF QG RVTMT EDTSTDT AYMELS SLRSEDT AVYYC ATGA SLVRTN W F DPWGQG TLVTVS S
IGHV1-8*01,AS VKVSCK TSGY TFITYDIN W VR Q ATGQGL EWMGWM NPHNDKTGY AQKF QG RVTMT KDTS INTAYMEL DSLTSEDT AVYYCA RGPLS TVL TPGL LDY WGEG TLVTV SS
IGHV1-24*01,S VKVSCKI SGY T LN E VSMHWVR QAPGEG LEWM GGSHAEDDE TLYARK FQG RVTMT EDTSTDT SYMEL SGLTSDDT AVYYCA T AVVHIAAV GTVGN FDF WGQG TLVTVS S
IGHV1-24*01,AS MKVSCKV SGY TL TELSM HWVR QAPGKG LEWM GG F DPEDGE TIYAQKF QG RVTMT EDTSTD TAYMELS SLRSEDT AVYYCATLLLYW GQG TLVTV SS
IGHV1-2*02,AS VKVSCK ASGY TFTAYYIHWVR QAPGQGL EWMGWI NPNSGGTNY AQRF QG RISL TRDTS ISTAYMELSS LRSDDT AVYYCA SRHS TLAFFGMD VWGQG TTVTVS S
IGHV1-18*01,Q VQLVQ SGPEMKKPGA SVKVSC KASG YIFVTYLISWVR QAPGQGL EWMGWISTY QENT RFAQ K FQG RVTLTT DSSTS TVYMELR NLRPNDT AVYYCA RGSNVNWN Y HHWGQG TLVTVS S
IGHV1-46*01,AS VKVSCK ASGY TFTSYYMHWVRQ APGQGL EWMGII NPSGGSTSY A QKF QG RVTMTR DTSTS TVYMELSS LRSEDT AVYYCA RDR IV PAAG WF DPWGQG TLVTV SS
IGHV1-69*02,Q VQLVQ SGA EVK KPGS SVTVSCRA SGGTAS SYTISWLR QAPGQGL EWMGS VNPILRRPNYAQRFQG RVTISAR RSTN TAYLEFS SQRSEDS AVYYGATLF SGQ Q LAPD YWVQGTLLTVT S
IGHV1-2*04,AS VKVSCK ASGY TFTGYYMHWVRQ APGQGL EWMGWI NPNSGGTNYA QKF Q GWVTMT RDTS ISTAYMELSR LRSDDT AVYYCA RAGSYG YYYYYGMDV WGQG TTVTVS S
IGHV1-18*01,Q IKLEQ SGA EVK KPGA SVKVSC RPSG YIFS DFG LSWER QAPGQGL EWMGWVRTY NGDTKSPKE FQGRVTMTR NTSTHTAD MELRN LRTDDT AVY DG VIYGIAGVITH D YRFCM DDWGQG TTVTVS S
IGHV1-18*01,Q VQLVQ SGA EVK KPGA SVRVFC KGSG YTFTNFGISWVR QAPGQGL EWMGWISVY NGNANYA Q NFQG RVIMTR DTSTST AFMELRSL RSDDT AVYYCAR EAPPRYGDS FDYW GQG TLVTVS S
IGHV1-18*04,AS VKVSCK ASGY TFTSYGISWVRQ APGQGL EWMGWISAY NRNTNYA QKL Q GRVTITT DKSTS TAYVELRN LRSADTTG YYWSRTYYD FWSGE IDYYYYLGVDV WGQG TTVTVS S
IGHV1-8*01,AS VKVSCMAF GYTSNFD FNWVRQAT GQGL EWMGWVN LNSGNTGY AQKF RG RVTMTR DTSSS TAYMEL SGLTSEDS AVYYCAKE VGGGGDC CQF DSWGLG TLVTV SS
IGHV1-69*02,Q VQLVQ SGA EVK KPGS SVKVSCK ASGGT FSSYTISWVR QAPGLG LEWM G RIIPI IDIANYAQK FQG RVTITA DKSTS TAYMELS SLRSED TA VY YCAR YGYD LYF DDWGQG TLVTV SS
IGHV1-18*04,AS VKVSCK ASDY TFTSYGISWVRQ APGQGL EWMGWISA YNGAT TYAQKF QG RVTMTT DTSTS TAYMELRS LRSDDT AIYYCA RGA YYF GSGSYSSQ YYYYYYGVDVW GQG TTVIVS S
IGHV1-18*01,V KVSCK ASGY TFTSYGISWVRQ APGQGL EWMGWISAY NGNTNY AQKL QG RVTMTT DTSTS TAYMELRS LRSDDT AVYYCAR RGRYNWNDRGD AFDIW GQG TMVTVS S
IGHV1-2*02,AS VKVSCK ASGY TFTGYYMHWVR QAPGQGL EWMGWI NPNSGGTNY AQKF QG RVTMT RDTS ISTAYMELSR LRSDDT AVYYCAVLEYYY DSSGY YY GGG RVNY G MDV WGQG TTVTVS S
IGHV1-8*01,AS VKVSCK ASG YIF T DHDINWVRQAA GQGL EWMGWM HPDSGHTGY AQKF QG RVTMTR NTSTS TAYMEL SSLTS EDTAEYYCA RGRCRN ITCYTTYYYF NY GIDVW GQG TTVTVS S
IGHV1-69*04,GA SVKVSCK ASGGSFN NTAVNWLRQ VPGQGL EWVGRIFFML GSGT YAQK LQG RVKLSA DRHTNT AHMEL SSLT PEDTAIYYCARVQ HDLTTYSHRGPQNWFDPWGQGT RVTV SS
IGHV1-2*02,AS VKVSCK ASGY TFTGYYMHWVRQ APGQGL EWMGWI NPNSGGTNY AQKF QG RVTMT RDTS ISTAYMELSR LRSDDT AVYYC ARG FLYYY DSSGYYNDAFDNWGQG TMVTV SS
IGHV1-8*01,AS VKVSC QGSGY TFNTY D INWVR QAPGQGL EWMGWV NPRSGN TAYAQKFRDR VTMS RDTSTD TVYMELTS LTS EDTAMYYCARRRFLDFW GRGT L DTVSS
IGHV1-18*04,AS VKVSCK ASGY TFTSYGISWVRQ APGQGL EWMGWISAY NGNTNY AQKL QG RVTMTT DTSTS TAYMDLRS LRSDDT AVYYCA RDGDNQGS WYYD FWSGYQFPH YYYYGMDV WGQG TTVTVS S
IGHV1-2*02,AS VTVSFKV SGY T LTDYYLHWVR QAPGQGL EWMGWI NPKSGST HYAQK FQG RVIMT RDTSLN TAYLELTS LRSDDT AIYFC G RRV SRGWTDYWGQG TLVTA SS
IGHV1-2*02,AS VKVSCK ASGYSF TD YYIHWVR QAPGQGL QWMGWLKT DSGGT KYAQKF QG RVTMT RDTS ITTAYMELSR LRSDDT AVYYCLIHVD TIMPHWGQG TLVTV SS
IGHV1-8*01,AS VKVSCK ASG YVFTN YD INWVR QAPGQGL EWMGWM NPNSGSADSVPE LR G RVTMTRSI SEST AYMEVSGLRF DDT AVYYCARS LGFSDLSGG VVDALDV WGQG TMVTV S
IGHV1-3*04,Q VQLVQ SGD EVK RPGA SVKVSCK SSGDT FTDYAMHWVRQ APGQGL EWMGWINTY HGYTRYPQK FQCRVTIT RDTSA NIAYMEL GR L TSADT AVYYCA REKNY MTTYY YPYWGQG TLVTVS S
IGHV1-2*04,AS VKVSCK ASGY TFTGYFIHWVR QAPGQGL EWMGWIH GNTGG TKYAQKFQDWVTM TRDTSIN TAYME LR R LTSED T AVYYC ARA RGWQENSGD FFYFGLDV WGQGT TVT VPS
IGHV1-3*01,Q VQLLQ SGT EVK KPGA SVLVSC KASGY IF N TYAVHWVRQ APGQGL EWMGWINE VNGNSRYSQ KF QG RLTINW DTSTT TAYMELS SLTSEDT AVYYCA RDRPTGSGT YGMDVW GQG TTVSV SS
IGHV1-24*01,AS VKVSCKF SGY TLTELSMHWVR QAPGKG LEWM GG F DPEDGE TIYAQKF QG RVTMT EDTSTD TAYMELSS LRSEDT AVYYC ATGPT MVRR NWFDPWGQG TLVTVS S
IGHV1-46*01,AS VKVSCK ASGY TFTNYYI NG VR QAPGQGL EWMGLI NPIGAGTSY A QKFQG RVTMTID TSTS TVHMEL NSLGSED TAVYYCA RND YVTFYGMD VWGQG TAVTVS S
IGHV1-24*01,AS VKVSCKV SGY SLTAASIYWVRQ APGKG LEWMGTF DPQYGEP IYAQKF QG RVTMT EDTSTDTA NMELSSL RSDDTG VYYCA TDSMSG VVIWAWVYW GQG TLVTVS S
IGHV1-18*01,QGQ LVQ SGPEVKRPGA SVRVSCK ASGY TFINYDITWVR QAPGKGL EWMGWISA HSGNTNYGQ KFQGRVTMTT DTSTN TAYMELRS LRPNDT AVYYC ARDHK WLACYGLDV WGQG TAVSVS S
IGHV1-24*01,AS VKVSCKV SGY TLTELSMHWVR QAPGKG LEWM GG F DPEDGE TIYAQKF QGRVPMTEDTSTDT AYMELSS LRSEDT AVYYCA TTT AV AGSSRG WF DPWGQG TLVTV SS
IGHV1-2*04,AS VKVSCK ASGY TFTGYYMHWVRQ APGQGL EWMGWI NPNSGGTNYA QKF Q GWVTMT RDTS ISTAYMELSR LRSDDT AVYYCAR AGGN YAYYYYGM DVWGQ ATMVTVS S
IGHV1-18*01,AS VKVSCE ASGY TLSSYGISWVRQ APGQGL EWMGWISTY NGDTNYPQK FQGRVTMTT DTSTN TAYMELRN LRSDDT AVYYC ARGQ LRY CSGTSCYG LKWGFD YWGRG TLVTV SS
IGHV1-18*01,AS VKVSCM ASGY TFTSYGISWVRQ APGQGL EWMGWISAY NGNTNY AQKL QG RVTMTT DTSTS TAYMELRS LRSDDT AVYYCAR DRDSSG YYYYYYGMD VWGQG TTVTVS S
IGHV1-69*04,S VKVSCK ASGGT FSSYAISWVR QAPGQGL EWMGRIIPI L G IANYAQK FQG RVTITA DKSTS TAYMELS SLRSEDT AVYYCAR VPGPHYRDSN IIDY WGQG TLVTVS S
IGHV1-69*13,S VKVSCK ASGGT FSSYAISWVR QAPGQGL EWMGRIIPIF GTANYA Q KFQG RVTITA DESTS TAYMELS SLRSEDT AVYYCA RGPYCSGGS CYY NPMGD AFDIW GQG TMVTVS S
IGHV1-18*04,AS VKVSCK ASGYS FTTYLINWVRQ APGQGL EWMGWIAAY NGKTNYAENFQD RVSMTM DTATS TAYMELRS LRSDDT AVYFCA REGGP AYWYFD LWGRG TLVTVS S
IGHV1-18*04,AS VKVSCK ASGY TFTSYGISWVRQ APGQGL EWMGWINA YNGNTNY AQKL QG RVTMTT DTSTS TAYMELRS LRSDDT AVYYC ARGR KYGY CSGGSCPNY YYGMDVW GQGN TVTVS S
IGHV1-18*01,AS VKVSCK ASGY TFS NY GISWVRQ APGQGL EWMGWIG TDNGDTNY AQKF QG RVTMTT DTSTS TAYMELRSLR AEDTG VYYCVRD VWGGGC VW GQG TMVTVS S
IGHV1-3*01,QV QLVQ SASEVKNPGAS MNIS CKALRYSFISYGI H WLR QAPGQ RLEWMGWI DPATGK TKFSQKF QG RVTITMYT SAS TVYLGLS SLRSED TALYYCARAI GDAS FSYYYGLDV WGQGT TVTVS S
IGHV1-69*02,V QLVQ SGA EVK RPGS SVKVSCR APGDTY NSYTISWVRQ APGQGF EWLGRIIPILGIT NYAPKFQD RVTITAD TSTG TVTMDV GSLSSNDT AVYFCAKYT TTAG LFYT G LD LWGPGT TVVVS S
IGHV1-3*04,QV QLEQ SGA EVK KPGA SVKVSC KTSGYS FTSFAIHWAR QAPGQ RLEWLGVIN SGSDDTRYPQK FRGRVTIS GDT F AST SYMEL SSLTSED TAVFYCA RGDGPD HWLIDY WGQG TLVTVS S
IGHV1-2*02,AS VKVSCK ASGY TF TDYYL HWVR QAPGQGL EWMGWI NPNTGGTNYA QKFLGSVTMT RDTSTST AYKEVTRL RSDEA AVYYCA RDRGMGDPCKGGT CF HNW F DPWGQG TLVTV SS
IGHV1-2*02,K VSCT ASGY TFTGYYMHWVR QAPGQ VLEWMGWI NPNSGGTNY AQ KF QG RVTM TRDTS ISTAYME LS RLRSDDT AVYYCA RESHY DILT G YYR N Y FDYWGQG TLVTV SS
IGHV1-69*08,Q VQLA QSGA EVK KPGS SVKVP CKSSGGT FSSYTFTWVR QAPRQGL EWMGRIIPILGI AN YAQ KFQG RVTITA DKSTN TAYMN LSSLRSEDT AVYYCAR DGNGDRPRNYG MDV WGQG TTVTVS S
IGHV1-2*04,S VKVSCQ ASGY SFTGFFIHWVR QAPGQGPE WMGRI NPHRGGTK YAQ KFQG WVTMTID TSTN TAFMELS SLKSDDT AVYYCA RDRRRWAPT TYYYYTMD LWGQG TTVTVS S
IGHV1-8*01,AS VKVSCK ASGY TFT EYDINWVRQAT GQGL EWMGWM NPSSGNTGY AQK FKG RVTMT RSTS ISTAYMEL SSLRSEDT AVYFCARRVV SG YYLSYYY GL DV WGQGT TVTV SS
IGHV1-18*01,Q VHLVQ SGA EVK KPGA SVKVSCK ASGY TFTSYSISWV RQA LGQGL EWMGWISTY NGNTN YTQKLQGRVTMTT DTSTS TAYMELRSL RSDDT AVYYCARTLS CTGG ICYRFDF WGQG TLVTVS S
IGHV1-2*02,AS VKVSCQ ASGYTF T D YLILWVRQ APGQGL EWMGWI NPQNGGT KFAQ NSQGRVPMTRETS ISTIYMELS SLRSDDT AVYFCARVTTIN M V R GIVIVD AFDTWGHG TTVIVS S
IGHV1-69*08,S VKVSCKT YGGT FRRHIFSWVRQA TGQGRE W M GKINPVID SALYAQK FRDG LTVTAD TSTGT AYMELSS LTPEGT PLYYCTRFN LRGS QYIWF DPWGQG TLVTVT S
IGHV1-24*01,KFQG RVTMT EDTSTDT AYMELS SLRSEDT AVYYCA TASP FIAA AGN WF DPWGQG TLVTVS S
IGHV1-2*06,AS VKVSCM ASGY TFT ANE MHWVR QAPGQGPEW MGRI NPLTGSKD YAQK FQG RVTLT RDTS ISTAYMELRS LRSDDT AVYFCARS WGPRGVNGGLPLG YW GHGT QVTVS S
IGHV1-46*01,AS VKVSCM ASGY TF TSYYMHWVRQ APGQGL EWMGII NPSGGSTS YAQK FQG RVTMTR DTSTR TVYMELSS LRSEDT AVYYCA RDKFPISG LWF GES YYYYGMDV WGQG TTVTVS S
IGHV1-18*01,Q VQLVQ SGA EVK KPGA SVKVSCK ASGY SFTSYGISWVRQ APGQG LEWVAWISA YNGHTS YAQSV QG RVTMTT DTSTS TAYMELRS LTSDDT AVYYCAR D WY YGSGRTTP FEYW GQG TLVTVS S
IGHV1-2*02,AS VKVSCK ASGY T FNDY DIHWFR QAPGQGL EWMGWI NPKSGDTN FA QRF QG RVTMT RDTS ITTAYMAL SSLTSDDT AVYYCARRF CSGGSCNSHS WF DPWGQG TLVTV SS
IGHV1-2*02,AS VKVSCKAS FSGN YFQWVRQ APGQGF EWIGCID CNSGDTD YAQK FQG RVTMTR DTSSTT GYMELY GLRPDDT AIYHC ATSQ IRLGFF DNWGQG TLVFV S
IGHV1-2*02,AS VKVSCK ASGYPF TGYYMHWVRQ APGQGL EWMGWI NPNSGGTNY AQKF QG RVTMT RDTS ISTAYMELSWLR SGDT AVYYCA LPSTNYDRFGM DV WGQG TTVTVS S
IGHV1-24*01,AS VKVSCKV SG YLVAKLSLQWVR QAPGKG LEWMA G F DPDDGS RIYAQK FQG RLTLS EDSSTQ TAYMD LTNLRSEDT ATYYCA ADG VIYFGQLFEFW GQG TLISV PA
IGHV1-18*01,S VKVSCK ASGY TFTSYGISWVRQ APGQGL EWMGWISAY NGNTNY AQKL QG RVTMTT DTSTS TAYMELRSL RSDDT AVYYCARC VGDG YILWYYYY GMDVWGQG TTVTVS S
IGHV1-2*02,AS VKVSCQ ASGYT FRDYYMNWVRQ APGQGL EWMGMIN TNSGN TEYAQK FQG RVTLT RDTS ISTVYMELRS LKFDDT AIYYCA RDL SVGF SGSGDR YGLDIW GPGT TVTVS S
IGHV1-18*04,AS VKVSCK ASGY TFTSYGISWVRQ APGQGL EWMGWISAY NGNTNY AQKL QG RVTMTT DTSTS TAYMELRSL RSDDT AVYYCAR YPPRPDLGW L FPFD YY YGRDVWGHG TTVTVS S
IGHV1-18*01,AS VKVSCK ASGY TFTSYGISWVRQ APGQGL EWMGWISAY NGNTNY A QKL QG RVTMTT DTSTS TAYMELRS LRSDDT AVYYCARASI AAR QGFDPWGQG TLVTVA S
IGHV1-2*02,ASVK DSCK ASG YIFTTYHIHWVRQ APGQGL EWMGWIY PNNGATE YSQKF R GRVTMT RDTS IATAYMD LKSLTSDDT AMYYCAAVTWS KYDGFDM W GQG AMVTVS S
IGHV1-2*04,Q VQLVQ SGA EVK KPGA SVTVSCK ASQY TFTGYYLHWVR QAPGQG LEWMGWI NPNSGATN YARK FQG WVIMT RDTSI STAYMELS SLKSDDT AVYYCA RGLPVQG MDV WGQG TTVTVS S
IGHV1-18*01,QGE LVQ SGT EMKK LGA SVRVSC KAPG FIFT SNG FAWVRQ APGQG LEWMGRVSAY NGDTQ YAQKF QG RVLMTT ASSTT TAYMELK NLRSDDT AVYFYA TTS VSLYWYF DPWGR GTLVTVS S
IGHV1-69*13,S VKVSCKA SGGT FSMFSISWVR QAPGQG LEWMGGIIPIF DTTNYAQKFQG RVTITA DESTS TAYMELS SLRSDDT AVYYCA RGR DIVVDV SDSDPFDMWGQG TTVTVS S
IGHV1-2*06,AS LKVSCK ASG YTF TDNE MHWVRQ APGQGPEW MGRI NPLTGGKD YAQK FQG RVTLT RDTS ISTAYMELRS LRSDDT AVYFCARS WGPRGVDGELPLDYWGHG TLVTVS S
IGHV1-24*01,Q VQLVQ SGPEVKKPGA SVKVPCKV SGSTLSDL SMHWVR QSPGKS LEWM GGFNPEDGE SMYAQHF QG RVTITE DTSTDT ASMELTGL RSDDT AMYYCATAI SPISG LVLHRVDYF DSWGQ GTLVTVS S
IGHV1-24*01,S VKVSCKV SGY TLT EL SMHWVR QAPGKG LEWM GG F DPEDGE TIYAQKF QG RVTMT EDTSTDT AYMELS SLRSEDT AVYYCATLFVN WNDPF VRWF DPWGQG TTVIVS S
IGHV1-2*02,GA SVKVSCK ASGY TFTGYYMHWVR QAPGQG LEWMGWI NPNSGGTNY AQKF QG RVTMT RDTS ISTAYMELSR LRSDDT AVYYCA RGSQRGD Y WGQ GTLVTV SS
IGHV1-18*01,Q VQLVQ SG VVVK KPGA SVKVSCK ASGY TFTNYGISWVRQ APGQGL EWMGWISAY NGNTNY AQKVQGRVTMTT DTSTS TAYMELRSL RSDDT AVYYCAR KGLRGS HYYYFGMDV WGQG TTVTVS S
IGHV1-18*04,AS VKASCK ASGY TF N SFVITWVR QDPGQGL EWMGWISVY NGYTDY AQ K F QG RVTMTT DTSTS TAYMELRSL RSDDT AVYYCARVVV DSSGYFPH YFDY WGQG TLVTVS S
IGHV1-24*01,DA VKASCKV SG YTLTALSMHWVR QAPGKG LEWM GG F DPEDGE TIYAQKF QG RVTMT EDTSTD TAYMELSS LRSEDT AVYYCA TDFAAAGTPS MFYYYY G MDV WGQG TTVTVS S
IGHV1-18*01,AS VKVSCKASCYT FTG YVIIWVRQ APGQGL EWMAWISA CNGYTS YAQ KL QG RVTVTT DTSTS TAYMEVRSLR FDDA AVYYCA RAPYLEGY YGLDVW GQG TTVIVS S
IGHV1-69*02,V QLVQ SGA EVK RPGS SVKVSCR APGDTY NSYTISWVRQ APGQG IEWLGRIIPILGIT NYAPKFQD RVTITAD TSTG TVTLDV GSLSSND TAVYLCA KDTKTA GLFYTGLD LWGPGT TVVVS S
IGHV1-3*01,Q VQLVQ SGA EL KKPGA SVKVSC KTSG YTFTSYSMNWVR QAPGQ SLEWVGWINV GNGDTKYSQN F Q GRVTITR DTSAS TVYMELS SLRSEDT AVYHC ARGR FH ETSG FYF PLDSWGQG TLVT GSS
IGHV1-69*05,S VKVSCK ASNGPFR DYGIGWVRQ APGQGL EWLGGII PRFDKTNYAQ KF QG RVTITT DESTS AVYLVLTS LTSDDT AMYYCA RGIRNR HYYYGVDL WGQG TTVIVS S
IGHV1-24*01,A SVKVSCKV SGD KITEMSIHWVRQ TRGN RLEWM GGVDPEDGA ALY APRLKG RIAVT ADTSTA TAYMEL SGLTSEDT AVYYC STD LILY PSETSDH IGEVGASFW GQG TLVTV SS
IGHV1-18*01,AS VKVSCKV SG YTFSIFGISWVR QAPGQGL DWMGWIG SHNDNTN YAQ KF QG RVTMTT DTSTS TAYMELRS LTSDD TA LYYC AR AGA ELTTHF DNWGQG TLVTVS S
IGHV1-18*01,V KVFWK TSGY TLASY G ISRVR QAPGQGL EWMRWIRA YNGNTN YAQK LQG RVTMTT DTSTS TAYMELRR LRSDDT AVYYCA RDFWR HIVLMVY EGYY GMDV WGQG TTVTVS S
IGHV1-24*01,AS VKVSCKV SGYSLTELP IHWVR QAPGKG LEWMGGFD SEDGQ TIYAQK FQG RVTMIE DTPTDT AYMEL NSLRSEDT AVYFC AG RITLFGVITGFF DRWGQG TLVTV SS
IGHV1-3*01,Q VQLLQ SGT EVK KPGA SVLVSC KASGY IF N TYAVHWVRQ APGQGL EWMGWINE VNGNSRYSQ KF QG RLTINW DTSAT TAYMELS SLTSEDT AVYYCA RDRPTGSGTSG MDVW GQG TTVSV SS
IGHV1-18*04,AS VKVSCK ASGYS FTTYLINWVRQ APGQGL EWMGWIAAY NGKTNYAENFQD RVSMTM DTATS TAYMELRS LRSDDT AVYYCASY SSSWYGPHPT RYYYGMDV WGQG TTVTVS S
IGHV1-8*01,AS VKVSCK ASGY TFTSYD INWVRQ ATGQGL EWMGWM NPNSGN TVYAQKF QG RVTMT RNTS ISTAYMEL SSLRSEDT AVYYCA SPGYSSS WY YGE Y YG MDV WGQG TTVTVS S
IGHV1-24*01,AS VKVSCKV SGY TLTELSMHWVRQ APGEGL EWMG G F DPEDGE TIYAQKF QG RVTMT EDTSTD TAYMD LSSLRSEDT AVYYCA TAAP VVTM TNGW F DPWGQ GTLVTVS S
IGHV1-69*02,Q VQLVQ SGA EVK KPGS SVKVSCK ASGH TFTSYSISWVR QAPGQGL EWMGRFIPILAL T N YAQ KFQG RVTITA DTSTS TVYMELS SMRSEDT AVYYCA RTNE VT VPA ALYYF GYWGQG TLVTV SS
IGHV1-2*02,AS VKVSCM TSGYS FNGYFIHWLRQ APGQGL EWMAWI NPETRDTHS LQ KFQG RVTLTW DAS ISTAYMEL SGLTSDDT AVYFCAR AEG LILMVAAF DYWGQG TLVTVS S
IGHV1-8*01,K VSCK ASGY TFTS YD INWVRQ ATGQGL EWMGWM NPNSGNTGY AQKF QG RVTMT RNTS ISTAYMELS SLRSEDT AVYYCA RSKRDY Y DSSGY WALVS SQFMN YYYYGMDV WGQG TTVTVS S
IGHV1-46*03,AS VKVSCK ASGYP FITYNLHWVRQ APGQGL EWMGMI DPNIGNTNYAQKFKG RLTMTR DTSTN TLYMELSS LRSEDT ALYYC SREPPAQ CYFDY WGQG TLVTVT S
IGHV1-18*01,AS VKVSCK ASGYSFSS YGIIWVRQ APGQGL EWMGWISA YNGN IEY AQ K FQG RVTMTT DTSANTG YMDLRS LRSDDT AVYYCA RESTPG LRAIGYW GEG TLVCVS S
IGHV1-18*01,AS VKVSCK ASGY TFTSYGITWVRQ APGQGL EWMGWISA YNGHTNY AQKF QG RVTMTT DTSTS TAYMELRS LRSDDT ALYYCA REGYCNSTSCDKPFDYWGQG TLVTVS S
IGHV1-3*01,Q VQLVQ SGA EVK KPGA SVKVSCK ASG YIFSSYTLHWVR QAPGQRPE WMGWITA GNGNTKYSQHFQD RVTIT GDTSA SIAYMEL SSLKSEDT AVYYCA RGPWG Y CSGGR CY SG YF DYWGQG TLVTVS S
IGHV1-69*13,S VKVSCKA SGGT ISMFVIIWVR QAPGQ RLEWMGGIIPI FGTTNYEQ KF QG RVTITA DESTS TAYLELRS LRSEDT AIYYCA RGR DIVVE PSDSDASDVWGQG TMVTVS T
IGHV1-8*01,AS VKVSCK ASGY TFTSY D INWVRQA TGQGL EWIGWM NPNSGNTD YAQK FQG RVTMT RNTS I N TAYMELS SLRSEDT AIYYCARV RTT TYSFYFY G MD VWGQG TTVTVS S
IGHV1-18*04,AS VKVSCM ASG YIFTS Y GISWVR QAPGQGPE WMGFIN THNDYTNY A QKV QG RVTMTA DRSTR TVFMELRS LTSDDT AVYYCVRA G FYF DRSAYYPGL DVW GQG TTVTVS S
IGHV1-69*13,S VKVSCK ASGGT FSSYAISWVR QAPGQGL EWMGRIIPIF GTANYAQKFQG RVTITA DESTS TAYMELS SLRSED TAVCYCA RDGG LVVA NEDDY YYGMDV WGQG TTVTVS S
IGHV1-3*01,QV QLVQ SASEVKNPGA SVNIS C KALRYSFISYGIHWLR QAPGQ RLEWRGWI DPATGK TKFSQKF QG RVTITMY TSA ITVYLG LSSLRSED TALYYCARAI GDAS FSY YSGL DV LGQGT TVTV SS
IGHV1-3*04,Q VQLVQ SGA EVK KSGA SVKVSCK ASGY TFTS N VMHWVR QAPGQ RLEWIGWIN TGTDNTKYS QKF QG RVTITQ DTSAS TAYMEMS SLRSEDS AVYYCAR EYRY GYYFDY WGQG TLVTLS S
IGHV1-69*13,S VKVSCK ASGGT F SSYAISWVRQ APGQGL EWM GG IIPIF GTAN YAQK FQG RVTITA DDSTS TAYMELS SLRSEDT AVYYC ARG YWKRFLEWL SYSPI YYYYYY G MD VWGQG TTVTV SS
IGHV1-18*01,AS VKVSCK ASGY TFTSYGISWVRQ APGQGL EWMGWISAY NGNTNY AQKL QG RVTMTT DTSTS TAYMELRS LRSDDT AVYYCAR ERGR KWELL PMDVWGQG TTVTVS S
IGHV1-18*01,Q VQLEQ SGG EVK KPGA SVRVSCK ASGY TFTNYGLCWVRQ APGQGPE WMGWITTY NGNTDYA Q KFQG RVTLTID RSTST GYMELRN LRSDDT AMYYCVR AGNGIG GYF DPWGQG TLVTVS S
IGHV1-18*01,AS VKVSCK ASGY TFD T YGISWVRQ APGQGL EWMGWIS GYNGNT KYVQKL QG RVTMTT DTSTS TAYMELRS LRSDDT ATYYCTRAEVQYFD WTDYWGQG TLVTVS S
IGHV1-24*01,AS VKVSCKV SGY TLTELSMHWER QAPGKG LEWMG G F DPEDGE TIYAQKF QG RVTMT EDTSTD TAYMELSS LRSEDT AVYYCA TVPPLVPA AINWF DPWGQG TLVTV SS
IGHV1-46*01,AS VKVSCK ASGY TFTSFYIHWVR QAPGQGL EWMGII NPSGGRTD YAQK FQG RVTMTR DTSTS TVYMEL SSLRSEDT AVYYCA RERPD IVVVAVA HLPNY YYYGMDV WGQG TTVTVS S
IGHV1-2*04,AS VKVSCK ASGY TFIGYYMHWVR QAPGQGL EWMGWI NPNSGDTNY A QKF Q GWVTMT RDTSLN TAYMELSR LRSDDT AVYYCA RGTDCTNG VCYYIH WGQG TLVTVS S
IGHV1-46*01,AS VKVSCK ATGY TFT SYYLNWVR QAPGQGL EWVGLI DPRSDFT R YADNFQG RVTVTR DTSTT TVYLHL SNLRSDDT AIYYCA RDGARS SI GGYGYWGQGT QVTVS S
IGHV1-24*01,AS VKASCKVS G Y SLS EQSLDWVRQ NNGKGL EWMGGFD HEDGK TIYAQKF QG RVTIT EDTSTD IGYMELRSL RSDDT AVYFCTTSIVR FGEFFPHF F DYWGQG TLVIVS S
IGHV1-2*02,AS VKVSCK ASGY S F S G YYMHWVRQ APGQGL EWMGWI NPHSGDTGY AQKF QG RVTM TRDMS ITTIYTELTRL RSDDT AFYYCARW DGYSSSPDYWGQGS LVTV SS
IGHV1-2*02,AS VKVSCK ASGYS FSAYYMEWVRQ APVQGL EWLGWI DPNSGGTN FAQK FQG RVTLT RDTS ISTAYME LS R LRSDDT AVYYCA RDRSAAGGTAFDSWGQGTLGTGS
IGHV1-3*04,QV QLEQ SGA EVK KPGA SVKVSC KTSGYS FTSFAIHWAR QAPGQ RLEWLGVIN SGSDDTRYPQK FRGRVTIS GDT F A S T SYMEL SSLTSEE TAVYYCA RGDGPDH WLVDY WGQG TLVTV SS
IGHV1-2*02,AS VKVSCK ASGYS FSAYYMEWVRQ APGQGL EWLGWI DPNSGDTN FAQK FQG RVTLT RDTS ISTAYME LS R LRSDDT AVYYCA RDRSAAGGTA F DSWGQG TLV T
IGHV1-8*01,ASE KVSCK ASGY TFTSY D INW VR Q ATGQGL EWMGWM NPNSGNTGY AQKF QG RVTMT EDTSTD TAYMELSS LRSEDT AVYYCA TDDPP VAVFGVVIYALHIW GQG TMVTVS S
IGHV1-3*01,Q VQLVQ SASEVKNPGA SVNISC K ALRYSFISYGIHWLR QAPGQ RLEWMGWI DPATGK TKFSQ K F QG RVTITMYT SAS TVYIGLS SLRSEDTD LYYCARAI GDAS FSYYYGLDV WGQG TTVTVS S
IGHV1-2*04,Q VQLVQ SGA EVK KPGA SVTVSCK ASQY TFTGYYLYWVRQ APGQG LEWMGWI NPNSGATN YARK FQG WVTMT RDTS ISTAYMELS SLKSDDT AVYYCA RGLPVQG MDV WGQG TTVTVS S
IGHV1-18*01,V QLVQ SGG EV KKPGA SVKVSCK AAGY TFS NY GVSWVRQ APGQGL EWVGWIS GGNVDTN YALEF QD RVTMTT DKSTN TAYMELSS LRSDD TVIYYCTR DRRGGPTYSDYWGQG TLVTVS S
IGHV1-2*04,AS VKVSCK ASGY TFTGYYMHWVRQ APGQGL EWMGWI NPNSGGTNYA QKF Q GWVTMT RDTS ISTAYMELSR LRSDDT AVYYCAR QSRKGYSSG WTFDY WGQG TLVTVS A
IGHV1-69*08,S VKVSCK TSGGT FLSHTFSWVR QAPGHGL EWIGKITPVIE TAKYAQ T FQG RVSIYT DRDTT TVYMD LSGLRPDDTAN YYCTRVNL RGSNYNW F DPWGQG TRVIVS S
IGHV1-8*02,APSKD SCK ASGY TFT NYD INW VR Q ATGQGL EWMGWM NPNSDNTG YAWKF QG RVTLT RNTS ISTAYMELTS LTSEDT AVYYC AKGPWQPY YYGMDV WGQG TTVTVS S
IGHV1-2*02,AS VKVSCK ASGYNFTD YYMHWVR QTPGQG LQWMGWI NPNSGGTNY AQKF QG RVTMT RDTS ITTAYMEVIRLR SDDT AVYYCATW GGTHGSGA LRSVRMSFDY WGQG TLVTVS S
IGHV1-18*04,AS VKVSCK ASGY TFTNYGISWVRQ APGQGL EWMGWIN GYNGHTNYAQ KVQARVTMTID TSTR TAYMELRSL RSDDT AIFFCVRCTV GSKEGCD YW GQ GTLVTVS S
IGHV1-18*04,AS VKVSCK ASGY TFTGYGITWVKQ APGQGL EWMGWISAY NGYTNSAQ KLQGRVTMTT DTSTS TAYMELRSL RSDDT AVYYCA RSPYLDGY YGMDV WGQG TTVTVS S
IGHV1-24*01,AS VKVSCKV SGY TLTELSMHWVR QAPGKG LEWM GG F DPEDGE TIYAQKF QG RVTMT EDTSTD TAYMELSS LRSEDT AVYYCA TASP FVTM TNGW F DPWGQG TLVTVS S
IGHV1-2*02,AS VKVSCK ASGY TF TDYYMHW V R QAPGQGL EWMGWI NPNSRGTNY AQ KF QG RVTMT RDTS ISTAYMEL SRLTSDDT AVYYCA RGERD YF DSSGH YYRGRMDV WGQG TTVIVS S
IGHV1-2*02,AS VKVSCK ASGY TFTGYYMHWVR QAPGQGL EWMGWI NPNSGGTNY A QKF QG RVTMT RDTPIS TAYMELSR LRSDDT AVYYCARVYQLY DSSGY QLEHYYYYY G MD VWGQG TTVTVS S
IGHV1-18*04,AS VKVSCM ASGY TFTNYGISWVRQ APGKGL EWMGWISAY NGNTNY AQKL QG RVTMTT DTSTS TAYMELRS LRSDDT AVYYCA RDFSQHYDFWSG YYT HN WF DPWGQG TLVTVS S
IGHV1-24*01,H VQLVQ SGA EV KKPEA SVKVSCKV SGD ILTDLSIHWVR KAPGKG LECLGGF DPEDGG RVYAQNLQVRD TMTEDTSTH TAYLGLSCLR SDDT AMYYCAT FGGN FYY CGQG TLVTV SS
IGHV1-24*01,AS VKVSCKV SGY TLT EL SMHWVR QAPGKG LEWM GG F DPEDGE TICAQKF QG RVTMT EDTSTD TAYMELSS LRSEDT AVYYCATAITV AGT FVSYYYYY GMDVWGQG TTVTVS S
IGHV1-8*01,AS VKVSCK ASGY TFTSYDIHWVR Q ATGQG LAWMGLM NPNSGNTGY AQKF QG RVTMT RNTPIS TAYMELS SLRSEDT AVYYCARA VGSSGY FDAFDI WGQG TMVTVS S
IGHV1-2*02,AS VKVSCK ASGY SFSAYYMGWVR QAPGQGL EWLGWI DPNSGDTNF AQ K FQG RVTLT RDTS ISTAYMELSR LRSDDT AVYYCA RDRSAAGGT AF DSWGQG TLVTVS A
IGHV1-18*01,AS VKVSCK ASGY TFTSYGISWVRQ APGQGL EWMGWISAY NGNTNY AQKL QG RVTMTT DTSTS TAYMELRS LRSDDT AVYYCARLAVC GGDCYPFDYWGQG TLVTVS S
IGHV1-18*01,AS VKVSCK ASGY TFTNFAISWVR QAPGQGL EWMGWIST YTGIP KYAEK LQG RVTMTT DTSTS TVYMELRS LKSDDT AVYYCA REPS IV EA AGAPLDNYWGQG TLVTVS S
IGHV1-46*01,AS VKVSCK ASGY TFTSYYMHWVR QAPGQGL EWMGII NPSGGSTSHAQ KF QG RVTMTR DTSTS TVYMELSS LRSEDT AVYYCA REGV AVAGLNYY G MDV WGQG TTVTVS S
IGHV1-24*01,AS VKVSCKV SGY TLTELSMHWVR QAPGKG LEWM GG F DPEDGE TIYAQKF QG RVTMT EDTSTD TAYMELSS LRSEDT AVYYCA TSPA VVRYNWF DPWGQ GTLVTVS S
IGHV1-24*01,S VKVSCKV SGY TLTELSMHWVR QAPGKG LEWM GG F DPEDGE TIYAQKF QG RVTMT EDTSTDT AYMELSS LRSEDT AVYYCA TAPWNY LHSFDI WGQG TMVTVS S
IGHV1-2*02,AS VKVSCR ASG YIF TDY HIHWVRQ APGQGL EWMGWI NPFSGDTDLAPKFQG RVTLT RDTS I STD YMQLSR LRYDDT AVYYC ARDIYERAFDY WGQG TLVTVS S
IGHV1-18*01,Q VQLVQ SGA EVK KPGA SVTVSCK ASGY TFSTYGISWIR QAPGQGL EWMGWISAY SGNTNYPQE MEGRVTMTT DTSTNT AYMEVLSL TSADT AVYYCVR DSDRRVP QVW LPDYWGQG TLVTVS S
IGHV1-18*01,AS VKVSCK ASGY TF N HFGIAWVRQ APGQGL EWMGWISA YNGNKNY AQKF QG RVTMTT DTSTS TAHMD LGSLTSDDT AVYYCAR VG RVVET SNFDYWGQG TLVTV SS
IGHV1-69*06,TANY AQ K FQG RVTITA DKSTS TAYMELS SLRSEDT AVYYC ARGE LVV PAAPNN YYYYYGMDV WGQG TTVTVS S
IGHV1-69*13,S VKVSCK ASGGT FGSYAFSWVRQ APGY RLEWM GGIIPLSG ARDYAQR FQG RLTFTA DGSTN TAYMQL NGLTSEDT AVYYCA RGGDSSRASSRSDYFDPWGQG TLVSVS S
IGHV1-18*04,AS VKVSCK ASGY TFTTYGINWVRQ APGQGL EWVGWIS ANNGNT HYVQKF QG RVTLTT DTSTSTA NMELRSLR FDDT AVYYCA RAPH VETL FGMVMAI NGA FDIW GQG TMVTV SS
IGHV1-2*04,AS VKVSCK ASGY TFTGYYMHWVRQ APGQGL EWMGWI NPNSGGTNYA QKF Q GWVTMT RDTS ISTAYMELSR LRSDDT AVYYCARIRSTTVEV DG MDVW GQG TTVTVS S
IGHV1-18*01,AS VKASCK ASGY TFTSYGIIWVRQ APGQGL EWMGWISAY NGNTNY AQKL QG RVTMTT DTSTS TAYMELRS LRSDDT AVYYCA RD RIVVV PAAPDR YYYYGMD VWGQG TTVTVS S
IGHV1-2*02,A SVMVSCK ASGY T FVDYYIHWVRQ APGQGL EWMG WTNPHSGATN Y VQK FQGG VTM TRDTS ITTAYMELNRL VSDDT AVYYCARR VGGYNY F DYWGPGT LVTV SS
IGHV1-2*02,GA SVKVSCR ASGY TFTGYYIHWVR QAPGQG LEWMGWI NPNSGGTNY AQKF QG RVTMT RDTSI NTAYMELS SLTSDDT AVYYCARLT LPYCNGV S CSSKQQQRSG LVIK DYWGQG TLVTVS S
IGHV1-69*13,S VKVSCK ASGGT FSSYAISWVR QAPGQGL EWMGRIIPIF GTANYA Q KFQG RVTITA DESTS TAYMELS SLRSEDT AVYYCAR DYYGSGSL GTIYGMDV WGQG TTVTVS S
IGHV1-2*02,AS VKVSCK ASGY TFTGYYMHWVRQ APGQGL EWMGWI NPNSGGTNY AQKF QG RVTMT RDTS ISTAYMELSR LRSDDT AVYYCA RDRITGTTSGYG MDV WGQG TTVTVS S
IGHV1-18*01,AS VKVSCK ASGY TFTSYGISWVRQ APGQGL EWMGWISAY NGNTNY AQKL QG RVTMTT DTSTS TAYMELRS LRSDDT AVYYCA RDRGV RWF GEDWFDPWGQG TLVTV SS
IGHV1-2*04,S VKVSCK ASGY TFIGYYMHWVR QAPGQGL EWMGWI NPNSGGTNYA Q KF Q GWVTM TRDTS ITTAYMELSR LRSDDT AVYYCA RGARTYGDYDDDYFDYWGQG TLVTV SS
IGHV1-24*01,AS VKVSCKV SGY TLTELSMHWVR QAPGKG LEWM GG F DPEDGE TIYAQKF QG RVTMT EDTSTD TAYMELSS LRSEDT AVYYCA TGPVLGD YVGWF DPWGQG TLVTVS S
IGHV1-2*02,AS VKVSCK ASGY TFTGYYMHWVRQ APGQGL EWMGWI NPNSGGTT YAQKF QG RVTMT RDTS ISTAYMELSR LRSDDT AVYYCARV GRGSSG WSLYYYGMD VWGQG TTVTVS S
IGHV1-2*02,AS VKVSCK ASGY KFIAYYMHWVR QAPGQGL QWMGWL NPVTGG TFYAQN IQG RVTMTM DTS ITTAYMEVKRL RSDDT AVYYCVRD YGDAPTDHWGQ GTLVTVS S
IGHV1-2*04,Q VQLVQ SGA EVK KPGA SVTVSCK ASQY TFTGYYLHWVR QAPGQG LEWMGWI NPNSGSTNY ARKF Q GWVTMT RDTS ISTAYMELS SLKSDDT AVYYCA RGLPVQG MDV WGQG TTVTVS S
IGHV1-46*01,Q VQLVQ SGA EVK KPGA SVKVSCK ASGY TFTNYYMHWVRQ APGQG LEWMGIVI PSGNNTSY AQKF QG RVTMT GDTSTS TVHMELS SLRSEDT AVYYCAR SHDYGDPYFDYWGQG TLVTV SS
IGHV1-24*01,AS VKVSCKV SGY TLTALSMHWVR QAPGKG LEWM GG F DPEDGE TIYAQKF QG RVTMT EDTSTD TAYMELSS LRSEDT AVYYCATAFSV RGV TTLNYYYYY G MDV WGQG TTVTVS S
IGHV1-3*01,QV QLVQ SASEVKNPGA SVNISC KAL R YS F I S Y GIHLLR QAPGQ RLEWMGWI DPATGK TKFSQKF QG RVTITMYT SAS TVYLGLS SLRSEDT A LYYC ARA IGDAS FSYYYGLDVW GQG TTVTVS S
IGHV1-18*01,AS VKVSCK ASGY TFTSYGISWVRQ APGQGL EWMGWISN YNGNTNY AQKL QG RVTMT GDTPTS TVYMELRS LRSDDT AVYYCA GDHY DLFLAYYW GQG TLVTVS S
IGHV1-18*01,AS VKVSCK ASGYTFPS YGISWVRQ APGQGL EWMGWISAY NGNTNY A QKL QG RVTMTT DTSTS TAYMELRS LRSDDT AVYYCARASI AAR KGFDPWGQG TLVTV SP
IGHV1-3*04,Q VQLVQ SGA EVK KPGA SVKVSCK ASGYT FPIYVMHWVR QAPGQ SLEWMGWIK TGSGDT KFSRKF QG RVTITR DTSATT SSMELS SLTSEDT AVYYCA REGGD VAV PA SMRFDY WGKG TLVTVS S
IGHV1-18*01,Q VQLVQ SG IAVK RPGT SVKVSCK ASGY TF QNDG ITWIRQ AAGQGL EWMGWISAY NGDTKY AQKF QG RVVMTT DTSTAT GYMEMRSL RSDDT AVYYCAR A RFLTSVTTIDY WGQG ALVTVS S
IGHV1-24*01,AS VKVSCKV SGY TLT E LSMHWVR QAPGKG LEWM GG F DPEDGE TIYAQKF QG RVTMT EDTSTD TAYMELSS LRSEDT AVYYCA TG LAV AGIPV NYYYYYGM DARGKG TTFTA SS
IGHV1-18*01,Q VQLVQ SGA EVK KPGA SVRVSC KGSG YTFTNFGISWVR QAPGQGL EWMGWISVY NGNANYA Q NFQG RVIMTR DTSTS TAFMELRS LSSDDT AVYYGA REAPPRYGDS FDY WGQG TLVTVS S
IGHV1-8*01,A SVEVSWK ASGY TFTSYD INW VR Q ATGQGL EWMGWM NPNSGNTGY AQKF QG RVTMT RNTS ISTAYMEL SSLRSEDT AVYYC ASSSW FELVGMDV WGQG TTVTVS S
IGHV1-2*04,AS VKVSCK ASGY TFTGYYMHWVRQ APGQGL EWMGWI NPNSGGTNYA QKF Q GWVTMT RDTS ISTAYMELSR LRSDDT AVYYCA RDR WRI DSSGYPAN Y Y GMDV WGQG TTVTVS S
IGHV1-18*01,AS VKVSCK ASGY SFTSYGISWVRQ APGQGL EWMGWIS GYNGNTK YTQKF QG RVTMTT DTSTS TAYMELRS LRSDDT AFYYCA RDPANDYDGGG YSVDY WGQG TLVTVS S
IGHV1-46*03,AS VKVSCK ASGY TFTSYYIHWVRQ TPGQGL EWMGII NPSGGGTSY AQKF QG RVTMTR DTSTS TVYMELSS LRSEDT AVYYCARVVRSTV ASPRG YYYYGMDV WGQG TTVTVS S
IGHV1-2*02,AS VKVACK ASGY TFTGYYMHWVRQ APGQGL EWMGWI NPNSGGTNY AQKF QG RVTMT RDTS ISTAYMELSR LRSDDT AVYYCA SRSTN YYYYYGMDV WGQG TTVTVS S
IGHV1-2*02,AS MKVSCK ASGY TFTGYYMHWVR QAPGQGL EWMGWI NPNSGGTNY A QKF QG RVTMT RDTS ISTAYMELSR LRSDDT AVYYCAREVIAVA GDDF DIW GQG TMVTV SS
IGHV1-2*02,AS VKVSCK ASGY T FSD YHIHWVRQ APGQGL EWMGWI NPYTGFTNSAQN F QG RVT LPSDSA ISSAYLELSS LRSDDT AVYYCARE AKGR RIFEVVA DDA FDVW GQG TMVTV AS
IGHV1-69*04,AS VKVSCK ASGGALN SFSITWVR QAPGQGL ECLGRIVPVLRVLHYAQK FQG RVTITA DKSTN TAYMEL TGLT YEDTAVYYCARAAIVTN FGL F G Y WGQG TLVTV SS
IGHV1-24*01,AS VKVSCKV SGYSL SE LSMHWVR QAPGKG LEWM GGFDPEDGGE TIYAQKF QG RVTMT EDTSTDT AYMELSS LRSEDT AVYYCATVFP IRRRAFRP YWYFELW GRG TLVTVS S
IGHV1-24*01,AS VKVSCKV SGY T LTELSMHWVR QAPGKG LEWM GG F DPEDGE TIYAQK FQG RVTMT EDTSTD TAYMEL S SLRSEDP AVYYCATAVAVAGFYYYY GMDVWGQGT TVTVS S
IGHV1-18*04,AS VKVSCK ASGY TFTTYDITWVRQ APGQGL EWMGWIST HNGDTNY AQKF QG RVTMAT DTSTN TAYMELRRL RSDDT AVYYCA KGSD LSLFLVV PGAMLNDA FDIW GHG TLVTVS S
IGHV1-2*06,AS VKVSCK ASGYS FSAYYMEWVRQ APGQGL EWLGRI DPNSGGTN FAQK FQG RVTLT RDTS ISTAYMELSR LRSDDT AVYYCA RDRSAAGGT AF DSWGQG TLVTVS A
IGHV1-69*08,S VKVSCK TSGGT FRSHIFSWVR QAPGQGL EWMGRIIPVI DS AKYAQ KFQD RITITAD TSTG TAYLHLTS LTSEDT AIYYCTRVN LRGSRYN WF DPWGQG TLVTV SS
IGHV1-18*01,Q VQLVQ SGPEMKKPGA SVKVSCKV SG YIFVTYLISWVR QAPGQGL EWMGWISTY QGNT RFAQKF QG RVTLTT DSSTS TVYMELR NLRPNDT AVYYCA RGSNVN WNY HHWGQG TLVTVS S
IGHV1-24*01,AS VKVSCKV SGY T LS D L SMHLVRQ APGKG LEWMGSF DPEDGE AVYAQKF LG RVTMT ADTST YTSYMELSS LRSDDT AVYYCT TSL SLTVVVYAF DMWGQG TTVIVS S
IGHV1-24*01,AS VKVSCKV SGYT LSELSMH W V R QAPGKG LEWMG G F DPEGG KTIYAQKL RG RVAMT EDRSTD TAYMELRS LTSEDT ALYYCA IDRL MGED YYYAMDV WGQG TTVTVS S
IGHV1-24*01,AS VKVSCKV SGY TLTELSMHWVR QAPGKG LEWM GG F DPEDGE TIYAQKF QG RVTMT EDTSTD TAYMELSS LRSEDT AVYYCA TADP LVFWV PAARR HYYGMDV WGQG TTVTVS S
IGHV1-24*01,AS VKVSCQ HSGHTLPE LSMHCVRQ APGKG LAWMG G F DPDDGE TI HPQ M LHGRLPMTEDTPTDT AYMEL NSLRSEDT AVYYC APGP VQYYD FWSG YYN L F DPWGQG TQVTVS S
IGHV1-18*01,AS VKVSCK ASGY TFTSYGISWVRQ APGQGL EWMGWISAY NGNTNY AQKL QG RVTMTT DTSTS TAYMELRS LRSDDT AVYYCA RDFWRN IVLMVYE GYYG MD VCGQ ATTVTVS S
IGHV1-2*04,AS VKVSCK ASGY TFTGYYMHWVRQ APGQGL EWMGWI NPNSGGTNYA QKF Q GWVTMT RDTS ISTAYM EPSRLRSDDT AVYYC ARGNRK KYY DSSG YYY DGR KYYYYGMD VWGQG TTVTVS S
IGHV1-18*01,AS MKVSCK ASGY TFTSYGISWVRQ APGQGL EWMGWISAY NGNTNY AQKL QG RVTMTT DTSTS TAYMELRS LRSDDT AVYYCA RSPTVTTD YYYYGMDV WGQG TTVTVS S
IGHV1-69*13,S VKVSCK ASGGT F SSFALSWV R QAPGQGL EWMGGIIPIF ETPNY AQ KFQG RVTITA DESTS TAYMELSR LRSDDT AVYYCARRY STNWAHDCWGQG TLVTVS S
IGHV1-8*01,AS VKVSCK ASG YIFTS YDM NWV R Q ATGQGL EWVGWM NPNTGRTG FAQKF QG RVTMT RNTSIG TAYMELSSLR FDDT AVYFCT RGDVGPPGM GLYW GQG TLVTVS S
IGHV1-18*04,AAS KVFCK ASGY TFTSYGISWVRQ APGQGL EWMGWISAY NGNTNY AQKL QG RVTMTT DTSTS TAYMELRS LRSDDT AVYYCA SGQGRG YS YGSDYWGQG TLVTVS S
IGHV1-2*06,ASVKDSCTASG YTF TNNE MHWVRQ APGQGPEW MGRI NPLTGGKD YAQK FQG RVTMT RDTS ISTAYMELRS LRSDDT AVYYCARS WGPRGVDGELPLDYWGHG TLVTVS S
IGHV1-2*02,AS VKVSCK TSGY TFTGYYLHWVR QAPGREPE WMGWIT PDNGGTNYAQN FQARVTMT RDTS ISTAYMEL NRLTSDDT ALYYCA RTGR IVGAA HDKDDAFDMWGQG TMVTVS S
IGHV1-3*01,AS VKVSCK ASGYN FISYAMYWVRQ APGQGL EWMGWVN AGNGNTK Y S QKF QG RLTLT RDSYAD IVYMELTR LTPEDT AVYYCA RPRLEPTYGD YVCLDF WGQG TLVTVS S
IGHV1-24*01,A KVSCKV SGY TLTELSMHWVR QAPGKG LEWMG G F DPEDGE TIYAQKF QG RVTMT EDTSTD TAYIELSS LRSEDT AVYYCA T GVAV AGTPT HYYYYYGMDV WGQG TTVTVS S
IGHV1-18*01,AS VKVSCK ASGY TFTSYGISWVRQ APGQGL EWMGWISAY NGNTNY AQKL QG RVTMTT DTSTS TAYMELRS LRSDDT AVYYCA RDKWFG EFYYYY G MDV WGQG TTVTVS S
IGHV1-2*02,AS VKVSCK ASGY TFTGYFIHWVR QAPGQ RLEWMGWI NPNTGGTN YVQKF QG RVTMT RDTS ITTAYMELSR LGSDDT AIYYCA RTR TTIS TTGIP V DYWGQG TTVIVS S
IGHV1-46*01,AS VKVSCK ASGY TFTSYYMHWVRQ APGQGL EWMGII NPSGGSTS YA QKF QG RVTMTR DTSTS TVYMELSS LRSEDT AVYYCA RDL RA VAGT RVVSVYFD YWGQG TLVTVS S
IGHV1-18*04,AS VKVSCK ASGY TFTRYGISWVRQ APGQGL EWMGWISAY NGNTNY AQKL QG RVTMTT DTSTS TAYMELRS LRSDDT AVYYCA RDR VIVVVAA SFGPPT YYYYGMDV WGQG TTVTVS S
IGHV1-24*01,AS VKVSCKV SGY TLT E LSMHWVR QAPGKG LEWM GG F DPEDGE TIYAQK FQG RVTMT EDTSTD TAYMELSS LISEDT AVYYCA TA AAY CSSTSCYG WWF DPWSQG TMVTVS S
IGHV1-46*02,AS VKVSCKASIYT FNT YYIHWVRQ APGQGL EWMGLIR PSDGTTN YTQKF QG RVILTR DTSTS TVYMELKS LRSDDT AVYYCA RDLHESQL D WGQG TLVTVS S
IGHV1-24*01,AS VKVSCKV SGY TLTELSMHWVR QAPGKG LEWM GG F DPEDGE TIYAQKF QG RVTMT EDTSTD TAYMELSS LRSEDT AVYYC ATGA LIAVA GRKNW F DPGGQ GTLVTVS S
IGHV1-18*01,AS VKVSCK ASGY TFT N YGIIWVRQ APGQGL EWMGWI SPYSGDTNY A QKL QG RVTMTT DTSTS TAYMELRS LRSDDT AVYYCA KDKVGG VFDC WGQG TLVTVS S
IGHV1-46*01,AS VKVSCK ASGY TFTSYYMHWVR QAPGQGL EWMGII NPSGCSTS YAQ KFQG RVTMTR DTSTS TVYMELSS LRSEDT AVYYCA RDW AI SSSWYG V SN VGWF DPWGQG TLVTVS S
IGHV1-46*01,AS VKVSCK ASGY TFTSYYMHWVRQ APGQGL EWMGII NPSGDSTS YA QKF QG RVTMTR DTSTS TVYMELSS LRSEDT AVYYCA RDW VGY CSGGS CYRLDY WGQG TLVTVS S
IGHV1-18*04,A SVKVSCK ASGY RFSIYGITWVRK APGQGL EWMGWISAY SGNTDYAQNLQG RLTMTA DTSTS TAYMELRS LRSDDT AVYYCA RDQGR TYGMDVW GQG TTVIVS S
IGHV1-2*02,AG WKVSCK ASGY TF TDN YIHWIR QAPGQGPE WMGWI NPNSGETNF AQK FQG RVTMT RDRS ITTTYMD LRRLTSDDT AVYYCA RDSQPH FRGVLGWF DPWGQG TLVTVS S
IGHV1-18*04,AS VKVSCK ASGY TFTSYGISWVRQ APGQGL EWMGWISAY NGNTNY AQKF QG RVTMT RDTS ISTAYMELSR LRSDDT AVYYC ASGA QILRYFDWL LSPFDYWGQG TLVTVS S
IGHV1-69*04,S VKVSCK ASRGT F S SY AISWVR QAPGQGLE R MG TIIPI F G MAKYAQK FQG RVTITA DKSTN TAYME LSS LGFED TAVYYC ARDGDVAAPRTAYGM DV WGQGT TVIV SS
IGHV1-2*02,AS VKVSCK ASGY TFTGYYLHWVR QAPGQGL EWMGWV NPNSGVT EY A QM FQG RVTMT RDTS ISTAYMELSS LRSDDT AVYYCA RGGRTPGLSHDYWGQG TLVSVS S
IGHV1-18*01,AS VKVSCK ASGY TFTNYDISWVR QDPGQGL EWMGWISVY NGN IKYAQKF QG RVTMTT DTSTS TAYLELRS LRSDDT AVYYCA RGHGDY F D Y WGQG TLVTV SS
IGHV1-24*01,AS VKVSCKV SGY SLSILPMYWVRQ APGKGL EWLGTF DPQYGET KYAQKF EG RVTMT EDTSTD TAYMELTR LTSEDT AVYYCALE GGSSG VIHYAMD VWGQG TTVTVS S
IGHV1-18*01,AAG KVYCK ASGY TFTSYGISWVRQ APGQGL EWMGWISAY NGNTNY AQKL QG RVTMTT DTSTS TAYMELRSL RSDDT AVYYCAR VPRYNWNDVPW YGMDV WGQG TTVTVS S
IGHV1-69*04,S VKVSCK ASGGT FSSYTISWVR QAPGQGL EWMGRIIPILGI A N YAQ KFQG RVTITA DKSTS TAYMELS SLRSEDT AVYYCA RDDG VAVA GGWGQG TLVTV SS
IGHV1-18*01,AS VKVSCK ASGY TFLSYGISWVRQ APGQGL EWMGWVSVYS GKTNYGQ KVQGRVTMTT DTSTT TAYMELRS LRSDDT AIYYCA RDPYNYGM DVW GQG TTVTVS S
IGHV1-2*04,AA VKVSCR ASGY TFT DY YMHWVR QAPGPGL EWLGWI NPKTGGTNYA QKF Q GWVTLT RDTSMS TAYMEVSRL RSDDT AVYYCARE TGDRGE RYFDY WGQG TLVTV SS
IGHV1-2*02,AS LKVSCR TSGY TFTAYYMHWVR QSPGQGL EWMGW IPPTSGATPYA EKF QG RVTMT RDTS ITTAYMEVRSL RSDDT AVYFCASVTY SDYTDFD YW GQG TLVTV S
IGHV1-3*01,AS VKVSCK ASGNT F IGDVVNWVR QAPGQ RLEWMGWIKVY NGD IKYSQKF QG RVIITR DTSAK TVYMEMRS LRSEDT AVYYCARESV VGDTDGL DVW GQG TTVTVS S
IGHV1-69*13,S VKVSCKA SGGTFG SYGISWVR QAPGQG LEWMGRIIPMF ETSNYAQKFR GRITITA DESTT TAYMELSS LRSDDT AMYFCARVD TAMAPMDSFDHWGQG TLVTV SS
IGHV1-3*01,QV QLVQ SASEVKNPGPS VNISC KALRYSFISYGI H WLR QAPGQ RLEWMGWI DPATGK TKFSQKF QG RVTITMYT SAS TVYLGLS SLRSED TA LYY CARAI GDAS FSYYYGLDVW GQG TTVTVS S
IGHV1-2*04,AS VKVSCK ASGY TFTGYYMHWVRQ APGQGL EWMGWI NPNSGGTNYA QKF Q GWVTMT RDTS ISTAYMELSR LRSDDT AVYYCAREFL FPGYG MDV WGQG TTVTVS S
IGHV1-2*02,AS VKVSCK ASGY TFTGYYMHWVRQ APGQGL EWMGWI NPNSGGTNYPQK F QG RVTMT RDTS ISTAYMELSR LRSDDT AVYYCA RNH YY DSRGH YYGMDV WGQG TTVTVS S
IGHV1-69*13,S VKVSCK ASGGT FS SYAI SWVR QAPGQGL EWM GG IIPIF GTANY AQ KFQG RVTITA DESTS TAYMELS SLRSEDT AVYYCA RDL W SHCSSTSCRT RYYYYGMDV WGQG TTVTVS S
IGHV1-24*01,AS VKVSCKVS GDRF SELSIHWVR QPRGN RLEWMG G F DPEDGA AFY APRLKG RVTVTA DTSAA TAYMEL SSLTSEDT AVYYC STD LILYVSQ TSDHGE VGASFW GQGT PVTVS S
IGHV1-2*04,Q VQLVQ SGA EVK KPGA SVKVSCKAYAYTF T GYYLNWVR QAPGQGL EWMGWI NPNSGATD YAR KFQG WVTMT RDTS ISTAYMELSRV KSDDT AVYYCARA LPVKG LDVW GQG TTVIVS S
IGHV1-2*02,AS VKVSCK ASEYT FTDYYIHWMRQ APGQGL EWMGWIN CKSGAT SYAQK FRG RVTM TKDRP IRTAYMEL SGLKSDDT AVYYCA R QSLD YY ETLDA FDI WGQG TVVTV SS
IGHV1-18*01,Q VQLVQ SG VEVK KPGD SVKVSCK ASGY TFTNYGISWVRQ APGQGL EWMGWISAY NGNTNY AQKVQGRVTKT TDTSTS TAYMELG S L RSDDT AVYYCAR KGLRGS HYYYFGMDV WGQG TTVTVS S
IGHV1-18*01,AS VKVSCK ASGY TFTTYGINWVR PAPGQGL EWMGWISAY NGNTK YTQRLQGRITMTT DPSTS TAYMDLRS LRSDDT AVYYCA RPFLENS YYYGMDV WGQG TTVTVS S
IGHV1-69*13,S VKVSCKA SGGT FSSYAITWVR QAPGQGL EWMGGIIPIFA TANYA Q KFQG RVTITA DESTS TAYMELS SLRSEDT ALYYCA RTPVDTAMA TEYYFD YWGQG TLVTV SS
IGHV1-18*04,AS VKVSCK ASGY TFSSYGISWVRQ APGQGL EWMGWIS GYNGNTNY AQKF QG RVTMT TDTYT RTAYMELRS LRSDDT AVYYCAR EEGTS GTISYFD MWGQG TTVTVS S
IGHV1-24*01,AS VKVSCKV SGY TLTELSMHWVR QAPGKG LEWM GG F DPEDGE TIYAQKF QG RVTRT EDTSTD TAYMELSS LRSEDT AVYYCATVAV GG TRIVVVP AAMG YYYGMDV WGQG TTVTVS S
IGHV1-2*06,S VKLSFN ASGY RF TDN EIHWVRQ APGQGPE WM AR LNPLYGD AIY GKNFQG RVTVT RDTSV STAYMELTSL RSDDT AVYYCARAW GPRGVDGELPLDYWGHG TLVTV SS
IGHV1-8*01,AS VKVSCK ASGY SF TSSDI N WVR QAPGQGL EWMGWM NPNSGV TGYAQKF QG RVTMT SNTS ITTAYMEL SSLRSEDT AVYYCA RGLADSSSWYGDWFDPWGQG TLVTVS S
IGHV1-2*02,AS VKVSCK ASGY TFTGYYMHWVRQ APGQGL EWMGWI NPNSGGTNY AQKF QG RVTMT RDTS ISTAYMELSR L R FDDT AVYYCA RGGSRG WV GGGAPRGF DY WGQG TLVTVS S
IGHV1-2*02,AS VKVSC KTSGY TFTNYFLHWVRQ APGQGL EWVGLI NPHSGDTNYAPSFQG RVTMT RDTSIG TAYMELS SLRSDDT AVYYCA T YAVVVTTL DYWGQG TLVTV SS
IGHV1-69*08,Q VQLVQ SGA EVK KPGT SVKVSCK ASGGT FSSYTISWVR QAPGQGL EWMGRIIPILGI AN YAQ KFQG RVTITA DKSTS TAYIELS SLRSEDT AVYYCA REGE AVT GTGN FDY WGQG TLVTV SS
IGHV1-18*01,AS VKVSCK ASGY TLTSYGVTWVRQ APGRGL EWMGWVTGLTLN TNSADK F H GRVTMTT DTSTN TAYMELQS LTSDDT AIYFCA RGGGHW GAAVSTVVT SPLDFWGQG TLVSVS S
IGHV1-2*02,AS VKVSCK ASGY TFTGYYMHWVR QAPGQGL EWMGWI NPNSGGTNY A QKF QG RVTMT RDTS ISTAYMELSR LRSDDT AVYYCATYY DIL TGYNDFDYWGHG TLVTVS S
IGHV1-3*01,AS VKVACK ASGY TFTSYAMHWVR QAPGQ RLEWMGWIN AGNGNTK Y S QKF QG RVTITR DTSAS TAYMELSS LRSEDT AVYYCA SDRS TYYY GSGSYG TLDY WGQG TLVTVS S
IGHV1-46*01,AS VKVSCK ASGY TFTSYYMHWVRQ APGQGL EWMGII NPSGGSTNY AQKF QG RVTMTR DTSTS TVYMELSS LRSEDT AVYYCAR EDYYDSSGY VESV GD VYYYGMDV WGQG TTVTVS S
IGHV1-18*01,AS VKVSCM ASGY TFTTYGMSWVRQ APGQGL EWMGWISAY HGNTNYA QKF QG RVTMTT DTSTS TAYMELRSL RSDDT AVYYCATVVGYS YGGGW F DPWGQG TLVTVS S
IGHV1-3*01,QA QLVQ SGA EVK KPGA SVKVSCK ASGY RFTTYVIHWMR QAPGQSPE WMGFI GPGSGGT KY SEKFQD RVTITM DTATT TASMD LSGLTSEDT AVYYCA RDSLGARNW F DPWGQG TLVTV SS
IGHV1-3*01,AS VKVSCK ASGY TF SN Y ALHWVR QAPGQ RLEWMGWLGRI NGVDGD IEY SPRFRG KVTISY DTSAS MAYLELRS LTSEDT ALYFCA RGQHRG AWLVDVW GQGS QVIVS S
IGHV1-2*02,AS VKVSCK ASGY TFSAYYVHWVRQ APGQGL EWMGWI SPYSGGT RYAQK SQGG VTLT SDTS ISTAYLELT GLRSDDT AVYYCARV EGSAA TF DDWGQG TLVTV SS
IGHV1-18*04,SG KVSCKA SGY TFTSYGISWVRQ APGQGL EWMGWISAY NGNTNY AQKL QG RVTMTT DTSTS TAYMELRSL RSDDT AVYYCA RDSSEYCSSTS CYYYYY G MDV WGQG TTVTVS S
IGHV1-69*13,S VKVSCK ASGGT FS SY AISWVR QAPGQGL EWMGGIIPIF GTANYA Q KFQG RVTITA DESTS TAYMELS SLRSEDT AVYYCAR SRGPTH TYYYYYY G MDV WGKGT TVT DAS
IGHV1-2*02,AS VKVSCK ASGY TFTGYYMHWVR QAPGQGL EWMGWI NPNSGGTNY AQKF QG RVTMT RDTS ISTAYMELSR LRSDDT AVYYCAREIY DSSGY YLYYFD YWGQG TLVTVS S
IGHV1-2*02,AS VKVSCK ASGY TFTGYYMHWVRQ APGQGL EWMGWI NPNSGGTNY AQKF QG RVTMT RDTS ISTAYMELSR LRSDDT AVYYC ARG IVVV PAAT YYYY G MDV WGQG TTVTVS S
IGHV1-24*01,AS VKVSCKVV G Y SLT ELSMHWVR QAPGKG LEWM GG F DPEEGK TIYAQKF QG RVTMT EDTSTD TAYLELTS LRSEDT AVYYCATIRGEY CTNNNCHRG YYYYMDV WGKG TTVIVS S
IGHV1-2*04,AA MQVSCK ASGY TFTGYYMHWVRQ APGQGL EWMGWI TPNSGAT TYAQK FQG WVTMT RDTS ISTAYMELSR LRSDDT AVYYCA RE SVTL MGD RVA IPNY FEYW GQG ALVTV S
IGHV1-18*04,ACMKDHSKASGYTFPSY GISWVRQ APGQ ELEWMGWISAY NGNTNY AQKL QG RVTMTT DTSTS TAYMELRSL RSDDT AVYYCAR YPPRPDLGW L FP FYYYY G MDV WGQG TTVTVS S
IGHV1-69*04,S VKVSCK ASGGT F S SYSIHWVR QAPGQGL EWMGRII PILGIAKYAQR FQG RVTIAA DTSTST AYMD LSS LRSEDT AIYYCA RDGS IEV P GVIAYW GQG TLVTVS S
IGHV1-3*01,AS VKVSCK ASG YMF SNYN MHWVRQ APGQ RLEWMGWIY GGNGNTKYSENFQD RVTITR DTSAS TAYMELSSLRF EDT AVYYCVR DPPAD I LTGPPDYWGQG TLVTVS S
IGHV1-8*01,AS VKVSCK ASGY NFVNY DL N WVR QAPGQGL EWMGWM NPTSGKTG YAEKF QG RVTMT RNTS VSTAYMEL SSLTSEDT AVYYCTRWL DLELLPAASQPH FYYY GTDIWGQG TTVIVS S
IGHV1-69*13,S VKVSCK ASGGT FS SYAISRV R QAPGQGL EWMGRIIPIF GTANYA Q KFQG RVTITA DESTS TAYMELS SLRSEDT AVYYCARE LSSGW YEVDHFDY WGQG TLVTVS S
IGHV1-2*02,AS VKVSCK ASGY TFTGYYMHWVR QAPGQGL EWMGWI NPNSGGTNY AQKF QG RVTMT RDTS ISTAYMELSR LRSDDT AVYYCTRIV GA RR LGRGT AFDIW GQG TMVTIS S
IGHV1-2*02,AS VKVSCK ASGYG FIDFYIHWVR QAPGQGL DWMGWF NPETGASMSEQ RFEGRVTMT RDTS INTAYIEL NGLTSDDT GVYFCA RGGA TYTSHLDY WGPG TLVTV S
IGHV1-69*13,S VKVSCK ASGGT FS SY AISWVR QAPGQGL EWMGRIIPIF GTANYA Q KFQG RVTITA DESTS TAYMELS SLRSEDT AVYYCAR MGYCSGGSC YGYYYYGMDV WGQG TTVTVS S
IGHV1-69*04,GA SVKVSCK ASGGT FRSYAISWVR QAPGQGL EWMGRIIPILG IANYAQK FQG RVTITA DKSTS TAYMELS SLRSEDT AVYYCAR DVRDGYNSRS WYYYGMDV WGQG TTVTVS S
IGHV1-18*01,AS VKVSCK ASDY TLTRYGIIWLRQ APGQGL EWMGWIGAY SGNTNY A QKF QG RLT LPTDTPTN TAYMELRS LRSDDT DVYFLS RGGA RY CNSTS FF L DHFYGM D VWGQG TTVI GSS
IGHV1-8*01,AS VKVSCK ASGY TFTSYD INW V RQ ATGQGL EWMGWM NPNSGNTGY AQKF QG RVTMT RNTS ISTAYMEL SSLRSEDT AVYYCA RGQRGTWGSWGQG TLVTVS S
IGHV1-18*01,AS VKVSCK ASGY TFRNYHVSWVRQ APGQG LEWVGWVS TNNGY TRSAQRV EG RVTLTT DASTD TAYMELR GLTSEDT AVYYCARV DSDK IGLLDY WGQGS LVKVS S
IGHV1-18*01,Q VQLVQ SGA EVK KPGA SVKVSCK ASGY TFTKYGVSWVRQ APGQG LEWVGWIR TDNGNT KFAQKF QG RVTMTT DTSTS TAYMELRS LTSDDT AVYYCVR DPANTSAFGPWGQ GTLVTVS S
IGHV1-69*13,S VKVSCK ASGGT FSSYAISWVR QAPGQGL EWMGRIIPIF GTANYA Q KFQG RVTITA DESTS TAYMELS SLRSEDT AVYYCA RDRPSEQPFWPGFDPWSQG TLVTVS S
IGHV1-2*02,AS VKVSCK ASGY TFTGYYMHWVR QAPGQGL EWMGWIN HNSGGTNY AQ KF QG RVTMT RDTS ISTAYMEL S R LRSDDT AVYYCARVGLYL GERRDRNYGSGSYYNPY YYYGIDVW GQG TTVTVS S
IGHV1-18*04,AS VKVSCK ASGY TFTSYGISWVRQ APGQGLEG MGWISAY NGNTNY AQ KL QG RITMT TDNSTS TAYMELRS LGPYDT AVYYWS RMS VVGAFWYYYY DLDLWGLGT TVTV SS
IGHV1-24*01,AS MKVSCKV SGY TLTQLSMHWVRQ APGEGL EWMG G F DPADGE TIYAQKF QG RVTMT EDTSTD TAYMELSS LRSEDT AVYYCAF RPL I RRG YYYYHAMNV WGQG TTVTVS S
IGHV1-24*01,AS VKVSCKV SG YTLTALS MP WVR QAPGQG LEWM GG F DPADGE TIYAQKF QG RVTMT EDTSTD TAYMELSS LRSEDT AVYYCA TSPWNDERH GVLMYW GQG TLVTV S
IGHV1-2*04,AS VKVSCK ASGY TFTGYYMHWVRQ APGQGL EWMGWI NPNSGGTNYA QKF Q GWVTMT RDTS ISTAYMELSR LRSDDT AVYYCAR GANGE QQLVRR DGM DVW GQG TTVTVS S
IGHV1-18*04,ASE KVSCK ASGY TFTSYGISWVRQ APGQGL EWMGWISAY NGNTNY AQKL QG RVTMTT DTSTS TAYMELRS LRSDDT AVYYCA RDQK ITIFGVVI ND YYYYGMDV WGQG TTVTVS S
IGHV1-46*01,AS VKVSCK ASGY TFTSYYMHWVRQ APGQGL EWMGII NPSGGSTSY A QKF QG RVTMTR DTSTS TVYMELSS LRSEDT AVYYCA RSGNYD YIWGSY RPVGDAFD IWSQVTMVTV SS
IGHV1-24*01,AS VKVSCKV SGY TLTALSMHWVR QAPGQG LEWMG G F DPEDGE TIYAQKF QG RVTMT EDTSTD TAYMELSS LRSEDT AVYYCARV KPQ LV R GVYYYYYY G MDV LGQG TTFTA SS
IGHV1-2*02,AS VKVSCK ASGY TFTGYYMHWVRQ APGQG LEWVGWI NPKSGGTNY AQKF QG RVTVT RDTS ISTAYMELSR LTSDDT AVYYCA TKTPTTGITGRGE MYNY YGMD V WGQG TLVTV S
IGHV1-18*01,AS VKVSCE TSGY TFIN HD INWVRQ APGQGL EWMGWIS ASNGD TIYAQD FQG RISLTR DTSSS TVYMELKS LRSDDT AVYYCARV RGR TMIRGVC DYWGQG TLVTVS S
IGHV1-69*05,S VKVSCK ASEGP FRDYAISWVRQ APAQGL EWLGGII PRFDKTNY AQ K FQG RVTITT DESTS AVYLVLTS LTSDDT AMYYCA RGIRNCH YYYGVDVW GQGS TVIVS S
IGHV1-24*01,AS VKVSCKV SGY TLTE LSMP WVR QAPGKG LEWM GG F DPEDGE TIYAQKF QG RVTMT EDTSTD TAYMELSS LRSEDT AVYYCA TGFGYYGSGSPL Y WGQG TLVTV AS
IGHV1-8*01,AS VKVSCK TSGY TFTSFDI NW VR Q ASGQGL EWMGWM NPNSGNTGY AQKF QG RVTMT RNTS ISTAYMELSS LRSDDT AMYYCA RGY V GGWGQG TLVTVS S
IGHV1-24*01,AS MKVSCKV SGY TLTELSMHWVR QAPGKG LEWM GG F DPEDGE TIYAQKF QG RVTMT EDTSTD TAYMELSS LRSEDT AVYYCA TSGYHS QVLRYF DWDFDYWGQG TLVTVS S
IGHV1-18*01,AS VKVSCK ASGY TFTNYGFSWVRQ APGQGPE WMGWISAY NGNTNY AQKL QG RVTMTT DTSTS TAHMELRSL RSDDT AVYYCA RDRGFLEWLPQA FHYW GQG TLVTV SS
IGHV1-3*01,QA QLVQ SGA EVK RPGA SVKVSCK ASGY TFTTYTIHWVR QAPGQ RLEWMGWR NPYNGNR RY SQKFQD RFTLTT DTSAT TAYMEL SGLRSDDT AVYYCARVF RGADWHPTGFDPWGQG TLVTVS S
IGHV1-2*02,AS VKVSCK ASGY TLTGYSMHWVRQ APGQGL EWMGWM NPNSGGAN FAEK FQG RVTLT RDTSLN TAYMELS RLTSDDT AMYFCA RGVPG RYHLLKK QGPGR TLDY WGQG TLVTV SS
IGHV1-58*02,S VKVSCK ASGF TFT SSAMQWVRQA RGQR LEWIGWIVV GSGNTN YAQKFQE RVTITR DMSTST AYMELS SLRSEDTA AYYCVA SGYTYGQ RFHF DQWGQG TLVTV SS
IGHV1-18*04,AS VKVSCK ASGY TFTTYGISWIRQ APGQGL EWLGWIS TSNGNTN YAQK L QGRVPMTTDTSTS TAYMEVRSL RSDDT AVYYCARD LLGFGELPPENWGQG TLVTV SS
IGHV1-2*04,Q VQLVQ SGA EVK KPGA SVKVSCKAYVYTF TG YYLHWVRQ APGQG LEWMGWI NPNSGATD YAR KFQG WVTMT RDTS ISTAYMELSRV KSDDT AVYYCARA LPVKG LDVW GQG TTVIVS S
IGHV1-2*02,AS VKVSCK ASGY TFTGYYMHWVRQ APGQGL EWMGWI NPNSGGTNY AQKF QG RVTMT RDTS ISTAYMELSR LRSDDT AVYYCA SRTGYS KYVYYYGMD VWGQG TTVTVS S
IGHV1-2*02,AS VKVSCK ASR FTF SG YYIHWVRQ APGQG LEWMGWI NPNNGGTKHT QNFQGRITMT RDTS ISTAYMELTRL RSDDT AVYYCAR EEVGI QHWAAITARYHYY G MDV WGQG TTVTVS S
IGHV1-2*04,AS VKVSCK ASGY TFTGYYMHWVRQ APGQGL EWMGWI NPNSGGTNYA QKF Q GWVTMT RDTS ISTAYMELSR LRSDDT AVYYCA RSRLVDD YVW G SYRYTLQ N YYYYGMDV WGQG TTVTVS S
IGHV1-18*01,V KVSCK ASGY TFTSYGISWVRQ APGQGL EWMGWISAY NGNTNY AQKL QG RVTMTT DTSTS TAYMELRS LRSDDT AVYYCA RGE YYYYYGMD VWGQG TTVTVS S
IGHV1-3*04,QV QLEQ SGA EVK KPGA SVKVSC KTSGYS FTSFAVHWAR QAPGQ RLEWLGVIN SGSDDTRYPQ KFRGRVTIS GDT F AST SYMEL SSLTSEDT AVYYCA RGDGPD HWLIDY WGQG TLVTVS S
IGHV1-24*01,AS VKVSCKV SGY TLIELSMHWVR QAPGKG LEWMG G F DPEDGE TIYAQKF QG RVTMT EDTSTD TAYMELSS LRSEDT AVYYCA TDSQ LVVG N WF DPWGH GTLVTVS S
IGHV1-24*01,AS VKVSCQV SGY TL TELSM HWVR QAPGKG LEWM GG F DPEDGE TIYAQKF QG RVTMT EDTSTD TAYMELS SLRSEDT AVYYCA TAY AVATF H NWFDPWGQG TLVTVS S
IGHV1-18*01,AS VKVSCK ASGY TFTSYGISWVRQ APGQGL EWMGWISAY NGNTNY AQKL QG RVTMTT DTSTS TAYMELRS LRSDDT AVYYCS REGA FAIFGV NPGGH YYYGMDV WGQG TTVTVS S
IGHV1-69*13,S VKVSCK ASGGT F S SHA ISWVR QAPGQGL EWM GG IIPIF GTANYAQKFQG RVTITA DESTS TAYMELS SLRSEDT AVYYCAR VNH WELIV GS VYYYY GM DV WGQG TTVTVS S
IGHV1-24*01,AS VKVSCKV SGY TLTELSMHWVR QAPGKG LEWM GGFDPEDGETN YAQKF QG RVTMT EDTSTD TAYMELSS LRSEDT AVYYCA TAPA MVRANWF DPWGQG TLVTV SS
IGHV1-2*02,AS VKVSCK ASGY TFNTYYIHWVRQ APGQGL EWMGWIN TQSGSPKYAPKFQG RVTLT RDTS ITTSYMEL SSLQSNDT AVYYC GR WTARRLK AASGD TYYYGMD FWGQG TTVTVS S
IGHV1-18*01,AS VKVSCK ASGY TFTSYGISWVRQ APGQGL EWMGWISAY NGNTNY AQKL QG RVTMTT DTSTS TAYMELRS LRSDDT AVYYCA RGG YYY DSSGY SWLYYFD YWGQG TLVTVS S
IGHV1-2*04,AS VKVACM ASGY TF NG FYIHWVRQ APGQG LEWMGRI NPKSGGTNYA QKF Q GWVTLT RDTS ISTAYMEL SSLKPDDT AFYYCARTAY DSSTSPGYDW F DPWGQG TLVTV SS
IGHV1-18*01,Q VQLVQ SGA EVK KPGA SVKVSCK ASDYTFPSY GLSWVRQ APGQGL EWMGWIN AHNGH THYAEKF QG RVTMTT DTSTS TAYMELR GLRSDDT AVYYCARVTSIFGVV SS YYYYMDVW GEGT TLTVS S
IGHV1-2*02,AS VKVSCK ASGY TFT AYYLHWVR QAPGQGL EWMGWI APNSGGPKC AQ KF QG RVTMT RDTSIN TAYMELSR LGSDDT AVYYCA RDG VVSRN FD AFDI WGQG TMVTVS S
IGHV1-18*04,AS VKVSCK ASGY TFTSYGISWVRQ APGHGL EWMGWISA YNGHTNF AQR LQD RVTMTT DTSTS TAYLELRSLR CDDT AVYYCAR HTPVEPAPGRGDYG MDV WGQG TTVTVS S
IGHV1-8*01,AS VKVSCK ASGY TFTSYD INWVRQ ATGQGL EWMGWM NPISGNTGY AQKF QG RVTMT RNTS ISTAYMEL SSLRSEDT AVYYC ARGR AEWWLRS AGGA FDIW GQG TMVTVS S
IGHV1-18*01,Q VQLVQ SGA EVK KPGA SVKVSCK ASDYTFPSY GLSWVRQ APGQG LEWMGWIN AHNGH THYAEKV QG RVTMTT DTSTS TAYMELR GLRSDDT AVYYCARVTSIFGVV SS YYYYMDVW GEGT TVTVS S
IGHV1-46*01,AS VKVSCK ASGY TFTSYYMHWVRQ APGQGL EWMGII NPSGGSTSY A QKF QG RVTMTR DTSTS TVYMELSS LRSEDT AVYYCA RDSSR YYDIL TGSQNS YYYYYGMDV WGQG TTVTVS S
IGHV1-18*04,ASVK DSCK ASGY TLTAYGISWVRQ APGQGL EWMGWIS GYDGDTH YAQKL QG RVTMTT DTSRS TAHMELRS LTSDDT AVYYCA RDQRHYGD YRYWYFD LWGRG TLVTVS S
IGHV1-18*01,AS VKVSCK ASG YIF NSY GITWVRQ APGQGL EWMGWIS GNSGNT TYAQN IQG RVTMIT DTSTS TAYMELRS LRSDDT AVYYCA RHNTN YAYYY NG LDVW GQG TTVTVS S
IGHV1-2*02,AS VKVSCK ASGY TFTGYHIHWVRQ TPGQG LEWMGWIY PSTGGTNY AQKF QG RVTMT RDTS ISTAYMEL NRLTSDDT AVYYC GS VTW SNHDDFD FW GQG TMVTVS S
IGHV1-58*01,SM KVSCK ASGF TFT SSAVQWVRQA RGQR LEWIGWIVV GSGNTN YAQKFQE RVTITR DMSTST AYMELS SLRSEDT AVYYCA ADSRYN WIAVQYYYYYY GMDVWGQG TTVTVS S
IGHV1-2*02,AS VKVSCK ASGY TFTGYYMHWVR QAPGQGL EWMGWI NPNSGGTNY AQ KF QG RVTMT RDTS ISTAYME L SRLRSYD TAVYYCA RDKGEM ATLEYYYYYY GMDVWGQG TTVTVS S
IGHV1-18*04,S VKVSCK ASGY TFISYGIAWVRQ APGQG LEWMGWIS PYNGNT RYVQN LQG RVTMTT DTSTN TAYMEMRSL RSDDT AVYYCARVH EEDGY DYISRIFHH WGQG TLVTVS S
IGHV1-69*08,Q VQLVQ SGA EVK KPGS SVKVSCK ASGGT FSSYTVTWVRQ APGQG LEWMGRIIPL LGK VN YAQNFQD RVTITA DKSTR TAYMELSS L R FEDT AMYYCAR DIGGQPDYWGQ GTLVTVS S
IGHV1-2*02,SGGTNY AQ K FQG RVTMT RDTS ISTAYMD LSR LKSDDT AVYYCARLEL WSPY YYYGMDV WGQG TTVTVS S
IGHV1-2*04,AS VKVSCKA YGY TFIGYYMHWVR QAPGHG LAWMGWI NPNSGGTK YAQKF QG WVTM TRDTS ISTAYME LS RLKSDDT AVYYC ASGTFSDFN Y WGQG TLVTV SS
IGHV1-3*04,Q VQLLQ SE TEV KKPGA SVKVSCK ASGYS F T NYAIHWVRQ APGQGL EWMGWINRV NGNSEYSQ KFQARLTIYR DTSAS TAYMELS SLTSEDA AVYFCA RDRPTGSGT YGMDVW GQG TTVSV SS
IGHV1-3*04,Q VQLVQ SGA EVK KPGA SVKVSCK ASGY TFTTYAIHWVR QAPGQG LEWMGWIN TGNGNTK Y SQNFKG RVAITR DTSAST AFMELS SLRSEDS AVYYCAR DRASNWFDPWGQG TLVTVS S
IGHV1-24*01,AS VKVSCKV SGY TLTELSMHWVR QAPGKG LEWMG G F DPEDG KVVYTQKF QG RVTMT EDASTD TAYMEVSS LRSEDT AVYYCA TDDPPGA VFGVVIYALHIW GQG TMVTVS S
IGHV1-18*04,AS VKVSCK ASGY TFTSYGISWVRQ APGQGL EWMGWISAY NGNTNY AQKL QG RVTMTT DTSTS TAYMELRS LRSDDT AVYYC AR GVMITF GGD YYYYYGMD VWGQG TTVTVS S
IGHV1-18*04,AS VKVSCK SSGY TF SN YSINWVR QAPGQGL EWMAWIGVY NGI TKYA RKFQD RVTMTT DTSTS TAYLEL GSLTSDDT AVYYCA RDGNFRDDYWGQG TLVSV SS
IGHV1-2*02,AS VKVSCK ASGYPF TGYYLHWVRQ APGQGL EWMGLIN SNSGC THYAQRLQDR VTM TRDTS ISTAYMELSR LRSDDT AVYYCS LPPTNYDSFGM DV WGQGT TVTV SS
IGHV1-24*01,AS VKVSCKV SGY TLTALSMHWVR QAPGKG LEWM GG F DPEDGE TIYAQKF QG RVTMT EDTSTD TAYMELSS LRSEDT AVYFCVIST AVAGTP TLYHYYYGMDV WGQG TTVTVS S
IGHV1-18*01,V KVSCK ASGY TF SDYG INWAR QAPGQGL EWVGWIS ADNGN TYYGQK FQD RVTLTT DTSTT TAYMD LRSLKSDDT AVYYC ARGG FLEYS GSGL KHYYYYGMDV WGQG TTVTVS S
IGHV1-18*01,K VSCK ASGY TFTSYGISWVRQ APGQGL EWMGWISAY NGNTNY AQKL QG RVTMTT DTSTS TAYMELRSL RSDDT AVYYCA RDL IEVVVA ATPL YYY G MDV WGQG TTVTVS S
IGHV1-18*01,AS VKVSCK ASGY TFT KY G ISWVRQA AGHGL EWMGWISA YNGNTN YAQKL QD RVTMT TDTSTS TAYMELRS LRSYDT AVYYCAR VGCGGDCYPNPIPY YYYDMEVW GQGT TVTV S
IGHV1-2*04,AS VKVSCK ASGY TFTGYYMHWVRQ APGQGL EWMGWI NPNSGGTNYA QKF Q GWVTMT RDTS ISTAYMELSR LRSDDT AVYYCA RAGSSSRG YYYYGMD LWGQG VRVTVS S
IGHV1-69*13,S VKVSCKA SGGT F S SYAIIWVRQ APGQG LEWMGGIIPIF GTAN YAQ KFQG RVTITA DESTS TAYMELS SLRSEDT AVYYC ARGL WHRELRFLEWLFSY YGMD V WGQGT TVTV SS
IGHV1-46*01,AS VKVSCK ASGYS FANY YMHWVR QAPGQGPE WMGVI NPSGTSTT YAQKF RG RVTMTR DTSTS TVYMELSS LRSEDT AVYYCA REANEYSSSS HIVYW GQG TLVTVS S
IGHV1-24*01,S VKVSCKV SGY TLTELSMHWVR QAPGKG LEWM GG F DPEDGE TIYAQKF QG RVTMT EDTSTDT AYMELS SLRSEDT ALYYCA TAP VITGSI SSFG YYYGMDV WGQG TTVTVS S
IGHV1-8*01,GA SVKVSCK ASGY TFTNFD INWVRQ ATGQG LEWMGWM KPNSDDTGY AQKFH G RVTMT RNA FISTAYMELS SLRSEDT AVYYCARVV PTYDYGLE NFY IPDYIDNWGQG TLVTVS S
IGHV1-18*01,A SVKVSCK ASGH TFVTYGISWVRQ APGQGL EWMGLISG YNGNTNYPQK F Q GRVTMTT DTSTS TAYMELRS LRSDDT AVYYCAR VGT YYDI LSGDRH FDY WGQG TLVTV SS
IGHV1-2*02,AS VKVSCM ASGY TFT GYYMHW V R QAPGQGL EWMGWI NPNSGGTNY AQ KF QG RVTMT RDTS ISTAYMELSR LRSDDT AVYYCARV GAARG YYYYYGMDV WGQG TTVTVS S
IGHV1-46*01,AS VKVSCK ASGY TFTNYYMHWVRQ APGQGL EWMGII NPSGGNTSY A QKF QG RVTMTR DTSTS TVYMELSS LRSEDT AVYYC APDPYDSSGYLPWGQG TLVTV SS
IGHV1-18*04,AS VKVSCT ASGY TFRTYGISWVRQ APGQGL EWMGWISH FNGNRD YAQ KFQG RVSMTT DRSTT TAYMELTSL RSDDT AVYFCAR HGRQDEYTPH NFYF NGG LDL WGQG TTVIVS S
IGHV1-24*01,AS VKVSCKV SGY TLTELSMHWVR QAPGKG LEWM GG F DPEDGE TIYAQKF QG RVTMT EDTSTD TAYMELSS LRSEDT AVYYCA TAPGMSSGSYPWGGW F DPWGQG TLVTVS S
IGHV1-2*04,AS VKVSCK ASGY TFTGYYMHWVRQ APAQGL EWMGWI NPNSGGTNYA QKF Q GWVTMT RDTS ISTAYMELSR LRSDDT AVYYCA RAGSS WSYYYYGMDV WGQG TTVTVS S
IGHV1-24*01,AS VKVSCKV SGY TLTELSMHWVR QAPGKG LEWM GG F DPEDGE TIYAQKF QG RVTMT EDTSTD TAYMELSS LRSEDT AVYYCARV RRG VVVTSYY YG LDV WGQG TTVTVS S
IGHV1-8*01,AS VKVSCK ASGY TFTSYAITWVRQV TGQGL EWMGWM NPNSGKTGY AQKF QG RVTMT RNTS ISTAYMEM SSLRSEDT AVYYWAR KDG LWFGELYWF DPWGQ GTLVTVS S
IGHV1-69*13,S VKVSCK ASGGTFS NYAISWVR QAPGQGL EWMGGIIPIF GTTNY AQ KFQG RVTITA DESTS TAYMELS SLRSEDT AVYYCA R ASFLLDIVA TTK YYY G MDV WGQG TTVTVS S
IGHV1-58*02,S VKVSCK ASGF TFT SSAMQWVRQA RGQR LEWIGWIVV GSGNTN YAQKFQE RVTITR DMSTST AYMELS SLRSEDT AVYYCA ADLGYCGGDCFDYWGQG TLVTV SP
IGHV1-24*01,ASG KVSCKV SGY TLS A LSMHWVR QAPGKG LEWMG G F DPENGE TIYAQKF QG RVTMT EDTSTD TAYMEL SSLRSEDT AVYY CATAIAVA G TFV S YY YY YGMDVWGQGT TVTV S
IGHV1-18*04,AS VKVSCK ASGYTFPT YGINWVRQ APGQGL EWMGRISTY NGDTSYA Q NLQG RVTLTT DTSSS TTYMELRS LTSDDA AVYYCASVQT TAGM DVW GQG TTVTV S
IGHV1-8*01,AS VKVSCM ASGY TFTSY D INWVRQA TGQGL EWMGWM NPNSGNTGY AQKF QG RVT MPRNTS ISTAYMEL SSLRSEDT AVYYCA RSKRDY Y DSSGY WALVS SQFMN YYYY G MDV WGQGT TVT DSS
IGHV1-18*01,AS MKVSCK ASGY TFR N YHVSWVRQ APGQG LEWVGWVS TNNGY TRSAQRV EG RVTLTT DASTD TAYMELR GLTSEDT AVYYCARV DSDK IGLLDY WGQG TTVTVS S
IGHV1-8*01,AS VKVSCK ASGY TFTSYD INWVRQ ATGQGL EWMGWM NPNSGNTGY AQKF QG RVTMT RNTS ISTAYMEL SSLRSADT AVYYCS RGAGT I QPWDQG TLVTVS S
IGHV1-2*04,AS VKVSCK ASGY TFTGYYMHWVRQ APGQGL EWMGWI NPNSGGTNYA QKF Q GWVTMT RDTS ISTAYMELSR LRSDDT AVYYCA RDLCSGGS CYHYWF DPWGQG TLVTVS S
IGHV1-18*01,AS VKVSCK ASGY TFTSYGISWVRQ APGQGL EWMGWISAY NGNTNY AQKL QG RVTMTT DTSTS TAYMELRS LRAEDT ALYYCA KDIDPMTTGNNY FDY WGQG TLVTV SS
IGHV1-8*01,AS VKVSCK ASGY TFTSYD INWVRQ ATGQGL KWMGWM NPNSGNTGY AQKF QG RVTMT RNTS ISTAYMELS SLRSEDT AVYYCARV GPAGI T GYSSS WYLAF DVPEV NWF DPWGQG TLVTVS S
IGHV1-24*01,AS VKVSCKV SGY T LSEL SMRWVR QAPGKG LEWM GG F DPEDGE TIYAQKF QG RVTMT EDTSTD TAYMELSS LRSEDT AVYYCA TAPGITGTPR AYYYYY G MD VWGQG TTVTVS S
IGHV1-2*02,GA SVKVSCK ASGY TFTGYYMHWVR QAPGQG LEWMGWI NPNSGGTNY AQK FQG SVTMTA DTSTS TVYMELS SLRSEDT AVYYCA RDPSPLVPVPMGGG VFDIW GQG TMVTVS S
IGHV1-18*01,AS MKVSCK ASGY TFTSYGISWVRQ APGQGL EWMGWISAY NGNTNY A QKL QG RVTMTT DTSTS TAYMELRS LRSDDT AVYYCA RDRL ETYYDILT G Y YNGNAR GIWSYNWF DPWGQG TLVTVS S
IGHV1-8*01,AS VKVSCK ASGY TFTSY D INWVRQA TGQGL EWMGWM NPNSGNTGY AQKF QG RVTMT RNTS ISTAYMEL SSLRSEDT AVYYCARR YSSGW Y EG LFD YWGQG TLVTVS S
IGHV1-2*02,GWINPDSGV TTYAQK FQG RVTMT RDTS ISTVHMELSR LRSDDT AVYYCAR ETSGKKPFEDWGQG TLVTVS S
IGHV1-24*01,AS VKVSCKIS RDTFTD MSILLW RQPR VRT LER MGGVDPEDGAAHYAPA FEVRITVT ADTSAA TAYLELTS LTSEDT AVYYYS TD LILY PSETSDHVGEAGA SFW GQGS LVTV SS
IGHV1-18*04,S VKVSCK ASGY TFTSYGISWVRQ APGQGL EWMGWISAY NGNTD YAQ K LQG RVTMTT DTSTS TAYMELRSL RSDDT AVYYCARESYYY DSSGY VWG QG TLVTVS S
IGHV1-18*01,Q VQLVQ SGA EVK KPGA SVRASC KGSG YTFTNFGISWVR QAPGQGL EWMGWISVY NGNANYA Q NFQG RVIMTR DTSTST AFMELRSL RSDDT AVYYCAR EAPPRYGDS FDYW GQG TLVTVS S
IGHV1-2*02,AS VKVSCK TSGY TFT D YYIFWVRQ APGQG LEWMGWI NPGNGGTNYA QRF HG RVTIIR DMSIN TAYMELTSLI SDDT AIYYCAR YKHGS YNVDY WGQG TLVT VPS
IGHV1-18*04,AS VKVSCK ASGY TFTTYGINWVRQ APGQGL EWVGWISA NNGNT HYVQKFQVRVTLTT DTSTS TANMELRSLR FDDT AVYYCA RAPH VETLFGLFMAIN GA F DLWGQG TMITV SS
IGHV1-3*01,QV QLVQ SAA E VKNPGA SVNISC KALRYSFISYGINWLR QAPGQ RLEWMGWID ASTGK TKYAQKF QG RVTMTT DTSAS TVYLGLS SLGSEDT A LYYCA R A SVEASFSY YSGL DVW GQG TTVTVS S
IGHV1-2*02,AS VKVSCK ASGY TFTAYYMHWVR QAPGQGL EWMGWI KPDSGGTNY AQKF QG RVTMT RDTS ISTAYMEL SGLRSDDT AVYYCVGVTW SQYDG FDIW GQG TVVTFS S
IGHV1-24*01,KG IEWR GGFDPEDGE TIYAQKF QG RVTMT EDTSTDT AYMELS SLRSEDT AVYYCA TGFGYYGSGSPL YW GQG TLVTVS S
IGHV1-24*01,AS VKVSCKV SGS TLSFFSIHWVR QTPGKGPE WIGCY NPADGE TMFAQ NLQGR ATM SEDTSTD TAYMELTS LKSEDTA TYYCSILVR GGAF DAWVQ G TKVTVS S
IGHV1-18*01,AS VKVSCK ASGY TFTSYGISWVRQ APGQGL EWMGWISAY NGDTNY A QKL QG RVTMTT DTSTS TAYMELRS LRSDDT AVYYCAR DVGAT RSHIARY FD LWGRG TLVTVS S
IGHV1-3*01,Q VQLVQSRAEVK KPGA SVKVSCK ASG YIFSSYTMHWVR HAPGQRPE WMGWITA GNGNTKYSQHFQD RVTIT GDTSA SIAYMEL SSLKSEDT AVYYCA RGPWG Y CSGGR CY SG YF DYWGQG TLVTVS S
IGHV1-2*02,AS VKVSCK ASGY TFTDYYIHWVRQ APGEGL EWMGWIY PKSGDTT YAQKF QG RVALT RDTS ISTAYMELKTL RSDDTA RYYCVAVTWS QRDGF DIWGQGTMVTIS S
IGHV1-18*01,AS VKVSCK ASGY TFTTYGISWVRQ DPGQGL EWMGWISIH NGNTNY AQTLQ G RLTITT DVLTST AYMDLRS LRSDDT AVYYCAR ASVG MYYDFW SDYAGGM DVW GQG TTVTVS S
IGHV1-2*04,AS VKVSCK ASGYTFPG YYMHWVRQ APGQGL EWMGWI NPNSGGTNYA QKF Q GWVTMT RDTS ISTAYMELSR LRSDDT AVYYCA RGGGNL WFGELLFSHYYF DYWGQG TLVTVS S
IGHV1-18*01,AS VKVSCK ASGYTFPS YGISWVRQ APGQGL EWMGWISAY NGNTNY AQKL QG RVTMTT DTSTS TAYMELRS LRSDDT AVYYCA R GIVVV PAAMPLD A LYYYYY GMDVWGQG TTVTVS S
IGHV1-24*01,AS VKVSCKV SGYTLPE LSMHWVR QAPGK RLEWM GG F DPEDGE TIYAQKF QG RVTMT EDTSTD TAYMELSS LRSEDT AVYYCA TTT AY CSGGSCYENW F DPWGQG TLVTVS S
IGHV1-3*01,Q VQLLQ SGT EVK KPGA SVLVSC KASGY IF N TYAVHWVRQ APGQGL EWMGWINE VNGNSRYSQ KF QG RLTINW DTSAT TAYMELS SLTSEDT AVYYCA RDRPSGSGTYGRDGWGKG TRVSV SS
IGHV1-2*04,AS VKVSCK ASG YIFVGYYMHWVR QAPGQGREGMG WI NPNTGDTNYAQK F Q GLVTMT RDTS ISTAYLELTWLR SDDT AVYYCAIMVR GGQDA VD MWGQGT KITVF S
IGHV1-18*04,AS VKVSCK ASGY TYTNYGIAWVRQ APGHGL EWLGWIS GYNGNTN YARHLQDR ISMTT DLSTNT AFMELRRL RAEDT AVYYCARV GIGFGD YYLTQIYY G M DVWGQG TTVTVS S
IGHV1-2*02,AS VKVSCK ASG YMFIGYYIHWVR PAPGQGL EWMGWI NPDNGGTNYA QK FQD RVTMT TDTSIN TAYMAVTSL RSDDT AVCYCA REGG FYD YWGQG TLVTVS S
IGHV1-24*01,AS VKVSCKV SGDT FTEMSIHWVRQ TRGN TLEWMG GVDPEDGA AHY APRFEG RITVTA DTSAA TTYLEL SSLTSEDT AVYYCS TDL TV YPSETSDHVGEGGA SFW GQG TLVTV SS
IGHV1-69*08,Q VQLVQ SGA EVK MPGS SVKVSCKA AGD SFTLESINSVR EAPGQ VLEW M G KI IPSLGITDYAKTFQG RITLTA DTST CTVFMEISRL RSEDT ALYYCAREIC SRGSCSSDHWGQG TLVTVS S
IGHV1-69*13,S VKVSCK ASGGT FS SY AISWVR QAPGQGL EWMGRIIPIF GTANY AQ KFQG RVTITA DESTS TAYMELS SLRSEDT AVYYWARVE G V YGSGSYQ SWYHYYY GM D VWGQG TTVTVS S
IGHV1-18*01,Q VQLVQ SGA EVK KPGA SVKVSCK ASDYTFPSY GLSWVRQ APGQGL EWMGWLN AHNGH THYAEK FQG RVTMTT DTSTS TAYMELR GLRSDDT AVYYCARVTSIFGVV SS YYYYMDVW GEGT TVTVS S
IGHV1-3*01,Q VQLVQ SGA EVK KSGT SVTVSCK ASGYS FSTYAMHWVR QAPGQ TLEWMGWINE VNGNSKYSEKFQG RLTIFR DTSAS TAYMELS SLTSEE TAVYYCAR DRQTGSGT YGMDVW GQG TTVIVA S
IGHV1-8*01,AS VKVSCK ASGY TLTSYD INWVRQ ATGQGL EWMGWM NPNSGNTGY AQKF QG RVTMT RNTS ISTAYMEL SSLRSEDT AVYYCA RGAG TLRVW GQG TLVTVS S
IGHV1-8*01,AS VKVSCK ASGY TFTSYD INW VR Q ATGQGL EWMGWM NPNSGNTGY AQKF QG RVTMT RNTS ISTAYMEL SSLRSEDT AVYYC ARGR RVTIFGVVIKYY YGMDVWGQG TTVTVS S
IGHV1-18*01,AS VKASCK ASGY TFTSYGISWVRQ APGQGL EWMGWISAY NGNTNY AQKL QG RVTMTT DTSTS TAYMELRS LRSDDT AVYYCA RGGG LLWFGEL LSPEYGM DVW GQG TTVTVS S
IGHV1-18*01,AS VKVSCK ASGY TFTSYGISWVRQ APGQGL EWMGWISAY NGNTNY AQKL QG RVTMTT DTSTS TAYMELRS LRSDDT AVYYCA RDGSPLP ITIFGVVTLSWF DPWGQ GTLVTVS S
IGHV1-69*13,S VKVSCK ASGGT FSS Y AISWVR QAPGQGL EWM GG IIPIF GTANYA Q KFQG RVTITA DESTS TAYMELSS LRSEDT AVYYCAAF LPRTR RYSY G YGVLLYGMD VWGQG TTVTVS S
IGHV1-2*02,AS VKVSCK ASGY TFTGYY MNWVR QAPGQGL EWMGWI NPTSGDTN YAQK F RG RVTMT RDTS ISTAYMEL S R LRSDDT AVYYCT SLFG VIVNYDVWF DPEAQGT RVSV SS
IGHV1-18*04,AS VKVSCK ASGY SFTTYGITWVRQ APGQGL EWLGWISAY NGNTNYA QKF Q GRVTMTK DASTN TVYIELRS LRSDDT AVYYCA RDALDSGFDSWGQG TLVTVS S
IGHV1-18*04,AS VKVSCK ASGY TFTSYGISWVRQ APGQGL EWMGWISAY NGNTNY A QKL QG RVTMTT DTSTS TAYMELRS LRSDDT AVYYCA RDPT VTIFGVALSLYYY YGMDVWGQG TTVTVS S
IGHV1-18*01,AS VKVSCK ASG YILAN YGL N WVR QAPGQRPEW MGWV GTDDTKTGT KY AQ K FQG RVTMTT DTSTSTG HMEVRSL RSDDT AIYYCA T SILVGSFDI WGQG TMVTVA S
IGHV1-18*01,QA QLVQ SGS EV KKPGA SVMVSCK ASGY TF SN YAITWVRQ APGQG LEWMGWIS GYNGNTD YAQK LQG RVTLTT DTSTS TAYMELRSL RSDDT AVYYCAR KGLRGS HFYSFGMDV WGQG TMVTVS S
IGHV1-18*01,AS VKVSCK ASGY TFTSYGISWVRQ APGQGL EWMGWISA YNGGTNY A QKF QG RVTMT RDTS ISTAYME LS RLRSDDT AVYYCA RSGIWG SGIALWFGELFSLIFDY WGQG TLVTV SS
IGHV1-24*01,AS VKVSCTV SG YTL TDL SMHWVR QAPGKG LEWM GG F DPEDGETN YAQTF QG RVTMT EDTSTD TAYMELSS LRSEDT AVYYCAT VPG VFR YGD YRAFDI WGQG TMVTVS S
IGHV1-2*02,AS VKVSCK ASGY TFTGYYMHWVRQ APGQGL EWMGWIT PNSGGTT YAQKF QG RVTMT RDTS ISTAYMELSR LRSDDT AVYYCARIGY CSSTSCYP YYYYGMDV WGQG TTVTVS S
IGHV1-24*01,AS VKVSCKV SGY TLTELSMHWVR QAPGKGL EWM GG FDL EVGE TIYAQKF QG RVTLT EDTSTD TAYMELSS LRSEDT AVYYCA TG LAVA GTRG LSIYYYY GM D VWGQG TTVTVS S
IGHV1-18*01,AS VKVSCK TSGY TFTSYGLSWVRQ APGQG LELMGWIS GNNGNTKT AE KF QG RVTMTT DTSMGT GYMELRRL RSDDT AAYFCAR VGR LYYYH TSGGG FYF DSWGQG TLVTVS S
IGHV1-18*01,AS VKVSCK ASGY TFTSYGISWVRQ APGQGL EWMGWISAY NGNTNY AQKL QG RVTMTT DTSTSTD YMELRS LRSDDT AVYYCA RDRS ITIFGVV TPNY YYYGMDV WGQG TTVTVS S
IGHV1-18*01,AS VKVSCR TSGY SFTSYGINWVRQ APGQGL EWLGRT NTHNGETKYPLELQDR VTMT TDKV TSTVYMELR GLRSDDT AIYYCA RDARRFTPS ACI LPSH YYF DHWGQG TLVTV SS
IGHV1-3*01,Q VQLVQ SGA EVK KSGT SVTVSCK ASGYSFS TYAMHVFFFFFCQTLEWM G WIN E VNGNSKYSEKFQG RLTIFR DTSAS TAYMEL SSLTSEDT AVYYCA RDRPTGSGT YGMDVW GQG TTVIVS S
IGHV1-2*04,AS VKVSCK ASGY TFTGYYMHWVRQ APGQGL EWMGWI NPNSGGPNYAQ KF Q GWVTMT RDTS ISTACMELSR LRSDDT AVYYCAVTTVV TPH YYYGMDV WGQG TTVTVS S
IGHV1-69*13,S VKVSCK ASGGT FSSYAISWVR QAPGQGL EWMGGIIPIF GTANYAQKFQG RVTITA DESTS TAYMELSS LRSEDT AVYYCARVTY SSSW HYYN YG MDVW GQG TTVTVS S
IGHV1-2*02,AS VKVSCK ASGY TFTGYYLHWVR QAPGQGL EWMGWI HPNSGDTN YAQ KF QG RVTMT RDTS ISTAYMELSR LGSDDT AMYYC GS VTW SQYDPFDLWGQG TMVTV S
IGHV1-69*13,SE KVSCK ASGGT FS SY AISWVR QAPGQGL EWLG G IIPIF GTAN YAQ KFQG RVTITA DESTS TAYMELS SLRSEDT AVYYCAR SLGR MVRGVIYGWF DPWGQG TLVTVS S
IGHV1-69*02,QGQ LVQ SGA EVK KPGSS VKGSCK ASGGT FSSYTISWLR QAPGQGL EWM G RIIPVVAIATYE QKFQG RVTISA DKSTS RVYMET SSLRPDDT AVYYCA RDETEHQDSGG YFIGWF DSWGKG TLVTV S
IGHV1-24*01,AS VKVSCKV SGYSLTELP IHWVR QAPGKGL EWMGGFD SEDGQ TIYAQK FQG RVTMIE DTSTD TAYMEL NSLRSEDT AVYFC AG RITLFGVS TG FF DRWGQG TLVTVS S
IGHV1-18*01,AS VKVSCK ASGY TFTSYGISWVRQ APGQGL EWMGWISAY NGNTNY AQKL QG RVTMTT DTSTS TAYMELRS LRSDDT AVYYCA RAP FIAVA GG IHYYYYGMD VWGQG TTVTVS S
IGHV1-2*02,AG VKVSCK ASGY TFT D YY MP WVR QAPGQGL EWVGWIY PKSGDTNY AQKF QG RVTMT RDTSLS TAYMELSR LRSDDTA TYYCVSVTW SQYDDF DIWCQGTMVTVS S
IGHV1-18*01,QA QLVQ SGS EV KKPGA SVMVSCK ASGY TF SN YAITWVRQ APGQG LEWMGWIS GYNGNTD YAQK LQG RVTLTT DTSTSS AYMELRSL RSDDT AVYYCAR KGLRGS HFYSFGM DAWGQG TTVTVS S
IGHV1-18*01,AS VKVSCK ASGYN FISYGISWVRQ APGQGL QWLGWISA FSGDTN YVQEF QG RVTMTT ETSTS TAYMELRS LRSDDT AVYFCA RDRM RYY GSGNTYRDSSDIWGQG TLVTV SS
IGHV1-2*04,AS VKVSCK ASGY TFTGYYMHWVRQ APGQGL EWMGWI NPNSGGTNYA QKF Q GWVTM TRDTS ISAAYMELSR LRSDDT AVYYCA RDR VDF WSGYPYGM DV WGQG TTVTVS S
IGHV1-2*02,AS VKVSCK ASGY TFTGYYMHWVRQ APGQGL EWMGWIT PNSGGTNY AQKF QG RVTMT RDTS ISTAYMELSR LRSDDT AVYYCA RE A ALTNWFDPWGQG TLVTV SS
IGHV1-2*02,AS VKVSCK ASGY TFTGYYMHWVR QAPGQGL EWMGWI NPNSGGTNY AQ KF QG RVTMT RDTS ISTAYMELSR LRSDDT AVYYCA REGI TMVRGVRSWF DPWGQG TLVTVS S
IGHV1-18*01,AS VKVSCR ASGY TFAIYPIVWVRQ APGRGL EWMGCISTY NGNTNY AQQF QG RVTMTT DTSTS TAYMELRS LRSDDT AMYFSARVLG DIDTGNWFDPWGQGN RVS VA
IGHV1-3*01,Q VQLVQ SGA EVK KPGA SVKVSCK ASGYS FKRYAIHWVR QAPGQ RLEWMGWIN AGNGNT EFSQKF QG RVTITR DTSAS TAYMELRS LRSEDS AVYYCA RD LQDIIR GA IW EPYGM DV WGQG TTVTVS S
IGHV1-3*01,QV QLVQ SASEVKNPGA SVNISC K ALRYSFISYGIHWLR QAPGQ RLEWMGWI DPATGK TKFSQKF QG RVTITMYT SAS TVYLGLS SLRSEDT ALYYCARA VGDAS FSYYYGLDVW GQG TTVTVS S
IGHV1-2*02,AS VKVSCK ASGY TFTTYYMHWVR QAPGQGL EWMGWIN ANSGVTN YAQK FQG RVTMTR DTSTS TAYMELSR LRSDDT AMYYFARD YYGSGSYTDYWGQG TLVTVS S
IGHV1-18*04,AS VKDSCKA SGY TFTSYGISWVRQ APGQGL EWMGWISAY NGNTNY A QKL QG RVTMTT DTSTS TAYMELRSL RSDDT AVYYCARVVS VGE T L E W LE SGRFDPWGQG TLVTV SS
IGHV1-69*13,S VKVSCK ASGGT FSSYAISWVR QAPGQGL EWMGRIIPIF GTANYA Q KFQG RVTITA DESTS TAYMELS SLRSEDT AVYYCAR DEGDGY NLYYYYGMDV WGQG TTVTVS S
IGHV1-69*13,S VKVSCK ASGGT F SSYAISWVRQ APGQGL EWM GG IIPIF GTAN YAQ KFQG RVTITA DESTS TAYMELS SLRSEDT AVYYCA RALW ARQDY YYYYGMDV WGQG TTVTVS S
IGHV1-46*01,Q VQLVQ SGT E MKKPGT SVKVSC KTSGY RVTNYWMHWVR QAPGQG LEWMGIV SPGSDRR HYAHRF QG RITLTA DTSTN TVYMELSSLR LEDT AVYYYAR GVTETANEDRFDPWGQG TLVIVS S
IGHV1-18*01,AS VKVSCKAF G YTFTSYGISWVRQ APGQG LVWMGWISA YNGNTNY AQKF QG RVTMTT DTSTS TAYMELTSL RSDDT AVYYCA RGDYGSGS F FGG MDV WGQG TTVTVS S
IGHV1-2*06,AS VKVSCK ASGY TF RDN Y MHWVR QAPGQGPEW MGRI NPLSGVTD YAQK FQG RVTMT RDTS ISTAYMELTRL RSDDT AVYYCARS WGPWGVDGELPFDYWGHG TLVTVS S
IGHV1-24*01,AS VKVSCKV SGY TLTELSMHWVR QAPGKG LEWM GG F DPEDGE TIYAQKF QG RVTMT EDTSTD TAYMKLSS LRSEDT AVYYC ATTR SIVVV PAAMDWFDPWGQ GTLVTVS S
IGHV1-2*02,AS VKVSCK ASGY TF YHYYIHWVR QAPGQGL EWLGWI NPTGCGT KYAQK FQG RVTM TSDTS ITTAYMELSR LTSHDT AVYFCA RDGV SL AARQL RRDY Y YG LDV WGQGTP VTV SS
IGHV1-46*01,GA SVKVSCK ASGY TFTSYGISWVRQ APGQG LEWVGII NPSGGYTTDAQKFQG RVTMTR DTSTS TVYMELS SLRSEDS AVYYCAR G Y NYASGPWGQ GTLVTIS S
IGHV1-18*04,AS VKVSCK ASGY TLTNYGISWVRQ APGQGL EWMGWL GPYNGNTNY AQ KL QG RVTMTT DTSTS TAYMELRS LRSDDT AVYYCA RDRTMLQGVNPP IYYYYGMDV WGKG TTVTVS S
IGHV1-24*01,AS VKVSCKV SGF SLEAFSIHWVR QGPVKG LEWM GGFSPQDG YMIFAQK LQG RVTMA EDTSTD TAYMELTS LRSEDT AVYYCAVLVW GGA FD LWGQG TMVTVS S
IGHV1-18*01,AS VKVSCK TSGY TFTSYDIAWVRQ APGQGL EWMGWTNFYY NNTKY AQTLQGRVTMT TDTSTS TAFMELRS LRSHDT AVYFCA RR VRAIAAFD YWGQ GILVTVS S
IGHV1-46*01,GA SVKVSCK ASGY TFTSYYMHWVR QAPGQG LEWMGTI NPSGGSTSY AQKF QG RVTMTR DTSTS KVYMELS SLRSEDT AVYYCAR ESSNPM TMFGGVIV GSR FL DYWGQG TLVTV SS
IGHV1-18*04,AS VKVSCK ASGY TFTSYGISWVRQ APGQGL EWMGWISAY NGNTN YAQ KL QG RVTMTT DTSTS TAYMELRS LRSDDT AVYYCA RDRW GLLWFGELLRHY YGMD V WGQG TTVTVS S
IGHV1-3*01,Q VQLVQ SGA EVK KSGT SVTVSCK ASGYS FSTYAMHWVR QAPGQ TLEWMGWINE VNGNSKYSEKFQG RLTIFR DTSAS TAYMELS SLTSEDT AVYYCA RDRPTGSGT YGMDVWAK GPQSSSP
IGHV1-3*04,Q VQLVQ SGA EVK KPGA SVKVSCK ASGY TFTKFAIHGVR QAPGQ MLEWLGWLN TGNGDTKYSQRFQDR FKITR DTSADTS YMEVNRLR SEDT AVYYCARVRLQWF GEIPFDYWGQGS RVTVS S
IGHV1-8*01,AS VKVSCK ASGY TFTS Y D INWVRQAT GQGL EWMGWM NPNSGNTGY AQKF QG RVTMT RNTS ISTAYME LS SLRSE DTAVYYCARVLVKQWLTVCYYF DYWGQG TLLTVC S
IGHV1-2*02,AS VKVSC KACGYN FI G YYIHWVR Q ASGQGR EWMGWI NPNSGGTNY A QKF QG RVTM NRDTS INIAHMELSR LRSDDT AVYYCA RT RV AGIDR F D Y WGQG TLVTVS S
IGHV1-2*02,AS VKVSCK ASGFNLNG YFIQWVR QAPGKGL EWMGWI NPNNGDTSY A QKF QG RVTIT RDTS ISTAYLELSA LRSDDT AVYYCA RELPHE WLQ IPKSSNDYWGQG TLVGV SS
IGHV1-18*01,AS MKVSCK ASG YMFTSYGISWVRQ APGQGL EWMGWISVQY GTTK YA RNM ETRLTMTA DTSTT TAYMELRS LTSDDA AVYYCV RDNF YESTTWRR ASDGD YW G QGIRFTVS S
IGHV1-2*02,AS VKVSCK ASGY TFT G SYMHWVRQ APGQGL EWMGWI NPNSGGTNY AQKF QG RVTMT RDTS ITTAYMELSR LRSDDT AVYYCA RDTTYGG AFDIW GQG TMVTVS S
IGHV1-24*01,AS VKVSCKV SGYTLPE LSMHWVRQ APGKG LEWMG G F DPEDGE TIYAQKF QG RVTMT EDTSTD TAYMELSS LRSEDT AVYYCA TAPAAAGTGA HYYYYGMDV WGQG TTVTVS S
IGHV1-3*01,QV QLVQ SASEVKNPGA SVNISC K A LRY S FIS Y GIHWLR QAPGQS LEWMGWI DPATGK TKFSQ KFKG RVTITMYT SAS TVYLGLS SLRSEDT A LYYC ARA IGDAS FSYYYGLDVW GQG TTVTVS S
IGHV1-69*13,S VKVSCK ASGGTFSGPG INWVR QAPGQGL EWMGGIIPM FGSANYAQKFQG RVTITA DESTN TVSMELS SLRSED TAVYYCAR EGDD VVVVYAFQ HWGQG TLVTVS S
IGHV1-2*02,ASA KVACK ASG YILTA N YMDWVR QTPGQGL EWMGWI NPSNGG TFITQKF QG RVTMTR DTSKDTG YMELMRL RPDDT AIYYCTTSV DADGSMPWFDPWGQG TLVTVF S
IGHV1-8*01,AS VTVSCT ASGY TFRNFDINWVR QAPGQGL EWMGWI NPKSGTRGH AQKF QG RITMT RNTS ISTAYMEL NSLRSEDT AVYYCATEIA G I TPAGTTDYWGRG TLVTVS S
IGHV1-24*01,AA VQVSCKV SGY TLTELSMHWVR QAPGKG LEWM GG F DPEDGE TIYAQKF QG RVTMTE DTSTG TAYMELSS LRSEDT AVYYC ATGN VYS SSSWFDPWGQG TLVTVS S
IGHV1-69*08,S VKVSCK ASGGT L N THIFTWVR QAPGQGL EWMGKITPII DSSKYAPQFQG RLTITA DKYTG TVYMDLTR LRSDDT AVYYCARVNL RGSQYN WF DPWGQG TLVTV SS
IGHV1-2*02,AS VKVSCK ASG YTFIAYYIHWMR QAPGQ ALEWMGWI NPNSGGTKC A QKF QG RVTMT RDTS ISTGYMELSR LRSDDT AVYYCARFKA AAGKGN YYYYGMDV WGQG TTVTVS S
IGHV1-2*04,AS VKVSCK ASGY TFTGYYMHWVRQ APGQGL EWMGWI NPNSGGTNYA QKF Q GWVTMT RDTS ISTAYMELSR LRSDDT AVYYC ARGG Y CSSTSC YTFGYY G MDV WGQG TTVTVS S
IGHV1-18*01,AS VKVSCHV SGGT FTKYGITWVRQ APGQGL EWMAWISA HHGNTDY A QK Y EG RVTMTT DTSTS TAYMELRS LTSDDT AVYYCA RGRDVSGFPGW Y HDYWGQG TLVTV SS
IGHV1-69*13,S VKVSCK ASGGT FSSYAIRWVRQ APGQG LAWM GG IIPI FGTAN YAQK FQG RVTITA DESTS TAYMELS SLRSED TAVYYWASLATAAFDIW GQG TMVTVS S
IGHV1-18*01,AS VTVSCK ASGY TFTSYGISWVRQ APGQGL EWMGWISAY NGNTNY AQKL QG RVTMTT DTSTS TAYMELRS LRSDDT AVYYCATVLTGYFWF DPWGQG TLVTVS S
IGHV1-18*04,Q VQLVQ SGG EVK KPGA SVKVSCK ASGY TFINYGISWVRL APGQG LEWMGWIS GYNGDTNY AQKF QG RVTITT DTSTT TAYMDLRS LRSDDT AVYFCAR S L CRGGD CYAIAS DYWGQG TLVTVS S
IGHV1-18*01,AS VKASCK ASGY TFTSYGISWVRQ APGQG LECMGWI NPYNADTHSAQ KF QG RVTMTA DTSTR TAYMDLRS LRSDDT AVYYCE RDPTM VRGVFRWF DPWGQ GTLVTVS S
IGHV1-3*04,Q VQLLQ SE TEV KKPGA SVKVSCK ASGYS FTTYAIHWVR QAPGQGL EWMGWINRV NGNSEYSQ KFQARLTIYR DTAAS TAYMELS SLTSEDA AVYFCA RDRPTGSGT YGMDVW GQG TTVSV SS
IGHV1-2*04,AS VKVSCK ASGY TFTGYYMHWVRQ APGQG LEWMVWI NPNSGGTNY AQKF Q GWVTMT RDTS ISTAYMELSR LRSDDT AVYYC ARGQ EVENYY DSSGY YYYFDY WGQG TLVTVS S
IGHV1-2*02,AS VKVSCK ASGY TFTDYYIHWVRQ APGQGL EWMGWI NPHSGDTNY A QKF RG RVTMT RDTS ISTAYMD LT R LRSDDT AVYYCA TGSHDYAD LYLLHYW GQG TLVTVA S
IGHV1-18*01,QGE LVQ SGT EMKK LGA SVRVSC KAP AFIFT SNG FAWVRQ APAQGL EWMGRVS ASNGDT HYAQKF QG RVLMTT DSSTT TAYMELK NLRSDDT AVYFC ATTS VSLYWYFD LWGRG TLVTVS S
IGHV1-69*04,S VKVSCK ASGGT FT SYAISWVR QAPGQGL EWMGRITPI VGLANYAQK FQG RVTFIA DKSTSTS YM NLSGLRSEDT A AYYC AGGRDGHDDYWGQG TLVTVS S
IGHV1-69*02,Q VQLVQ SGA EVK KPGS SVKVSCK ASGGN FRASTITWVRQ APGQG LQWMGRT IPKVGNRNYA Q SFQG RVTITA DASSTT SYMG LKNLRPEDT AIYYC ATGESR F ASGIDNWGQG TLVTVS S
IGHV1-18*01,AS VKVSCK ASGY TFNTYAISWAR QVPGQGL EWMGWIST YNG VATY APKAQG RVTFTT DSSTT TAYMELRRL TYDDT AVYFCA RGSRA Y DYWGQG TLVSVS T
IGHV1-18*01,AS AKVSCHV SGGT FTKYGISWVRQ APGQGL EWMALISA HNGNTDY AQ K Y EG RVTMT TDTSPST AYMELR SLTSYDT AVYYCA RGRDVSGFPGWYHDYWGQGTP VTV SS
IGHV1-18*01,Q VQLVQ SG IEVE KPGA SVKVSC KAPGY TFTSYGINWVRQ APGQGL EWMGWISVY NGNTNY AQKF QG SVTMTT DTSTS TAYLELG S L RSDDT AVYYCARGFY DRRGY S MKGPFDYWGQG TLVTVS S
IGHV1-2*04,AS VKVSCK ASGYT FTDYYMNWVRQ APGQGL EWMGWI NPNTGGTNY AQ KFQG WVTMT RDTSMS TAYMELTR LASDDT AVYYCA TSGKSGED F FDF WGQGT TVTVS S
IGHV1-69*06,S VKVSCK ASG VTFT TQ SLIWVRQ APGQG LEWLGGII PTFGSPDYSQKLQG RVTITA DTSAN VIYMELS SLKFED TAVYYCAR EAPGV SVAGLYYFD LWGQG TLVTVS T
IGHV1-2*02,AS VKVSCK SSGY TFTGYYMHWVRQ APGQGL EWMGWI NPNSGGTNY AQKF QG RVTMT RDTS ISTAYMELSR LRSDDT AVYYCA RDRDLT K RGM DV WGQG TTVTVS S
IGHV1-2*02,AS VKVSCK ASGY TFTGYYMHWVRQ APGQGL EWMGWI NPNSGGTNY AQKF QG RVTMT RDTS ISTAYMELSR LRSDDT AVYYCA RDLNSV GIAAVWF G ELSY WGQG TLVTVS S
IGHV1-3*01,V QLVQ SGA EVK KPGA SVKVSCK ASG YIFSSYTMHWVR QAPGQRPE WMGWITA GNGNTKYSQHFQD RVTIT GDTSA SIAYMEL SSLKSEDT AVYYCA RGPWG Y CSGGR CY SG YFD YWGQG TLVTV SS
IGHV1-69*02,Q VQLVQ SGA EVK KPGS SVKVSCR ASGGSYS SYTFSWVR QAPGQG LEWMGRIIPILN MAD Y S Q KFQG RVTLVA DRSTA TAYMELTS LRAED TAIYYCARIAAAR HYSDAPWGQGTP VIV SS
IGHV1-2*02,AS VKVSCK ASGY TFTGYYMHWVR QAPGQGL EWMGWI NPNSGGTNY A QKF QG RVTMT RDTS ISTAYMELSR LRSDDT AVYYCARV GI ARRY CSSTSC YR AN YYY G MDV WGQG TTVTVS S
IGHV1-18*01,AS MKVSCK ASGY TFTSYGISWVRQ APGQGL EWMGWISAY NGNTNY AQKL QG RVTMTT DTSTS TAYMELRS LRSDDT AVYYCA RTPSTYYGSG TLAFDI WGQG TMVTVS S
IGHV1-3*01,QGQ LVQ SGA EVR KPGA SMKVSCT ASGFS YASYTLHWVR QAPGQ SLEWMGWV HPGNGRTKSSPNFSG RVTFSA DTSAG TMYMELSS LTSDDT GIYYCAS ESTSNAFG LW GQG TVVTVS S
IGHV1-2*02,AS VKGSCK ASGY TFTAYYMHWVR QAPGQGL EWMGWI NPSRGVT NYAQK FQG RVTMT RDTS ITTAYMELSR LRSDDT AVYYCAR ASGYS TFDY WGQG TLVTVS S
IGHV1-18*04,AS VKVSCK ASGY TFTTYGINWVRQ APGQGL EWVGWISA NNGNT HYVQKF QG RVTLTT DPSTST AN MALRS LRFDDPA VYYC ARAPH VETLFGMVMAIN GA FD LWGQG TMITV SS
IGHV1-18*01,Q VQLVQ SGA EVK KPGA SVKVSCK ASGY TFTSYGISWVR QAPGQ VLEWLGWIS G Y IGNTKD AQK LQG RVTMTT DTSTH TAYTELRSL RADDT AVYYCARE IAPR EIVV GT RYYHFGMDV WGQG TTVTVS S
IGHV1-2*02,AS VKVSCK ASGY TFTAYYLHWVR QAPGQGL EWMGWI TPNSGDTN YALKF QG RVTMT RDTS ISTAYMELSRLR FDDT AVYYCARIS VPGGDR GLIIR TPDFWGQG TLVTVS S
IGHV1-2*02,AS VKVSCK TSGYS F AG HYIHWVRQ APGQGL EWLGWI SPKTGA TIYAR NLEG RVTLTR DTSTG TAYMELNS LRSDDT AVYYCASVT TETDFWGPG TLVTVS S
IGHV1-2*02,AS VKVSCK ASGY TFTGYYMHWVRQ APGQGL EWMGWI NPNSGGTNY AQKF QG RVTMT RDTS ISTAYMELSR LRSDDT AVYYCA RVPPW W ELYAE WGDYWGQG TLVTV SS
IGHV1-2*06,AS VKVSCK ASGY TFTGYYMHWVRQ APGQG LEWMGRI NPNSGGTNY AQKF QG RVTMT RDTS ISTAYMELSR LRSDDT AVYYCA RVP VVAWYRLWF DPWGQG TLVTVS S
IGHV1-2*02,AS LKDSCKASGYAFIVYYIHWVR QAPGQGPEC MGFI NPDNGGT YY APKFKG RVTM TRDTS ISTAYME LGSLTSD DTAVYYCARDVLHALDV WGQGT MVTV SS
IGHV1-2*02,AS VKVSCK ASGYT LSDYYMHWLRQ APGQS LEWMGWI NPNSGGT MYAQK FQG RVTMT RDTS VSTAYMEL TGLRPEDT ALYFCA RGRGKS YAE HDYWGQGS LVTVS S
IGHV1-24*01,DA VQVSCKV SG YTLTAFSMHWVR QAPGQGL EWLG G F APEHGT TIYAQK FQG RVTMT EDTSTD TAYMELSS LRSEDT AVYYCA TDDPPGA VFGVVIYALHIW GQG TMVTV S
IGHV1-2*02,AS VKVSCK ASGYT FSDYYMHWVR QAPGQGF EWMGWI NPNSGGTNY AQ KF QG RVTMT RDTS ISTAYMELSR LRSDDT AVYYCARE ARDGYNFEG MDV WGQG TTVTVS S
IGHV1-2*02,AS LKVSCK ASG YIFTAYYMHWVR QAPGQGL EWMAWI NPDNGGANYA QKF H GRVTVT RDTS ISTVYLD LSRLRSDDT AVYYCARD Y Y DRSG YYLLFDY WGQG TLVTVS S
IGHV1-24*01,AS VKVSCKV SGYT LSELAMHWVRQ APGKGL EWMGGF DPANG EIVYSE KFQG RVTMT EDTSSD TAYVELSS LRSEDT AVYYCATLL ADT FTYYYSFDY WGQG TLVTVS S
IGHV1-18*01,AS VKVSCR ASGYSFTD FGISWVRQ APGQGL QWMGWIST SHHNTNYAEKFQD RVTLTA DTSTN TAYMELRSVT LDDT AVYYCA RDE YYFSINYRR ASDGD YWGQGTLVTVS S
IGHV1-24*01,AS VKASCKV SG YTLTALSMHWVR QAPGQG LEWMG G F DPEDGE TIYAQKF QG RVTMT EDTSTD TAYMELSS LRSEDT AVYYC ATGSPL ARVGWF DPWGQ GTLVTVS S
IGHV1-2*04,Q VQLVQ SGA EVK KPGA SVKVSCKAYAYTF TG YYLHWVR QAPGQG LEWMGWI NPNSGATD YAR KFQG WVTMT RDTS ISTAYMELSRV KSDDT AVYYCARA LPVKG LDVW GQG TTFIV SS
IGHV1-18*01,AS VKVSCK ASGY TFASYEMGWVRQ APGQGL EWVGWISIW NGHTT Y S QKF QDR LTMT TDISTA TAYMELRS LRSDDT AVYYCARLALYC SRRSCHDSWGQGS LVTV SS
IGHV1-18*01,Q VQLVQ SGA EVK KPGA SVKVSCK TSASAFT SYGFSWVRQ APGQGL EWMGWISTI HGHTNYAQKFQD RVTMTT EASTS TVYMELRSL RSDDT AVYYCA RDRPAFGG IDFW GQG TLVTV S
IGHV1-46*01,AS VKVSCK ASGY TFTSYYMHWVRQ APGQGL EWMGII NPSGGSTSY AQKF QG RVTMTR DTSTS TVYMELS SLRSEDT AVYYCA RDNPPPGQ LLWF GDPQTNN YYYGMDV WGQG TTVTVS S
IGHV1-2*02,AS VKVSCK ASGY TFTGYYMHWVRQ APGQGL EWMGWI NPNSGGTNY AQKF QG RVTMT RDTS ISTAYMELSR LRSDDT AVYYCA RDAAPTGRGLGG MDV WGQGT TVTVS S
IGHV1-2*02,AS VKVSCKV SGY TLTELSMHWVR QAPGKGL EWMGWI NPNSGR ATYAQKF QG RVTMT RDTS ISTAYMELSS LRSDDT AVYYCA RDRPQTPG VIT P TF D Y WGQG TLVTVS S
IGHV1-24*01,AS VKVSCKV SGY TLTALSMHWVR QAPGKG LEWM GG F DPEDGE TIYAQKF QG RVTMT EDTSTD TAYMELSS LRSEDT AVYYCA TSDHYYDGTDWFDYWGQGN LVTVS S
IGHV1-18*01,AS VKVSCK ASGY TFTSYGISWVRQ APGQGL EWMGWISAY NGNTNY AQKL QG RVTMTT DTSTS TAYMELRS LRSDDT AVYYCA RSHLGAWDLTH Y YGM DV WGQG TTVTVS S
IGHV1-24*01,AS VKVSCKVS GY A L SE LSMHWVR QAPGKG LEWM GG FD TEEGE TVYAQKF KG RVIKT EDTSTN TAYLELRS LRSEDT AVYYFVTSLWAV AGPFDRWGQGTP VTV SS
IGHV1-2*06,AS LKVSCK ASGY TFTGFQMHWVRQ APGQG LEWMGRM NPSTGY TRYAQKF QG RVTMT RDTS ISTVYMELSR LKSDDT AVYYCAR ERPDITGTPRDWGQG TLVTVS S
IGHV1-24*01,AS VKVSCKV SGY TLTELSMHWVR QAPGKG LEWM GG F DPEDGE TIYAQKF QG RVTMT EDTSTD TAYMELSS LRSEDT AVYYCASL RGSGSEYP LDIW GQG TMVTVS S
IGHV1-18*01,AS VKVSCK ASGY TFTSYGISWVRQ APGQGL EWMGWISAY NGNTNY AQKL QG RVTMTT DTSTS TAYMELRS LGSDDT AVYYCA RDRSVSSG WYVIEL G YYYYGMDV WGQG TTVTVS S
IGHV1-18*01,A SVTVSCK ASG YIFVSYGISWVR QAPGQGL EWMGWISG YNGNTNY AQKVQGRVTLTR DTSTS TAYMELRS LRSDDT AVYYCAR ASGKPH LSS H W YGGLGDWGPG TLVTVS S
IGHV1-2*04,AS VKVSCK ASGY TFTGYYMHWVRQ APGQGL EWMGWI NPNSGGTNYA QKF Q GWVTMT RDTS ISTAYMELSR LRSDDT AVYYCA KPGGSRIQ NYYGLHVW GQGT TVTVS S
IGHV1-3*01,Q VQLVQ SGA EVK KPGA SVKVSCK ASG YIFSSYTMHWVR QAPGQRPE WMGWITA GNGNTKYSQHFQD RVTIT GDTSA SIAYMEL SSLKSEDT AVYYCA RGPWG Y CRGGR CY SG YF DYWGQG TLVTVS S
IGHV1-2*02,AS VKV PCKPSGY TFTAYYIHWVR QAPGQGL EWMGWI NPNSGGT YSAQKF QG RVTMT TDTS ISTAYMELS SLRYDDT AIYYCA RGGGDGGHWGQGT PVTVS S
IGHV1-24*01,AS VKVSCKV SGY TLTELSMHWVR QAPGKG LEWM GG F DPEDGE TIYAQKF QG RVTMT EDTSTD TAYMELSS LRSEDT AVYYCATAFTVRP VHNNSSWTN YYYYYGMDV WGQG TTVTVS S
IGHV1-24*01,AS VKVSCKV SGD TLSALS ALSEL SVYWVRQ GPGKG LEWIGGFI PEDGQ TLYAQKF QG RVTMTE DTSTG TAYMQLSS L T FEDT AVYYCT TTR VSTWYA HRGMD V WGQG TTITVS S
IGHV1-69*13,S VKVSCK ASGGT F SSYAISWVRQ APGQGL EWM GG IIPIF GTAN YAQK FQG RVTITA DESTS TAYMELS SLRSED TA VYY CASK LGMN LI GD WYFDL WGRG TLVTVS S
IGHV1-2*02,AS VKVSCK ASGY TFT D YHIHWVRQ APGQGL EWMGWVY PKSGDTSF AQ NFQG RVTMT RDTS VSTAYMELRS LRSDDT AVYFCARS WGPRGVDGELPLDYWGHG TLVTVS S
IGHV1-3*01,AS VKVSCK ASGNT FI GDVVNWVR QAPGQ RLEWMGWIKVY NGD IKYSQKF QG RVTITR DTSAS TVYMEMSS LRSEDT AVYYCARESV VGDTDGM DVW GQG TTVTVS S
IGHV1-2*02,AS VKVSCK ASGYTF SDYY IHWVR QAPGQGL EWMGWI SPKSGVTN YAQK FQG RITMT RDTS ISTAYMELSR LRSDDS AVYYCARMFYY DSGGSS LFDY WGQG TLVTV SS
IGHV1-18*04,AS VKVSCK ASGYS FTTYLINWVRQ APGQGL EWMGWIAAY NGKTNYAENFQDR VSMTM DTSTDT AYMEL SGLRSEDT AVYYCA TDSISG IVIMAWVYW GQG TLVTVS S
IGHV1-18*01,AS VKVSCK ASGYTFPS YGISWVRQ APGQGL EWMGWISVYT GNTNYA QKF QG RVTLTT DTSTN TAYMDL RSLKSDDT AVYYC SRGL TYYGFL TGPDYWGQG TLVT VPS
IGHV1-18*01,AS VKVSCK ASGY TFTSYGISWVRH APGQGL EWMGWISA YNGNPNYT QMLQGIFTMT TDTSTT TAYMELRCLR SDDT AVYHC ARGA WVD IPHY YYGMDV WGQG TTVTVS S
IGHV1-69*05,S VKVSCK ASEGPF RD YAISWVR QAPGQGL EWLGGII PRFDKTNYAQ K FQG RVTITT DESTS AVYLVLTS LTSDDT AMYYCA RDRT WTS RGM DV WGQG TTVTVS S
IGHV1-24*01,AS VKVSCKV SGY TLTELSMHWVR QAPGKG LEWM GG F DPEDGE TIYAQKF QG RVTMT EDTSTD TAYMELRS LRSEDT AVYYC ATG VLLWFD AGWFDPWGQG TLVTVT S
IGHV1-18*04,A SVQVSCK ASGY TFTSYGISWVRQ APGQGL EWMGWISAY NGNTNY AQKL QG RVTMTT DTSTS TAYMELRS LRSDDT AVYYCA RDGDNQGS WYYD FWSGYQFPH YYYYGMDV WGQG TTVTVS S
IGHV1-18*01,AS VKVSCM ASGY TFTSYGISWVRQ APGQGL EWMGWISAY NGNTNY AQKL QG RVTMTT DTSTS TAYMELRS LRSDDT AVYYCAR DSSGW Y RPPSYFDYWGQG TLVTV SS
IGHV1-24*01,AS VKVSCKV SGYN LIELSMHWVR QTPGKG LEWMGGF DPEGG KIRYAERF RG RVRLT EDTSRD TAYMEVSS LRSEDT AVYYCA TDLRGH YGLLDL WGQG TLVAVS S
IGHV1-24*01,AS VKVSCKV SGY T LTELSMHWVR QAPGKG LEWM GG F DPEDGE TIYAQKF QG RVTMT EDTSTD TAYMEL SSLRSE DTAVYYCATAIAA AGID HYYYGMDV WGQGT TVTV SS
IGHV1-24*01,S VKVSCKV SGY TLTELSMHWVR QAPGKG LEWM GG F DPEDGE TIYAQKF QG RVTMT EDTSTDT AYMELS SLRSEDT AVYYC ATAP VVVVAAQL N WF DPWGQ GTLVTVS S
IGHV1-24*01,AS VKVSCKV SGY TLTELSMHWVR QAPGKG LEWM GG F DPEDGE TIYAQKF QG RVTMT EDTSTD TAYMELSS LRSEDT AVYYC ATGP VVVVA EESGW F DPWGQG TLVTVS S
IGHV1-2*02,AS VKVSCK ASGY TFTDYYVHWVRQ APGQGL EWMGWIY PKTGGTE YAQN FQG RVTVT RDTS ITTAYMELRRLT FDDT AVYYCVSVTWS QRDG FVVWG HG TMVTVS S
IGHV1-46*01,Q VQLVQ SGA EVR KPGA SMKVSCK ASGY TFTSYYLNWVR QAPGQG LEWMGII NPSDGNTNSAQ KFRGTVTMTR DRSTS TVYMEMS SLRPDDT AIYYCAR GDNGDFPRPFDYWGQG TLVTVS S
IGHV1-18*01,AS VKVSCK ASGY TFTSYGISWVRQ APGQGL EWMGWISA FNGTTNY AQKL QG RVTMTT DTSTS TAYMELRSL RSDDT AVYYCA RPRGH YY DSSGY Y SAPFDA FDI WGQG KMVTIT S
IGHV1-69*02,Q VQLVQ SGA EVK KPGS SVKVSCK ASGGT FSSYTISWVR QAPGQGL EWLGRIIPI IDIANYAQK FQG RVTITA DKSTS TAYMELS SLRSED TA VY YCAR YGYD LYF DDWGQG TLVTV SS
IGHV1-8*01,AS VKVSCQ ASGY TFTN YD INW V RQ ATGQGR EWMGWM NPNSDNTGH AWKFQ G RVTMT RNTS ISTAYMELTRI TSDDT AVYYCT KGPWQPY YY GMG V WGQGTPGT V SS
IGHV1-24*01,AS AKVSCKV SGY SLVELSMHWVRR TPGKG LEWVG G F DPELGG TVFALKF QG RVTMT EDSSTDT AYMELISLR SEDT AVYFCA T EIVVGLTLR SDFWGQG TLVTVS S
IGHV1-18*01,AAG KVSCK ASGY TFTSYGISWVRQ APGQGL EWMGWIS ADSGTT AYAQKI QG RVTMTT DTSTS TAYMELRSL RSDDT AVYYCATVVGYS YGGGW F DPWGQG TLVTVS S
IGHV2-5*02,SGPT LV KPTQ TLTLTCT FPGF SLS TSG VGVGWIR QPPGKA LEWLALIYW DDDKHYSPSLK SRLTITK DTSKN QVVLTMT NMDPVDT ATYYCA HSPTGT YGMDVW GQG TTVTVS S
IGHV2-5*01,GPTLDQPTQ TLTLTCTF SG FSLS TSG VGVGWIRQ TSGKA LEWLALIYR NDDKHYSPSL KRRLTITK DTSKN QVVLTMT NMDPVD TATYYCAHFYDYLD YWGQG TLVTV SS
IGHV2-70*11,SFPTLVKPTQ TLTLTCTF SG FSL STSG MCVSWIR QPPGKA LEWLARI DWDDDKY YS TSL KTRLTIS KDTSKN QVVLTMT NMDPVD TATYY C ARI CNNF FGIYYG IDDAF DIW GQG TMVTV SS
IGHV2-70*11,SGPT LV KPTQ TLTLTCTF SG FSL STSG MCVSWIR QPPGKA LEWLARI DWDDDKY YS TSL KTRLTIS KDTSKN QVVLTMT NMDPVDT ATYYCARI NAGY SLAFDY WGQG TLVTVS S
IGHV2-5*02,QI TLK ESAPT LV KPTE TLTLTFVF SG FSL STSG VGVAWIR QAPGQA LEWLALVD WDDDKR YRASL RN RLTIT KDTYKS QVVLTMT NMDPVDTA TYYCTHIEYM WGYD LLVD AFGMWGQG TMVIVS S
IGHV2-5*02,SGPT LV KPTQ TLTLTCTF SG FSLT TNG VGVGWIR QPPGKA LEWLALIYW DDDI HY SPSRND RLTITK DTSKS QVVLTLTN VDPVDT ATYFCA NRSCSGDNCYPGYWGQG TLVTVS S
IGHV2-5*02,GPP LVIHT Q TLTLTCTF SG FSL STRG VSVGWIR QPPGKA LEWLALIYS DDDKRYSPSLK GRLAITK DTSKN QVVLTMT NMDSVDT ATYYCA HRRPSTWEGD WF DPWGQG TLVTV SS
IGHV2-5*01,Q ITLK ESGP TLV KPTQ TLTLTCSF SG FSL DTRG VVVGWIRQ APGKA LEWLSLIYWN AEKEYSPSV ETRLTMTK DTSNN QVVLTVTN MGPVDT ATYYCARRLS YGAGSHAP CFFDY WGQG ALVIVS S
IGHV2-5*02,SGPT LV KPTE TLTLTCA FPGF SLTT EGM GVGW SRQPPGKA LEWLALVYW DDDKRFSPSL KTRISIS TDTSRK EVVLTMT NM DIV DTGT YYCARF RRPNFWSGF DF WGPG ILVTV SS
IGHV2-5*02,SGNT L LKPPQ TLTLT CPFS WFSL TPDGV GVGWIR QPPGKA LEWLAFFYW DGDKRYSPSLE SRLTITK DTSKN QVVLTMT NMDPVDT ATYFCA HSSWLDTTFQHDAFDFWG QVTMVTVS S
IGHV2-5*02,SGPT LV KPTQ TLTLTCTF SG FSL STSG VAVGWIR QPPEKA LE WLALIY SDDDKRYSPSL KTRLTITK DTSKN QVVLTVTN IDPLDT ATYYCA HRRPSTWEGDW F DPWGQG TLVTVS S
IGHV2-5*01,SGPT L LKPTQ TLTLTCTF SG FSLS TSG VGVGWIR QPPGKA LEWLGLIFWS DDKRYSPSLK SRLTITK DTSNN QVVLTMT NMDPVDT ATYYC GHGGIRSGS YAFDL WGQG TMVTVS S
IGHV2-5*02,VPTLVKPTQ TLTLT CPFSG FSLS TSG VGVGWIR QPPGKA LEWLALIFW DDDDRYSPSL RSRLTITK DTSRN QVVLTMT NMDPVDTGT YYCAHIVIQRWLDWYFD FWGRG TLVTV SS
IGHV2-26*01,QV TLK ESGP VLV KPTE TLTLTCTVS GF S LSNPRM GVSWIR QSPGKA LEWLTH ISSNDEKSYSTSL KSRVTIS KDTSKS QVVLTMT NMDPVDTST YYCARVIFYD YALG TY RPRGSLDNWGQG TLVTVS S
IGHV2-5*02,QL TLK ESGP TLV RPTQ TLTLTCTF SG FSLTT R GVGVGWIR QPPGQA LEWLALLS WDGDDLYNPSLR NRLAIT KDTSEN QVFLTVTN VDPVDT ATYYCAHI SPT YVQGVIIR GPFDLWGQG TLVTVS S
IGHV2-5*02,SGPT LV KPTQ TLTLTCTF SG FSLS TSG VGVGWIR QPPGKA LEWLALIYW DDDKRYRPSL KRRLTITK DTSKN QVVLTMT NMDPVDT ATYYCAYRR HSNGWGSFDNWGQG TLVTV SS
IGHV2-5*01,SGPT L LKPTQ TLTLTCTF SG FSLTT SG VGVGWIR QPPGK ALEW LARIYW NGDKRYSPSLK SRLTITK DTSKN QVVLTMTN VDPVDTA TYYCA HTNWDYVPPYFDYWGQG TLVTV SS
IGHV2-70*11,SGPT LV KPTQ TLTLTCTF SG FSL STSG MCVSWIR QPPGKA LEWLARI DWDDDKY YS TSL KTRLTIS KDTSKN QVVLTMT NMDPVDT ATYYC GGGDCLAPYWGQG TLVTVS S
IGHV2-70*11,SGPT LV KPTR TLTLTCTF SG FSL STNG MSVTWIR QPPGKA LEWLARI DWDDDKY YS TSL KTRLTIS KDTSKN QVVLRMT NMDPVDT ATYYCA REDQRSHR GVMDVW GQG TTVTVS S
IGHV2-5*01,TLVKHTQ TLTLTCTF SG FSLS TSG VGVGWIR QPPGKA LEWLALIYW NDDKRYSPSLK SRLTITK DTSKN QVVLTMT NMDPVDTA TYYCA HRTT YYD FWSGYPPM V N WF DPWGQG TLVTVS S
IGHV2-70*11,SGPT LV KPTQ TLTLTCTF SGF SLIT SG MCVSWIR QPPGKA LEWLARI DWDDDKY YS TSL KTRLTIS KDTSKN QVVLTMT NMDPVDTA TYYCARMRTTI AAPDYWGQG TLVTVS S
IGHV2-5*02,SGPT LV KPTQ TITLTCTF SG FSLS TSG VGVGWIR QPPGKA LEWLALIYW DDDKRYSPSLKSRLPIPKDTSKN QVVLTMT NMDPVDT A TYYCA HYTS FFW SRY FDYWGQG TLVTV SS
IGHV2-5*02,KLFKPTE TLRLTCTF SG FSLTT SGV GMGWIR QPPGKA LEWLALIYW DDDTRYSPSL KSRLTITK DTSKS QVVLTMT NMDPEDTA TYD CSRW FGML TRPWFDPRGP GILVTVS S
IGHV2-5*05,GT TLV KPTQ TLTLTCTV SGF SLTTIGVGVGWIR QPPGKA LEWLALIYC DDNKAYGPY LT G GVTIARD TSKN QVVLTMT NLNPVDTA TYYCAQI RHPSYHN YFHMDV WGQG TTVTVS S
IGHV2-5*02,SGPT LV KPTQ TLTLTCTF SG FSLS TSG VGVGWIR QPPGKA LEWLALIYW DDDKHYSPSLK SRLTITK DTSKN QVVLTMT NMDPVDT ATYYCA HSPTGT YGMDVW GQG TTVTV S
IGHV2-5*01,GPPLVKPTQT RTLTCTF SG FSL STRG VGVGWIR QPPGKA LEWLALIYW NDDKRYSPSLK SRLTITK DTSKN QVVLTMT NMDPVDT ATYYCA HARH RITIFGVVIT TPWY F DYWGQG TLVTVS S
IGHV2-5*02,Q ITLK ESGP TLV RPTQ TLTLTCTF SG FSLTT RGAG VGWIR QPPGQA LEWLALLS WDGDDLYN PALRNR LASPKDTSEN QVILTVTN VDPVDTA TYYCAHI SPT YVQGVIIR GPFDLWGQG TLVTVS S
IGHV2-70*01,SGPT LV KPTQ TLTLACS FSGF SL NTSGM CLSWIR QPPGKA LEWLALID WEDDK YYST S LKTRLTIS KDTSKN QVVLTMT NMDPVDT ATYYCARI SSG WFHID HWGQG TLVTVS S
IGHV2-70*01,SGPT LV KPTQ TLTLTCTF SGF SL STSG MCVSWIR QPPGKA LEWLALID WDDDKY YST S LKTRLTIS KDTSKN QVVLTMTN MGPVDTA TYYCARITVEM A TI G YYYYY G MD VWGQG TTVTVS S
IGHV2-5*02,SGPT LV KPTQ TLTLTYTL SG FSLS TSG VDVGWIR QPPGKA LEWLALIYW DDDKRYSPSLK SRLTITK DTSKN QVVLTMT NMDPVDT ATYYCA HRTAFPY YY G MDV WGQG TTVTVS S
IGHV2-5*01,PT LVQLTHSLT LPCPFPGFPLTTSG VGVRWIR QPPGTA LEWLALFSWH ADQRHHPPLQ RRLTITK DTSKN QVVLP MTNLDPVDTA TYYS AHR RLGFYYYGM DVWG QVTTVTV SS
IGHV2-70*11,GPTLVKPTQ TLTLTCTF SG FSL STSG MCVSWIR QPPGKA LEWLARI DWDDDK YYS TSL KTRLTISK DTSKN QVVLTMT NMDPVDTA TYYCARIDVRVTA HDYWGQG TLVTVS S
IGHV2-5*02,SVPT L VKPTQ TLTLTCTF SG FSLS TSG VGVGWIR QPPGKA LEWLALIYW DDDRRYSPSLK SRLSIS KDTSKN QVVLTMT NMGPVDT ATYYCA HRGPGF WSGYFD YWGQG TLVT GSS
IGHV2-5*02,SGPT LV KPTQ TLTLTCTF SGF SLTTMGVGVGWIR QPPGK ALGWIALIYW DDDKRYSPSLN SRLTITK DTSKN QVVLTMT NMDPEDT ATYYCA H RRYYF DNSGPDYFDPWGQ GILVTVS S
IGHV2-5*02,SGPT LV KPTQ SLTLTCTL SGFS L S TLAA G V GWNRRPPGKA LEWLALIYW DDDKRYSPSLKN RLTTT KDTSKN QVVLTMTH MDPVHTGT YYRA HSPGN WEFW SGSPGRQ F D YW GLG TLVTV SS
IGHV2-5*02,SGPT LV KPTQ TLTLTCTF SG FSL STSG VAVGWIR QPPGK ALAWLALIYS DDDKRYSPSLK SRLTITK DTSKN QVVLTVT NMDPLDT ATYYCA HRRPSTWEGD WF DPWGQG TLVTVS S
IGHV2-5*02,SGPT LV KPTQ TLTLTCTF SG FSLS TSG VGVGWIR QPPGKA LEWLALIYW DDDKRYSPSLK SRLTITK DTSKN QVVLTMT NMDPVDT ATY Y CAHSALLWFGEL SGFDYWGQG TLVTV SS
IGHV2-5*02,SGPT LV KPTQ TLTLT CPFSG FSLS TSG VGVGWIR QPPGKA LEWLALIYW DDDKRYSPSLK SRLTITK DTSKN QVVLTMT NMDPVDT ATY Y CAHSALLWFGEL SGFDYWGQG TLVTV SS
IGHV2-5*02,SGH TLL KPTQ SLTLT CPFSG FSL SPSGV GVGWIR QPPGRA LEWLALIYW DDDKRYSPSLK SRLTITK DTSKN QVVLTMT NMDPVDT ATYYC AHRH AIFGV APY F DYWGQG TLVTVS S
IGHV2-70*15,Q VTLRE SGPA LV KPAQ TLTLTCTF SG FSLY TDG MCLSWIR QPPGKA LEWLGSI DWDDDKY YS TSL RTRLRIYK GSSKN QVVLTLTK VDPVDTAS YFCARIICT GGVCSRPFDYWGQG TLVTV SS
IGHV2-70*11,SGPT LV KPTQ TLTLTCTF SGF SL STSG MCVSWIR QPPGKA LEWLARI DWDDDKY YS TSL KTRLTIS KDTSKN QVVLTMT NMDPVDT ATYYCAR SSGGYSSG WYSYYYY G MDV WGQG TTVTVS S
IGHV2-70*15,Q VTLRE SGPA LV KPTQ TLTLTCTF SG FSL TTGG MSVSWIR QPPGKA LEWLTRI DWDDDKY YS TSLKP RLTIS KDTSKN QVVITMT NMDPVDT ATYYCA RHYGDY SIDY WGQG TLVTVS S
IGHV2-5*02,SGPT LV KPTQ TLTLTCTF SG FSLTT T GVGVGWIR QPPGRA LEWLALIYW DDDKRYSPSLR SRLTIST DTSKT QVVLRMT NMDPVDTGT YYCARID CTSNA CYNYRLNWF DPWGQ GTLVTVS S
IGHV2-5*02,SGPT LV KPTQ TLTLTCTF SG FSLTT T GVGVGWIR QPPGKA LEWLALIYW DDDERYSPSLK SRLTITR DTSKN QVVLTLT NMDPVDTA TYYCARVQY GSGS YYK EN RFYYFGMDV WGQG TTVTVF S
IGHV2-5*02,SGPT LV KPTQ TLTLTCTF SG FSLS TSG VGVGWIR QPPGKALD WLALIYW DDDKRYSPSLK SRLTITK DTSKN QVVLTMT NMDPVDT ATYYCA HRYPLFQGPY F DYWGQ GILVTV SS
IGHV2-5*02,Q ITLK ESGP TLV KPTQ TLTLTCTF SGF SLTTIGLGVGWIR QPPGKA LEWLALIYW DDDKRSSPSL RNRLTIS KDTSKN QVVLTLAN VDPVDT ATYYC ARG LYYA SGT S YSPRPFDSWR QVILVTVS S
IGHV2-70*01,SGPT LV KPTQ TLTLTCTF SG FSL STSG MCVSWIR QPPVKA LEWLALID WDDDKY YST S LKTRLTIS KDTSKH QVVLTMT NMDPV DTATYYCARMVLMGIASE VGLDYWGQG TMVTV SS
IGHV2-5*02,QI TL NESDPTLVKPTQ TLTLTCTF SG FSLTT SG VGVGWIR QPPGKA LEWLALIYW DDDKRYSPSL KTRLTVA KGTSKN EVVLTM TDMAPVD TAAYYCARRL ENYSRH TYTFDY WGQG TLVTVS S
IGHV2-5*01,SGPT LV NPTQ TLTLTCTF SG FSLT TNG VTVAWIR QPPGKA LECLAMISW NDDKQYSPSLK SRLTITK DTSKN QVVLTMT NMDPVDT AT YFCA HRF L GSLSSGS FDFW GQG TLVTVS S
IGHV2-5*02,GPTLVKPTQ TLTLTCTF SG FSLS TSG VGVGWIR QPPGKA LEWLALIYW DDDKRYSPSL KSRLTITK DTSKN QVVLTMT NMDPVDT ATYYCA HSRTRKHSS SWYVVGYY DYYYG MDV WGQG TTVTVS S
IGHV2-5*02,SGATLSKPT QILTLT CPFPGF SLSL SG VSVGWIR QPPGKA LEWLALIYW DDDKHYSPSLKSRP SITK DSSNN QVALTVTN VDPVDTG TYYCIH SGDN IRTEAFEVW GQG TMVTVS S
IGHV2-5*02,SGPT LV KPTQ TLTLTCTF SG FSLS TSG VGVGWIR QPPGKA LEWLALIYWA DDKRYSPSLK SRLT IPKDTSKN QVVLTMT NMDPVD TATYYCAHR LVLL G F DYWGQG TLVTVS S
IGHV2-5*02,Q ITLK ESGP TLV KPTQ TLTLTCTF SG FSL RNTG VGVGWIR QPPGKA LEWLAVIYW DDDKR YRASLK N RLTITK DTSKN HVVLTMSS VDPEDT ATYYCAHL GFDSAG YYYVRCYFDV RGGG TFVTVS S
IGHV2-5*02,SGPT LV KPTQ TLTLTCTF SG FSLTT T GVGVGWVR QPPGKA LEWLALIYW DDDKRYRPSLK SRLTITK DTSKN QVVLTM SNMDPVD AAT YYC AHRR SIVGVS G VD YWGQ GILVTVS S
IGHV2-26*01,SGPT LV KPTE TLTLTCTVS GF S LSNPT MGVSWIR QPPGK ALEWLAHIF SNDEKAYSTSLK SRLTISRD TSKG QVVLVMT NMDPVDTA TYYCARFATMS TRTGR WYYDL WGRGN LVTVS S
IGHV2-5*02,PTLVKPTQ TLTLTCTF SG FSLS TSG VGVGWIR QPPGKA LEWLALIYW DDDKRYSPSLK SRLTITK DTSKN QVVLTMT NMDPVDT ATYYC AHRPT YY YGSGS YLEYFD YWGQG TLVTVS S
IGHV2-70*01,SGPT LV KPTQ TLTLTCTF SG FSL STSG LCVSWIR QPPGKA LEWLALID WDDDKY YSTSLKTRLTIS KDTSKN QVDLTMT NMDPV DTATYYCARMVLMGIASE VGLDYWGQG TLVTV S
IGHV2-70*01,SGPT LV KPTQ TLTLTCTF SGF SL STSG MCVSWIR QPPGKA LEWLALID WDDDKY YST SL KTRLTIS KDTSKN QVVLTMT NMDPVDT ATYYCAR IPPTRYG MDVW GQG TTVTVS S
IGHV2-5*02,Q ITLK ESGP TLV RPTQ TLTLTCTF SG FSLTT R GVGVGWIR QPPGQA LEWLALLS WDGDDLYNPSLR NRLAIT KDTSEN QVFLTVTN VDPVDT ATYYCAQI SPT YVQGVIIR GPFDLWGQG TLVTVS S
IGHV2-5*02,SGPT LV KPTQ TLTLTCAF SG FSVTT R GVAVGWIR QPPGKPL EWLALIYW DDDQ IY SPSLS SRLTVTK DTSKN QVVLTMT NMQPVDTGT YFCA QRLPY RFFA SGS W FGPWGQG TSVTVS S
IGHV2-5*02,Q ITLK ESGPT L LKPTQ TLTLTCTF SGF S LTTPG VGVGWIR QPPGKA LEWLALIYW DDDKYYSPSLK RRLSITK DTSKN QVVLTVTTID YLDTA TYYCA RRP VAVVS KPPPNWFDPWGQG TLVTV SS
IGHV2-5*01,SGPPLVKPAE TLTLTCSF SG FSLT TSG VGVAWIR QPPGKA LEWLALIYW NDDKHYNPSLR NRLTITK DTSKN LVVLSM TNMDPVDTGS YFCAHIT GGH Y FPFPDYWGQG TLLTVS S
IGHV2-5*01,Q VTLKE SGP AVV KPTQ TLTLTCTF SG FSL STSG VGVVWIR QPPGKA LEWLALVS SNDDKHYSPSMK RRLTITR DTSKN HVVLSMT NMDLVDTAT YYCAFLM GDGGDNWFDPWGQG TLVTV SS
IGHV2-26*01,QV TLK ESGP VVM KPTE TLTLTCAV SGF SL SSLGTG VSWIR QPPGKA LEWLAHIS STDDKSYS R S LKSRLSIS RDTSRS QVVLSL SNVDPLDTA TYYCAHMK SERGV LT DLRPRK YTYFYYGLDV WGQG TTVTVS S
IGHV2-70*11,SA LTLV KPTHT HTLTCN FSG FSL IPSGM CVSWIR QTPGNA LEW LSR IDLDDDK YYS TSLK TRLTIS KDTSKN QVVLTMT NMDPVDTA TYYCAR IPFNYYGSGS Y RG YGMDV WGQG TTVTVS S
IGHV2-5*05,SGH TL LKPTQ TLTLTCAFSLFS LTPR GVAVGWIR QPPGKPL EWLALIYW DDDQ IY GPSLSN RLTIT KDTSKT QVVLRMT NMQPVDTGT YFCA QRLPY RFFA SGS W FGPWGQG TSVTVS S
IGHV2-5*02,SGPT LV KPTQ TLTLTCAF SG FSLS TRG VGVGWIR QPPGKA LEWLALIYW DDHKRYSPSLE SRLTITR DTSEN QVVLTLTN VDPVDT ATYYCARITE NRGGTSGN YFFQYFHH WGQG TLVIVS S
IGHV2-70*04,Q VTLKE SGPA LV KPTQ TLTLTCTF SG FSL STSG MRVSWIR QPPGKA LEWLARID WDDDK FYS TSLK TRLTIS KDTSKN QVVLTMT NMDPVDT VTYYCARIRPIN Y Y DSSGY DYYFDY WGQG TLVTVS S
IGHV2-5*02,QIALNESDPTLVKPTQ TLTLTCTF SG FSLTS TG VGVGWIR QPPGKA LEWLALIFW DDDKRYSPSL KTRLTVA KDTSKS QVLLTMT NMAPADT ATYYCARR LENYSRH TYTFDY WGQG TLVTVS S
IGHV2-5*02,SGPT LV KPTQ TLTLTCTF SG FSIT TNG VAVAWIR QSPGKAPE RLALFYW DGDKRYSPSL MSRLTITK DTSKN QVVLTMT DMDPLDTGT YYCARARR RDSCSGGP CYYMD YWGQG TLVTVS S
IGHV2-5*02,SGPT LV KPTQ TLTLTCTF SGF S FSST RVTVGWIR QPPGKAPE WLALIYW DDETRYRPSLK SRLTITK DTSKN QVVLTMT NMDPVDTGT YYCA HGDSYSGYDNFDYWGPG TLVTVL S
IGHV2-5*02,SGPT LV KPTQ TLTLTCSL SGF SL NTSG VGVGWIR QPAGKA LEWLALIYW DDEELYSPSLKS RLTVTKD ITKN QVVLTMT NMDPVDT ATYFCAH RRSGW AHF DDWGQG TLVIVS S
IGHV2-5*02,SGPT LV KPTQ TLTLTCTF SG FSLS TSG VGVGWIR QPPGKA LEWLALIYW DDDKRYSPSLK SRLTITK DTSKN QVVLTMT NMDPVDT ATYYCA HRRHDFWS GYFIRW GQG TLVTVA S
IGHV2-5*01,SGPT LV KPTQ TLTLTCTF SG FSLT SSG VGVGWIR QPPGKA LEWLGTIYW NNDKRYSPSLKN RLTIIK DTSKS QVVLTMT DLDPADT ATYFCA HRHRGP YLY GSGSYYRG WF DPWGQGTP VTV SS
IGHV2-5*02,SVPT L VKPTQ TLTLTCTF SG FSLS TSG VGVGWIR QPPGKA LEWLALIYW DDDKRYSPSLK SRLTITK DTSKN QVVLIMT NMDPVDT ATYYCA HR R VGR GVF DPWGQG TLVTVS S
IGHV2-70*15,Q VTLRE SGPA LV KPTQ TLTLTCTF SG FSL TTGG MSVSWIR QPPGKA LEWLTRI DWDDDKY YS TSLKP RLTIS KDTSKN QVVLTMT NMDPVDT ATYYCA RNYGD YSIDY WGQG TLVTVS S
IGHV2-5*02,SGPT LV KPTQ TLTLTCTF SG FSL SSDG VGVAWIR QPPGKA LEWLALIYW DDDQRYSPSL RSRLTIT KDTSKS QVVLTMT NMDPVDT ATYYCAHR A SF YDDDDF YYS G FD YWGQG TTVTVS S
IGHV2-5*02,SGPT LV KPTQ TLTLTCTF SG FSLS TSG VGVGWIR QPPGKA LEWLALIYW DDDKRYSPSLK SRLTITK DTSKN QVVLTMT NMDPVDT ATYYCA HRPGS WYLGYFD YWGQG TLVTVS S
IGHV2-5*02,SFPT LV KPTE TLTLTCTF SG FS LTDGG VGVGWIR QPPGKA LEWLALIYW DDDKRYSPSLK SRLTITK DTSKN QVVLTMT NMDPVDT ATYYCA HRRSYDFWSGYYGPLPKQPLR GIMDV WGQG TTVTVS S
IGHV2-5*02,SGPT LV KPTQ TLTLTCTF SG FSLS TSG VGVGWIR QPPGKA LEWLALIYW DDDKRYSPSLK SRLTITK DTSKN QVVLTMT NMDPVDT ATYYCAHWT FGEPP YYYYYGMDV WGQG TTVTVS S
IGHV2-70*11,SGPT LV KPTQ TLTLTCTF SGF S LST TTMCVSWIR QPPGK ALE WLAR IDWDDAKYYSTSL RTRLTIS KDTSKN QVVLTMTN VDPVDT ATYYCAR SQRGRDIPGW F DPWGQG TLVTVS S
IGHV2-70*11,SGPT LV KPTQ TLTLTCTF SG FSL STSG MCVSWIR QPPGKA LEWLARI DWDDDKY YS TSL KTRLTIS KDTSKN QVVLTMT NMDPVDT A TYYCAR MRSTIPALPLDYWGQG TLVTV SS
IGHV2-5*02,LVKPTQ TLTLTCTF SG FSL STRG VGVAWIR QPLGKA LEWLAFIYW DADKRYSPSLE SRLTITK DTSEN QVVLTMT NMDPVDT ATYYCAHRL S KSAA NASPDYFDSWGQG TLVTV SS
IGHV2-5*02,SGH TL LKPTQ TLTLT CPFSG FSL SPSGV GVGWIR QPPGKA LEWLALIYW DDDKRYSPSLK SRLTITK DTSKN QVVLTMT NMDPVDT ATYYC AHHS IIVLFD YWGQG TLVTVS S
IGHV2-5*02,SAPT L VKPTQ TLTLTCTL SGF SLTTYDVAVGWFR QPPGKA LEWIGLIYW DDDTRYSPF VQR G LSIT KDASKN QVVLTVTN VQAMDT AIYYC AHR RIAVA GPNFD F WGQ GILVTV SS
IGHV2-26*01,SHHAPGK ATVTLTLS CPVPGFSLSPA RMYVSWIR QPPGK ALEWLAHI F SNDEKSYSTSL KSRLTIS KDTSKS QVVLTMT NMDPVDT ATYYCARI PRRGY TYGLMPFDI WGQG TMVTVS S
IGHV2-5*02,PTLVKPTQ TLTLTCTF SG FSLS TSG VGVGWIR QPPGKA LEWLALIYW DDDKRYSPSLK SRLTITK DTSKN QVVLTMT NMDPVDT ATYYCAHR RGSGWYGPY F DYWGQG TLVTVS S
IGHV2-5*02,SGPTLAKPTQ TLTLT CPFSG FSL SPSGV GVGWIR QPPGKA LEWLALIYW DDDKRYSPSLK SRLTITK DTSKN QVVLTMT NMDPVDTA TYYCAL K TTVVTAGYFQH WGQG TLVTVS S
IGHV2-70*11,SGPT LV KPTQ TLTLTCTF SG FSL STSG MCVSWIR QPPGKA LEWLARI DWDDDKY YS TSL KTRLTIS KDTSKN QVVLTMT NMDPVDT A TYYCA R EYMVRGVIVDY WGQG TLVTVS S
IGHV2-5*02,Q ITLK ESGPT M VKPTQ TLTLTCTV SG FSLTTIGLGVGWLR QPPGKA LEWLALIYW DDDKRSSPSLR NRLTIS KDTAKNQGD LTLAN VDPVDTAT HYC AR GLYYA SG TYY DARPFASWGQ GILVTVS S
IGHV2-5*02,Q ITLK ESGP TLV KPTQ TLTLTCTF SGF S LTTPG VGVGWIR QPPGKA LEWLALIYW DDDKYYSPSLK RRLSIT KDTSKN QVVLTVTN IDYLD TYYC ARRP VAVV GKPPPNWFDPWGQG TLVTV SS
IGHV2-5*01,PTLVKPTQTP TLTCTF SG FALS TRG VGVGWVR QPPGRA LEWLALIYW NDNKRYSPSLQ SRLTITK DTSKN QVVLTMT NMDPVDTG TYYCAH KRSG WALLFAS WGQG TLVTVS S
IGHV2-5*02,SGPT LV KPTQ TLTLTCTF SG FSLTT SGE GVAWIR QPPGKA LEWLAVIFW DEDKRYSPSL KHRLTMT KDTSKN QVVLTMT NMDPVD TATYYCAHYLTMI RGGSFNDY YGIDFW GQGT SVTVS S
IGHV2-5*01,SGPT LV KPTQ TLTLTCTF SG FSLS TSG VGVGWIR QPPGKA LEWLTLIYW NDDKRYSPSLK SRLTITK DTSKN QVVLTMT NMDPVDTA TYYCAHINY YGSGSL WR HNW F DPWGQG TLVTVS S
IGHV2-5*01,ESGP TLV KPTQ TLTLTCTF SGF SLS TTG VGVGWFR QPPGKA LEWLALIYW TDDKYFTPSL TNRLTIT KDTPKN QVVLTLT NMDPVDT ATYFC SRNQAGPFDYWGQG TLVTVS S
IGHV2-70*04,SGTSLLKPTQ TLTLTCTF SG FSL STSG IRVSWIR QPPGKA L EWLARI DWDDDK FYS TSLK TRLTIS KDTSKN QVVLTMT NMDPVDT ATYYCARTYYDIL TGYYS EFDY WGQG TLVTVS S
IGHV2-5*02,SGPT LV NPTQ TLTLTCTLS G FSL SPNG VRVAWLR QPPGNALE WL P LIS WADA RRYSPSLK TRLTITK DTSKN QVFLTVTN MDPLDT ATYYCARR DSDGPLD YW GQ GTLVTVS S
IGHV2-70*04,SGPT LV KPTQ TLTLTCTL SG FSL SSSG MRVSWIR QPPGKA LEWLARI DWDDDK FYRASLKTRLTVS KDTSKN QVVLIMT NMDPVDT ATYYCA RTPPRMATSDAFDFWGQG TLVTVS S
IGHV2-5*02,SGPT LV KPTQ TLTLTCTL SG FSL STNG VRVAWLR QPPGKA LEWLALISW DDDRRYSPSL KTRLTITK DTSKN QVVLTVTN MDPLDT ATYYCARR DSDGPFD YW GQ GTLVTVS S
IGHV2-5*02,YGPTLVQPTQNL T LPCAFSGF S LSTV GVAVAWIR QPPGTA LEWLALIYW DDDKRYSPSLK SRLTITK DTSKN QVVFTMT NMDPVDT ATYYCA HPRRT WGILDAF DVWGQG TLVTV S
IGHV2-5*01,SGPT L LKPTQ TLTLT CPFSG FSV TPNG VGVGWIR QPPGKA LEWLALIYW NDDKHYRPPLK SRLTITK DTSKN QVVLTMT NMDPVDT ATYYCAR RRKGT TVTT SGA F DMWGQG TMVTVS S
IGHV2-5*01,SGTT L LKP TLTLTLTC PLSGL SVITIGVGVGWVR QPPGKA LEWL APISWNDDKRYNPSLKN RLTITS DTSKN QVVLTMT NMDPV AT ATYYCA HRAGVCGGDADAP VC HHDA FDI WGQGT KVTVS S
IGHV2-5*02,SGHTLSKPTQ TLTLT CPFSGF SL SPSGV GVGWIR QPPGKA LEWLALIYW DDDKRYSPSLK SRLTITK DTSKN QVVLTMT NMDPVDT ATYYCAHSIVLWFGVL SGWFDPWGQG TLVTVS S
IGHV2-70*11,SGPT LV KPTQ TLTLTCTF SG FS LSTGG MCVSWIR QPPGKA LEWLARI DWDGP KYYS TSLK TRLTIS KDTSKN QVVLTMTN VDPVDT ATYYCAR SQRGRDMPGW F DPWGQG TLVTVS S
IGHV2-5*02,SGPT LV KPTQ TLTLTCTF SG FSL SSSG VGVGWIR QPPGKA LECLALIYW DDDKRYSPSLK SRLTIT KDTSKD QVVLTMT NMDPVDT ATYYC AHRS ITVT P YLYFD YWGQG TLVTVS S
IGHV2-5*02,SVPT L VKPTQ TLTLTCTF SGF SL STAG VGVAWIR QPPGKA LEWLALIYW DDDQRYSPSL RSRLTIT KDTSKS QVVLTMT NMDPVDT ATYYCAHR A SF YDDDDF YYS G F DYWGQG TLVTVS S
IGHV2-70*11,SGPT LV KPTQ TLTLTCTF SG FSLIT SG LCVSWIR QPP AKALEWLA R IDWDDDKY YS TS LKTRLTIS KDTS I N QVVLTMT NLDPVDTA TYYCARIRGYC RGGPFDPWGQG TTVTV SS
IGHV2-70*01,SGPT LV KPAQ TLTLTCTF SGF SLT TRG MCVSWIR QPPGKA LEWLALI GWDDKA YYS TSLK TRLTIS KDTSRN QVVLTMTN VDPADT AT Y YCAR MGI SY GS AYY GNNYFDPWGQG TLVTVS S
IGHV2-5*02,SGPT LV KPTQ TLTLTCTF SG FSLS TSG VGVGWIR QPPGKA LEWLALIYW DDDKRYSPSLK SRLTITK DTSKN QVVLTMT NMDPVDT ATYYC AHRRQ WLGCFD YWGQG TLVTV SS
IGHV2-5*02,SGPT LV KPTQ TLTLTCTF SG FSLS TSG VGVGWIR QPPGKA LEWLAPIYW DDDKRYIPSLKS RLTITKE TSKN KVVLTMT NMDPVDT ATYYC AHHS IIVLFD YWGQG TLVTVS S
IGHV2-5*02,SGA TLT IPSQ ILTLTCSL SGFPRSPSGV GVGWIR QPPGKA LEWLALIYC DDDKRHNPPLKSR HTT TKDTSKN QVVLTMT NMDPVDT ATYYC AHHSRYCSSTSCRPGGM DV WGQG TTVTVS S
IGHV2-5*02,SGPTQVKPTQ TLTLTCTF SG FSLT TDG VGVGWIR QPPGKA LEWLAFFYW DGDKRYSPSLE SRLTITK DTSKN QVVLTMT NMDPVDT ATYFCA HSSWLDTTFQHDA FD FWGQG TMVTVS S
IGHV2-26*01,SGS TL LKPTE TLTLTCTVS G FS LSNA RMGVSWIR QPPGK ALEWLAHI F SNDEKSYSTSL KSRLTIS KDTSKS QVVLTMT NMDPVDTA TYYCARIRVYY DSSGY SRLYYYYGMD VWGQG TTVTVS S
IGHV2-70*01,SGPT LV KPTQ TLTLTCTF SG FSL STSG MCVSWIR QPPGKA LEWLALID WDDDKY YST S LKTRLTIS KDTSKN QVVLTMT NMDPVD TATYYCARMVLMGIAS GIGRDYWGQG TLVTV SS
IGHV2-5*02,SGPT LV KPTQ TLTLTCTF SG FSL STR GVGVAWIR QPPGKA LEWLAFIYW DADKRYSPSLE SRLTITK DTSEN QVVLTMT NMDPVD TATYYCAHRLSKSAA NASPD YF DSWGQEPWSPSPQ
IGHV2-5*02,SGPT LV KPTQ TLTLTCTL SGFS L S TLAVGVGWIR QPPGKA LEWLALIYW DDDKRYSPSLKN RLTITK DTSKN QVVLTMT NMDPVDTGT YYCA HSPGN WEFW SGSPGRQ FDYW GLG TLVTV SS
IGHV2-70*11,SGPT LV KPTQ TLTLTCTF SG FSL STSG MCVSWIR QPPGKA LEWLARI DWDDDKY YS TSL KTRLTIS KDTSKN QVVLTMT NMDPVDT ATYYC ARCPG IAVALD YWGQG TLVTVS S
IGHV2-5*02,SGPT LV KPTQ TLTLTCSL SGF SL NTSG VGVGWIR QPAGKA LEWLALIYW DDEELYSPSLKS RLTVTKD ITKN QVVLTMT NMGPVDT ATYFCAH RRSGW AHFDY WGQG TLVIVS S
IGHV2-70*01,SGPT LV KPTQ TLTLTCTF SG FSL STSG MCVSWIR QPPGKA LEWLALID WDDDKY YST S LKTRLTIS KDTSKN QVVLTMT NMDPVDT ATYYCA RSYG IYYFD YWGQG TLVTVS S
IGHV2-5*01,SGPT LV KPTQ TLTLTCTF SG FSLTT SGT GVGWIR QPPGKA LEWLAFIYW NDDKRYSPSLK SRLTITR DTSKN QVVLVMTK MDPVDTAT YDCARRISAF DPGGQ GTLVTVS S
IGHV2-5*02,SGPT LV KPTQ TLTLTCTF SG FSLTT SG VGVGWIR QPPGKA LEWLAIVYW DDDKRYSPSL KSRLTIT KDTSKK QVVLTVTN MDPVDT ATYYCA HSYFS GVFC SGASCGDFD F WGQG TLVTV SP
IGHV2-5*02,SGPT LV KPTQ TLTLTCTF SG FSL SSSG VGVGWIR QPPGKA LECLALIYW DDDKRYSPSLK SRLTIT KDTSKD QVVLTK TNMDPVDTA TYYC AHR SITLV RG KYYFDY WGQG TLVTVS S
IGHV2-5*02,Q ITLK ESGP TLV RPTQ TLTLTCTL SGLSLNS LAVGVAWVR QPPGKA LEWLALIY SDDTEYYSPSLK SSLTVTK DTSKN QVVLTI PNADPLATG TYYCVH TAG WLLST WGQG TLVTV SS
IGHV2-5*02,SGPT LV KPTQ TLTLTCTF SG FSLS TSG VGVGWIR QPPGKA LEWLALIYW DDDKRYRPSL KRRLTITK DTSKN QVVLTMT NMDPVDT ATFYCAYS RHSNGWGSFDNWGQG TLVTV SS
IGHV2-5*02,SGPT LV KPTQ TLTLTCTF SGF SF STSG VGVGWIR QPPGKA LEWLALIYW DEDRR YSASLKSRLTITK DTSKN QVVLTMT NMDPVDT ATYYCA HRRPSTWEGD WF DPWGQG TLVTVS S
IGHV2-70*11,SGPT LV KPTQ TLTLTCTF SG FSL STSG MCVSWIR QPPGKA LEWLARI DWDDDKY YS TSL KTRLTIS KDTSKN QVVLTMT NMDPVD TATYYCARGIAA AGL KLDY WGQG TLVTVS S
IGHV2-5*02,SHPALGKPT QTLTLTCTF SG FSLT TNG VGVGWIR QPPGKA LEWLALIYW DDDERYNSS LRGRLTITK DTSKN QVVLTMA NMDPVDTA TYYCAHI RG YWH TR EIFD FWGQ GILVTVS S
IGHV2-5*01,LVKPTQ TLTLTCTF SG FSLS TSG VGVGWIR QPPGKA LEWLALIYW NDDKRYSPSLK SRLTITK DTSKN QVVLTMT NMDPVDT A TYYCA HS LYDFWT RKKK FYGMDV WGQG TTVTVS S
IGHV2-70*01,SGPT LV KPTQ TLTLTCTF SGF SL STSG MCVSWIR QPPGKA LEWLALID WDDDK YYSTSLKTRLTIS KDTFKN QVVLTMT NMDPVDT ATYYCARWRL YGDYVP YYYYGMDV WGQG TTVTVS S
IGHV2-5*01,SGPT LV KPTQ TLTLTCTF SG FSVTT NG VGVGWIR QPPGTA LEWLAPIYW NDDKYYRPPLKS RLTITK DTSKN QVVLTMT NMDPVDT ATYYCAR RRKGT TVTT SGA F DMWGQG TMVTVS S
IGHV2-5*02,RRPRKTM KWLSLIYW DDEQR Y SPSLGSR HTIT KDTSKS QVVLTMT NMDPVDT ATYYCAHR A S FYDDDDF YYS G F DYWGQG TLVTVS S
IGHV2-5*02,SGPT LV NPTQ TVTLTCTF SGF SLTASAAAVGWIR QPPGKA LEWLALIYW DDDKRFSPSLK SRLTIS KDTSKS QVVLTMT NMDPVDT ATYYCAHV RG LTISGIL TPSDAFD V WGQG TLVTV SS
IGHV2-5*01,SGPT LV KPTQ TLTLTCTF SG FSL STSG VGVGWIR QPPGKT LEWLAVVFW NDDNRYRPSL KSRLTITK DTSKN QVVLTMT NMDPVDTGT YYCA HHRDLLTGD ILTG YAGAPDFDYWGQG TAVTVS S
IGHV2-5*02,SGPT LV KPTQ TLTLTCTF SG FSLS TSG VGVGWIR QPPGKA LEWLALIYW DDDKRYSPSLK SRLTITK DTSKN QVVLTMT NMDPVDT ATYYC AHSHA YYGMDV WGQG TTVIVS S
IGHV2-5*02,TLVKPKQ TLTLTCTF SG FSLR TSG VAVAWIR QPPGKAL E WPA LTYW DDDKRYSPSSKN RLTITK DTSKN QVVLTMT NMDPVDT ATY YC AHRLR AAS AYYFD YWGQG TLVTVS S
IGHV2-5*02,SGPT LV KPTQ TLTLTCTF SG FSL STNG LGVGWIR QPPGKA LEWLALIYW DDDKRYSPSLR NRLTITK DTSKN QVVLTMT NMDPVD TATYYCAQWF G MITRAWF DPWGQG TLVTV SS
IGHV2-70*01,SGPT LV KPTQ TLTLTCTF SG FSL STSG MCVSWIR QPPGKA LEWL APIDWDDDKY YS TSL KTRLTIS KDTSKN QVVLTMT NMDPVD TATYYCARMVLMGIASE VGLDYWGQG TLVTV SS
IGHV2-5*02,SGPT LV KPTR TLTLTCTF SG FSLS TSG VGVGWIR QPPGKA LEWLALIYW DDDKRYSPSLK SRLTITK DTSKN QVVLTMT NMDPVDT ATYYCA HRRG LWF GNNRDYWGQG TLVTV SS
IGHV2-5*02,SGSTLSKPT QTLTLS CPFSGF SL SPSGV GVGWIR QPPGKA LEWLALIYW DDDKRYSPSLK SRLTITK DTSKN QVVLTMT NMDPVDT ATYYCA HRRHDFWS GYFIRW GQG TLVTVS S
IGHV2-5*02,SGPT LV KPTQ TLTLTCSF SG FSLS TSG VGVGWIR QPPGKA LEWLALIFW DDDKLYSPSLK NMLILT KDTSKT QVVLTMT NMDPVDT ATYYC AHSPQPYCS SITCWSTWV DSWGR GTLVTVS S
IGHV2-5*02,Q ITLK ESGP TLV RPTQ TLTLTCTF SG FSLTT R GVGVGWIR QPPGQA LEWLALLS WDGDDLYNPSLR NSLAIT KDTSEN QVFLTVTN VDPVDTA TYSCAHI SPT YVQGVIIR GPFDLWGQG TLVTVT S
IGHV2-5*02,Q ITLK ESGP TLV KPTQ TLTLTCTF SGF SLTTIGLGVGWIR QPPGKA LEWLALIYW DDDKRSSPSL RNRLTIS KDTSKN QVVLTLAN VDPVDT ATYYC ASG LYYA SG TYY NSRPFDSWGQ GILVTVS S
IGHV2-5*01,SYPT L VKPTQ TLTLTCTF SG FSVTT RG VGVAWIR QTPGKA LEWLALIAW NDDKRYSPSLK SRLTITK DTSKN QVVLTMT NMDPVDT ATYYCAHR FGGSNWYGSWGQG TLVTV SS
IGHV2-5*01,SGS TLLK STQ TLTLTCTF SG FSVTT NG VGVGWIR QPPGKA LEWLALIYW NDDKHYRPPLK SRLTITK DTSKN QVVLTMT NMDPVDT ATYYCAR RRKGT TVTT SGA F DMWGQG TMVTVS S
IGHV2-5*02,SGPT LV KPTQ TLTLTCTF SG FSL SSSG VGVGWIR QPPGKA LEWLAFIYW DDDKRYRPSLK SRLTITK DTSKN QVVLTMT NMDPVDTA TYYC AH RVLLVRGVIT DGFD YW GQ GTLVTVS S
IGHV2-5*02,SGPT LV KPTQ TLTLTYTF SG FSLS TSG VGVGWIR QPPGKA LEWLALIYW DDDKRYSPSLK SRLTITK DTSKN QVVLTMT NMDPVDT ATYYCAHTTARFMELVERW GQG TLVTVS S
IGHV2-5*02,SGPT LV KPTQ TLTLTCT FPGF SLTTMGVGVGWIR QPPGKA LEWIALIYW DDDKRYSPSLNS RLTITK DTSKN QVVLTMT NMDPEDT ATYYCA H RRYYF DNSGPDYVDPWGQG SLVTVS S
IGHV2-5*02,SGT TL LKPTQ TLTLTCTF SGF SL S T MGEG VGWIR QPPGKA LEWLAFIYW DGDKRYSPSLQN RLTIME DTSKN QVVLIMS NMDPVD TATYFCAHR LSIS AA NASPDYFDSWGPG TLVAV SS
IGHV2-5*02,SCPTLVKPTQ TLTLTCTL SG FSIS SRG VGVGWIR QPPGKAPE WLALIYW DDDKRSTPS LQSRLTITK DTSNN QVVLTMT NMDPVDTGT YFCAR IPPAFCRGT ECYHWF DPWGQ GIFVTVS S
IGHV2-5*02,SGPT LV KPTQ TLTLTCTF SG FSLTT R GVGVAWIR QSPGKA LEWLAFIYW DGDRRYSPSLE SRVTITQ DTSKN QVVLMMT NMDPVDT ATYYCAHRL S KSAA NASPDYFDSWGQG TLVTV SS
IGHV2-70*11,SVPT L VKPTQ TLTLTCTF SGF SL STSG MCVSWIR QPPGKA LEWLARI DWDDDKY YS TSL KTRLTIS KDTSKN QVVLTMT NMDPVDT ATYYCAR ESPGTAP YYYYGMDV WGQG TTVTVS S
IGHV2-70*11,SGPTLVNPPQT LT LPC TFSWFS LRTPGM SVNWIR QPPGNALEWPA RI DRDDDKYYSPS LKTMLTLSKA ASKNQ VVLTMT SMDPVDTA T Y CGA RI KGPYSSSPFGLDTWGQG TLVIV SS
IGHV2-5*02,SGPAPWKPTQ TLTLTCTF SG FSLS TSG VGVGWIR QPPGKA LEWLALIYW DDDKRYSPSLK SRLTITK DTSKN QVVLTMT NMDPVD TATYYCAHITSLL NGDGYN YFDY WGQG TLVTVS S
IGHV2-5*02,SGPT LV KPTQ TLTLTCTF SG FSLS TSG VGVGWIR QPPGKA LEWLALIYW DDDKRYSPSLK SRLTITK DTSKN QVVLTMT NMDPVDTA TYYCAHIRY DWGRDFD YW GQ GTLVTVS S
IGHV2-5*02,PTQ MLTLT CPCSG FSLTS TGE GVVWIR QPPVT ALE CLALIYW DD YKR YNQSLK SRLTITR DTSKD QVVLTMT NMDPVDTA TYYC AHR SVTLI RG KYYFDY WGQG TLVTV AP
IGHV2-5*02,SGPT LV KPTQ TLTLT CPFSGF SL YPSGV GVGWIR QPPGKA LEWLALIYW DDDKRYSPSLKN RLTIAK DTSKN LVVLTM TNMDPVDTA TYYC THG VTF DSWGLG TLVTV SS
IGHV2-5*02,SGPT LV KPTQ TLTLTCTF SGF SL NTSGL GVGWIR QPPGKA LEWLALIYW DDDKRYTPSLKN RLTITK DTSKN QVVLTMT NMDPVDT ATYYCAHWF G MITRAWF DPWGQG TLVTV SS
IGHV2-5*01,SGPT LV KPTQ TLTLTCTF SG FSL SPSG VGVGWIR QPPGKA LEWLALIYW NDDKRYSPSLK SRLTITK DTSKN QVVLTMT NMDPVDT ATYYC AHSS ILGYC SSTSCYGWDWFDPWGQG TLVTVS S
IGHV2-70*01,SGPT LV KPTQ TLTLTCTF SGF SL STSG MCVSWIR QPPGKA LEWLALID WDDDKY YST S LKTRLTIS KDTSKN QVVLTMT NMDPEDT ATYYCARWRL YGDYVP YYYYGMDV WGQG TTVTVS S
IGHV2-70*11,ESGP TLV NPTQ TLTLTCTF SG FSL STSG VCVTWIR QPPGKA L EWLARI DWDHDEYYNPFL KTRLTISK DTSKN QVTLTMTS VDPMDT ATYFCAR STSDY FYRY GM DV WGQG TAVTVS S
IGHV2-70*04,SGY T LSKPTQ TLTLT CPFSGF SL GPSG MRVSWIR QPPGKA L EWLAR I D WVDDK FY STSLK TRLTIS KDTSKN QVVLTMT NMDPVDT A TYYCA RGY Y D I LTG YYLAFDY WGQG TLVTVS S
IGHV2-5*02,SSPT L VKPTQ TLTLTCTF SG FSL STSG VAVGWIR QPPGKA LEWLALIYS DDDKRYSPSL KTRLTITK DTSKN QVVLTVTN IDPLDT ATYYCA HRRPSTWEGD WF DPWGQG TLVTVS S
IGHV2-5*01,Q ITLME SGP TLV KPTQ TLTLTCSF SGF SL DTRG VGVGWIRQ APGKA LEWLSLIYWN AEKEYSPSV ETRLTITK DTSNN QVVLTVTN MGPVDT ATYYCARRLS YGAGSHAP YFFDY WGQG ALVIVS S
IGHV2-5*02,SGPT L LKPTQ TLTLT CPFSGF SL SPSGV GVGWIR QPPRKAL EWLALIYW DDDKRYSPSLK SRLTITK DTSKN QVVLTMT NMDPVD TAT YYC AR WFGVIT RPYFDPWGQ GTLVTVS S
IGHV2-70*01,SGPT LV KPTQ TLTLTCTF SG FSL STSG MCVSWIR QPPGKA LEWLALID WDDDKY YST S LKTRLTIS KDTSKN QVVLTMT NMDPVD TATYY C A RI I SGL ATVTT SGFDPWGQG TLVTVS S
IGHV2-70*01,SGT TLL KPTQ TLTLTCTF SG FSLTT T GLSVSWS RQPPGKA LEWLALID WDGD KYYSTS L KTRLTIS KDTSKN QVVLTMT NMDPVDT ATYYCART YS GYYL GPDNDP FEIW GQG TMVTVS S
IGHV2-70*01,SGPTLAKPTQ TLTLTC PLSGF SLS TSG MCVSWIR QPRGKA LEWLALID WDDGK YYSTSLKTRLTIS KDTSKN QVVLTMT NMDPVDT ATYYCAR ILIA AAGTPFD YWC QG TLVTV AS
IGHV2-70*11,SGPT LV KPTQ TLTLTCTF SG FSL STRG MCVSWVR QAPGK ALEWL AR IDWDDAK YY STSLK TRLTIS KDTSKN QVVLTMTN VDPVDT ATYYCA RSQRRRDIPGW F DPWGQG TLVTVS S
IGHV2-5*02,SGPT LV KPAE TLTLTCTF SG FSL DTSGM GVGWIR QPPGKAPE WIALIFW DGDTR Y SPSLGT KLSITK DSSKN QVVLTVAN VDSVDT ATYYCVH RGQR EFSVFR NSPMGA YW GR GILVTV SP
IGHV2-70*04,SGPT LV KPTQ TLTLTCTF SG FSL STSG MRVSWIR QPPGKA LEWLARI DWDDDK FYS TSLK TRLTIS KDTSKN QVVLTMT NMDPVDT AT YYC AHR LGGW L WPYFDYWGQG TLVTV SS
IGHV2-5*02,GPTLVKPTQ TLTLTCTF SG FSLS TSGL GVGWIR QPPGKA LEWLALIYW DDDKRYSPSL KSRLTITK DTSKN QVVLTMT NMDPVD TATY Y CAHWF G MITRAWF DPWGQG TLVTVS S
IGHV2-5*02,GPTLVKPTQ TLTLTCTF SG FSLS TSG VGVGWIR QPPGKA LKWLALIYW DDDKRYSPSL KSRLTITK DTSKN QVVLTMT NMDPVDT ATYYCA HRPGNF WSAYY DYWGQG TLVTVS S
IGHV2-70*01,TLVKPTQ TLTLTCTF SG FSL STSG MCVSWIR QPPGKA LEWLALID WDDDK YYS T SLKTRLTISK DTSKN QVVLTMT NMDPVDTA TYYCA R SIVVV PA AIR MAYYYYYY GMDVWGQG TTVTVS S
IGHV2-5*02,SGA TLV KPTQTLP LTFTF SG FSL CPNGL GVGWIR QPPGHALEWLPPI YW DDDKRYSPSL RSRLTIT KDTPK YQVVLTMT NMDPVD TATYYCAHWFGLITR AGVDPWGQ GILVTV SS
IGHV2-5*02,SGPT LV KPTQ TLTLTCTF SG FSL STSG VGVGWIR QPPGKA LEWLALIYW DDDKRYSPSLK SRLTITK DTSKN QVVLTMT NMDPVDT ATYYC AHNPPI TMVRGVHFDY WGQG TLVTVS S
IGHV2-5*02,SGPT LV KPTQ TLTLTCSF SG FSLTT SG VGVGWIR QPPGKA LEWLGIIYW DDDKRYSPSLK SRLTITK DTSKN QVVLTVTN MDPVDT ATYYCAHR RGDNSAWSPH YYFHYW GQG TLVTVS S
IGHV2-70*01,SDPTLLKPTQ TLTLS CPFSGF SL SHSG MCVSWIR QPPGKA LEWLALID WDDDKY YST SL KTRLTIS KDTSKN QVVLTMT NMDPVDTA TYYCARMVMT TENLGE YYYYGMDV WGQG TTVTVS S
IGHV2-5*02,SCPT L VKPTQ TLTLTCTF SGF SLSTTAVGVGWIR QPPGKA LEWLALIYW DDDKRYSPSLK SRLTITK DTSKN QVVLTM SNMDPVDTA TYYC AHY QLTIFRY WGQGT PVTV SS
IGHV2-26*01,SGPT LV KPTE TLTLTCTV SG FS LSNA RMGVSWIR QPPGK ALEWLAHIF SNDEKSYSTSLK SRLTIS KDTSKS QVVLTMT NMDPVDT ATYYCAR ADGYNYPY YYGMDV WGQG TTVTVS S
IGHV2-5*04,SGPT LV KPTQ TLTLTCTF SGL SL R STEVAVGWVR QPPGKA LEWLALTYW NDDKRYSPSLKN RLAITK GPSEN QVVLTLTN VDPVDTGT YYCVHMR AGR Q F S R STYFYY GRDVWGQG TTVTVS S
IGHV2-70*11,PTLVKPTQ TLTLTCTF SGF S LSTS RMCVSWIR QPPGKA LEWLARI DWDDDKY YS TSL KTRLTIS KDTSKN QVVLKMT NMDPVDT ATYYCA RGLVGGTD YYFDY WGQG TLVTVS S
IGHV2-5*01,GPTLVKPTQ TLTLTCTF SG FSLS TSG VGVGWIR QPPGKA LEWLALIYW NDDKRYSPSLK SRLTITK DTSKN QVVLTMT NMDPVDT ATYYCA HARH RITIFGVVIT TPWY F DYWGQG TLVTVS S
IGHV2-70*04,SGPT LV KPTQ TLTLTCTF SG FSL STTG MRVSWIR QPPGKA LEWLARI DWDDDKF Y SRSLKP RLNIS KDTSKN QVVLTMT NVDPVDTA TYYCARIHWEAWYFD LWHRG ALVTV SS
IGHV2-70*11,SGHT LW KPTQ TLTLT CPFSGF SL SPSGM CVSWIR QPPGKA LEWLARI DWDDDKY YS TSL KTRLTIS KDTSKN QVVLTMT NMDPVDT A TYYCARISYD IL TGY SALFD YWGQG TLVTVS S
IGHV2-5*04,SGPTLGKPT QTLTLTCTF SG FSL STNG VAVGWIR QPPGKA LE WLAQIYW DDDKRYSPSLK SRLTITR DTSKN QVVLTVTN VDPVDTGT YYCVHLD YDSGRG ALFDFW GQG MLVIVS S
IGHV2-5*02,SGPT LV KPTQ TLTLTCTF SG FSL STSG VGVAWIR QPPGKA LEWLALIYW DDDKRYTPSL KSRLTITK DTSKN QVVLRMT NMDPVDT ATYYC AHRGPPPIG VA GS FL DRQCDYWGQG TLVTVS S
IGHV2-5*02,SRPALGKPT QTLTLTCTF SG FSLT TNG VGVGWIR QPPGKA LEWLALIYW DDDERYNS FLRGRLTISK DTSKN QVVLTMA NMDPVDT AT YYC AHIRDYW HTRE IFDF WGQG TLVTVS S
IGHV2-70*11,SGPT LV KPTQ TLTLTCTF SG FSL STSG MCVSWIR QPPGKA LEWLARI DWDDDKY YS TSL KTRLTIS KDTSKN QVVLTMT NMDPVDTA TYYWARLTVTTAL DYWGQG TLVTVS S
IGHV2-5*02,SGPT LV KPTQ TLTLTCTF SG FSLS TSG VGVGWIR QPPGKA LEWLALIYW DDDKRYSPSLK SRLTITK DTSKN QVVLTMT NMDPVDT ATYYCA HRPSGFSTG WYD YWGQG TLVTVS S
IGHV2-70*04,SGPT LV KPTQ TLTLTCTF SG FSL STSG IRVSWIR QPPGKA LEWLARI DWDDDK FYST S LKTRLT IPKDTSKN QVVLTMT NMDPVDTA TYY GARDHY DIL TGY QETFDY WGQG TLVTVS S
IGHV2-5*02,SGT TLV KPSQ TLTLTCTF SG FSLRT SG VAVGWVR QSPGEA LEWLALIYW DDDKRHSPY LRSRLTITK DASKN QVVLTVTN MDPADTGR YYCIHRQ TSRSGYGWGP GVLVTVS S
IGHV2-5*01,Q ITLK ESGP TVV KPTQ TLTLTCTF SGF SF NTR GVGVAWIR QPPGKA LEWLGIIYW NDNTQYSSS LQSRVTITK DTSKN QVILTVTN MDPVDTGT YFCAHRSVTF GELG FWG Q GTLVTV S
IGHV2-5*02,SGPT LV KPTQ TLTLTCTF SG FSLS TSG VGVGWIR QPPGKA LEWLALIYW DDDKRYSPSLK SRLTITK DTSKN QVVLTMT NMDPVDT ATYYCA HRRPSTWEGDW F DPWGQG SLVTVS S
IGHV2-70*11,SGPT LV KPTQ TLTLTCTF SG FSL STSG MCVSWIR QPPGKA LEWLARI DWDDDKY YS TSL KTRLTIS KDTSKN QVVLTMT NMDPV ET ATYYCA RE LVQG VIMYVW GQGT TVTVS S
IGHV2-5*01,Q IILRE SGP TLV KPTQ TLTLTCTVS G FS LSTPG VGVGWIR QPPGKA LEWLALNYW NDDKRYSPSLR SRLTITK DTSKN QVVLTMT NLDPVDT ATYYCVHG VHGSGPDFDYWGQG TLVTVS S
IGHV2-5*04,SGPT LV KPTQ TLTLTCTF SGF SL STT GVAVGWIR QPPGKA L EWLAQIYW DDDKRYSPSLK SRLTITR DTSKN QVVLTVTN VDPVDTGT YYCVHLD YDSGRGAG FDYW GQG MLVIVS S
IGHV2-5*01,Q ITLK ESGP TLV QPSQ TLTLTCTF SG FSLS TSG VGVGWIR QPPGKA LEWLALIFW NGHTPYNPSLM SRLSITK DTSTG QVVLTMT NMDPADT ATYYCAH RRGEHWSGG YFDF WGQG TLVTVS S
IGHV2-5*02,ESGP TLV KPTQ TLTLTCTF SGF SLTTIGLGVGWIR QPPGKA LEWLALIYW DDDKRSSPSL RNRLTISK DTSKN QVVLTLA NVDPVDTA TYYC ARG LYYA SG TYY NSRPFDSWGQ GILVTVS S
IGHV2-26*01,SGPT LV KPTE TLTLTCTV SG FS LSNA RMGVSWIR QPPGK ALEWLAHIF SNDEKSYSTSLK SRLTIS KDTSKS QVVLTMT NMDPVDTA TYYCARIAV AGT RFFWYYYY GMDVWGQG TTVTVS S
IGHV2-70*11,SGPT L LKPTQ TLTLTCTF SG FSL STSG MCVSWIR QPPGKA LEWLARI DWDDDKY YS TSL KTRLTIS KDTSKN QVVLTMT NMDPVD TATYYCARSLAHY YYY GM D VWGQG TTVTVS S
IGHV2-5*01,Q ITLK ESGP TLV KPSQ TLTLTCTF SG FSL STSG VGVGWIR QPPGKA LEWHALIFW NGHTPYNPSLM SRLSITK DTSTG QVVLTMT NMDPADT ATYYCAH RRGEHWSGG YFDF WGQG TLVTVS S
IGHV2-5*02,QIALNESDPTLVQPTQTP TLTCTF SG FSLT STG VGVGWIR QPPGKA LEWLALIYW DDDKRYSPSL KTRLTVA KDTSKS QVLLTMT NMAPADT ATYYCARR LENYSRH TYTFDY WGQG TLVTVS S
IGHV2-5*01,SGPT LV KPTQ TLTLTCTF SG FSLS TSG VGVGWIR QPPGKA LEWLALIYW NDDKRYSPSLK SRLTITK DTSKN QVVLTMT NMDPVDT ATYYCA HARH RITIFGVVIT TPC YFD YWGQG TLVTVS S
IGHV2-5*02,SGPT LV KPTQ TLTLTCTF SG FSLS TSG VGVGWIR QPPGKA LEWLALIYW DDDKRYSPSLK SRLTITK DTSKN QVVLTMT NMDPVDT ATYYCA HRTAFPY YY G MDV WGQG TTVTVS S
IGHV2-26*01,SGPTLAKPTE TLTL P CTVS G FS LSNA RMYVSWIR HPPGT ALEWLAHIF SNDAQSYSTS LTRRLT IPKATSKR QVVLTMT NMDPVDT ATDYCE RIPRRGYTDG LMACDI RGQG TMVTVS S
IGHV2-5*01,Q ITLK ESGP TLV KPTQ TLTLTCTF SGF SL SST AVGVGWIR QPPGKPL EWLALIYW NDDNKYSPSLK NRLSITK DTSGN RVVLTLTN VDPVDT ATYFYA HSSG WLFD HWGPG TLITV SS
IGHV2-26*01,QV TLK ESGP VLV KPTE TLTLTCTVS G FS LSNA RMGVSWIR QPPGK ALEWLAHIF SNDEKSYSTSLK SRLTIS KDTSKS QVVLTMT NMDPVDT AT YYCARILEV TEGE WF DPWGQG TLGTV SS
IGHV2-70*01,SGPTLGKATQ TLTLTCTF SG FSL STSG MCVSWIR QPPGKA LEWLALID WDDDKY YST S LKTRLTIS KDTSKN QVVLTMT NMDPVD TATYYCARMVLMGIASE VGLDYWGQG TLVTV SS
IGHV2-5*02,SGPTLMKPTQ TLTLTCTF SG FSLS TSG VGVGWIR QPPGKA LEWLALIYW DDDKRYSPSLK SRLTITK DTSKN QVVLTMT NMDPVDT ATYYC AHRQSVFD AFDI WGQG TMVTVS S
IGHV2-5*01,SGPT LV KPTQ TLTLTCTF SG FSLS TSG VGVGWIR QPPGKA LEWLALIYW NDDKRYSPSLK SRLTITK DTSKN QVVLTMT NMDPVDTA TYYCA HS VVR G VIRYYFD YWGQG TLVTVS S
IGHV2-70*01,SGPT LV KPTQ TLTLTCTF SGF SL STSG MCVSWIR QPPGKA LEWLALID WDDDKY YST SL KTRLTIS KDTSKN QVVLTMT NMDPVDTAT YYGARIHYY GSGRPGG YYYGMDV WGQG TTVTVS S
IGHV2-5*02,SGI TL SKPTQ TLTLT CPFSGF SL SPSGV GVGWIR QPPGKA LEWLALIYW DDDKRYSPSLK SRLTITK DTSKN QVVLTMT NMDPVDT ATYYC AHRQSVFD AFDI WGQG TMVTVS S
IGHV2-5*01,SGPT LV KPTQ TLTLTCTF SG FSLS TSG VGVGWIR QPPGKA LEWLALIYW NDDKRYSPSLK SRLTITK DTSKN QVVLTMT NMDPVDT ATYYCA HSRG RITIFGVVT NY F DYWGQG TLVTVS S
IGHV2-5*02,Q ITLK ESGP TLV KPAQ TLTLTCTF SG FSL STSG VGVGWIR QPPGKS LEWLAVISW DDAKRYSPSL MSRLTITK DTSKN HVVLKMT NMDPVDTA TYYCAHI PVVPDEDI WGSYR LPQPGR TWF DPWGQG TLVTVS S
IGHV2-5*02,SGPT LV KPTQ TLTLTCSF SGF SL STSG VAVGWIR QPPGKA LEWLALIYS DDDKRYSPSL KTRLTITK DTSKN QVVLTMT NMDPLDT ATYYCA HRRPSTWEGD WF DPGGQG TLVTVS S
IGHV2-5*02,VA VGW NRQPPGKA LELLALIYW DDDNRYSPSL KSRLTITK DTSQN QVVLTMT NMDPVDT ATDYCAHRRLL GG YFD YWGQG TLVTVS S
IGHV2-70*11,SGPTQVKPTQ TLTLTCTF SG FSL STSG MCVSWIR QPPGKA LEWLARI DWDDDKY YS TSL KTRLTIS KDTSKN QVVLTMT NMDPVD TATYYCARMASRLAAYD YWGQG TLVTV SS
IGHV2-26*01,KRSGP VLV KPTE TLSLTCTVSD FSVNND FMGVRWVR QPPGK ALEWLAHI FSNDEKSYSPSL RSRLTIS KDTSKS QVVLIMT DTDPADTA TYYTYDV WGRG TMVTVS S
IGHV2-70*04,GPTLVKPTQ TLTLTCTF SG FSL STSG MRVSWIR QPPGKA LEWLARI DWDDDK FYS TSL KTRLTISK DTSKN QVVLTMT NMDPVDT ATYYCA RSHYD IL TGYYPPFDYWGQG TLVTV SS
IGHV2-5*01,SGPT LV KPTQ TLTLTCTF SGF SLTTIGVGVGWIR QPPGKAPE WLALIYWS DDKRYSPSL KTRLTITK DTSKN QVVLTMT NMDPVDT ATYYC AHSPHRF WSGLYS WGQG TLVTVS S
IGHV2-5*02,SGPT LVKL TQ TLTLTCTF SG FSLRT SG VGVGWIR QPPGKA LEWLALIYW DDDKRYSPSLK SRLTITKD ISKN QVVLTMT NMDPVDT ATYYCA HRRPSTWEGD WF DPWGQG TLVTVS S
IGHV2-5*02,SGPT LV KPTQ TLTLTCSF SGF SL STGG VGVGWIR QSPGKA LEWLALIYW DDDKRYSPSLK SRLTITK DTSKN QVVLTM TDMDPVDT ATYYC AHGSDYD YVWG NYRSPRA HYYGLDVW GQG TTVTVS S
IGHV2-5*02,Q ITLK ESGP TLV KPTQTP TLTCTF SGFPLSTSGE TVAWIR QPPGKA LEWLAFIYW DNDKRYSSSLKN RLTIT KDTSKS QVVLTM TDMDPVDT ATYYCA HR QVAY SENYWGNGV F DSWGQ ATLVTVS S
IGHV2-5*01,SGPT LV KPTQ TLTLTCTF SG FAL SSRG VGVGWIR QPPGKA LEWLALIYW NDNKRYSPSL ETRLTITK DTSKN QVVLTMTN VDTVDTG TYYCAH KRSG WALLFAS WGQG TLVTVS S
IGHV2-5*02,SGPT LV KPTQ TLTLTCAF SGF SLTT R GVAVGWIR QPPGKPL EWLALIYW DDDQ IY SPSLS SRLTIT KDTSKS QVVLRMT NMQPVDTGT YFCA QRLPY RFFA SGSWFGPWGQGTPVPVSS
IGHV2-26*01,LVKPTE TLTLTCTV SGF S LSNAG FSF SNSR MGVSWIR QPPGK ALEWLAHI FSNDEKSYSTSL KSRLTIS KDTSKS QVFLTMT NMDPVDTA TYYCARTYT SSQGW F DPWGQG TLVTV SS
IGHV2-70*01,SGPT LV KPTQ TLTLTCTF SGF SLT TRG MCVSWIR QPPGKA LEWLALI GWDDKK YYS TSL KTRLSIS KDNSRN QVVLTMT NLDPVDP ATY Y CAR MGVTDNGDLSGSNWFDPWGQG TLVTVS S
IGHV2-70*01,SGPT LV KPTQ TLTLTCA FSG FSLS SSESSGS EMCVSWIR QPPGKA LEWLALI DSDDDKYYNTSL RSRLTISK DTSKN QVVLTMT NMGPVDT ATYYCA R TEITYD LGG YYY RPFDYWGQGTPVPVSS
IGHV2-26*01,SGPT LV KPTE TLTLTCTV SG FS LSNA RMGVSWIR QPPGK ALEWLAHIF SNDEKSYSTSLK SRLTIS KDTSKS QVVLTMT NMGPVDT A TYYCA RAS YYDFLYY Y GMDVWGQG TTVTV SS
IGHV2-70*01,SGPT LV KPTQ TLTLTCTF SGF SL STSG MCVSWIR QPPGKA LEWLALID WDDDKY YST SL KTRLTIS KDTSKN QVVLTMT NMDPVDT ATYYCA R TTITIFGQV GM DVW GPGT TVTVS S
IGHV2-70*18,SGPT LV KPTQ TLTLTCTF SGF S LSTRD MCVSWVR QPPGKA LEWLGLID WEDDK YYS TSL KTRLTIS KDTSKN QVVLTMT NMDPVDT ATYYCAR MKGSP LYFYGLDV WGQG TTVTVS S
IGHV2-70*11,SGPTLWKPPH TLTLT CPFS WFSL SPSGM CVSWIR QPPGKA LEWLARI DWDDDKY YS TSL KTRLTIS KDTSKN QVVLTMT NMDPVDT A TYYCARIRYAI NG MDV WGQG TTVTVS S
IGHV2-5*01,Q ITLK ESGP TVV KPTQ TLTLTCTF SGF SF NTR GVGVAWIR QPPGKA LEWLGIIYW NDNTQYSSSLQN RVTITK DTSKN QVILTVTN MDPVDTGT YFCAHRSVTF GELG FW GQG TLVTVS S
IGHV2-5*02,SGPT LV KPTQ TLILTCTF SGF SL S S IGEG VGWIR QPPGKA LEWLAVIYW DDDKRYSPDLEN RLSIT KDTAKN QVVLTMT NLDPVDT ATYFCVH SKLSPTTRDWFDTWGQG TLVTVS S
IGHV2-5*02,QI TLEE SGPA LV KPTQ TLTLTCTF SGF SLTTFHVGVGWIR QPPGKA LEWLTVIYW DDDERYSPF LRHRVTITK DTSKN QVVLTMTH MDPEDTG TYYCARA SLGE LYFFD YWGRG TLVTVS S
IGHV2-5*02,SGPT LV KPTQ TLTLTCTF SG FSL STSG VAVGWIR QPPGKA LEWLALIYS DDDRRYSPSLK SRLTITK DSSKN QVVLTMT NMDPLDT ATYYCA HRRPSTWEGDW F DPWGQG TLVIVA S
IGHV2-5*02,SGPT LV KPTQ TLTLTCTF SG FSLS TSG VGVGWIR QPPGKA LEWLALIYW DDDKRYSPSLK SWLTITK DTSKN QVVLTMT NMDPVDT ATYYC AHRQ VAFWS GY F DYWGQGTP VAV SS
IGHV2-5*02,QF TLK ESGP TLV KPTQ TLTLTCTF SG FSL SSSGA AVGWIR QPPGKALD WLALIYW DDDKRYSPFL KSRLTITK DTSKN QVVLTMT NMDPVDT ATYYCA HKGDFW SGYYFD YWGQ GILVSV SS
IGHV2-5*01,Q ITLK ESGP TLV KPTQ TLTLTCSF SGF SL DTRG VGVGWIRQ APGKA LEWLSLIYWN AEKEYSPSV ETRLTITK DTSNN QVVLTV PNMGPVDT ATYYCARRLS YGAGSHAP YLFDY WGQG ALVIVS S
IGHV2-5*02,GPTLVKPTQ TLTLTCTF SG FSLS TSGL GVGWIR QPPGKA LEWLALIYW DDDKRYSPSL QSRVTITK DTSKN QVVLTLT NMDPVDTA TYYCARLYINY N V G YSWF DPWGQG TLVTVS S
IGHV2-5*02,SGPT LV KPTQ TLTLTCTF SG FSL SSSG VGVGWIR QPPGKA LEWLAFIYW DDDTLYRPSLK SRLTITK DTSKN QVVLTMT NMDPVDTA TYYC AH RVLLVRGVIT DGFD Y WGQ GTLVTVS S
IGHV2-5*02,SGPTLLKPPQ TLTLT CPFSGF SL NPSGL GVGWIR QPPGKA LEWLALIYW DDDKRYSPSLKN RLTITK DTSKN QVVLTMT NMDPVDT ATYYCAHWF G MITRAWF DPWGQG TLVTV SS
IGHV2-5*02,SGPT L LKPTQ TLTLTCTF SG FSL SPSG VGVGWIR QPPGKA LEWLALIHW DDDKRYSPSLK SRLTTT KDTSKN QVVLTMT NMDPVDT ATYYCA HRPGI AA AGRG FRYDY WGQG TLVTVS S
IGHV2-5*02,GPPQIQPTQ TLTLTCTF SG FSLS TSG VGVGWIR QPPGTA LEWLALIYW DDDKRYSPSLK SRLTITK DTSKN QVVLTMT NMDPVDTA TYYC AHRTP MYYY DSSVGN FDY WGQG TLVTV S
IGHV2-26*01,SGPT LV KPTE TLTLTCTV SG FS LSNA RMGVSWIR QPPGK ALEWLAHIF SNDEKSYSTSLK SRLTIS KDTSKS QVVLTMT NMDPVDT AT YYCARIL LPMSVAGTLLPE YYFD YWGQG TLVTVS S
IGHV2-5*01,SGPT LV KPTQ TLTLTCTF SG FSVTA NG VGVGWIR QPPGKA LEWLALIYW NDDKHYRPPLK SRLTITK DTSKN QVVLTMT NMDPVDT ATYYCAR RRKGT TVTT SGA F DMWGQG TMVTVS S
IGHV2-5*01,SGY TL LNPTQS LTLTCAFSMF SLPPSA VGVGWVR QPPVKT LEW L S LIY GNDDKRYSPALNSRPTFPQVTSRN QVVLTL ANMDPVDTA TYFC AHCPLGY SY ASCHRPK YYVDFW GQG TLVTVS S
IGHV2-5*02,Q ITLK ESGP TLV RPTQ TLTLTCTL SGLSLNS LAVGVAWVR QPPGKA LEWLALIY SDDTEYYSPSLK SSLTVT KDTPKN QVVLTI PNADPLDTGT YYCVHT AG WLLST WGQG TLVTV SS
IGHV2-5*02,SGPT LVKL TQ TLTLTCTF SG FSVS TNG VGVHWIR QPPGKA LEWLALLYW DDDKRYSPSLK SRLTIT KDTSKS QVVLTMT NMDPVDT ATYYCA HRPGYGDYG YYYGMDV WGQG TTVTVS S
IGHV2-5*01,SGPT LV KPTQ TLTLTCTV SGM S LSSGG VGVGWIR QPPGKA LEWLALIYW NDDKRYNPSL QTRLTVT KDTSRN IVVLTMT NMSPSDT ATYFC ADS AFFC TGTGC F RGW F DSWGPGLP VTV SS
IGHV2-5*01,SGPT L LKPTQ TLTLTCTF SG FSLS TSG VGVGWIR QPPGKA LEWLALIYW NDDKRYSPSLK SRLTITK DTSKN QVVLTMT NMDPVDTA TYYCAHINY YGSGSL WR HNW F DPWGQG TLVTVS S
IGHV2-70*11,SGPT LV KPTQ TLTLTCTF SGF SL STSG MCVSWIR QPPGKA LEWLARI DWDDDKYYNTSL KTRLTIS KDTSKN QVVLTMT NMDPVDT ATYYCA REPITG LQF RPNGM DVW GQG TTVTVS S
IGHV2-70*11,SGPT LV NPTQ TLTLTCTF SGF SLT TSG VCVNWIR QPPGKA LEWLARI DWDTDK YY STSL KTRLTIS KDTSKN QVVLTMT NMDPVDT AS YFCA R MGCGSNPNYFDYWGQ GVLVTV SS
IGHV2-70*01,LVKPTQ TFTLTCTF SG FSL STSG MCVSWIR QPPGKA LEWLALID WDDDKY YST SL KTRLTIS KDTSKN QVVLTMT NMDPVDTA TYYCARI P V AAAGPLDNL NYYYYGMDV WGQG TTVTVS S
IGHV2-5*02,SGPT L LKPTQ TLTLT CPFS WFSL SPSGV GVGWIR QPPGKA LEWLALIYW DDDKRYSPSLK SRLTITK DTSKN QVVLTMT NMDPVDTA TYYCAHI RPPG YYFDY WGQG TLVTV SS
IGHV2-5*01,SGPT L VKPTQ TLTL P CTF SG FSLT TSG VVVGWIR QPPGKA LE WLARIYW NGDKRYSPSLK SRLTITK DTSKN QVVLTMTN VDPVDTA TYD CAHNNWDYVPPYFDYWGQG TLVTV AS
IGHV2-70*01,SGPT LV KPTQ TLTLTCTF SGF S LSDSG MCVSWIR QSPGKA LEWLALID WDDNK YYSTSLKTRLTIS KDTSMN QVVLRMTK LDPVD TATYYCARTLVADL WPQK YYYGMDV WGQG TTVTVS S
IGHV2-5*02,FGPT L VKPTQ TLTLTCTF SG FSLS TSG VGVGWIR QPPGKA LEWLALIYW DDDKRYSPSLK SRLTITK DTSKN QVVLTMTM DPVDTA TYYCAH RGSGWTGG YFDY WGQG TLVTVS S
IGHV2-5*01,SGPT LV KPTQ TLTLTCTF SG FALS TRG VGVGWVR QPPGKA LEWLALIYW NDNKRYSPSPQS RLTITK DTSKN QVVLTMT NMDPVDTG TYYCAH KRSG WALLFAS WGQG TLVTVS S
IGHV2-5*02,Q ITLK ESGP TLV KPTQ TLTLTCTF SG FSLS TSG VGVGWIR QPPGKA LEWLALIYW DDDQRYSPSLKN RLTITK DHSKN QVVLTMT NMDPVDT ATYYC AHNGR YYS SLPLDYWGQG TLVTV SS
IGHV2-5*02,PTLVKPTQ TLTLTCTF SG FSL STSG VGVGWIR QPPGKA LKWLALIYW DDDKRYSPSLK SRLTITK DTSKN QVVLTMT NMDPVDT ATYYCA HRPPLGYCSSTSC YSWF DPWGQG TLVTVS S
IGHV2-5*01,SEHTLGNPTQ SLTLACTV SG FSL DHRG VGVGWVR QPPGNA LEFLALIYWY DDKRYRPSLKN RLTIT KDTSRS QVVLIMT NMDPVDTA TYHC ARSPYKFGPKW F DPWGQG TLVTIS S
IGHV2-5*02,SVPT L VKPTQ TLTLTCIF SGF SL STSG VAVGWIR QPPGKA LEWLALIYW DDDKRFSPSLK SRLTIT KGTSEN QVVLTMT NMDPVDT ATYYCA HRLDWSDYGFD Y WGQG TLVTVS S
IGHV2-5*02,QI TL NESGP TLV KPTQ TLTLTCTF SG FSLS TSG VGVGWIR QPPGKA LEWLALIYW DDDKRYSQS LKSRLTITK DTSKN QVVLTMT NMDPVDTGT YYCVHV DCGG VSCFVEYFQQ WGQG TLVTVS S
IGHV2-70*04,SGPT LV KPTQ TLTLTCSL SGV SL RTD RVRVSWIR QPPGKP LEWLARID WDDDK FYTTSLRARLTIS KDTSEN QVVLTMT NMDPVDT ATYYCAR TACSG TVCY PAPAYSFDRWGP GILVTV SS
IGHV2-5*02,SGPT LV KPTQ TLTLTCAF SGF SLTT R GVAVGWIR QPPGKPL EWLALIYW DDDQTYSPSLS GRLTITK DTSKN QVVLRMT NMEAVDTGT YFCA QRLPY RFFA SGNWSGPWGQGT PVTVS S
IGHV2-5*02,SGPT LV KPTQ TLTLTCTF SG FSLTT T GVGVGWIR QPPGKA LEWLALIYW DEDERYSPYL KSRLTITK DTSKN QVALTMT NMDPMDT ATYYCA HKDGYPMD VW GQG TTVTVS S
IGHV2-70*11,SGPT LV KPTQ TLTLTCTF SG FSL STSG MCVSWIR QPPGKA LEWLARI DWDDDKY YS TSL KTRLTIS KDTSKN QVVLTMT NMDPVDT ATYYCA RT V A D YYYY G MDV WGQG TTVTVS S
IGHV2-70*11,SGPT LV KPTQ TLTLTCTF AG FSL STSG MCVSWIR QPPGKA LEWLARI DWDDDKY YS TSL KTRLTIS KDTSKN QVVLTMT NMDPVD TATYYCARTYYDILTQYY YGMDVWGQG TTVTVS S
IGHV2-5*01,E WLALIYW NDDKRYSPSLK SRLTITK DTSKN QVVLTMT NMDPVDTA TYYC AHRPHTGL F DYWGQG TLVTV SS
IGHV2-5*02,GPTLVKPTQ TLTLTCTF SG FSLS TSG VGVGWIR QPPGKA LEWLALIYW DDDKRYRPSL KRRLTITK DTSKN QVVLTMT NMDPVDTA TYYCAYS RHSNGWGSFDNWGQG TLVTVS S
IGHV2-70*01,LVKPTQ TLTLTCTF SG FSL STSG MCVSWIR QPPGKA LEWLALID WDDDKY YST S LKTRLTIS KDTSKN QVVLTMT NMDPVDT ATYYCARWRL YGDYVP YYYYGMDV WGQG TTVTVS S
IGHV2-70*11,SGPT LV KPTQ TLTLTCTF SG FSL STNG MSVTWIR QPPGKA LEWLARI DWDDDKY YS TSL KTRLTIS KDTSKN QVVLRMTN IDPVDT ATYYCA REDQRSHRGG MDV WGQG TTVTVS S
IGHV2-5*02,SGPT LV KPTQ TLTLTCTF SG FSLS TSG VGVGWIR QPPGKA LEWLALIYW DDDKRYSPSLK SRLTITK DTSKN QVVLTMT NMDPEDT ATYYCA HKSRLERH SYALFD YWGQG TLVTVS S
IGHV2-5*01,Q ITLK ESGP TLV KPTE TLTLTCTF SG FSLS TSG VGVGWIR QPPGKA LEWLALIYW NDEKRYRPT LKSRLTIT KDNFKN QVVLTMT DMDPVDTGT YYCAHR LSEDDFWS GWDLF DPWGQG TLVTVS S
IGHV2-5*02,QI TLEE SGPA LV KPTQ TLTLTCTF SGF SLTTFHVGVGWIR QPPGKA LEWLTVIYW DDDERYSPS LRHRVTITK DTSKN QVVLTMTH MDAEDTG TYYCARA SLGE LYFFD YWGRG TLVTVS S
IGHV2-5*01,SFPTLVKPTQ TLTLTCTF SG FSLS TSG VGVGWIR QPPGKA LEWLALIYW NDDKRYSPSLK SRLTITK DTSKN QVVLTMT NMDPVDT ATYYC AHSPT ITIFGVVIDYY YGMDVWGQG TTVTVS S
IGHV2-5*02,SSTTPGKAT QTLTLA CPFSGF SL RPSGV GVGWIR QPPGKA LEWLALIYW DDDKRYSPSLKN RLTITK DTSKN QVVLTMT NMDPVDT ATYYC AHR RLYY SGSGSYPPPGPNNWFDPWGQG TLVTV SS
IGHV2-26*01,SGPT LV KPTE TLTLTCTV SG FS LSNA RMGVSWIR QPPGK ALEWLAHI FSDDEKSFSPSLK TRLTIS KDPSKS QVVLTMT NMDPV DTATYYCARILGLYYDT LTGYGT AYYGLDV WGQGT TVTV S
IGHV2-70*01,SGPT LV KPTQ TLTLTCAF SG FSL NSSESSGS EMCVSWIR QPPGKA LEWLALI DSDDDKYYNTSL RSRLTISK DTSKN QVVLTMT NMDPVDT ATYYCA RTD ITYVISGYYYRSFD YWGQGT PVTV SS
IGHV2-70*01,SGPT LVKLT Q TLTLTCTF SG FSL STSG MCVSWIR QPPGKA LEWLALID WDDDKY YST SL KTRLTIS KDTSKN QVVLTMT NMDPVDT ATYYCAR YSSSW YGWAWF DPWGQG TLVTVS S
IGHV2-26*01,KRSGP TLV NPTES LSLTCTVSD FSVNND FMGVSWVR QPPGK ALEWLAHIF SNDEKSYSPSL RSRLTIS KDTSKS QVVLIMT DTDPADTA TYYTYDV WGRG TMVTVS S
IGHV2-70*01,SGPT LV KPTQ TLTLTCTF SGF SL STSG MCVSWIR QPPGKA LEWLALID WDDDKY YST S LKTRLTIS KDTSKN QVVLTMT NMDPVDT ATYYCARI PVRQELLPY YY G MDV WGQG TTVTVS S
IGHV2-5*02,SCPT L VKPTQ TLTLTCTF SG FSL STRG VSVGWIR QPPGKA LEWLALIYS DDDKRYSPSLK GRLAITK DTSKN QVVLTMT NMDSVDT ATYYCA HRRPSTWEGD WF DPWGQG TLVTVS S
IGHV2-5*02,SGPT LV KPTQ TLTLTCTF SG FSLS TSG VGVGWIR QPPGKA LEWLALIYW DDDKRYSPSLK SRLTITK DTSKN QVVLTMT NMDPVDT ATYYCAHMYYDIL TGVSNWFDPWGQG TLVTVS S
IGHV2-70*11,SGPT LV KPTQ TLTLTCTF SG FSL STSG MCVSWIR QPPGKA LEWLARI DWDDDKY YS TSL KTRLTIS KDTSKN QVVLTMT NMDPVDTA TYYCARIRTYY YGSGSYYNPS ISMDV WGQG TTVTVS S
IGHV2-70*11,SGPTQVKPTQ TLTLTCTF SGF SL STSG MCVSWIR QPPGKA LEWLARI DWDDDKY YS TSL KTRLTIS KDTSKN QVVLTMT NMDPVDTA TYYCA R TLVVYA PAFDYWGQG TLVTVS S
IGHV2-70*01,SGPT L LKPTQ TLTLTCAF SG FSL NSSESSGS EMCVSWIR QPPGKA LEWLALI DSDDDKYYNTSL RSRLTISK DTSKN QVVLTMT NMDPVDT ATYYCA RTD ITYD ISG YYYRSFD YWGQGT PVTV SS
IGHV2-5*01,SGPT LV KPTQ TLTLTCTF SG FSLS TSG VGVGWIR QPPGKA LEWLALIYW NDDKRYSPSLK SRVTITK DTSKN QVVLTMT NMDPV DTATYYCARILVEMA NMGD YYYYGMDV WGQG TTVTVS S
IGHV2-70*01,SGPT LV KPTQ TLTLTCTF SG FSL STSG MCVSWIR QPPGKA LEWLALID WDDDKY YST S LKTRLTIS KDTSKN QVVLTMT NMDPVDTA TYYCARIRA YGD FALDY WGQG TLVTVS S
IGHV2-70*01,SGPT LV KPTQ TLTLTCTF SG FSL STSG MCVSWIR QPPGKA LEWLALID WDDDKY YST S LKTRLTIS KDTSKN QVVLTMT NMDPV DTATYYCARILVEMA NMGD YYYYGMDV WGQG TTVTVS S
IGHV2-5*02,SGPT L LKPTQ TLTLTCTF SG FSL STSG VGVGWIR QPPGKA LEWLALIYW DDDKRYSPSLK SRLTITK DTSKN QVVLTMTN IDPVDT ATYYCA HRDTYSSSWGG WF DPWGQG TLVTVS S
IGHV2-70*11,SGPTLSKPT QTLTLT CPFSGF SL SPGG MCVSWIR QPPGKA LEWLARI DWDGP KYYS TSLK TRLTIS KDTSKN QVVLTMTN VDPVDT ATYYCAR SQRGRDMPGW F DPWGQG TLVTVS S
IGHV2-5*02,SGST L LKPTQ TLTLTCAF SGF SL NRRG VGVGWIR QPPGKA LEWVSLIYW DDDKYYRPSL KTRLTITK DTSKN QVVLTMTN MAPVDTA T YYC AHA VMAASVYF DSWGQG ALVTVS S
IGHV2-5*02,SGPT LV KPTQ TLTLTCTF SG FSL STSG VGVGWIR QPPGKA LEWLALIYW DDDKRYSPSLK SRLTITK DTSKN QVVLTMT NMDPVDT ATYYCA HRPPNDL LHWY WGQ QLVR RNWFDPWGQ GILVTVS S
IGHV2-5*02,GPTLVKPTQ TLTLTCTF SG FSLS TSG VGVGWIR QPPGKA LEWLALIYW DDDKRYSPSL KSRLTITK DTSKN QVVLTMT NMDPVDT ATYYCA HRPGI AA AGRG FRYD YWGQG TLVTVS S
IGHV2-26*01,QV TLK ESGP VLV KPTE TLTLTCTVS GF S LSNPRM GVSWIR QSPGKA L EWLTH ISSNDEKSYSTSL KSRVTIS KDTSKS QVVLTMT NMDPVDTA TYYCARVIFYD YALG TY RPGGSLDNWGQG TLVTVS S
IGHV2-70*04,Q VTLKE SGPAPVKPTQ TLTLTCTF SGF SLTTIGMRVSWIR QPPGK ALE WLAR IDWDDAK FYS TSLK TRLTIS KDTSKN QVVLTMA NMDPVD TATYYCARICAMT QCGGA F DMWGQG TMVTVS S
IGHV2-5*01,SGPT LV KPTQ TLTLTCTF SG FSLS TSG VGVGWIR QPPGKA LEWLALIYW NDDKRYSPSLK SRLTITK DTSKN QVVLTMTN IDPVDTA TYYCA HT LRYF DWLTGA YYYYYGMD VWGQG TTVTVS S
IGHV2-70*11,SGPT LV KPTQ TLTLTCTF SG FSL STSG MCVSWIR QPPGKA LEWLARI DWDDDKY YS TSL KTRLTIS KDTSKN QVVLTMT NMDPVDT ATYYCA RGY YD ILPGT LYDMDV WGQG TTVTVS S
IGHV2-5*02,SGPT LVKL TQ TLTLTCTF SG FSL STSGL GVGWIR QPPGKA LEWLALIYW DDDKRYSPSLK SRLTITK DTSKN QVVLTMT NMDPVDT ATYYCAHWF G MITRAWF DPWGQG TLVTV SS
IGHV2-5*01,TLVKPTQ TLTLTCTF SG FAL SSRG VGVGWIRQ SPGKA LEWLALIYW NDNKRYSPSLQ SRLTITK DTSKN QVVLTMTN VDTVDTG TYYCAH KRSG WALLFAS WGQG TLVTVS S
IGHV2-70*01,PTLVTPTQ TLTLTCTF SGF SL STSG MCVSWIR QPPGKA LEWLALID WDYDKYYSTSL KTRLTIS KDTSKN QVVLTMT NMDPVETA TYYWARIQVV PAAGDW F DPCGQG TLVTVS S
IGHV2-5*02,SVPT L VKPTQ TLTLTCTF SG FSLS TSG VGVGWIR QPPGKA LEWLALIYW DDDKRYSPSLK SRLTITK DTSKN QVVLTMT NMDPVDTA TYYC AH RLVVFTT NWFDPWGQ GTLVTVS S
IGHV2-70*18,S LSLTCSV SGGSI RSYH WSWIR QSPEQGL EWIALID WDDDKY YST S LKTRLTIS KDTSKN QVVLTMT NMDPVDT ATYYCA RRR YYYGMDV WGQG TTVTVA S
IGHV2-70*10,SGPT LL KHTPT LTLTCTF SGL S LNTSGM CVSLIH LPPGK ALEWIARL DWEDDK YYS TS LKTRLTIS KDTSKN QVVLTMT NMDPVDT AT YYCARIRAM TTSMDVWG QVTTVTV SS
IGHV2-5*02,Q ITLK ESGPT LV QPTQ TLTLTCTL SG FSIS TSG VGVAWIR QPPGKA LEWLAMIYY DDGK RY RPSL QSRLTIS KDTSKN QVVLTMTN VDPVDT ATYYCAHRVA AGGAQDA FDIW GPG TMVTVS S
IGHV2-5*01,SGPT LV NPTQ TLTLTCTI SG FSL STSG VGVGWIR QPPVKAPE WLALIYW NDDEHYSPSLK SRLTITK DTSKN QVVLIMT NMDPVDT ATYYC AHTR LW WGTDFDYWGQG TLVTVS S
IGHV2-5*02,SGPT LV KPTQ TLTLTCTF SG FSLS TSG VGVGWIR QPPGKA LEWLALIYW DDDKRYSPSLK SRLTITK DTSKN QVVLTMT NMDPVDT ATYYCA HRRSSW YAEYFQ HWGQG TLVTV SS
IGHV2-70*11,SGPT LV KPTQ TLTLTCTF SG FSL STSG MCVSWIR QPPGKA LEWLARI DWDDDKY YS TSL KTRLTIS KDTSKN QVVLTMT NMDPVDTA TYYCARIRGYC SGGPFDPWGQG TLVTV SS
IGHV2-5*02,SGPT LV KPTQ TLTLTCTF SG FSLS TSG VGVGWIR QPPGKA LEWLALIYW DDDKRYSPSLK SRLTITK DTSKN QVVLTMT NMDPVDT ATYYC AHSPK LLWF GEPT VEYYFD YWGQG TLVTVS S
IGHV2-5*01,Q ITLK ESGPT LV KPT QILTLTCSF SGF SL DTRG VGVGWIRQ APGKA LEWLSLIYWN AEKEYSPSV ETRLTITK DTSNN QVVLTVTN MGPVDT ATYYCARRLS CGAGSHAP YFFDY WGQG ALVIVS S
IGHV2-5*02,SGPT LV KPTQ TLTLTCTF SG FSLSA SG VGVGWIR QPPGKA LEWLALIFW DDDNRYSPSLK SMLTITK DTSKN QVVLTMT NMDPVDTA TYYCALR FPYISGW Y RPE ITL DSWGQG TLVT GSS
IGHV2-5*02,SGPT LV KPTQ TLTLTCTF SG FSLS TSG VGVGWIR QPPGKA LEWLALIYW DDDKRYSPSLK SRLTITK DTSKN QVVLTMT NMDPVDTA TYYCAHF DA Y YGM D VWGQG TTVTVS S
IGHV2-5*02,Q ITLK ESGP TLV RPTQ TLTLTCTF SGSSL TTRGVGVGWIR QPPGQA LEWLALLS WDGDDLYNPSLRN RLAIT KDPSAN QVFLTVTN VDPVDTAT YD CA HI SK TYVQ G VRIR GPFDLWGQG TLVTVS S
IGHV2-5*02,Q ITLK ESGP TLV RPTQ TLTLTCTL SGLSLNS LAVGVAWVR QPPGKA LEWLALIY SDDTEYYSPSLK SSLTVT KDTSKN QVILTI PNADPLDTGT YYCVHT AG WLLST WGQG TLVTV SS
IGHV2-70*11,PTLVKPTQ TLTLTCTF SGL SL STTG MSVSWIR QPPGKA LEWLGRID WDDGT YYTSSLKTRLTIS KDTSK YQVVLTMT NMDPVDT ATYYC ARD FVVL PS IR RGGM DVW GQG TTVTVS S
IGHV2-70*11,SGPT LV KPTQ TLTLTCTF SGF SL STSG MCVSWIR QPPGKA LEWLARI DWDDDKY YS TSL KTRLTIS KDTSKN QVVLTMT NMDPVDT ATYYCARA RWGSGYG MDVW GQG TTVTVS S
IGHV2-5*02,SGPT L LKPTQ TLTLT CPFSG FSL TPSG VGVGWIR QPPGKAPE WLALIYW DDDKRYSPSLKD RLTITK DTSRN QVVLTMT NMDPVDT ATYFCA HKRTAWGSAGY R DWGQG TLVTV SS
IGHV2-70*01,SGPT LV KPTQ TLTLTCTF SGF SL STSG MCVSWIR QPPGKA LEWLALID WDDDKY YST SL KTRLTIS KDTSKN QVVLTMT NMDPVDT ATYYCAR IPGNSGA FDIW GQG TMVTVS S
IGHV2-5*02,Q ITLK ESGP TLV KPTQ TLTLTCTF SGF SLTTIGLGVGWIR QPPGKA LEWLALIYW DDDKRASPSLR NRLTIS KDTSKN QVVLTLAN VDPVDT ATYYC ARG LYYA SG TYY NSRPFDSWGQ GILVTVS S
IGHV2-5*01,SGPT LV KPTQ TLTLTCTF SG FSLS TSG VGVGWIR QPPGKA LEWLALIYW NDDKRYSPSLK SRLTITK DTSKN QVVLTMT NMDPVDT ATYYCA HARH RITIFGVVIT TPW YF DYWGQG TRVTVS S
IGHV2-70*04,GPTLVKPTQ TLTLTCS FPGF SLR TSG MRVSWIR QPPGKA LEWLARI DRDDDK YYS T SLRARLTISK DISKNQ VVLTMT NMDPVDT ATYYCA RSRPD YYSVN YG MDV WGQG TTVIVS S
IGHV2-5*02,SGPT LV KPTQ TLTLTCTF SGFSHSTSG VGVRWIR QPPRKAL EWLALIYW DDDKRYSPSLK SRLTITK DTSKN QVVLTMT NMDPVDT A TYYCARWFGVIT RP YV DPWGQ ETLVTVS A
IGHV2-26*01,QV TLK ESGP VLV KPTE TLTLTCNV SGFSSDFR KMGVTWIR QPPGKA LEW LAHIF APDER SYRISL RN RLTISK DTSKG QVVLTIAD MNTMDT ATYFCARA VQPLVGSGF DIW GR GTMVTV SP
IGHV2-26*01,SGPT LV KPTE TLTLTCTV SG FS LSNA RMGVSWIR QPPGK ALEWLAHI F SNDEKSYSTSL KSRLTIS KDTSKS QVVLTMT NMDPVDT ATYYCA RPGSGYDDA FDIW GQG TMVTVS S
IGHV2-5*02,SGPT LV KPTQ TLTLTCTF SG FSLS TSG VGVGWIR QPPGKA LEWLALIYW DDDKRYSPSLK SRLTITK DTSKN QVVLTMIN MDPVDT A TYYC A HRA KLLWF GE VLYNY YGM DV WGQG TTVTVS S
IGHV2-70*01,SGPT LV KPTQ TLTLTCTF SGF SL STSG MCVSWIR QPPGKA LEWLALID WDDDKY YST SL KTRLTIS KDTSKN QVVLTMT NMDPVDT ATYYCA RC KVY GRGA FDIW GQG TMVTVS S
IGHV2-70*13,Q VTLRE SGP AVV KPTQ TLTVTCTF SG FSL STSG MCVNWIR QPPGKA LEWLARIT WGDDT YY NTSL KTRLSIS QDASKS QVVLTMT NMDPEDT ATFFCA RSPRCYSDA LDVW GQG TTVIVS S
IGHV2-5*02,Q ITLK ESGP TLV RPTQ TLTLTCTF SG FSLTT R GVGVGWIR QPPGQA LEWLALLS WDGDDLYNPSLRN RLAIT KDTSENQ VFQTVTN VDPVDTA TYYCAHI SPT YVQGVIIR GPFDLWGQG TLVTVS S
IGHV2-70*11,SGPT LV QPTQ TLTLTCTF SG FSL STSG MCVSWIR QPPGKA LEWLARI DWDDDKY YS TSL KTRLTIS KDTSKN QVVLTMT NMDPVD TATYYCARTLAV AG LCMDV WGQGT TVTVS S
IGHV2-70*11,SGPT LV KPTQ TLTLTCTF SG FSL STSG MCVSWIR QPPGKA LEWLARI DWDDDKY YS TSL KTRLTIS KDTSKN QVVLTMT NMDPVDTA TYYCARMWVRV GATEDYWGQ GTLVTVS S
IGHV2-5*02,SGPT LV KPTQ TLTLTCTF SG FSLS TSG VGVGWIR QPPGKA LEWLALIYW DDDKRYSPSLK SRLTITK DTSKN QVVLTMT NMDPVDTA TYYCAHR YCSSTSCYGG VD YWGQG TLVTV SS
IGHV2-5*01,SSPTHVKPTQ TLTLTCSF SG FSLS TSG VGVGWIR QPPGK ALAWLALIYW NDDKRYSTS LRSRLTITK DTSKN QVVLTMT NMDPVDTGT YYCAR ENQGYCSGPSCPIRRGA SYYYYY G MDV WGQG TTVT GSS
IGHV2-5*02,PTLVKPTE TLTLT CPFSGF SL TDAG VGVGWIR QPPGKA LECLALIYW DDDKRYNPSLK SRLTITR DTSKD QVVLTMTN MDPGDT ATYYCA HK SVTLI RG KYYVKYW GQG AMV T
IGHV2-5*02,SGPT LV KPTQ TLTLTCTF SG FSLT TNG VVVGWIR QPPGKA LEWLALIYW DDDERYNS FL R GRLTITK DTSKN QVVLTMA NMDPVDT AT YYCAH I RDYWHTRE IFDF WGH GILVTVS S
IGHV2-26*01,SGPT L LKPTE TLTLTCTV SG FS LSPA RMGVSWIR QPPGK ALEWLAHI FSNDEKSYSTSL KSRLTIS KDTSKS QVVLTMT NMDPVDT ATYYCART TYGDSGVGD AFDIW GQG TMVTV SS
IGHV2-5*02,SGPT LV KPTQ TLTLTCNF SGF SL NTNG VGVGWIR QPPGKA LEWLGIIYW DDDKRFSPSLK SRLRITK DTSKN KVVLTMT NMDPVDTGT YYCAHIFIL SNGY SRYFN YGSQG TLVTVS S
IGHV2-5*02,SGPT L LKPTQ TLTLTCTF SG FSL STSG VGVGWIR QPPGKA LEWLALIYW DDDKRYSPSLK SRLTITK DTSKN QVVLTMT NMDPVDT ATYYCA HRSS WFYYFD YWGQG TLVTVS S
IGHV2-5*02,SGATLTKPTQ TLTLI CPF AVLSL SPNGV GVGWIR Q HLGKAL EWLAVIYW DDDKRYSPSLK RRLTITK DTSKN QVVLTMT NMDPVDT A TYYCAH IGGNPY YY DYGRDVWGQG TTVTV SS
IGHV2-5*02,SGPT LV KPTQ TLTLTCTF SG FSLS TSG VGVGWIR QPPGKA LEWLAPIYW DDDKRYSPSLK SRLTITK DTSKN QVVLTMT NMDPVDT ATYYCA HR AEVVA DQFDYWGQG TLVTVS S
IGHV2-5*05,SGPT LV KPTQ TLTLTCTV SG FSLSTIGVGVGWIR QPPGKA LEWLALIYW DDNKAYDPSLKGG VTIARD TSKN QVVLTMT NLDPVDT ATYYCAQI RHPSYHN YFRMAVW GQGT TLTVS S
IGHV2-5*02,SVPT L VKPTQ TLTLTCTF SG FSL STSGL GVGWIR QPPGKA LEWLALIYW DDDKRYSPSL QSRVTITK DTSKN QVVLTLT NMDPVDTA TYYCARLYINYN VG YSWF DPWGQG TLVTVS S
IGHV2-5*02,LTKPT QTLTLT CPFSG FSLS TSGV GVGWIR QPPGKA LEWLALIYW DDDKRYSPSLK SRLTITK DTSKN QVVLTMT NMDPVDTGT YYCA HGFGDDGM DVW GRG TTVT GSS
IGHV2-70*04,SGPT LV KPTQ TLTLTCTF SG FSL STSG MRVSWIR QPPGKA LEWLARI DWDDDK FYS TSLK TRLTIS KDTSKN QVVLTMT NMDPVDTA TYYCAREVWWA NDGHPGG YYGMDV WGQG TTVTVS S
IGHV2-5*02,SGPT LV KPTQ TLTLTCTF SG FSLS TSG VGVGWIR QPPGKAPE WLALIYW DGDERFNPSLK SRLTITK DTSKN QVVLTLT NMDPVDT ATYYCA HGSGRNQ R LGCSSANC H A WF DKWGQG TLVTVS S
IGHV2-70*01,SGPTPVKPTQ TLTLTCTF SGF SL STSG MCVSWIR QPPGKA LEWLALID WDDDKY YST SL KTRLTIS KDTSKN QVVLTMT NMDPVDTA TYYCARISY SSGWLGP YYFDY WGQG TLVTVS S
IGHV2-70*11,SGPT LV KPTQ TLTLTCTF SG FSL STSG MCVSWIR QPPGKA LEWLARI DWDDDKY YS TSL KTRLTIS KDTSKN QVVLTMT NMDPVDTA TYYCARIRT YSSS WYLT GGMDVWGQ ATTVTVS S
IGHV2-70*04,SGPT LV KPTQ TLTLTCTF SGF SL S T F GMRVNWIR QPPGKA LEWLARID WDDDK VYST SLK TRLTVS KDTSKN QVVLTMT NMDPMDT ATYYCAR TSEYGYNSLDDWGQG TLVTVS S
IGHV2-5*01,Q ITLK ESGP TLV KPTQ TLTLTCSF SGF SL DTRG VGVGWIRQ APGKA LEWLSLIYWN AEKEYSPPV ETRLTITK DTSNN QVVLTVTN MGPVDT ATYYCARRLS YGAGSHAP YFFDY WGQG ALVIVS S
IGHV2-5*02,SGPT LV KPTQ TLTLTCTF SG FSLS TSG VGVGWIR QPPGKA LEWLALIYW DDDKLYSPSLK SRLTITK DTSKN QVVLTMT NMDPVDT ATYYC AHR SVIV GAT T WG Y WGQG TLVTVS S
IGHV2-5*02,SGPTLGKPT QTLTLTCTF SG FSLS TSG VGVGWIR QPPGKA LEWLALIYW DDDKRYSPSLK SRLTITK DTSKN QVVLTMT NMDPVDT ATYYC AHRQ CILWWCN W F DPWGQG TLVTVS S
IGHV2-5*01,SGPT LV KPTQ TLTLTR SFSG FSLS SRGEG VGWVR QPPGKA LEWLALIFW NDDKRYSQS LRTRLSITK DTSRN RVVLTLAS VGPLDT ATYYCA HR RVH YGSPR QAWF DAWGQ LTLVTVS S
IGHV2-5*01,SGT TLL KPTQ TLTLTCTF SG FSL STNG VGVGWIR QPPGKA LEWLALIYWN VDPRYSPSLE SRLTITR DTSRN QVVLTMT NMGPVNT ATYYCA HRR SVY DRSGY YSEYFYH WGQG TLVTVS S
IGHV2-5*02,GPTRVKPTQ TLTLTFTF SG FSLS TRG VGVGWIR QPTGKA LEWLALIYW DDDKRYSPSL KSRLTITK DTSKN QVVLTMT NMDPVDT ATYYCAH RTGDYRNWFDPWGQG TLVTV SS
IGHV2-5*02,SFPTLVKPTQ TLTLTYTF SG FSLTT SG VGVAWIR QPPGKA LEWLAFIYW DGDRRYSPSLE SRLTITK DTSTN QVVLMMT NMDPVDT ATY Y CAHRL S KSAA NASPDYFDSWGQG TLVTV SS
IGHV2-5*02,SGPPLPHPTHPLSLTCPFS LFSL STTGV GVGWIR QPPGLA LEW LALLYW ADDKRYRPSLKSR HTIT KDTPKN QVVLTMT NMDPVD TATYYRAH RSSGW Y N TYVDY WGQG TLVTV SS
IGHV2-5*01,SGPT LV KPTQ TLTLTCTF SG FSLS TTG VGVGWIR QPPGKA LEWLALIYW NDDTRYSKSL KSRLTITK DTSKN QVALTMTS LDPVDT ARYYCA HWDL GIV G TTIH D TFDVW GQG TMVTVS S
IGHV2-5*02,SGPT LV KPTQ TLTVTCSF SG FSLT SEEG VVWIR QPPGKA LEWLGLIY SDDYTRYSPSLE SRLAITK DTSKN QVVLIMT NMNPVDT ATYFCT HSPRSNPPL RFVE WP IF NYWGQ GILVTVS S
IGHV2-5*02,SGPT LV QPTQ TLTLTCTF SG FSL STSG VGVGWIR QPPGKA LEWLALIYW DDDKRYSPSLK SRLTITK DTSKN QVVLTMT NMDPVDT ATYYCA HRPPRTGTDV F DDWGQG TLVTV SS
IGHV2-5*02,SGPT LV KPTQ TLTLTCTF SG FSLS TSG VGVGWIR QPPGKA LEWLALIYW DDDKRYSPSLK SRLTITK DTSKN QVVLTMT NMDPVDT ATYYCA HRPSSGWSGPY FDY WGQG TLVTVS S
IGHV2-5*01,Q ITLK ESGP TLV KPTQ TLTLTCSFFGFSL DTRG VGVGWIRQ APGKA LEWLSLIYWN AEKEYSPSV ETRLTITK DTSNN QVVLTVTN MGPVDT ATYYCARRLS YGAGSHAP YFFDY WGQG ALVIVS S
IGHV2-70*11,SGPT LV KPTQ TLTLTCTF SG FSL STSG MCVSWIR QPPGKA LEWLARI DWDDDKY YS TSL KTRLTIS KDTSKN QVVLTMT NMDPVDT ATYYCA RSKL GIAVA GTG YYYYGMDV WGQG TTVTVS S
IGHV2-5*02,SGPTLLKPTQ TLALT CPFSG FSLT TNG VGVGWIR QPPGKA LEWLALIYW DD VKR YNPSLK TRLTITK DTSKN QVTLTVTN MDPVDT ATYYCA HRGFG ELFVGTWF DPWGQ GTLVTVS A
IGHV2-5*02,Q ITLK ESGPT L LKPTQ TLTLTCTF SGF S LTTPG VGVGWIR QPPGKA LEWLALIYW DDDKYYSPSLK RRLSIT KDTSKN QVVLTVTN IDY L ET ATYC ARRP VAVV GKPPPNWFDPWGQG TLVTVS S
IGHV2-5*02,SRPPPAQPTQ TLTLTCTF SGF SL STAG VGVAWIR QPPGKA LEWLALIYW DDDQRYSPSL RSRVTIT KDTSKS QVVLTMT NMDPVDT ATYYCAHR A SF YDDDDF YYS G F DYWGQG TLVTVS S
IGHV2-70*01,SGPT L LKPTQ TLTLT CPF SLFSL SPSGM CVSWIR QPPGKA LEWLALID WDDDKY YST S LKTRLTIS KDTSKN QVVLTMT NMDPVD TATYYCARIAWAV AGSPFDYWGQG TLVTV SS
IGHV2-5*02,ALE WLALIYW DDKKRYSPSLK SRLTITK DSSKN QVVLTMT NMDPVDTA TYYCV HSP IYFY GSGNYWPRTFDSWGQG TLVTVS S
IGHV2-5*01,Q ITLK ESGP TLV KPTQ TLTLTCSF SGF SL DTRG VGVGWIRQ APGKA LEWLSLIYWN AEKEYSPSV ETRLTITK DTSKN QVVLTVTN MGPVET ATYYCARRLS YGAGSHAP YFFDY WGQG ALVIVS S
IGHV2-26*01,SGT TLL KPTE TLTLSCSVSVFAL NHG RVAVSWIR QSPGR ALEWLGHIF STGR ATVLS SLQ HRLTIS KDTAES QVVLMLT NMDPLDTA TYYCARAIMY DGSFN WL APWGQG TLVAVS S
IGHV2-5*08,SGPT LV KPTQ TLTLTCTF SGFSLN TIGMCVSWIR QPPGKA LEWLALID WDDDKRYSPSLK SRLTITK DTSKN QVVLTMT NMDPVDT A TYYC A HRGI AVA G SYFD YWGQG TLVTV SS
IGHV2-5*01,SVPTPVKPTQ TLTLTCTFS AFPL TF NG VGVGWIR QPPGQA LEWLALIYW NDDKRYSPSLK SRLTITK DTSKN QVVLTMTN MGPADT ATYFCARSYVEY CGSTGCASSH FDF WGQG TLVTV SS
IGHV2-5*02,SGPA LV KPTQ TLTLTCTF SG FSLS TSG VGVGWIR QPPGKA LEWLALIYW DDDKRYSPSLK SRLTITK DTSKN QVVLTMT NMDPVDT ATYYC AHRR TVVTAFD YWGQG TLVTVS S
IGHV2-5*02,SGPT LV KPTQ TLTLTCTF SG FSLS TSG VGVGWIR QPPGKA LEWLALIYW DDDKRYSPSLK SRLTITK DTSKN QVVLTMT NMDPVDT ATYYCA HRPGGFGGS YFDY WGQG TLVTV SS
IGHV2-5*02,Q ITLK ESGP TLV KPTQ TLTLTCTF SG FSLS TSG VGVGWIR QPPGKA LEWLALIYW DDDQRYSPSLKN RLTITK DPSKN QVVLTMT NMDPVDT ATYYC AHNGR YYSS VPFDYRGQ GTLVTVS S
IGHV2-70*01,SGPT LV KPTQ TLTLTCTF SGF SL STSG MCVSWIR QPPGKA LEWLALID WDDDKY YST SL KTRLTIS KDTSKN QVVLTMT NMDPVDT ATYYCA RAPT MV RGE HYYYYGMDV WGQG TTVTVS S
IGHV2-5*01,SGPT LV KPTQ TLTLTCTF SG FSLSA T GVGVAWIR QPPGKA LEWLAFIYWT DHKHYSPSLKN RLTITK DTSKN QVVLTMT NTDPVDT ATYYC ARTSP IMALD YWGQG TLVTVS S
IGHV2-5*02,SVPT L VKPTQ TLTLTCTF SG FSLS TSG VGVGWIR QPPGKA LEWLALIYW DDDKRYSPSLK SRLTITK DTSKN QVVLTMT NMDPVDTA TYYWAH SRNWFDPWGQG TLVTVS S
IGHV2-70*01,SGPT LV KPTQ TLTLTCTF SG FSL STKG LCVSWIR QPPGKA LEWLALID WHDEKHYKTNL KTRLTIS KDTSKK QVVLTMT NMDPADTG TFFCAR TNLQDMYGGD YLA G GIDFW GQG TLVTVY S
IGHV2-26*01,SGPT LV KPTE TLTLTCTV SG FS LSNA RMGVSWIR QPPGK ALEWLAHIF SNDEKSYSTSLK SRLTIS KDTSKS QVVLTMT NMDPVDT ATYYCAR IPEGL RFLEWSYYYYYY G MD VWGQG TTVTVS S
IGHV2-5*02,Q ITLK ESGP TLV KPTQ TLTLTCTF SGF S LNTGG VGVGWIR QPPGKA LEWLALIYW DDDKRYSPSLK SRLTITK DTSKN QVVLSM ANMDPVDTA TYYCAHF HNVGAAG KIWFFD LRGR GTLVTVS S
IGHV2-5*01,GPTLVKPTQ TLTLTCNF SG FSL STNG VAVGWIR QPPGKA LEWLALIYW NDDKHYSPSL KRRLTITK DTSKK EVVLTMT NMHPEDT ATYYC AHRPEIFGAN LF DYWGPG TLVTVS S
IGHV2-5*02,SGPT LV NPTQ TLTLTCTF SG FSL STSG VGVGWIR QPPGKA LEWLALIYW DDDKRYSPSLK SRLTITK DTSKN QVVLTMT NMDPVDTA TYYCAPIVY SSG WYIE PWGQG TLVTVS S
IGHV2-5*02,SGPT LV KPTQ TLTLTCTF SG FSLS TSG VGVGWIR QPPGKA LEWLALIYW DDDKRYSPSLK SRLTITK DTSKN QVVLTMT NMDPVDT ATYYCA HRRG VVT G EYFD YWGQG TLVTVS S
IGHV2-5*02,SGPT LV KPTQ TLTLTCTF SG FSLS TSG VGVGWIR QPPGKA LEWLALIYW DDDKRYSPSLK SRLTITK DTSKN QVVLTMT NMDPVDT ATYYCA HRPGI AA AGRG FQYD CWGQGP LVTVS S
IGHV2-5*02,SGPT L LKPTQ TLTLTCTF SG FSL STSGL GVGWIR QPPGKA LEWLALIYW DDDKRYSPSL RSRLTITK DTSKN QVVLTMT NMDPVD TATYYCAQWF G MITRAWF DPWGQG TLVTV SS
IGHV2-70*11,CPTLVKPTPT LTLTFTFSWF SL I T RCMCVSWIR HPPGK ALEWLARID WHDDKYSSTSL KTRLTISK DTSTN QVVLTMT NMDPVDT A TYYCARI SGW L HEDA FD IGGK GTMVTVS S
IGHV2-5*02,SGPT LV KPTQ TLTLTCTF SG FSL STSG VGVGWIR QPPGKA LEWLALIYW DDDKRYSPSLK SRLTITK DTSKN QVVLTMT NMDPVDT ATYYC AHRQ CILWWCN W F DPWGQG TLVTVS S
IGHV2-5*02,SGPT LV KPTQ TLTLTCSF SG FSLS TSG VGVGWIR QPPGKA LEWLVFIYL DDDKRYSPSL RSRLTITK DTSKN QVVLTMT NMDPVD TATYYCAHIMTYYY YGMDVWGQG TAVTVS S
IGHV2-70*01,SVPT L VKPTQ TLTLTCTF SGF SL STSG MCVSWIR QPPGKA LEWLALID WDDDKY YST SL KTRLTIS KDTSKN QVVLTMT NMDPVDT ATYYCA RSTKDFWS GYLLFDY WGQG TLVTVS S
IGHV2-70*11,SGPT LV KPTQ TLTLTCTF SGF SL STSG MCVSWIR QPPGKA LEWLARI DWDDDKY YS TSL KTRLTIS KDTSKN QVVLTMT NMDPVDT ATYYCAR TTSGVAKDDWSQG TLVT V
IGHV2-5*02,SGPT LV KPTE TLTLTCTLSGFS LKNGG VGVAWIL QPPGKA LEWLALIFW DGAKRYSPSLK TSVTLTR DTSRN QVILTMT NMDPADTGT YYCAHRLGVY GSERH KFNWF DRWGQG TLVTVA S
IGHV2-5*02,SGPT LV KPTQ TLTLTCTF SG FSLS TSG VGVGWIR QPPGKA LEWLALIYW DDDKRYSPSLK SRLTITK DTSKN QVVLTMT NMDPVDT ATYYCA HRPGI AAAGMCFRYD YWGQG TLVTVS S
IGHV2-70*01,SGST L LKPTQ TLTLT CPFSGF SL SPSG MCVSWIR QPPGKA LEWLALID WDDDKY YST S LKTRLTIS KDTSKN QVVLTMT NMDPVDT ATYYCARIR GGGYSSSWPS F DYWGQG TLVTVS S
IGHV2-70*15,Q VTLRE SGPA LV KPTQ TLTLTCTF SG FSL STSG MCVSWIR QPPGKA L EWLARI DWDDDKYYN TFLKTRLTIS KDTSKN QVVLTMA NMDPVDT A TYYCAR RRATRTS YFD YWGQ GILVTVS S
IGHV2-5*02,SGPT LV KPTQ TLTLTCTF SG FSLS TSG VGVGWIR QPPGKA LEWLALIYW DDDKRYSPSLK SRLTITK DTSKN QVVLTMT NMDPVDT ATYYC APQVR GVWAYYY GM D VWGQG TTVTVS S
IGHV2-5*02,Q IALK ESGP TLV KPAQ TLTLTCTF SGF SL SSY GVGVGWIR QPPGKPL ECLALIYW DDDKR Y IPSL ESRLTIT KDTSKD QVVLTMT NMDPVDTGT YYCA HRHPELD FTY DTGFFDYWGPG TLVTV SS
IGHV2-5*02,SGPT LV KPTQ TLTLTCTF SG FSLS TSG VGVGWIR QPPGKA LEWLALIYW DDDKRYSPSLK SRLTITK DTSKN QVVLTMT NMDPVDT ATYYCA HRRRVPGY QVGLSAFDI WGQG TMVTVS S
IGHV2-5*02,SGPTLMKPTQ TLTLTCTF SG FSLS TSG VGVGWIR QPPGNA LEWLALIYW DDDKRSSPS LKSRLTIT KDTSKH QVVLTMT NMDPVD TATYYCARYY YLWF GE LFYFD YWGQG TLVTV SS
IGHV2-70*11,SAPT L VKPTQ TLTLTCTFSEFS LNTRG MCVSWIR QPPGKA LEWLARI DWDDDKY YS TSL KTRLTIS KDTSKN QVVLTLTN VEPVDTGT YYCARLIV GGD LVHF DHWGQ RALVTVF S
IGHV2-5*01,Q ITLK ESGP TLV KPTQ TLTLTCTF SGF SL SST AVGVGWIR QPPGKPL EWLALIYW NDDNKYSPSLK NRLSITK DTSGN QVVLTLTN VDPVDT ATYFC ANGSG WLFD HWGPG TLVTV SS
IGHV2-70*04,SGPTPGNS TLSLTLT CPFSG FSLS TSG MRVSWIR QPPGKA LEWLARI DWDDDK FYS TSLK TRLTIS KDTSKN QVVLTMT NMDPVDT ATYYCA RSHYD IL TGYYPPFDYWGQG TLVTVS S
IGHV2-70*01,SGPT LV KPTQ TLTLTCTF SGF SL STSG MCVSWIR QPPGKA LEWLALID WDDDKY YST S LKTRLTIS KDTSKN QVVLTMT NMDPVDT ATYYCA RSTAW GLELR GG YFDY WGQG TLVTVS S
IGHV2-5*02,SGPT LV KPTQ TLTLTCTF SG FSLS TSG VGVGWIR QPPGKA LEWLALIYW DDDKRYSPSLK SRLTITK DTSKN QVVLTMT NMDPVDT ATYYC AHRR TVVTAFD YWGQG TLVTV S
IGHV2-5*02,QI TL NESGP TLV QPTQ TLTLTCTF SG FSLS TSG VGVGWIR QPPGKA LEWLALIYW DDDKRYS Q S LKSRLTIT KDTSKS QVVLTMT NMDPVDTGT YYCVHV GCGG VSCFVEYFQ HWGKG TLVTVS S
IGHV2-5*02,SGPT LV KPTQ TLTLT CPFSG FSL SPSGV GVGWIR QPPGKA LEWLALIYW DDDKRYSPSLK SRLTITK DTSKN QVVLTMT NMDPVDT ATYYC AHRQ CILWWCN W F DPWGQG TLVTVS S
IGHV2-5*02,SGPTLAKPTQ TLTLTCTF SG FSL STSG VGVGWIR QPPGKA LEWLALIYW DDDKRYSPSLK SRLTITK DTSKN QVVLTMT NMDPVDT ATYYCA HRPG YFWMGYFD YWGQG TLVTVS S
IGHV2-5*01,SGPT LV KPTQ TLTLTCTF SG FSLS TSG VGVGWIR QPPGKA LEWLALIYW NDDKRYSPSLK SRLTITK DTSKN QVVLTMT NMDPVDTA TYYC AHRHT YY D F W SG LINWF DPWGQG TLVTVS S
IGHV2-70*11,SGPT LV KPTQ TLTLTCTF SG FSL STSG MCVSWIR QPPGKA LEWLARI DWDDDKY YS TSL KTRLTIS KDTSKN QVVLTMT NMDPV DTATYYCARVLAAA GA AA DYWGQG TLVNV SS
IGHV2-5*01,Q ITLK ESGP TLV KPTQ TLTLTCSF SG FSLTSVGVGVSWIR QTPGKAPE WLASIYWT DERHINPSLR TRFTITK DTSKN QVVLSM TDMDPVD TAR YFCARRV GLTNG WYVEAYDV WGPRDNGH RL L
IGHV2-70*11,SGPT LV KPTQ TLTLTCTF SG FSL STNG IFVTWIR RPPGK ALE WLAR IDWDDAK YYT TSLK TRLTIS KDTSKN QVVLTMT NMDPVDT ATYYCA RTKG FVYTT G LALD YWGQG TLVTV SS
IGHV2-5*02,PTLVKPAQ TLTLTCAF SGF SLT TR GVAVGWIR QPPGKPL EWLALIYW DDDQ IY SPSLS RRVTITK DTSKN QVVLRMT NMQPVDTGK YFCA QRLPY RFFA SGS W FGPWGQG TSVTVS S
IGHV2-5*01,GPTLVKPTQ TLTLTCTF SGSSLTNSG VGVGWIR QPPGKA LEWLALIYW NDDKRYSPSLK SRLTITK DTSKN QVVLTMT NMDAVD TA TYY CGH LIGIG AA AT WGQG TLVTV SS
IGHV2-70*11,SGPT LV KPTQ TLTLTCTFFGFSL STTG MSVTWIR QPPGKA LEWLARI DWDDDK YYSTS LKTRP TIS KDTSKN QVVLRMT NMDPVDPA TYYCA REDQRSHRG VMDVW GQG TTVTVS S
IGHV2-26*01,QV TLK ESGP VLV KPTE TLTLTCTVS G FS LNNA RMGFSLIR QPPGKA LEWVAHI FPNDDKSYNTSLT NRLTISK DTSKG QVVLIMT NVD PVDTATYFCERM GYD LF AGNYKGYDHWGQ GILVTVA S
IGHV2-70*11,SGPT LV KPTQ TLTLTCTF SG FSL STSG MCVSWIR QPPGKA LEWLARI DWDDDKY YS TSL KTRLTIS KDTSKN QVVLTMT NMDPVDT A TYYCARMITF GG VIYD YWGQG TLVTVS S
IGHV2-5*02,Q ITLK ESGP TLV KPTQ TLTLTCIF SGFS L N AIGVGVGWIL QPPGQGLD WLTLIYW DDHK IF SPSLKN RLTIT KDTSRS QVVLTMT NMDPVDT ATYFC AHTPV SCNF YDESIPSNYFDPWGQ GVVVTVS S
IGHV2-5*02,SFPTLVKPTQ TLTLTCTF SG FSLS TSG VGVGWIR QPPGKA LEWLALIYW DDDKRYSPSLK SRLTITK DTSKN QVVLTMT NMDPVDT ATYYC AHCGD YVQFDY WGQG TLVTVS S
IGHV2-70*11,SGPT LV KPTQ TLTLTCTF SG FSL STNG MSVTWIR QPPGKA LEWLARI DWDDDKY YS TSL KTRLTIS KDTSKN QVVLRMT NMDPVDT ATYYCA REDQRSHRGG MDV WGQG TTVTVS S
IGHV2-70*01,SGH TLV KPTQ TLTLT CPF SVFSL SPSGM CVSWIR QPPGKA LEWLALID WDDDKY YST SL KTRLTIS KDTSKN QVVLTR TNMDPVDTATYDC ARIVIAA AGSPFD L WGRG TLVT GSS
IGHV2-70*11,SGPT LV KPTQ TLTLTCTF SGF SL STSG MCVSWIR QPPGKA LEWLARI DWDDDKY YS TSL KTRLTIS KDTSKN QVVLTMT NMDPVDT ATYYCA RTRNLG Y CSGGSCYG WDW FDPWGQG TLVTVS S
IGHV2-5*01,SGPT LV KPTQ TLTLTCTF SG FSLS TSG VGVGWIR QPPGKA LEWLALIYW NDDNRYSPSLK SRLTISKA TANN QVVLTMT NMDPVDT AT YYC A H SFYAA MI P FY WGQG TLVTV SS
IGHV2-5*01,SGPT LV KPTQ TLTLTCSF SGFSANTPG VAVGWLR QPPGKA LECLAFLYL HDDARYSSSLA SRLTITK DTSKN QVVFTMT NMDPVDT ATY YC AHFL STVT TG YF DHWGQ GILVTV SS
IGHV2-70*01,SYPT L VKPTQ TLTLTCTF SG FSL STSG MCVSWIR QPPGKA LEWLALID WDDDKY YST S LKTRLTIS KDTSKN QVVLTMT NMDPVDTA TYYCARTYY DFWSG YFYGMDV WGQG TTVTVS S
IGHV2-26*01,QV TLK ESGP VVM KPTE TLTLTCAV SGF SL SSLGTG VSWIR QPPGKA LEWLAHIS STDDKSYS RSLKSRLS IPGDTSRS RGVLSL SNVDPLDT ATYYCAHR RSGGGVVPDLRARQYPY FYYGLDVW GQGTTG T VS
IGHV2-5*02,SGPT LV KPTQ TLTL P CT FSG FSLTT TGE GVAWIR QPPGKA LEWLALISW DNDRRYTPSLK SRLTITK DTSKN QVVLTITN MDPVDT ATYYCAH SFGDDPDD Y FDYWGQG TLV T
IGHV2-5*02,SGPT LV KPTQ TLTLTCTF SG FSLS TSG VGVGWIR QPPGKA LEWLALIYW DDDKRYSPSLK SRLTITK DTSKN QVVLTMT NMDPVDT ATYYCAH LGKGV A A RSYYYYYY G MD VWGQG TTVTVS S
IGHV2-5*02,Q ITLK ESGPT L LKPTQ TLTLTCTF SGF S LTTPG VGVGWIR QPPGKA LEWLALIYW DDDKYYSPSLK RRLSIT KDTSKN QVVITVTN IDYLDTA TYYC ARRP VAVV GKPPPNWFDPWGQG TLVTV SS
IGHV2-5*02,SGPT LV KPTQ TLTLTYT FPGF SLST TG VGVGWIR QPPGKA LEW LARIYW DDDKRYSPSLKSRPA IT KDTSKN QVVLTMT NLDPVDTA TYYC AHSRL S CSYSSC YRWYFD LWGRG TLVIVS S
IGHV2-5*02,SGPTLMKPTQ TLTLTCTF SG FSL SPSG VGVGWIR QPPGKA LEWLALIYW DDDKRYSPSLK SRLTITK DTSKN QVVLTM NNMDPV YTATYYC AHR LSVFW AGS FYYW GQG TLVTV SS
IGHV2-5*02,SVPT L VKPTQ TLTLTCTF SG FSL STSG VSVGWIR QPPGKA LEWLALIYW DDDKRYTPSL KSRLTITK DTSKN QVVLTMT NMDPVDT ATYYCT HRPLYGYGLDSWGQG TLVTVS S
IGHV2-70*15,Q VTLRE SGP ALV KPTE TLTLTCTIS DFSLSTT GVCVSWVR QPPGKA LEWLARID WEDDK YYS TS LQTRLTIS KDTSKK QVVLTMT DMDPVDT ATYYCA RSDLGFIPPWGFDSWGQG TLVTVF S
IGHV2-26*01,QV TLK ESGP VLV KPTE TLTLTCTVSVFP LSNA RMGVSWIR QPPGK ALEWLAHI FSNDEKSYSTSLK SRLTIS KDTSKS QVVLTMT NMDPVDTA TYYCARILEV TDGE WF DSWGQG TLVTV SS
IGHV2-70*01,SVPT L VKPTQ TLTLTCTF SGF SL STSG MCVSWIR QPPGKA LEWLALID WDDDKY YST S LKTRLTIS KDTSKN QVVLTMT NMDPVDTA TYYCARIVIAA AGSPFD L WGRG TLVTV SS
IGHV2-5*01,SGPT LV QPTQ TLTLTYTF SG FS LNTPGE GVAWIR QPPGRA LEWLALIYW NDDKRYGPS LQGRLTIT KDTPKN QVVLTVTN VDPMDPA TYFCAQ STQGG MISF G GLIVK DWFNPWGQG TVVTV S
IGHV2-5*02,SGPT LV KPTQ TLTLT CPFSG FSLS TSG VGVAWIR QPPGKA LEWLAHIYW DDDKFYSPSLK SRLTITK DTSRN QVVLTVTN VDPVDT ATYYCVH QGWHSNIWNGM DV WGQG TTVTVS S
IGHV2-70*01,LVKPTQ TLTLTCTF SGF SL STSG MCVSWIR QPPGKA LEWLALID WDDDKY YST SL KTRLTIS KDTSKN QVVLTMT NMDPVDTA TYYCARI P VEM ATIGD YYYYGMDV WGQG TTVTVS S
IGHV2-70*11,SGPT LV KPTQ TLTLTCTF SG FSL STSG MCVSWIR QPPGKA LEWLARI DWDDDKY YS TSL KTRLTIS KDTSKN QVVLTMT NMDPVDTA TYYCARLVML NSNNH YY HTPPFDYWGQG TLVTV SS
IGHV2-5*02,PTLVNPTQ TLTLTCTL SG FSIS SRG VGVGWIR QPPGKAPE WLALIYW DDDKRSTPS LQSRLTITK DTSNN QVVLTMT NMDPVDTGT YFCAR IPPAFCRGT ECYHWF DPWGQ GIFVTVS S
IGHV2-5*01,SGPT LV KPTQ TLTLTCTF SG FSLS TSG VGVGWIR QPPGKA LEWLALIYW NDDKRYSPSLK SRLTITK DTSKN QVVLTMT NMDPVDT A TYYCARL HKDR ITIFGVVEYF DYWGQG TLVTVS S
IGHV2-26*01,QV TLK ESGP VVM KPTE TLTLTCAV SGF SL SSLGTG VSWIR QPPGKA LEWLAHIS STDDKSYS R S LKSRLSIS RDTARS QVVLSL SNVDPLDTA TYYCAH MRTER RFLTVL RPRQDT YFYYGLDV WGQG TTVTVS S
IGHV2-5*02,SGPT LV KPTQ TLTLTCTF SG FSL STNG VGVGWIR QPPGKA LEWLAVLYW DDDKPYSPSLSNRP TIT KDTSKS QVVLRMT NMQPVDTGT YFCA QRLPY RFFA SGS W FGPWGQG TSVTVS S
IGHV2-26*01,SGPT LV KPTE TLTLTCTV SGF S LS TARMYVSWIR QPPGK ALEWLAHI FSNDEKSYSTSL KSRLTIS KDTSKS QVVLTMT NMDPVDT ATYYCARI PRRGY TYGLMHFDI WGQG TRVTVS S
IGHV2-5*02,Q ITLK ESGPT L LKPTQ TLTLTCTF SGF S LTTPG VGVGWIR QPPGKA LEWLALIYW DDDKYYSPSLK RRLSIT KDTSKN QVVLTVTN IDYLDTA TYYC ARRP VAVV GKPPPNW F VPWGQG TLVTV SS
IGHV2-70*11,SGPT LV KPTQ TLTLTCTF SG FSL STSG MCVSWIR QPPGKA LEWLARI DWDDDKY YS TSL KTRLTIS KDTSKN QAVLTMT NMDPVDTA TYYCARIRW LRPLDYWGQG TLVTVS S
IGHV2-5*02,SGT TLVKL TQ TLTLTCTLSVFS LSTS EMSVGWIR QPPGKA LEWLALIYW DDDTRYSPSLK SRLTITK DTSKN QVVLTMSN V V PMDTA TYYCAHVIS G R YGNGFDPWGQG TLVTA SS
IGHV2-5*01,Q ITLK ESGP TVV KPTQ TLTLTCTF SGF SF NTR GVGVAWIR QPPGKA LEWLGIIYW NDNTQYSSS LQSRVTITK DTSKN QVILTVTN MDPVDTGT YFCAHRSVTF GELG FWG RGDAGH R LL
IGHV2-70*11,SGPT LV KPTQ TLTLTCTF SG FSL STSG MCVSWIR QPPGKA LEWLARI DWDDDKY YS TSL KTRLTIS KDTSKN QVVLTMT NMDPVDTA TYYCA R TAIAVA GTTHDYWGQG TLVTV SS
IGHV2-5*02,SGPPLVKPTQ TLTLACTF SGF S LSTPG VGVGWIRQ APGGA LEWLALVYW DDNKR Y SSS LESRLTITK DTSKN QVVLTMT NMDPVDT AT YYC ARRAA LA YDGP YYFDFW GQG TLVTV SS
IGHV2-5*01,SGPTPVKPTQ TLTLTCTF SG FSLS TSG VGVGWIR QPPGKA LEWLALIYWY DDKRYSPSLK GRLTITK DTSKN QVVLTMT NMDPVDT ATYYCA HSSDSSGW YE SDWFDPWGQG TLVTVS S
IGHV2-70*11,SGPT LV KPTQ TLTLTCTF SG FSL STRG MCVSWVR QAPGK ALEW LAR IDWDDAK YY STSLK TRLTIS KDTSKN QVVLTMTN VDPVDT ATYYCT RGPIDGYG RFEYW GQG TLVTVS S
IGHV2-5*02,SGA TLV KPTQ TLTLTCSF SG FSLS TSG VGVGWIR QPPGKA LEWLALIYW DDDKRYSPSLK SRLT IPKDTSKD QVVLTMT NMDPVDT ATYYCA HRPAPSIR YFDFIIWF DPWGQG TLVTVS S
IGHV2-5*02,SGPT LV KPTQ TLTLTCT FPGF SLS TSG VGVGWIR QPPGKA LEWLAIIYW DDDKRYSPSLKSRPTIPKDTTKN QVVLRM TNMDHVDT ATYYC AHQP LTYYF GSGTDSRP RCYYYGMD VWGQG TTVIVS S
IGHV2-26*01,SGPT LV KPTE TLTLTCTVS GF S FTNPR VGVAWIR QPPGK ALEWLTHI F SNGETSSSASLGT RLTIFK DPSNS QVVLTMT NMDPVDTA TYSCARIL RGSTWDDNSFDTWGQ GILVTV SS
IGHV2-5*01,Q ITLK ESGP TLV RPTQ TLTLTCS YSGF SVKTVGVGVSWIR QPPGKA LEWLAFIYW NDDRRYSPSLNS RLTITK DTSSN QVVLSMT NMDPVDTA TYYCAHS YNGGRLSPLPDYWGQG TLVAVS S
IGHV2-5*02,Q ITLK ESGP TLV KPTQ TLTLTCTF SGF SLTTIGLGVGWIR QPPGKA LEWLALIYW DDDKRSSPSLR NRLTIS KDTSKN QVVLTLAN VDPVET ATYYC ERG LYYAS G TYY NSRPFDSWGQ GILVTVS S
IGHV2-5*02,SGPT LV KPTQ TLTLTCTF SG FSLS TSG VGVGWIR QPPGKA LEWLALIYW DDDKRYSPSLK SRLTITK DTSKN QVVLTMT NMDPVDTA TYYCAHITK STSYGEGGD YFDY WGQG TLVTV SS
IGHV2-5*02,SGPT LV KPTQ TLTLTCSF SGF SLTSAAVGVGWVR QPPGKA LEWLALIYS ADERYNPSLK SRLTITK DTSTN QVVLTMT DMDPVDT A TYYC ARTNK WLRYFQ NLGQG TLVTVS S
IGHV2-70*01,SGPT LV KPTQ TLTLTCTF SG FSL STSG MCVSWIR QPPGKA LEWLALID WDDDKY YST S LKTRLTIS KDTSKN QVVLTMT NMDPVD TATYYCARMAVAVNLAFDI WGQG TMVTVS S
IGHV2-5*02,SGPT L LKPTQ TLTLTCTF SG FSL STSG VGVGWIR QPPGKA LEWLALIYW DDDKRYSPSLK SRLTITK DTSKN QVVLTMT NMDPVDT ATYYCA HSGWDSSSW YRSFD YWGQG TLVTV SS
IGHV2-5*02,SGPT LV KPTQ TLTLTCTF SG FSL STSG VAVGWVR QPPGKA LEWLALIYW DDHKRYSPSLKN RLAITK DTSKN QVVLTMT NMDPVDT ATYYCT HKTGTPFDYWGQG TLVTV SS
IGHV2-5*02,SGPT LV KPTQ TLTLTCTF SG FSL STSG VGVGWIR QPPGKA LEWLALIYW DDDKRYSPSLK SRLTITK DTSKN QVVLTMT NMDPVDT ATYYC AHR RLLWGSMD VWGQG TTVTVS S
IGHV2-70*11,SGNT L WKPTQ TLTLS CPFSGF SL SPSGM CVSWIR QPPGKA LEWLARI DWDDDKY YS TSL KTRLTIS KDTSKN QVVLTMT NMDPVDT A TYYCARMITF GG VIYD YWGQG TLVTVS S
IGHV2-5*01,SGPT LV KPTQ TLTLT CPFSGF SL NTAG VNVGWIR QPPGKA LEWLALIYWH GD KL YSPSLKS RLTIIRD TSKN QVLLTMT NMDPVDTA TYFCA H TV YGLGS YYIDY WGQG TLVTV SS
IGHV2-5*01,SGPT LV KPTQ TLTLTCTF SGF SL NTH GVGVGWIR QPPGKA LE WLALIYWS VDKRYSPSLK SRLTITK DTSKN QVVLTMT NMDPVDT A TYFCAH RLRG YSYAIK APDWFDPWGQ GILVTVS S
IGHV2-5*02,SGPT LV KPTQ TLTLTCTF SG FSLS TSG VGVGWIR QPPGKA LEWLALIYW DDDKRYSPSLK SRLTITK DTSKN QVVLTMT NMDPVDT ATYYCA HKPHSGYSYSP IFEIYFD YWGQG TLVTVS S
IGHV2-5*02,Q ITLK ESGP TLV KPTE TLTLTCTF SG FSLT TSGE AVGWIR QPPGKA LEWLALIYW DDDNR Y S TSLRSRLTITK DTSKN QVVLTMTN VDPVDT ATYYCAH RRSGLLSGPLRDA WDI WGQG TLVIVS S
IGHV2-5*02,LVKPTQ TLTLTCTF SG FSLS TSG VGVGWIR QPPGKA LEWLALIYW DDDKRYSPSLK SRLTITK DTSKN QVVLTMT NMDPVDTA TYYCA HSLSGWYGDWFDPWGQG TLVTV SS
IGHV2-5*02,Q ITLK ESGP TLV KPTQ TLTLTCTF SGF S LNTGG VGVGWIR QPPGKA LEWLALIYW DDDKRYSPSLK SRLTITK DTSKN QVVLSM ANMDPVDTA TYYCAHL HNVGAAG TIWFFD LWSRG TLVTVS S
IGHV2-5*02,SGPT L VNPTQP LTLTCSF SG FSLS TSGM GVGWFR QPPGKA LEWLSLLYW DDDKKYSPSL RHRLTLRK DTSKN HVVLTMT NMDPVDTA TYFCAHTIY NWKD VMIQWF DPWGQG TLVTVA S
IGHV2-5*02,SGPT LV KPTQ TLTLTCTF SG FSL STSG VGVGWIR QPPGKA LEWLALIYW DGDKHYSPSLN TRLTITE DTSTN HVVLTMT NMDPVDT ATYYCVRS RYGSGTGT RANMWF DPWGQG SLVTVS S
IGHV2-5*02,SGPT LV KPTQ TLTLTCTL SG FSLRT SG VGVGWIR QPPGKA LEWLALIYW DDDKRYRPSLK SRLIVTK DNSKN QVVLTMT NMDPVDT ATYYCAHT LSGSYPA YYYYGMDV WGQGT TVTVC S
IGHV2-26*01,SGPT LV KPTE TLTLTCTV SG FS LSPA RMYVSWIR QPPGK ALEWLAHI FSNDEKSYSTSL KSRLTIS KDTSKS QVVLTMT NMDPVDT ATYYCARI PRRGY TYGLMPFDI WGQG TMVTVS S
IGHV2-5*02,SGPT LV KPTQ TLTLTCTF SG FSLS TSGV GVGWIC QPPGKA LEWLALIYW DDDKRYSPSLK SRLTITK DTSKN QVVLTMT NMDPVDT ATYYC AHRHPFYG MDV WGQG TTVTVS S
IGHV2-5*02,SCPT RVKLTQTVTLTCTF SG FSLS TSG VGVGWVR QPPGKA LEWLGIIYW DDDKRYSPSLK SRLTITK DTSKN QVVLTVTN MDPVDT ATYYCAHR RGDNSAWSPH YYFHYW GQG TLVTVS S
IGHV2-70*11,SGPT LV KPTQ TLTLTCTF SG FSL STSG MCVSWIR QPPGKA LEWLARI DWDDDKY YS TSL KTRLTIS KDTSKN QVVLTMT NMDPVDT ATYYCARI KGGSFADYWGQG TLVTVS S
IGHV2-70*04,SGN TLV KPTQ TLTLTCTF SG FSL SKTG MRVSWIR QPPGKA L EWLARI DWDDDKF Y SRSLKP RLNIS KDTSKN QVVLTMT NVDPVDTA TYYCARIHWEAWYFD LWGRG TLVTV SS
IGHV2-5*02,SAPT L VKPTQ TLTLRCTF SG FSL NTNG VGVAWIR QPPGKA LEWLALIYW DDDKRYSPSLKN RLTVTR DTSSN QVVLTLTN VDPVDT ATYYCARR IGYQDN IWSR QRKSRD YTIDY WGQG TLVTVS S
IGHV2-5*02,QI TL NESDPTLVKPTQ TLTLTCT SSG FSLTT SG VGVGWIR QPPGKA LEWLALIYW DDDKRYSPSL KTRLTVA KGTSKN EVVLTMT DMAPVDT ATYYCARR LENYSRH TYTFDY WGQG TLVTVS S
IGHV2-70*11,SGPT LV KPTQ TLTLTCTF SG FSLT TSG MCVSWIR QPPGKA LEWLARI DWDDDKY YS TSL KTRLTIS KDTSKN QVVLTMT NMDPVDT A TYYCAR IGA SMTFDY WGQG TLVP VSS
IGHV2-5*02,SGPT LV KPTQ TLTLTCTF SG FSLS TSG VGVGWIR QPPRKALEWP ALIYW DDDKRYSPSLK SRLTITK DTSKN QVVLTMT NMDPVDT A TYYCARWFGVIT RPYFDPWGQ GTLVTVS S
IGHV2-5*01,SGPT LV KPTQ TLTLTCTF SGF S LNTH GVGVGWIR QPPGKA LEWLALIYW SDDKRYSPSLK SRLTTT KDTSKN QVVLTMT NMDPVDT ATYFCAH RLRG YSYAIK APDWFDPWGQ GILVTVS S
IGHV2-5*02,SGPT LV KPTQ TLTLTCTL SG FSLRT SG VGVGWIR QPPGKA LEWLALIYW DDDKRYRPSLK SRLIVTK DNSKN QVVLTMT NMDPVDT ATYYCAHT LSGSYPA YYYYGMDV WGQG TTVTVS S
IGHV2-70*11,SGPT LV KPTQ TLTLTCTF SG FSL STSG MCVSWIR QPPGKA LEWLARI DWDDDKY YS TSL KTRLTIS KDTSKN QVVLTMT NMDPVDT ATYY CA R ILI GGFAGG MDV WGQG TTVTV SS
IGHV2-70*01,SGPT LV KPTQ TLTLTCTF SGF SL STSG MCVNWIR QPPGKA LEWLALID WDDDKY YST S LKTRLTIS KDTSKN QVVLTMT NMDPVDT ATYYCA RNPR RVAFEIW GQG TLVTVS S
IGHV2-5*02,SGPT LV KPTQ TLTLTCSF SGF SF STDE VGVGWIR QPPGKA LEWLALMYW DDEKFYSPSLTN KVTIAKA TSKN QVVLTVAHV DHGDT ATYYCVHT LQQE RILE WPL F DYWGQ GILVSVS S
IGHV2-70*01,SGPT LV KPTQ TLTLTCAF SG FSLS SSESSGS EMCVSWIR QPPGKA LEWLALI DSDDDKYYNTSL RSRLTISK DTSKN QVVLTMT NMGPVDT ATYYCA RTD IHFD LNC FY CRSFGYWGQGTPGTGSS
IGHV2-5*02,Q ITLK ESGP TLV KPTQ TLTLTCTF SGFSHNT TRVGVGWIR QPPGQALESLAPI H WDDDKRYSPSLQ TRLTIA KGTSKN QVVLTM TDMAPVDTATS YC AHSLDDY AWK HYRAFDF WGQG SVVTVS S
IGHV2-70*11,SGHTLWKP TLTITLTCTF SG FSL SPHG MCVSWIR QPPGKA LEWLARVD WDNDK YYST SL KTRLTIS KDTSKN QVVLTMT NMGPVDT ATYYCAR MDYDLDYN MDVW GQG TTVTVS S
IGHV2-70*11,SGPT LV KPTQ TLTLTCTF SG FSL STRG MCVSWVR QAPGK ALEWL AR IDWDDAK YY STSLK TRLTIS KDTSKN QVVLTMTN VDPVDT ATYYCAR SQRGRDIRGW L DPWGKGTRG T VS
IGHV2-5*01,Q ITLK ESGP TLV KPTQ TLTLTCSF SG FSL DTRG VGVGLIRQ APGKA LE WLSLIY SNAEKEYSPS VEN R LT NTKDNSNN QVVLTVT NMGPVDT ATYYCARRLS YGAGSH ATYFFD YWGQG ALVIVS S
IGHV2-26*01,QV TLK ESGP VLV KPTE TLTLTCTVS G FS LSNA RMGVSWIR QPPGK ALEWLAHI FSNDEKSY STSL K SRRTIS KDTSKS QVVLTMT NMDPVDT A TYYCARILEV TEGE WF DPWGQG TLVTV SS
IGHV2-5*02,SGPT LV KPTQ TLTLTCTF SG FSLTT T GVGVGWIR QPPGKA LEWLALIYW DDDERYSPSLK SRITITKD ISKN QVVLTVTN MDPVDTG TYYCAYK RPGW ELGL DPWGQ RALVTVS S
IGHV2-5*02,SGPT LV KPTQ TLTLTCTF SG FSLS TSG VGVGWIR QPPGKA LEWLTLIYW DDDKRYSPSLK SRLTITK DTSKN QVVLTMT NMDPVDT ATYYC AHRR TVVTAFD YWGQG TLVTVS S
IGHV2-5*02,SGPT LV KPTQ TLTLTCTF SG FSL TSNPEG VAWIR QPPGKA LEWLALIFW DDDQRYSPSLE SRLTITK DTSKN QVVLTMT NMDPVDTA TYYCA HG YYD FWNGDARG LDVW GQG TTVTVS S
IGHV2-5*01,SGPT L LKPTQ TLTLTCTF SG FSLS TSG VGVGWIR QPPGKA LEWLALIYW NDDKRYSPSLK SRLTITK DTSKN QVVLTMT NMDPVDT ATYYCA HRNPPLGRYSGSYPFDPWGQG TLVTV SS
IGHV2-26*01,QV TLK ESGP VLV KPTE TLTLTCTVS GF S LSNPRM GVSWIR QSPGKA L EWLTH ISSNDEKSYSTSL KSRVTIS KDTSKS QVVLTMT NMDPVDTA TYYCARVIFYD YALG TF RPRGSLDNWGQG TLVTVS S
IGHV2-5*02,Q ITLK ESGPT L LKPTQ TLTLTCTF SGF S LTTPG VGVGWIR QPPGKA LEWLALIYC DDDKYYSPSLK RRLSIT KDTSKN QVVLTVTN IDYLDTA TYYC ARRP VAVV GKPPPNWFDPWGQG TLVTV SS
IGHV2-5*01,SGPT LV NPTQ TLTLTCTF SG FSL TSGG VGLGWIR QPPGKA LEWVALIYW NDDKLYSPSLR SRLTIT KDTSKS QVVLTMT NMDPVDT ATYFCA HTPYADNAYGN WF APWGQGTP VTV SS
IGHV2-70*15,Q VTLRE SGPA LV KPAQ TLTLTCTF SG FSL DTDGM CLSWIR QPPGKA LEWLGS IDWDDDKY YS TSL RTRLRIYK GSSKN QVVLTLTK VDPVDTAS YFCARIICT GR V CSRPFDYWGQG TLVTVS S
IGHV2-5*02,SCPT L VKPTQ TLTLTCTF SGF S LSNPG VGVGWIR QPPGKA LECLALIYW DDDKRYPSL RRRLTITK DTSKN QVVLTMT NMDPVDT ATYYC ARGR RY RG SWYVFD YWGQG TLVTVS S
IGHV2-5*01,Q ITLK ESGP TLV KPTQ TLTLTCTF SGF SL SST AVGVGWIR QPPGK LLEWLALIYW NDDNKYSPSLK NRLSITK DTSGN QVVLTLTN VDPVDT ATYFCA HGSG WLFD HWGPG TLVTV SS
IGHV2-70*11,SGPT LV KPTQ TLTLTCTF SG FSL STNG MSVTWIR QPPGKA LEWLARI DWDDDKY YS TSL KTRLTIS KDTSKN QVVLRMT NMDPVDT ATYYCA REDQRSHRG CMDV WGQG TTVTVS S
IGHV2-5*02,SGPT LV NPTQ TLTLTCT FPGF SLS TSG VGVGWIR QPPGKA LEWLAYIYW DDDRRYSPSLKN RLTVTK DTSKN QVVLTMT NMDPVDT ATYYCAH RRSSCGG AICYLN A F DYWGQG TLVTVS S
IGHV2-5*02,SGPT L VNPPQ TLTLTCTF SG FSL STSG VGVGWIR QPPGKA LEWLALIYW DDDKRYTPSL KSRLTVTK DTSKN QVVLTMTIM DPVDT ATYYCAHR RSSCGGG ICYLNAF DYWGQG TLVTVS S
IGHV2-70*11,SGNT L LKPTQ TLTLT CPFS WFSL SHSGM CVSWIR QPPGKA LE WLSR IDWDDDK YYITS LK TRLTIS KDTSKN QVVLTMT NMDPVDTA TYYCARITHYY DSSG YYLVEAFD IWGQG TMVTVS S
IGHV2-5*01,LVKPTQ TLTLTCTF SG FSLS TSGT GVAWIR QPPGKA LEWLAMLYW NDDKRYSPSL KTRITITR DTSKS QVVLTMT NMDPVDT ATYYCA HRSSS FDF WGQG TLVTVS S
IGHV2-5*02,SGPT LV KPTQ TLTLTCTF SG FSL STNG VAVAWIR QPPGKA LEWLAIIFW DDDV RI SPSLR SRLAIT KDTSKN QVVLTMT NMDPLDT ATYYC AHRPPA W LEYYF DHWGQ GILVTV SS
IGHV2-5*02,SGPT LV KPTQ TLTLTCTF SG FSL STSG VAVGWIR QPPGKA LEWLALIYS DDDKRYSPSLK SRLTITK DTSKN QVVLTVTN MDPLDT ATYYCA HRRPSTWEGD WF DPWGQG TLVTVS S
IGHV2-5*02,SGPT LV KPTQ TLTLTCTF SG FSL STSG VGVGWIR QPPGKA LEWLALIYW DDDKRYSPSLK SRLTITK DTSKN QVVLTMT NMDPVDT ATYYC AHKR LSIAVARYN W F DPWGQG TLVTVS S
IGHV2-5*02,SGPT L LKPTQ TLTLTCTF SG FSLS TSG VGVGWIR QPPGKA LEWLALIYW DEDERYSPSLQ GRLTITK DTSRN QVVLTMTN VEPVDTA TYYCA HRG IY DSSGY YALYYFD YWGQ GLLVTVS S
IGHV2-5*02,Q ITLK ESGP TLV KPTQ TLTLTCTF SG VSL SSTGE GVAWIR QPPGKA LEWLALIYW DGDERYSPF LRSRLTITK DTSKN QVVLTMTN VDPVDT ATYFCA HTPGYGRYWGGPPADYWGPG TLVTVS S
IGHV2-5*02,SGPT LV KPTQ TLTLTCTF SG FSLS TSG VGVGWIR QPPGKAPE WLALIYW DGDERFNPSLK SRLTITK DTSKN QVVLTVTN MDPVDT ATYYCA HGSGRNQ R LGCSSA TCHAWF DKWGQG TLVTVS S
IGHV2-5*01,SGPT LV NPTQ TLTLTCTI SG FSL STSG VGVGWIR QPPGKAPE WLALIYW NDDEHYSPSLK SRLTITK DTSKN QVVLIMT NMDPVDT ATYYC AHTR LWW GTDFDYRGQG TLVTVS S
IGHV2-70*11,SGPTLLKPPQ TLTLTCTF SGF SLIT SG MCVSWIR QPPGKA LEWLARI DWDDDKYYSPSLK TRLTIS KETSKN QVVLTMT NMDPVDTA TYYCARIRFDYY DSRGAG RYYGMDV WGQG TTVTVS S
IGHV2-5*02,SGPT L LKPTQ TLTLTCFL SGF SL NSSG VGVGWIR QPPGKA LEWLALIYW DDEERYSPSLR SRLTVTK DTSKN QVVLTMT NMDPVDTGT YYCAH SRERESGDDWGN FYYYGMDV WGKG TTVTVS S
IGHV2-5*02,SGPT LV KPTQ TLTLTYTF SGF S LNTGP VGVGWIR QPPGKA LEWLALIFW DDDKWYSPSLKN RVAITK DTSKN HVVLRMT NMDPVDSA TYYCA HYTQ TIFRYW GHG ALVTVS S
IGHV2-70*11,SGPT LV KPTQ TLTLTCTF SG FSL STSG MCVSWIR QPPGKA LEWLARI DWDDDKY YSTSLKTRLTT SKDTSKN QVVLTMT NMDPVDT A TYYCARM S Y D IL TG YYYGMDV WGQG TTVTVS S
IGHV2-5*02,PTLVKPTQ TLTLTCTF SG FSLSVRGVGVGWIR QPPGKA LEWLAFIYW DDDKRYSPSLG TRLTIAK DTSKN QVLLTMT NMDPVDT ATYYC AHSRSP IV VPPDHYGA AYFQH WGQG TLVTVS S
IGHV2-5*02,QI TLEE SGPA LV KPTQ TLTLTCTF SGF SLTTFHVGVGWIR QPPGKA LEWLTVIYW DDDERYSPSL RHRVTITKA TSKN QVVLTMTH MDPEDTG TYYCARA SLGE LYFFD YWGRG TLVTVS S
IGHV2-5*01,SGPT LV KPTQ TLTLTCTF SG FSLS TSG VGVGWIR QPPGKA LEWLALIYW NDDKRYSPSLK SRLTITK DTSKN QVVLTMT NMDPVDTA TYYCALTVTY CSGGS CYYYGMDV WGQG TTVTVS S
IGHV2-5*02,Q ITLK ESGPT L LKPTQ TLTLTCTF SGF SL TTPGAG VGWIR QPPGKA LEWLALIHW DDDKYYSPSLK RRLSIT KDTSKN QVVLTVTN IDYLDTA TYYC ARRP VAVV GKPPPNWFDPWGQG TLVTV SS
IGHV2-5*01,Q ITLK ESGP TLV KPTQ TLTLTCTF SGF SL SST AVGVGWIR QPPGKPL EWLALIYW NDDNKYSPSLK NRLSITK DTSGN QVVLTLTN VDPVDT ATYFCA HGSG WLFAHW GAG TLVTVS S
IGHV2-5*02,SGPT LV KPTQ TLTLTCTF SG FSLS TSG VGVGWIR QPPGKA LEWLALIYW DDDKRYSPSLK SRLTITK DTSKN QVVLTMT NMDPVDT ATYYCA HRPGL WTTEYFQH WGQG TLVTV SS
IGHV2-70*11,SGPT LV KPTQ TLTLTCTF SG FSL STSG MCVSWIR QPPGKA LEWLARI DWDDDKY YS TSL KTRLTIS KDTSKN QVVLTMT NMDPVDTA TYYCARISY DV L TG YYM GCDYWGQG SLVTVS S
IGHV2-5*02,SGPT LV KPTQ TLTLTCTF SG FSLS TSG VGVGWIR QPPGKA LEWLALIYWD YDKRYSPSLK SRLTITK DTSKN QVVLTMT NMDPVDT ATYYCSH IEGPEDDYWGQ GTLVTVS S
IGHV2-5*01,Q ITLK ESGP TLV KPSQ TLTLTCTF SG FSLS TSG VGVGWIR QPPGKA LEWLALIFW NGHTPYNPSLM SRLSITK DTSTG QVVLTMIN MDPADT ATYYCAH RRGEHWSGG YFDF WGQG TLVTVS S
IGHV2-5*02,GPTLVKPTQ TLTLTCTF SG FSLS TSG VGVGWIR QPPGKA LEWLALIYW DDDKRYSPSLK SRLTIT KDTFKN QVVLTMT NMDPVDT ATYYC AHRPGL LAGHIVGHAFDI WGQG TMVTVS S
IGHV2-5*02,GPTLVKPTQ TLTLTCTFS GFSPSTSG VGVGWIR QPPGKAL ERLALIYW DDDKRYSPTPKS RLTITK DTSKN QVVLTMT NMDPVDT ATYYCA HSSAAGPN YYYYGMDV WGQG TTVTVS S
IGHV2-5*02,SGPT L LKPTQ TLTLTCTF SG FSL SPSG VGVGWIR QPPGKA LEWLALIYW DDDKRYSPSLK SRLTITK DTSKN QVVLTMT NMDPVDT ATYYCA HRRE SVLWR DGG V RG RQWLECS WGQG TLVTVS S
IGHV2-5*02,SGPT LV KPTQ TLTLTCAF SGF SLTT R GVAVGWIR QPPGKPL EWLALIYW DDDQTYSPSLS GRLTITK DTSKN QVVLRMT NMEAVDTGT YFCA QRLPY RFFA SGNWFGPWGQGT PVTVS S
IGHV2-70*11,SGPT LV KPTQ TLTLTCTF SG FSL STSG MCVSWIR QPPGKA LEWLARI DWDDDKY YS TSL KTRLTIS KDTSKN QVVLTMT NMDPVD TATYYCARMIAA AGTGLDYWGQG TLVTVS S
IGHV2-5*02,SGPT LV KPTQ TLTLTCSF SGF SL STSG VAVGWIR QPPGKA LEWLALIYW DDDKRYSPSLK SRLTITK DTSKN QVVLTMT NMDPVDT ATYYCAHRLRA AS AYYFD YWGQG TLVTV SS
IGHV2-70*01,SGPT LV KPTQ TLTLTCTF SG FSL STSG MCVSWIR QPPGKA L EWP ALID WDDDKY YS TSL KTRLTIS KDTSKN QVVLTMT NMDPVD TATYYCARMVLMGIASE VGLDYWGQG TLVTV SS
IGHV2-5*02,SGPT LVKL TQ TLTLTCTF SG FSL STSGL GVGWIR QPPGKA LEWLALIYW DDDKRYSPSLK SRLTITK DTSKN QVVLTMT NMDPVD TATYYCAHWFGMITRA WF DPWGQGT LGTV SS
IGHV2-5*02,Q ITLK ESGP TLV KPTE TLTLTCVF SGF SL STSG VGVAWIR QAPGQA LEWLALVD WDDDKR YRASL RN RLTIT KDTSQS QVVLTM TDMDPVDTA TYYCTHIEYM WGY DLLV DDFGMWGQG TMVIVS S
IGHV2-70*12,SGPT LV KPTQ TLTLTCTF SG FSL STSG MSVSWIR QPPGRA LEWLALIYW DDDKY YSTSLKTRLTIS KDTSKN QVVLTMT NMDPVDT A TYYCARLA VGATE YYDMDV WGQG TTVTVS S
IGHV2-5*02,GPT LV KPSQ TLTLTCTF SG FSL SSSG VGVGWIR QPPGKA LEWLALID WDDDKRYSPSLQ SRLTITK DTSKN QVVLTMT NLDPVDTA TYYC AHT QLMITF GG AVVIGLDF WGQG TLVTVS S
IGHV2-70*01,SGPT LV KPTQ TLTLTCAF SG FSL NSSESSGS EMCVSLIR QPPGKA LEWLALI DSDDDKYYNTSL RSRLTISK DTSKN QVVLTMT NMDPVDT ATYYCA RTD ITYD ISG YYYRSFD YWGQGT PVTV SS
IGHV2-5*02,LVTPTH TLTVTCNF SG FSL SNNG AVVGWIR QSPGTA LEWLALVYS DDDKRYSPSLKTRP TIT KDTSKD QVVLSMT DMAPLDSGT YFCAHFD CRSSS CYRVSFD HWGQG ALVTVS S
IGHV2-5*02,SGPTPSKPPQ TLTLTCTFSWFS LSPSG VGVGWIR QPPGKA LEWLALIYW DDDKRYSPSLK SRLTITK DTSKN QVVLTMT NMDPVDT ATYYCT HPQGYSS SWYYW GQG TLVTVS S
IGHV2-5*01,Q ITLK ESGP TLV KPTQ TLTLTCSF SGF SL DTRG VGVGWIRQ APGKA LEWLSLIYWN AEKEYSPSV ETRLTITK DTSNN QVVLTVTN MRPVDTA TYYCARRLS YGAGSHAP YFFDY WGQG ALVIVS S
IGHV2-5*02,SGPT LV KPTQ TLTLTCTF SG FSLS TSG VGVGWIR QPPGNA LEWLAPIYW DDDQRYSPSLK SRLTITK DTSKN QVVLTMT NMDPVDT ATYYC AHRRP FYYY GSGGE FDY WGQG TLVTVS S
IGHV2-5*02,SGPT LV KPTQ TLTLTCTL SGF SI GTSGE GVGWIR QPPGKA LEWLAVIYW DDDKRYNSSL RSRLSIT KDTSRN QVVLTMT NMDPLDTGT YYCA HSGPRK AVT G SLDY WGQG TLVTVS S
IGHV2-70*13,SGC TLSI HPET LTVTCTFSRFSLT ANG MCVTWVR QPPGKA LEWLALID WDDDKY YS SSIRPR RTIS KDSSKN QVVLTMTY MDPVDT ATYYCARSI KGGWGKWP QVYYN YGM DV WGQG TTVTVA S
IGHV2-5*01,SGTS LVTA T HTITLSCTL SG FSL DTSGV GVGWIR QPPGKAPE WLSLIFW SDEKRFSPSLK SRLTITK DTSRN QVVLTMT DMGPVD TATYYCAHYIIADRLLRDW GQGTLG TV SS
IGHV2-70*11,SGPT LV KPTQ TLKLTCTF SG FSLT TSG MCVSWIR QPPGKA LEWLARI DWDDDE YYITSL KTRP TI SKDTSRN QVVLTMT NMDPVDTA TYYCARTIIT NYDPRYY NFGIDVW GQG TTVTVS S
IGHV2-5*01,SGPT LV KPTQ TLTLTCTF SG FSLTI NG VGVGWIR QPPGKA LEWLALIYW NDNKYYSPSLEN RLTITK DTSKN QVVLTMT NMDPVDT ATYFCAHR L S YSSS YYYF DDWGQG TLVTVS S
IGHV2-5*02,SCPTPVKPTQ TLTLTCTF SG FSLT SAG VGVGWVR QPPGRA LEWLALIYW DDDKRYSPSL KSRLTIN KDTSNN QVVLTLTN MGPVDT AT YFCT HIEAY KLYFH SWGLG ALVTV SS
IGHV2-70*11,SGPT LV KPTQ TLTLT CPFSG FSLS TSG MCVSWIR QPPGKA LEWLARI DWDDDKY YS TSL KTRLTIS KDTSKN QVVLTMT NMDPVDT A TYYCARM S Y D IL TG YYYGMDV WGQG TTVTVS S
IGHV2-5*02,SGPT LV KPTQ TLTLTCTF SG FSLS TSG VGVGWIR QPPGKA LEWLALIYW DDDKRYSPSLK SRLTITK DTSKN QVVLTMT NMDPVDT ATYYCA HRPTHYDDSYDYWGQG TLVTVS S
IGHV2-5*02,SGPTLAKPTQ TLTL P CTF SG FSL NTGGG GVLWIR QPPGKA LEWLALIYW DDDKRYRPSLK SRLTITK DTSKN QVVLSMT NMDPVDT ATYYCART IDGS VAGYFDF WGQG TLVTVS S
IGHV2-5*02,SGPT LV KPTQ TLTLTCTF SG FSL SPSG VGVGWIR QPPGKA LEWLALIYW DDDKRYSPSLK SRLTITK DTSKN QVVLTMT NMDPVDTA TYYCAHIRY DWGRDFD YW GQ GTLVTVS S
IGHV2-26*01,SSPT LV KPTE TLTLTCTV SG FS LSNA RMGVSWIR QPPGK ALEWLAHI FSNDEKSYSTSL KSRLTIS KDTSKS QVVLTMT NMDPVDTA TYYCARIQLD CSGGS CYSLFD YWGQG TLVTV SS
IGHV2-5*02,SGPPLVKPTQ TLTLTCTF SG FSLS TSG VGVGWIR QPPGKA LEWLALIYW DDDKRYSPSLK SRLTITK DTSKN QVVLTMT NMDPVDT ATYYCA HRPHSSTWYNPYFQ H WGQG TLVTV SS
IGHV2-5*02,SGPT LV KPTQ TLTLTCTF SG FSLS TSG VGVGWIR QPPGKA LEWLALIYW DDDKRYSPSLK SRLTITK DTSKN QVVLTMT NMDPVD TATYYCAHRLIGFW SGYYG Y WGQG TLVTV SS
IGHV2-5*02,Q ITLK ESGP TLV RPTQ TLTLTCTL SGLSLNS LAVGVAWVR QPPGKA LEWLALIY SDHTE Y YSPSLK SSLTVTK DTSKN QVVLTI PNADPLDTGT YYCVHT AG WLLST WGQG TLVTV SS
IGHV2-70*11,SGPT LV KPTQ TLTLTCTF SG FSL STSG MCVSWIR QPPGKA LEWLARI DWDDDKY YS TSL KTRLTIS KDTSKN QVVLTMT NMDPVDTA TYYCARINIA AAGTD FDIW GQG TMVTVS S
IGHV2-5*01,ESGP TLV KPTQ TLTLTCSF SG FSL STSG VAVGWIR QPPGKA LEWLAVIHW NDGKHYSPSLK GRLTITK DTSRN QVVLTLT NLGPVDT ATYYC AHSPAH FTWL HPF WYFD LWGRG TLVTVS S
IGHV2-5*02,PPLVKPTQ TLTLTCTF SGF SFSTSVVGVGWIR QSPGKT LEWLGFISW DDDKRYSPSLK TRLSIIKD TAKN QVVLTMTN VDPEDT ATYFCTHIRFTIFGVVQ DFDYWGQG TRVTVS S
IGHV2-5*02,SGPT LV KPTQ TLTLTCAF SGF S LNSNT MGVGWLR QPPGKAPE WLAVIYW DDDKRYNPSLKN RLTVTS DSSKN QVVLVMT NLDPVDTGT YYCA HTS AIFGV GGSFDHWGQG ALVTVS S
IGHV2-5*01,SGPT LV KPTQ TLTLTCTFS AFPL TF NG VGVGWIR QPPGQA LEWLALIYW NDDKRYSPSLK SRLTITK DTSKN QVVLTMTN MGPADT ATYFCARSYVEY CGSTGCASS RFDF WGQG TLVTV SS
IGHV2-5*02,SGY T LSNPTQ TLTLS CPFS WFSL RTSG LCVVWLR QPPGNA LELLALIYW DDYKRYSPSLPS RLSITK DTSKN QVVLTMT NMDPVD TATYYCARWF G MITRAWF DPWGQG TLVTV SS
IGHV2-5*02,SFPTLVKPTQ TLTLTCTF SG FSL NTSG VGVGWIR QPP EKALE WLALIYWD VDNRYSPSLK SRLSI SKDTAKD QVVLKIT DMHPVDTGT YFCARY GSGG VWF DPWGQG ALVTVS S
IGHV2-5*02,SGPT LV KPKQ TLTLTCTF SG FSLTT RG VGVGWIRQ SPGEAPE WLAVIYW DDDYRYNPFLRSRP TIT KDTSTS QVVLTMT DMGPVDTGT YYCAQAQC RRTS CLQ TDHWGQG TLVTVS S
IGHV2-5*02,Q ITLK ESGPT L LKPTQ TLTLTCTF SGF S LTTPG VGVGWIR QPPGKA LEWLALIYW DDDKYYSPSLK RRLSIT KDTSKN QVVLTVTN IDYLDT A TYYCA RRPDA VV GKPPPNWFDPWGQG TLVTV SS
IGHV2-5*01,SGPT LV KPTQ TLTLTCTF SG FSLS TSG VGVGWIR QPPGKA LEWLALIYW NDDKRYSPSLK SRLTITK DTSKN QVVLTMT NMDPVDTA TYYCAHVKVWF GE LLI PA YFD YWGQG TLVTV SS
IGHV2-5*02,SGPT LV KPTQ TLTLTCTF SG FSL STR GVGVGWIRQ SPGKA LEWLVIIYW DADKRFSPSLKN RVSITK DTSKN QVVLRMT NMDPVDT ATYYCV HRPY LSAYFFD YWGQGAP VTVS A
IGHV2-70*11,SGPT L LKPTQ TLTLTCTF SG FSL SPSG MCVSWIR QPPGKA LEWLARI DWDDDKY Y STSL QTRLTIS KDTSKN QVVLTMT NMDPVDT ATYYCA RTNYDI L TG WQATFDY WGQG TLVTVS S
IGHV2-70*15,Q VTLRE SGP ALV KPTE TLTLTCTIS DFSLSTT GVCVSWVR QPPGKA LEWLARID WEDDK YYS TS LQTRLTIS KDTSKK QVVLTMT DMDPVDTT TYYCAR SDLGFIPPWGFDSWGQG TLVTVS S
IGHV2-5*02,SGPT LV KPTQ TLTLTCTF SG FSLS TSG VGVGWIR QPPGKA LEWLALIYW DDDKRYSPSLK SRLTITK DTSKN QVVLTMT NMDPVDT ATYYCA HHSGWH HAYFDY WGQG TLVTVS S
IGHV2-5*01,SGPT LV KPTQ TLTLTCTF SG FSLS TSG VGVGWIR QPPGKA LEWLALIYW NDDKRYSPSLK SRLTITK DTSKN QVVLTMT NMDPVDT A TYYCA HTLDR VVRGIFYYY GMDVWGQG TTVTVS S
IGHV2-5*02,SGT TLV KPTQ TLTLTCTF SG FSL STSG VGVGWIR QPPGKA LEWLALIYW DDDKRYSPSLK SRLTITK DTSKN QVVLTMT NMDPVDT ATYYCAHS A Y DSSGY YVGFDY WGQG TLVTVS S
IGHV2-5*02,Q ITLK ESGP TLV RPTQ TLTLTCTF SG FSLTT R GVGVGWIR QPPGQA LEWLALLS WDGDDLYNPSLR NRLAIT KDTSEN QVFLTVTN VDPVDTA TYYCAHI APT YVQGVIIR GPFDLWGQG TLVP VSS
IGHV2-70*01,SGPT L LKPTQ TLTLTCTF SGF SL STSG MCVSWIR QPPGKA LEWLALID WDDDKY YST S LKTRLTIS KDTSKN QVVLTMT NMDPVD TATYYCARMVLMGIASE VGLDYWGQG TLVTV SS
IGHV2-5*02,SGPT LV KPTQ TLTLTCTF SG FSLT TDG VGVGWIR QPPGKA LEWLAFFYW DGDQRYSPSLE SRLTIAK DTSKN QVVLTMT NMDPVDT ATYFCA HSSWLDTTFQHDA FD FWGQG TMVTVS S
IGHV2-5*02,SGS TLV KPTQ TLTLTCTF SG FSL STSG VAVGWIR QPPGKA LEWLALIY GDDDKRYSPSVK SRLIITK DTSKN QVVLTMT NMDPVDT AT YYCARRV YSGYDLD YYFD YWGQG TLVTV SS
IGHV2-5*02,SGPT L VNPTQ TLTL P CTF SG FSLS TSGV GVGWIR QPPGKA LEWLSLIYW DDDKRYSPSLK SRLTITK DTSKN QVVLTMT NMDPVD TATYYCAHLVVALYYY GMDVWGQGT TVTV SS
IGHV2-5*02,SGPT L LKPTQ TLTLT CPFSG FSL SPSGV GVGWIR QPPGKA LEWLALIYW DDDKRYSPSLK SRLTITK DTSKN QVVLTMT NMDPVDT ATYYC AHRP LITF G GVITW GQG TLVTVS S
IGHV2-70*01,SSPT L VKPTQ TLTLTCAF SGF S LSDSG MCVSWIR QSPGKA LEWLALID WDDNK YYSTSLKTRLTIS KDTS I N QVVLRMT KLDPVD TATYYCARTLVAD LWPQK YYY GMDGWGQG TTVTVS S
IGHV2-70*04,SGPT LV KPTQ TVTLTCTF SG FSL STSG MRVSWIR QPPGKA LEWLARI DWDDDK FYS TSL KTRLTIS KDTSKN QVVLTMT NMDPVD TATYYCAR MGGYD FWS ANYYDA M DVWGQG TTVTVS S
IGHV2-70*11,SGPT LV KPTQ TLTLTCTF SG FSL STSG MCVSWIR QPPGKA LEWLARI DWDDDKY YS TSL KTRLTIS KDTSKN QVVLTMT NMDPVDTA TYYCARISA YSSG WYFD YWGQG TLVTV SS
IGHV2-5*02,SGPT LV KPTQ TLTLTCT CSG FSLS ADGE GVGWVR QPPGKA LEWLALIYW DDDQRYSPSL RTRLTIAK DTSRN QVVLTMT NMDPGDT ATYYCTR LGYSS ASFD WGRG TLVTVS S
IGHV2-70*11,SGPT L LKPTQ TLTLTCTF SGF SL STSG MCVSWIR QPPGKA LEWLARI DWDDDKY YS TSL KTRLTIS KDTSKN QVVLTMT NMDPVDT ATYYCAR TSLSKTTGM DVW GQG TTVTVS S
IGHV2-26*01,SGPT LV KPTE TLTLTCTVS G FS LNNA RMGVSWIR QPPGKA LEW L AH IFPNDEKSYSTSLK SRLTIS KDTSKS QVVLTMT NMDPVDT ATYYCARI PLEGA IAL PFDYWGQ GILVTVS S
IGHV2-5*02,SGPT LV KPTQ TLTLTCTF SG FSLS TSG VGVGWIR QPPGKA LEWLALIYW DDDKRYSPSLK SRLTITK DTSKN QVVLTMT NMDPVDT ATYYCAHI NTGM QVAFYIW GQG TMVTVS S
IGHV2-5*02,Q ITLK ESGP TLV KPTQ TLTLTCTF SGFPLSTSGE TVAWIR QPPGKA LEWLAFIYW DNDKRYSSSLKN RLTITK DTSTS QVVLTM TDMDHVDT ATYYC AHR HVAY SGNYWGNG VF DSWGQG TLVTVS S
IGHV2-70*01,SGPT LV KPTQ TLTLTCTF SGF SL STSG MCVSWIR QPPGKA LEWLALID WDDDKY YST SL KTRLTIS KDTSKN QVVLTMT NMDPVDT ATYYCA R TTIAA AGTTSG WF DPWGQG TLVTVS S
IGHV2-70*11,SGPT LV KPTQ TLTLTCTF SGF SL STSG MCVSWIR QPPGKA LEWLARI DWDDDKY YS TSL KTRLTIS KDTSKN QVVLTMT NMDPVDT ATYYCARD LSGGS CYSVYYYY GMDVWGQG TTVTVS S
IGHV2-5*02,SGPT L LKPTQ TLTLTCTF SG FSLSI SG VSVGWIR QPPGKA LEWLALIYW DDDKHYSPSL KSRLSITK DSSKN QVALTVTN VDPVDTG TYYCIH SGDNRR TEAFEVW GQG TMVTVS S
IGHV2-5*02,Q ITLK ESGP TLV KPTQ TLTLTCTFSA F S FST SVVGVHWIR QPPGKA LEWLALIYW DGDEEYSPSL RRRLTITR DTSKN QVVLTLTDVEL ADTG TYFCA HSSG WRVDVW GQGT PVTV SS
IGHV2-70*01,SGPT LV KPTQ TLTLTCTF SGF SL STSG MCVSWIR QPPGKA LEWLALID WDDDKYYSPSLK TRLTIS KDTSKN QVVLTMT NMDPVDT ATYYCA RIPEVR TAAAVGYYY G MDV WGQG TTVTVS S
IGHV2-5*01,SGPT LV KPTQ TLTLTCSF SG FSLST TGL GVGWI RPPPGKALD WLAVLYW NDVKRYSPSLKN RVTISK DTSKN QVFLVMTT VDPMDTGT YYCAQ TTKG YYEAF DYWGQGA LGTV SS
IGHV2-5*01,PTLVKPTQ TLTLTCTF SG FSLS TSG VGVGWIR QPPGKA LEWLALIYW NDDKRYSPSLK SRLTITK DTSKN QVVLTMT NMDPVDT A TYYCARL HKDR ITIFGVVEYF DYWGQG TLVTVS S
IGHV2-5*02,SFPTLVKPTQ TLTL P CTF SG FSLS TSGV GVNWIR QPPGKA LEWLALIYW DDDKRYSPT LKSRLTITK DTSKN QVVRTMT NMDPVDK ATYYCAHRVAAAAQ FAYWCQVTMVTV SS
IGHV2-5*02,PTLVKPTQ TLTLTCTF SG FSLS TSG VGVGWIR QPPGKA LEWLALIYW DDDKRYSPSLK SRLTITK DTSKN QVVLTMT NMDPVDT ATYYC AHRPGL LA G HIVGHAFDI WGQG TMVTVS S
IGHV2-70*11,SGPT L LKPTQ TLTLT CPFSGF SL SPRG MCVSWVR QAPGK ALEW LAR IDWDDAK YY STSLK TRLTIS KDTSKN QVVLTMTN VDPVDT ATYYCAR SQRGRDIPGW F DPWGQG TLVTVS S
IGHV2-70*11,TLAKPTQ TLTLTYTF SG FSL STSG MCVSWIR QPPGKA LEWLARI DWDDDK YYS TSL KTRLTISK DTSKN QVVLTMT NMDPVDT A TYYCA RMGT AMAL DPWGQG TLVTVS S
IGHV2-5*02,GPTLVKPTQ TLTLTCTF SG FSLS TSG VGVGWIR QPPGKA LEWLALIYW DDDKRYSPSL KSRLTITK DTSKN QVVLTMT NMDPVDT ATYYCA HRPAPSI RYFDFIIWF DPWGQ GTLVTVS S
IGHV2-5*02,SGPT LV KPTQ TLTLTCTF SG FSLS TSG VGVGWIR QPPGKA LEWLALIYW DDDKRYSPSLK SRLTITK DTSKN QVVLTMT NMDPVD TATYYCAHRLRFLERQ WGYWGQG TLVTVS S
IGHV2-5*02,SGPT LV KPTQ TLTLTCTF SG FSLS TSG VGVGWIR QPPGKA LEWLALIYW DDDKRYSPSLK SRLTITK DTSKN QVVLTMT NMDPVDT ATYYC AHRP FLFSGWF DPWGQG TLVTVS S
IGHV2-70*01,SGPT LV KPTQ TLTLTCTF SGF SL STSG MCVSWIR QPPGKA LEWLALID WDDDKY YST S LKTRLTIS KDTSKN QVVLTMT NMDPVDT A TYYCA RMPVVPA AISYYYYY GM DV WGQG TTVTVS S
IGHV2-70*01,SGHT LW KPTQ TLTLT CPFS WFSL SPSGM CVSWIR QPPGKA LEWLALID WDDDKY YST S LKTRLTIS KDTSKN QVVLTMT NMDPVDT A TYYCARIQW ELL SDLYYG MDV WGQG TTVTVS S
IGHV2-5*02,SCPT L VKPTQ TLTLTCTF SG FSL STSG VGVGWIR QPPGKA LEWLALIYW DDDKRYSPSLK SRLTITK DTSKN QVVLTMT NMDPVDT ATYYCA HRRPSTWEGDW F DPWGQG TLVTVS S
IGHV2-5*01,Q ITLK ESGP TLV KPSQ TLTLTCTF SG FSLS TSG VGVGWIR QPPGKA LEWLALIFW NGHTPYNPSLM SRLSITK DTSTG QVVLTMT NMDPADT ATYYCAH RRGEHWSGG YFDFW GHG TLVTVS S
IGHV2-70*01,SGPT LV KPTQ TLTLTCTF SGF SL STSG MCVSWIR QPPGKA LEWLALID WDDDKY YST SL KTRLTIS KDTSKN QVVLTMT NMDPVDTA TYYCARI P V AAAGPLDNL NYYYYGMDV WGQG TTVTVS S
IGHV2-70*01,SGPTLGKPT QTLTLTCTF SGF SL STSG MCVSWIR QPPGKA LEWLALID WDDDKY YST SL KTRLTIS KDTSKN QVVLTMT NMDPVDT ATYYCA R TTITIFGQV G MDVW GQG TTVTVS S
IGHV2-70*01,SGPT L LKPTQ TLTLT CPFSGF SLS TSG MCVSWIR QPPGKA LEWLALID WDDDKY YST S LKTRLTIS KDTSKN QVVLTMT NMDPVDT A TYYCARL S YDIL TGYS TFD YWGQG TLVTV SS
IGHV2-5*02,SGPT LV QPTQ TLTLTCTF SG FSL STSG VGVGWIR QPPGKA LEWLALIYW DDDKRYSPSLK SRLTITK DTSKN QVVLTMT NMDPVDT ATYYCAHTY DSSGYYGESDYWGQG TLVTVS S
IGHV2-5*02,ITLEEPGP VLV KPTQ TLTLTCTF SGF SLTTFHAGVGWIR QPPGKAL EWLTVIYW DDDERYSPSL RHRVTITK DTSKN QMVLTMTH MDPEDTG TYYCAR ASLGE LYFFD YWGRG TLVTVS S
IGHV2-5*02,SGPT LV KPTQ TLTLTCTF SG FSLS TSG VGVGWIR QPPGKA LEWLALIYW DDDKRYSPSLK SRLTITK DTSKN QVVLTMT NMDPVDT ATYYCA HRRS LIGSFDY WGQG TLVTVS S
IGHV2-5*02,GPTLVKPTQ TLTLTCTF SG FSLS TSG VGVGWIR QPPGKA LEWLALIYW DDDKRYSPSL KSRLTT TKDTSKN QVVLTMT NMDPVDTA TYYC AHT HIVVV PGSM DVW GQG TTVTVS S
IGHV2-5*02,Q ITLK ESGP TLV KPTQ TLTLTCTF SGF SLTTIGLGVGWIR QPPGKA LELLAPIYW DDDKRSSPSLR NRLTIS KGTSKN QVVLTLATV DPVDT ATYYCA RG LD YASG TYY NSRPFDSWGQ GILVTVS S
IGHV2-5*02,SGT TLL KPTQ TLTLTCTF SG FSL SPSG VGVGWIR QPPGKA LEWLALIYW DDDKRYSPSLK SRLTITK DTSKN QVVLTMT NMDPVDT ATYYC AHGQ VVR GGS FDY WGQG TLVTVS S
IGHV2-70*11,SGPTLAKPTQ TLTLT CPFSGF SL SPSGM CVSWIR QPPGKA LEWLARI DWDDDKY YS TSL KTRLTIS KDTSKN QVVLTMT NMDPVDT ATYYCA RA RITMVSLH T YYYY G MDV WGQG TTVTVS S
IGHV2-5*01,PTLVKPTQ TLTLTCSF SGF S LNTAG VGVAWIR QPPGKA LEWLTLIKW NDEKLYRPSLKN RLTLTK DTSRN QVVLTMT NMDLVDT AT YYC AQS VG AVFES RGYD FAS WGQG TLVTVS A
IGHV2-5*01,Q ITLK ESGP TLV KPTQ TLTLTCSF SGF SL DTRG VGVGWIRQ APGKA LEWLSLIYWN AEKEYSPSV ETRLTITK DTSNN QVVLTVTN MAPVDT ATYYCARRLS YGAGSHAP YFFDY WGQG ALVIVS S
IGHV2-5*02,SGPT LVKLTQTLT LPCAFSG FSLT TR GVAVGWIR QPPGKPL EWLALIYW DDDQ IY SPSLS SRLTITK DTSKN QVVLRMT NMEPVDTGT YFCA QRLPY RFFA SGS W FGPWGQGT PVTVS S
IGHV2-5*02,SGPT LV KPTQ TLTLTCAF SGF SLTT R GVAVGWIR QPPGKPL EWLALIYW DGDQT Y SPSLS GRLTITK DTSKN QVVLRMT NMEPVDTGT YFCA QRLPY RFFA SGNWFGPWGQGT PVTVS S
IGHV2-5*02,SGPT LV KPTE TLTLTCTF SG FSLT TNGA GVGWIR QPPGKA LEWLALIYW DDDI HY SPSLSN RLTITK DTSKN QVVLTLT NMDPVDT ATYFCAH RSCTGEDCYPGYWGQG TLVTVS S
IGHV2-5*01,Q ITLK ESGP TLV KPTQ TLTLTCSF SGF SL DTRG VGVGWIRQ APGKA LEWLSLIYWN AEKEYSPSV ETRLTITK DTSNN QVVLTVTN MGPVDT ATYYCARRLS YGAGSHAP YFFDYW GQG ALVI V
IGHV2-5*08,SSPT L VKPTQ TLTLTCTF SGF SL STSG MCVSWIR QPPGK ALAWLALID WDDDKRYSPSLK SRLTITK DTSKN QVVLTMT NMDPVDT ATYYCA HSAAKDTRGYSSSWYTQPH Y FDDWGQG TLVTVS S
IGHV2-70*01,SSPT L VKPTQ TLTLTCTF SG FSL STSG MCVSWIR QPPGKA LEWLALID WDDDKY YST S LKTRLTIS KDTSKN QVVLTMT NMDPVD TATYYCARMVLMGIASE VGLDYWGQG TLVTV SS
IGHV2-70*11,SGPT LV KPTQ TLTLTCTF SG FSL STSG MCVSWIR QPPGKA LEWLARI DWDDDKY YS TSL KTRLTIS KDTSKN QVVLTMT NMDPVDT ATYYCA RST AYYYYY GM D VWGQG TTVTVS S
IGHV2-5*02,SGPT LV NPTQ TLTLTCTF SGFPLNTR KMGVGWIR QPPGKA LEWLALSYW DDERRYSPSLK RRVTITK DTSKN QVVLTMTN VDPVDSGT YYCAHI GPAQLGGFDSWGL GTLVTVS S
IGHV2-70*01,SGPT L LKPTH TLTLT CPFSGF SLS TSG MCVSWIR QPPGKA LEWLALID WDDDK YYITSL K TRLTIS KDTSKN QVVLTMT NMDPVDTA TYYCARIRVEMATIGIFD YWGQG TLVTVS S
IGHV2-5*02,SGPT LV KPTQ TLTLTCTF SGF SLST S AVGVGWIR QPPGKA LEWLALIYW DDDKRYSPSLK SRLTITK DTSKN QVVLTMT NMDPVDT ATYYCAHSY CTNGV CYANWYFD LWGRG TLVTVS S
IGHV2-5*02,GPTLVKPTQ TLTLTCTF SG FSLS TSG VGVGWIR QPPGKA LEWLALIYW DDDKRYSPSL KSRLTITK DTSKN QVVLTMT NMDPVDT ATYYCAH RRSRLRGPY F DYWGQG TLVTVS S
IGHV2-5*02,GPTLVKPTQ TLTL P CTF SG FSLS TSGL GVGWIR QPPGKA LEWLALIYW DDDKRYSPSL KSRLSITK DTSKN QVVLTMT NMDPVD TATY Y CAHWF G MITRAWF DPWGQG TLVTVS S
IGHV2-70*01,SGPT LV KPTQ TLTLTCA FSG FSLS SSESSGS EMCVSWIR QPPGKA LEWLALI DSDDDKYYNTSLR SRLTIST DTSKN QVVLTMT NMGPVDT ATYYCA RTD ITYD LSGY YRSFDY WGQGT PVTVS S
IGHV2-5*02,SGPTLAKPTQ TLTLTCTF SG FSLS TSG VGVGWIR QPPGKA LEWLALIYW DDDKRYSPSLK SRLTITK DTSKN QVVLTMT NMDPVDT ATYYCA HRRG LWF GPY F DYWGQG TLVTV SS
IGHV2-5*02,SGPT L LKPTQ TLTLTCTF SG FSL STSG VGVGWIR QPPGKA LEWLALIYW DDDKRYSPSLK SRLTITK DTSKN QVVLTMT NMDPVDT ATYYCA HRPGEGYCSGGS CYLAHWF DPWGQ GTLVTVS S
IGHV2-5*02,SGPT LV KPTQ TLTLTCTV SG FSL SPSG VGVGWIR QPPGKA LEWLALIYW DDDKRYSPSLK SRLTITK DTSKN QVVLTMT NMDPVDT ATYYC AHRHPFYGMDAWGQG TTVTVS S
IGHV2-5*02,Q ITLK ESGP TLV KPTQ TLTLTCTF SGF S LNTGG VGVGWIR QPPGKA LEWLALIYW DDDKRYSPSLK SRLTITK DTSKN QVVLSM ANMDPVDTA TYYCAHF HNVGAAG TIWFFALW GRG TLVTVS S
IGHV2-5*02,SGPT L LKPTQ TLTLTCTF SG FSL STSG VGVGWIR QPPGKA LEWLALIYW DDDKRYSPSLK SRLTITK DTSKN QVVLTMT NMDPVDT ATYYCA HR TYFYD A FDI WGQG TMVTVS S
IGHV2-5*02,Q ITLK ESGP TLV RPTQ TLTLTCTF SG FSLTT R GVGVGWIR QPPGRA LEWLALLS WDGDDLYNPSLR NRLAIT KDTSEN QVFLTVTN VDPVDT ATYYCAHI SPT YVQGVIIR GPFDLWGQG TLVTVS S
IGHV2-5*01,SGPT LVKL TQ TLTLTCTF SG FSLN IPGEG VGWIR QPPGKA LEWLALIFW NDDKRYTPSLK SRLTITK DTSKN QVVLTMT NMDPVDT ATYYCLYR KE AITM NRGLIPDH YYYYVAVW GKGT TVTVS S
IGHV2-5*02,SGPTLGKPT QTLTLTCTF SGF SL STT GVAVGWFR QPPGKA LEWLAVLYW DDDKRYSPSLK SRVTVTK DTSTN QVVLTMT NMDPVDTGT YFCA HQK TYTT S TF DYWGQG TLVTVS S
IGHV2-5*02,SGPTLRKPTQ TLTLTCTF SG FSLT TNG VGVGWIR QPPGKA LEWLALIYW DDDI HY SPSLNDR HTIT KDTSKT QVVLTLT NVDPVDT ATYFCAHR SCTGDNCYPGYWGQG TLVTVS S
IGHV2-5*02,SGPT LV KPTQ TLTLTCTF SG FSL STSGL GVGWIR QPPGKA LEWLALIYW DDDKRYSPSL RSRLTITK DTSKN QVVLTMT NMDPVDTGT YYCAQWF G MITRAWF DPWGQG TLVTVS S
IGHV2-5*01,SGPT LV KPTQ TLTLT CPFSG FSLS TSGV GVGWIR QPPGKA LEWLALIYW NDDKRYSPSLK SRLTITK DTSKN QVVLTMT NMDPVDT ATYYCARL DKDR ITIFGVVEYF DYWGQG TLVTVS S
IGHV2-5*02,SGPT LV KPTQ TLTLTCTF SG FSLS TSG VGVGWIR QPPGKA LEWLALMYW DDDKRYIPSLK SRLTITK DTSKN QVVLTMT NMDPVDTA TYYCVYRA PIPGGNW F DPWGQ GTLVTV SS
IGHV2-5*01,Q ITLK ESGPTLMKPTQ TLTLTCSF SGF SL DTRG VGVGWIRQ APGKA LEWLSLIYWN AEKEYSPSV ETSLTITK DTSNN QVVLTVTN MGPVDT ATYYCARRLS YGAGSHAP YFFDY WGQG ALVIVS S
IGHV2-5*02,T VAGVSL NKNK VGMSSIL QPPGKS LAWLALLYW DYDNPYRPSL KSMLTIN KDTSKN KVVLTMT NMDPVDTA TYYCA HSDY Y DSSGY WF DPWGQG TLVTVS S
IGHV2-26*01,SGPT LV KPTE TLTLTCTV SG FS LSN VRMGVSWIR QPPGK ALEWLAHIF SNDEKSYNTS LRTRLTIS KDTAKS QVVLIMT NVDPVD TATYYCARQ RGYS YGYEFW GQG TLVTVS T
IGHV2-70*04,SGPT LV KPTQ TLTLTCTF SG FSL STSG MRVSWIR QPPGKA LEWLARI DWDDDK FYS TSLK TRLTIS KDTSKN QVVLTMT NMDPVDT AT YYCA R T YYDIL TGY HATYD YWGQG TLVTVS S
IGHV2-5*02,SGPT LV KPTQ TLTLTCTV SG FSLTT SG VGVGWIR QPPGKA LEWLTLIYW DDVKRFSPSLK SRVTIS KDTSKN QVVLSLT NMDPMDTA TYYCLF SSQ WEIR GPDYWGQG TLVTVS S
IGHV2-5*02,SGPALWKPTQ TLTLTCSF SGFSLNTPG VGVAWIR QPPGKA LEWLAFIYW DDDRRYSPSLE SRLTITT DASKN QVVLMMT NMDPVDT AT YYC A HRI S KSAA NASPDYFDSWGQG TLVTV SS
IGHV2-5*05,SGPT LV KPTQ TLTLTCTV SG FSLTTIGVGVGWIR QPPGKA LEWLALIYW DDNKAYGPSLKG GVTIARD TSKN QVVLTMT NLNPVDT ATYYCAQI RHPSYHN YFHMDVW GQG TTVTV PS
IGHV2-70*11,SGPT LV KPTQ TLTLTCTF SG FSL STSG MCVSWIR QPPGKA LEWLARI DWDDDKY YS TSL KTRLTIS KDTSKN QVVLTMT NMDPVDTA TYYCARIR SR QWLVQ GGR EYYYYYGMD VWGQG TTVTVS S
IGHV2-5*02,SGPT LV KPTQ TLTLTCTF SG FSLS TSG VGVGWIH QPPGKA LEWLALIYW DDDKRYSPSLK SRLTITK DTSKN QVVLTMT NMDPVDT A TYYC A HHGI TTVFSY WGQG TLVTVS S
IGHV2-5*02,SVPT L VKPTQ TLTLTCTF SG FSLS TSG VGVGWIR QPPGKA LEWLALIYW DDDKRYSPSLK SRLTITK DTSKN QVVLTMT NMDPVDT ATYYCAH RTGDYRNW F DPWGQG TLVTVS S
IGHV2-5*01,Q ITLK ESGP TLV KPTQ TLTLTCT FPGF SLSSTAVGVGWIR QPPGKPL EWLALIYW NDDNKYSPSLK NRLSITK DTSGN QVVLTLTN VDPVDT ATYFCA HGSG WLFD HWGPG TLVTV SS
IGHV2-70*04,FGPTLLKPT LSLALTCTCSLFS LSTS E MRASWIR QPPGMS LEWLTRI DWDDDK FYS TSLK TRLTIS KDTSKN QVVLTMT NMDPVDT ATYYCAR SYGSESPFDYWGQG TLVTV SS
IGHV2-70*11,SGHTLGKPT QTLTLTCTF SG FSL SPSG MCVSWIR QPPGKA LEWLARI DWDDDKY YS TSL KTRLTIS KDTSKN QVVLTMT NMDPVDT A TYYCAR MNAG IVALD YWGQG TLVTVS S
IGHV2-5*01,SCPT L VKPTQ TLTLTCTF SG FSLS TSG VGVGWIR QPPGKA LEWLALIYW NDDKRYSPSLK SRLTITK DTSKN QVVLTMT NMDPVDT ATYYCA HTPAYSSS WYWVAYW GQG TLVTVS S
IGHV2-5*02,SGPT LV KPTQ TLTLTCTF SG FSLS TSG VGVGWIR QPPGKA LEWLALIYW DDDKRYSPSLK SRLTITK DTSKN QVVLTMT NMDPVDTA TYYC SHW FGMIT RPYFDPWGQG TLVTVS S
IGHV2-5*02,SGPT LV KPTQ TLTLTCTF SG FSLTT SG VGVGWIR QPPGKA LEWLALIYW DDDKRYSPSL KHRLTITK DTSRN QVVLTMT NMDPTDT ATYFCA HKRTAWGSAGYRDWGPGT LVT DSS
IGHV2-70*11,SGPT LV KPTQ TLTLTCTF SG FSL STSG MCVSWIR QPPGKA LEWLARI DWDDDKY YS TSL KTRLTIS KDTSKN QVVLTMT NMDPVDT ATYYCARI RDIR TLYYFD YWGQG TLVTVS S
IGHV2-26*01,SGPT LV KPTE TLTLTCTV SG FS LSNAGM GVSWIR QPPGK ALEWLAHIF SNDKKSYSTSLK SRLTIS KDTSKS QVVLTMT NMDPVD TATYYCARISYHL N R A V A GYYYYYGLDV WGQGT TVTVS S
IGHV2-70*11,PTLVKPTQ TLTLTCTF SG FSL SADG MCLTWVR QPPGKA LEWLARI DWDDDK YYS TS LKTRLTLS KDTSRN QVVLTMT NMDPVDT ATYFCARV QGKRGWG GAYFY NG MDV WGQG TTVTV S
IGHV2-5*02,SGPT LV KPTQ TLTLTCTF SG FSLS TSG VGVGWIR QPPGKA LEWLALIYW DDDKRYSPSLK SRLTITK DTSKN QVVLTMT NMDPVDT ATYY C A HL YYDIL TGY SYYFDY WGQG TLVTVS S
IGHV2-70*01,SGPTLWKPTQ TLTLT CPFSGF SL SPSG MCVSWIR QPPGKA LEWLALID WDDDKY YST S LKTRLTIS KDTSKN QVVLTMT NMDPVDTA TYYCARM SLSG IAA AG WF DPWGQG TLVTVS S
IGHV2-5*02,SVPT L VKPTQ TLTLTCTF SG FSLS TSG VGVGWIR QPPGKA LEWLALIYW DDDKRYSPSLK SRLTITK DTSKN QVVLTMT NMDPVDT ATYYCAH RESSGWYGDW F DPWGQG TLVTVS S
IGHV2-70*11,SGPT LV KPTQ TLTLTCTF SG FSL STSG MCVSWIR QPPGKA LEWLARI DWDDDKY YS TSL KTRLTIS KDTSKN QVVLTMT NMDPVD TATYYCARSMAYYYY YGMDVWGQG TTVTVS S
IGHV2-5*02,SGPT LV KPTQ TLTLTCTF SGF SL TTS AVAVAWIR QPPGKA LEWLALIYW DGDQRFNPSLKN RLTITK DTSKN QVVLTLAN VDPLDTA TYFCAH DYYNGMDVWGPGTDGAVSS
IGHV2-5*02,PTLVKPTQ TLTLTCTL SEFSFS TFGVGVGWLR QSPGKA LEWLALIYW DDDQHYSPSLK SRLTITK DTSKN QVVLTMT NMDPLDTGT YYCAHRLIR SGTSW RRAHVFDF WGQG TVVTVS S
IGHV2-5*02,SGPT L LKPTQ TLTLTCTF SG FSL SPSGL GVGWIR QPPGKA LEWLALIYW DDDKRYSPSLK SRLTITK DTSKN QVVFTMT NMDPVDT ATY Y CAHWF G MISRAWF DPWGQ GILVTVS S
IGHV2-70*15,Q VTLRE SGPA LV KPAQ TLTLTCTFTGFSL DTDGM CLSWIR QPPGK ALVWLGRID WDDDKYYSTPL RTRLRIYK GSSKN QVVLTLTK VDPVDTAS YFCARIIC RGGVCSRPCDYWGQG TLVTV SS
IGHV2-5*02,PRLVKPTQ TLTLTCTF SG FSLS TSG VGVGWIR QPPGKA LEWLALIYW DDDKRYSPSLK SRLTITK DTSKN QVVLTMT NMDPVDT ATYYC AHRR TVVTAFD YWGQG TLVTVS S
IGHV2-5*02,SCPPLAKPTQ TLTLTCSL SGF S LNTGG VGVGWIR QPPGKA LEWLALIYW DDDKRYSPSLK SRLTITK DTSKN QVVLTMT NMDPVDT ATYYCA HSNYYGSG SYSVYD YWGQG TLVTVS S
IGHV2-5*02,SGPT LV KPTQ TLTLTCTF SG FSLS TSG VGVGWIR QPPGKA LEWLALIYW DDDKRYSPSLK SRLTITK DTSKN QVVLTMT NMDPVDT ATYYCA HRPGS WFLGYFD YWGQG TLVTVS S
IGHV2-70*11,SGPT LV KPTQ TLTLTCTF SG FSLS ASG LCVTWIR QPPGKA LEWLARI DWDDEK YYTTSRKARLT NPKGTSKD QVVLTMT NMDPADTGT YYCARIHKY CTSTSC YARF G MDVW GHGT SVTVS S
IGHV2-5*02,SGPTLGKPT QTLTLTCTF SG FSLS TSG VGVGWIR QPPGKA LEWLALIYW DDDKRYSPSLK SRLTITK DTSKN QVVLTMT NMDPVDT ATYYC AHSPVPPL WF G ELWFFD YWGQG TLVTVS S
IGHV2-70*11,SGPT LV KPTQ TLSLTCTF SG FSL STRG MCVSWIR QAPGK ALE WLARI DWDDDK YYSTSV KTG LTISK DTSKN QVVLIMT NVDPV DTATYYCARILAL NQGEA A FD YWGQGTP VTV SS
IGHV2-5*02,SGYTLSKPTQ TITLTCA LSGF SLTH RG VAVGWIR QPPGKPL EWLALIYW DDDQTYRPSLS SMLTITK DTSKN QVVLRMT NMEPVDTGT YFCA QRLPY RFFA SGS W FGPWGQGT PVTVS S
IGHV2-5*02,SGPT LV KPTQ TLTLT CPFSG FSLTT SG VGVGWIR QPPGKA LEWLGIIYW DDDKRYSPSLK SRLTITK DTSKN QVVLTVTN MDPVDT ATYYCAHR RGDNSAWSPH YYFHYW GQG TLVTVS S
IGHV2-5*02,SGPT LV KPTQ TLTLTCTF SG FSL STSGL GVGWIR QPPGKA LEWLALIYW DDDKRYSPSLK SRLSITK DTSKN QVVLTMT NMDPVD TATYYCARWFGM ITRAWF DPWGQG TLVTV A
IGHV2-70*15,H VTLRE SGPA LV KPAQ TLTLTCTFS GFSPDTDGM CLSWIR QPPGKA LEWLGSI DWDDDKY YS TSL RTRLRIYK GSSKN QVVLTRTK VDPVDTAS YFCARIIC TGGGCSRPFDYWGQ ETLVTV SS
IGHV2-5*02,SGPT LV KPTQ TLTLTCTF SG FSLS TSG VGVGWIR QPPGKA LEWLALIYW DDDKRYSPSLK SRLTITK DTSKN QVVLTMT NMDPVDT ATYYC AHRRQ WLGCFD YWGQG TLVTV SS
IGHV2-5*02,SGPT LV KPTQ TLTLTCT FPGF SLS TSG VGVGWIR QPPGKA LEWLALIYW DDDKRYSPSLK SRLTITK DTSKN QVVLTMT NMDPVDT ATYYC AHRPGL LA G HIVGHAFDI WGQG TMVTVS S
IGHV2-70*01,SGPT LV KPTE TLTLTCTF SGF SL STTG MCVSWIR QPPGKA LEWLALID WDDDK YYSTS LKT GVAIS KDSSKN QVVLTMT NMDPVDT ATYYCAR HTSGWQ GWF DPWGH GILVTVS S
IGHV2-5*02,SGPT LV KPTQ TLTLTCTF SG FSLS TSG VGVGWIR QPPGKA LEWLALIYW DDDKRYSPSLK SRLTITK DTSKN QVVLTMT NMDPVDT ATYYCAHI DDSGWRRP LYGMDV WGQG TTVTVS S
IGHV2-5*01,SGPT LV KPTQ TLTLTCTF SG FSLS TTG VGVGWIR QPPGKA LEWLALIYW NDDTRYSKSLK SRLTITK DMSKN QVVLTMTS LDPVDT ARYYCAHW DLGTVG TTIH D TFDV WGQG TMVTVS S
IGHV2-5*02,TLVKPTQ TLTLTCSF SGF SFT TN TVGVGWIR QPPGKA LEWLALIYW DDDKRYSPSL KSRLTIT KDTSEK QVNLTMT NLDPVDTA TYYCVHSF RRGE LLLLDAFD VWGQG TVVTVS S
IGHV2-5*02,SGPT LV KPTQ TLTLTCTF SG FSLS TSG VGVGWIR QPPGKA LEWLALIYW DDDKRYSPSLK SRLTITK DTSKN QVVLTMT NMDPVDT ATYYCA HRRGSW AAAGYFER WGPGP LVT VPS
IGHV2-5*01,SGPTPLKAPQ TLTLT CPFSW FS LTPI GMSVGWIR QPPGKAPE WLALIYWS DDKRYSPSL KTRLTITK DTSKN QVVLTMT NMDPVDT ATYYC AHSPHRF WSGLYS WGQG TLVTVS S
IGHV2-70*01,SGPT LV QPTQ TLTLT CPFSG FSLS TSG MCVSWIR QPPGKA LEWLALID WDDDKY YSTSLKTRLTIS KDTSKT QVVLTMT NMDPVDT ATYYCA R TTIAA AGTTSG WF DPWGQG TLVTVS S
IGHV2-26*01,QV TLK ESGP VLV KPTE TLTLTCTVS GF S LSNPRM GVSWIR QSPGK ALEWLT H ISSNDEKSYSTSLK SRVTIS KDTSNS QVVRTM TNMDPVD TATYYCALEIFYVYALAT YRPRGSLDNWGQG TLVTVS S
IGHV2-5*02,SGPT LV KPTQ TLTLTCTF SG FSLS TSG VGVGWIR QPPGKA LEWLALIYW DDDKRYSPSLK SRLTITK DTSKN QVVLTMT NMDPVDT ATYYCAL RPPG IAVA GTGYWGQG TLVTV SS
IGHV2-5*02,SGPT LV KPTQ TLTLTCTF SGF SF SETG VGVGWIR QPPGKA LEWLAVIYW DDENRDNPSL RSRLTITK DTSKN QVVLTMT NMDPVDTGT YYCARTVY DSSGY R LP SFDL WGQG TMVTVT S
IGHV2-5*02,SGPT L LKPTQ TLTLTCTF SG FSL STNG VAVGWIR QSPGKA LEWLALIYW DDDKEYSPAL RSRLTVTK DTSKN QVVLTVTN MDPVDTAK SYC AHPDTQYDDSWGD YRLRAFDF WGQG TMVTV S
IGHV2-5*02,SGPT LV KPTQ TLTLTCTF SG FSL STSG VGVGWIR QPPGKA LEWLGFIYW DDDKHYSPSLK SRLTITK DTSKN QVVLTVTN MAPVDT ATYYCAR RRTG V TTDG ISLIH GE YFHH WGQG TLVTVS S
IGHV2-70*01,PTLVKPTQ TLTLTCTF SG FSL STSG MCVSWIR QPPGKA LEWLALID WDDDKY YST S LKTRLTIS KDTSKN QVVLTMT NMDPVDTA TYYCARIRA YGD FALDY WGQG TLVTVS S
IGHV2-5*02,SGPT LV KPTQ TLTLTCTF SG FSLS TSG VGVGWIR QPPGKA LEWLALIYW DDDKRYSPSLK SRLTITK DTSKN QVVLTMT NMNPVDT ATYYCAH RESSGWYGDW F DPWGQ RTLVTVS S
IGHV2-5*02,SGPT LV KPTQ TLTLTCTF SG FSLS TSG VGVGWIR QPPGKA LEWLALIYW DDDKRYSPSLK SRLTITK DTSKN QVVLTMT NMDPVDT ATYYCA HRPGSSWLGS AFDI WGQG TMVTVS S
IGHV2-26*01,QV TLK ESGP VLV KPTE TLTLTCTVS G FS LSNA RMGVSWIR QPPGK ALEWLAHIF SNDEKSYSTSLK SRLTIS KDTSKS QVVLTMT NMDPVD TATY YC ARV W GVTEGEGFDRWGQG ALVT GCS
IGHV2-5*01,Q ITLK ESGP TLV KPSQ TLTLTCTF SG FSLS TSG VGVGWIR QPPGKA LEWLALIFW NGHTPYNPSLM SRLSITK DTSTG QVVLTMT NMDPADT ATYYCAH RRGEHWSGG YC D F WGQG TLVTVS S
IGHV2-5*02,SGPT LV KPTQ TLTLTCTF SG FSLS TSG VGVGWIR QPPGKA LEWLALIYW DDDKRYSPSLK SRLTITK DTSKN QVVLTMT NMDPVDT ATY YC AR RIQLWLRP IFDPWGQG TLVTV SS
IGHV2-5*02,SGPT LV KPTQ TLTLTCSL SGF SL NTSG VGVGWIR QPAGKA LEWLALIYW DDEELYSPSLKS RLTVTKD ITKN QVVLTMT NMDPVDT ATYFCAH RRSGW AHFDY WGQG TLVIVS S
IGHV2-5*02,SGPT LV KPTQ TLTLTCTF SG FSLS TSG VGVGWIR QPPGKA LEWLALIYW DDDKRYSPSLK SRLTITK DTSKN QVVLTMT NMDPVDT A TYYC A HT RLLFSLV GMDVWGQG TTVTVS S
IGHV2-5*02,SFPTLVKPTQ TLTLTCTF SG FSLS TSG VGVGWIR QPPGKA LEWLALIYW DDDKRYSPSLK SRLTITK DTSKN QVVLTMT NMDPVDT ATYYCAH RSGTWNGPY F DYWGQG TLVTV SS
IGHV2-5*01,SGPT LV KPTQ TLTLTCTF SGF SLSTI GEG VGWIR QPPGKA LEWLAVIYW NDDKRYSPSLK SRLTITK DTSKN QVVLTMT NMDPVDT AT YYC AHRLRYFDWL TN YYYYGMDV WGQG TTVTVS S
IGHV2-26*01,SGDT LL KPTE TLTLT CP VSVFS LSHA RMGVSWIR QPPGK ALEWLAHIF SNDEKSYSTSLK SRLTIS KDTSKS QVVLTMT NMDPVDT AT YYCA RIPDY LHLNAFDI WGQG TMVTVS S
IGHV2-5*02,SGST L LKPTQ TLTLTCTF SG FSL STSG VGVGWIR QPPGKA LEWLALIYW DDDKR Y S T S LKSRLTITK DTSKN QVVLTMT NMDPVDT ATYYCA HRQGFSTPGFDPWGQG TLVTVS S
IGHV2-70*11,SGPT LV KPTQ TLTLTCTF SG FSL STSG MCVSWIR QPPGKA LEWLARI DWDDDKY YS TSL KTRLTIS KDTSKN QVVLTMT NMDPVDT ATYYCARIR GSTSSPDYWGQG TLVTVS S
IGHV2-5*02,Q ITLK ESGP TLV KPTE TLTLTCVF SGF SL STSG VGVAWIR QAPGQA LEWLALVD WDDDKR YRASL R NRLTIT KDTSKS QVVLTMT NMDTVDT ATYYCTHIEYM WGYD LLVD AFGMWGQG TMVIV S
IGHV2-5*02,SVPT L VKPTQ TLTLTCTF SGF SL NTSGL GVGWIR QPPGKA LEWLALIYW DDDKRYSPSLKN RLTITK DTSKN QVVLTMT NMDPVDT ATYYCAHWFGM ITR A W FDPWGPG TLVTV SS
IGHV2-5*02,Q ITLK ESGPT L LKPTQ TLTLTCTF SGF S LTTPG VGVGWIR QPPGKA LEWLALIYW DDDKYYSPSLK RRLSIT KDTSKN QVVLT VPNIDYLDTA TYYC ARRP VAVV GNPPPNWFDPWGQG TLVTV SS
IGHV2-70*04,Q VTLKE SGP ALV EPTQ TLTLTCTVS G VS LSSR EMRVTWIR QSPGK VLEWLARI DGDGD IFYST SLK TRLTIS KDTSKN QVVLRMT NMDPVDT ATYYCARVA RDSQ YYYYMDV WGQG TTVTVS S
IGHV2-5*02,SGPT LV KPTE TVTLTCTF SG FS LNTR GVGVAWIR QPPGEAPE WLALIYW DGYSRYSPDLH SRLSITK DTSKN QVVLTMA NMDPADT ATYYC AQGL SLLYEYSFD YWGQ GILVTVS S
IGHV2-5*02,SGPT LV KPTQ TLTLTCTF SG FSLS TSG VGVGWIR QPPGKA LEWLALIYW DDDKRYSPSLK SRLTITK DTSKN QVVLTMT NMDPVDT ATYYCA HRRTHSSS WYYFD YWGQG TLVTVS S
IGHV2-5*02,SGPT LV KPTQ TLTLTCTI SG FSL STSG VGVGWIR QPPGKS LEWLALIYL DDDKLYSPSLK SRLTITK DTSKN QVVLTMT NMDPVDT ATYYCAHR LEGWQG TYFD YWGQG TLVTV SS
IGHV2-70*01,SGPT LV KPTQ TLTLTCTF SGF SL STSG MCVSWIR QPPGKA LEWLALID WDDDKY YST SL KTRLTIS KDTSKN QVVLTMT NMDPVDT ATYYCARIS GSSWPAGDYWGQG TLVTVS S
IGHV2-5*01,SGPT LV KPTQ TLTLTCTF SG FSLS TSG VGVGWIR QPPGKA LEWLALIYW NDDKRYSPSLK SRLTITK DTSKN QVVLTMT NMDPVDT ATYYCA HRGG VQVVATI TNH YYYYGMDV WGQG TTVTVS S
IGHV2-5*02,SGPT LV KPTQ TLTLTCTF SG FSLS TSG VGVGWIH QPPGKA LEWLALIYW DDDKRYSPSLK SRLTITK DTSKN QVVLTMT NMDPVDT ATYYCAHRLA AGWYGDWFDPWGQG TLVTVS S
IGHV2-5*02,QI TL NESDPTLVKPTQ TLTLTCTF SG FSLTT SG VGVGWIR QPPGKA LEWLALIYW DDDKRYS RSLKTRLTVA KGTSKN EMVLT MPDMAPVDT ATYY C ARRLEN YRRHPY TFDY WGQG TLVTL SS
IGHV2-5*02,Q ITLK ESGPT L LKPTQ TLTLTCTF SGF S LTTPG VGVGWIR QPPGKA LEWLALIYW DDDKYYSPSLK RRLSIT KDTSKN QVVLTVTN IDYLDTA TYYC ARRP VAVV GKPPPDWFDPWGQG TLVTV SS
IGHV2-70*01,GPPLVKPTQS LT LP CTFSAFS LTPSR MCVSWIR QPPGNAL E WPAPIDWDDDKY Y STSL KTRLTISK DTSKN QVVLTMT NMDPVDT ATYYCAR TTGYQPA MDV WGQG TTVTVS S
IGHV2-70*15,Q VTLRE SGPA LV KPTQ TLTLTCTF SG FSL STSG MCVSWIR QPPGKA LEWLARI DWDDDKYYNTSL KTRLTIS KDTSKN QVVLTMA NMDPVDT ATYYCAR RRATR TTYFD YWGQ GILVTVS S
IGHV2-70*11,R VTLRE SGP ALVK RTQ TLTLTCTF SG FSLS ASG MCVSWIR QPPGKA LEWLARI DWDDDKY YT SSL KTRLTIS KDTSKN QVVLTMTS MDPVDT ATYYCART SYKGDYAGVNDFWGQG TMVTVS S
IGHV2-5*01,Q ITLR ESAPT L VKPTQ TLTLTCTF SGF S LSTP AVGVAWIR QPPGKA LEWLALISW KDDKHYSPSLQ SRLTISWD TSKN QVVLTMTK MDPVDT ATCYCA HTSGWTSDYWGQG TLVTV SS
IGHV2-5*02,SGPT LV KPTQ TLTLTCTF SG FSLS TSG VGVGWIR QPPGKA LEWLALIYW DDDKRYSPSLK SRLTITK DTSKN QVVLTMT NMDPVDT ATYYCAH RRGG IAAAGFDY WGQG TLVTVS S
IGHV2-5*02,SGPT LV KPTQ TLTLT CPFSG FSL SPSGV GVGWIR QPPGKA LEWLALIYW DDDKRYSPSLK SRLTITK DTSKN QVVLTMT NMDPVDT ATYYCA HRPRSSWYGRG WF DPWGR GTLVTV SS
IGHV2-5*02,PTLVKPTQ TLTLTCTF SG FSLS TSG VGVGWIR QPPGKA LEWLALIYW DDDKRYSPSLK SRLTITK DTSKN QVVLTMT NMDPVDT ATYYCAHRV SSSWYGDWFDPWGQG TLVTVS S
IGHV2-70*01,LAKPTQ TLTL P CTF SG FSL STSG MCVSWIR QPPGKA LEWLALIYL ADDK YY STSL KTRLTIS KDTSKN QVVLTMT NMDPVDT ATYYCA R TTITIFGQV GM DVW GQGT TGTVS S
IGHV2-5*02,QIALNESDPTLVKPTQ TLTLTCTF SG FSLTS TG VGVGWIR QPPGKA LEWLALIYW DDDKRYSPSL KTRLTVA KDTSKS QVLLTMT NMAPADTA TYSCARR LENYSRH TYTFDY WGQG TLVTVS S
IGHV2-5*02,SGPT LV KPTQ TLTLTCAL SGF SL STR GVAVGWIR QPPGKPL EWLALIYL DDDQ IY RPSLNN RLTITK DTSKN QVVLRMT NMEPVDTGT YFCE QRLPY RFFA SGC WF GPWGQGTP VSV SS
IGHV2-70*01,SGPTLGKPT QTLTLTCA FSG FSLS SSESSGS EMCVSWIR QPPGKA LEWLALI DSDDDKYYNTSL RSRLTISK DTSKN QVVLTMT NMGPVDT ATYYCA RTD ITYD LSGY YYRSFD YWGQGT PVTV SS
IGHV2-5*02,SDHALGKPT HTLTLTCTFSVFSL STNG VAVGWIR QPPGKA LEWLALIHW DDDKRYSPSLKN RLTITK DTSKN QVVLTLT NMDSVDT ATYYC AHSGRS WYSYF DNWGQG TLVTVS S
IGHV2-5*02,GPTLVKPTQ TLTLTCTF SG FSLS TSG VGVGWIR QPPGKA LEWLALIYW DDDKRYSPSL KSRLTITK DTSKN QVVLTMT NMDPVD TATYYCAHMKRGAQWLAS YGMD V WGQGT TVTV SS
IGHV2-5*02,SGPT LV KPTQ TLTLTCTF SG FSLS TSG VGVGWIR QPPGKA LEWLALIYL DDDKRYSPSLK SRLTITK DTSKN QVVLTMT NMDPVDT ATYYCA HRRGYCSSTSC YARWVWF DPWGQG TLVTVS S
IGHV2-70*11,SVPT L VKPTQ TLTLTCTF SG FSL STRG MCVSLVR QAPGKA LEWLARI DWDDSKY Y STSL KTRLTIS KDTSKN QVVLTMTN VDPVDT ATYYCAR SQRGRDIPGW V DPWGQG TLVTVS S
IGHV2-5*02,GPTLVKPTQ TLTLTCIF SGF SLS TSG VGVGWIR QPPGKA LEWLALIYW DDDKRYSPSL KSRLTITK DTSKN QVVLTMT NMDPVDT ATYYCA HRPPGWG VGWF DPWGQG TLVTVS S
IGHV2-26*01,SGPT LV KPTE TLTLTCSV SGF S LTSP TVAMSWVR QPPGKA LECLGHIF SNGEK SYAASLKSRLTIS KDTSKS QVVLTLT NMDPHDT ATYFCAR TSFGDP YWYF DRWGR GTLVTV SS
IGHV2-5*02,SGPT LV KPTQ TLTLTCTF SGF S LNTGG VGVGWIR QPPGKA LEWLALIYW DDDKRYSPSLK SRLTITK DTSKN QVVLTVTN VDSVDT ATYYCAHR VGC SAYYE RSRPRDSIPR V CP LYFD YWGQG KLVTVS S
IGHV2-5*02,SGPTLGKPT QTLTLT CPFS WFSL SPSGV GVGWIR QPPGKA LEWLALIYW DDDKRYSPSLK SRLTITK DTSKN QVVLTMT NMDPVDT ATYYCAH RSGTWNGPY F DYWGQG TLVTV SS
IGHV2-70*01,SVPT L VKPTQ TLTLTCTF SGF SLT TSG MCVSWIR QSPGKA LEWLALID WDDDKFYNTSL KTRLTIS KDTSKN QVVLTMT NMDPVDT ATYYCA RTPWHR WF DPWGQG TLVTVS S
IGHV2-26*01,SGPT LV KPTE TLTLTCTV SG FS LSNA RMGVSWIR QPPGK ALEWLAHIF SNDEKSYSTSLK SRLTIS KDTSKS QVVLTMT NMDPVD TATYYCARMH MTGY YTEYYYYGMDV WGQG TTVTVS S
IGHV2-5*02,SGPT LV KPTQ TLTLTCTF SG FSL STRG VSVGWIR QPPGKA LEWLALIYW DDDKRYSPSLK SRLTIS KDTSKN QVFLTVTN MDPVDTA TYYCAHVRLYYFD YWGQG ALVTVS S
IGHV2-70*11,SGPT LV KPTQ TLTLTCTF SGF SL STSG MCVSWIR QPPGKA LEWLARI DWDDDK YYATSLRTRLTIS KDTSKN QVVLTMT NMDPMDTA TYFCVRITA AAATTDYWGQ GTLVTVS S
IGHV2-5*02,SSPT LV KPTE TLTLTCN FSGFP FTISGVGVGWIR QPPGK ALAWLANIYW DGA TWYS TSLRN RLAIY SDTPEN QIVLTMAN MGPADTA SYFCVHLSTEVF NRGGFDHWGQG ALVTVA S
IGHV2-70*01,SGPT LV KPTQ TLTLTCTF SG FSL STSG MCVSWIR HPPGKA LEWLALID WDDDKY YST S LKTRLTIS KDTSKN QVVLTMT NMDPVD TATYYCARMVLMGIASE VGLDYWGQG TLVTV SS
IGHV2-70*01,SGPT LV KPTQ TLTLTCTF SGF SL STSG MCVSWIR QPPGKA LEWLALID WDDDKY YST SL KTRLTIS KDTSKN QVVLTMT NMDPVDTA TYYCARISVEWL PLRG YYYYYGMDV WGQG TTVTVS S
IGHV2-5*02,GPTLVKPTQTLP LTCTF SG FS LSTPG VGVGWVR QPPGKAL EWLTVIYW DEDKSYSPSL KSRVTITK DTSKN QVVLTMT NMDPVDTA TYYCVHR ADHSRGW TTYFDY WGQG TLVTVS S
IGHV2-5*01,SGPT LV KPTQ TVTLTCTF SG FSL STSG VVVGWIR QPPGKALEWPAPL Y WNDDKLNIPSLKSRHPLNNDTSKN QVVLTMT NMDPVDT ATYYC SHARH RITIFGVVIT TPWYFG Y WGQG TLVTV SS
IGHV2-5*01,Q ITLK ESGP TLV KPSQ TLTLTCTF SG FSLS TSG VGVGWIR QPPGKA LEWLALIFW NGHTPYNPS LMSILSITK DTSTG QVVLTMT NMEPADT ATYYCAH RRREHWSGG YFDF WGQG TLVTVS S
IGHV2-5*02,SGPT LV KPTQ TLTLTCTF SG FSL SSEG VGVAWIR QPPVKAL EWLALIYW DDDQRYSPSL RSRLTIT KDTSKS QVVLTMT NMDPVDT ATYYCA HRDSFYDDDDF YYS G FEYW GQG TLVTVS S
IGHV2-5*02,SGPT LV KPTQ TLTLTCSF SG FSLS TSGA AVGWIR QPPGKA LEWLALIYW DDDTRYSAPL KSRLTIT KGTSRN QVVLTMT NMDPVDTA TYYCAHVLEITISGIV TPSDAF DIW GQG KMVTV SS
IGHV2-70*15,Q VTLRE SGPA LV KPTQ TLTLTCTF SG FSL TTGG MSVSWTR QPPGKA LEWLTRI DWDDDKY YS TSLKP RLTIS KDTSKN QVVLTMT NMDPVDT ATYYCA RHYGDY SIDY WGQG TLVTVS S
IGHV2-5*01,SGPT LVKLT Q TLTLTCTF SG FALT SRG VGVGWIR QPPGKA LEWLALIYW NDNKRYSPSLQ SRLTITK DTSKN QVVLTMT NMDPVDTG TYYCAH KRSG WALLFAS WGQG TLVTVS S
IGHV2-5*01,SGPT LV KPTQ TLTLTCTF SG FSL SSSGE GVGWIR QPPGKA LEWLAVIFS NDDKRYSPPL RSRLTITK DTSKN QVLLTMT NMDPLDTA TYHCVH SKREPVPF SLAYYY GLG VW GQGT KVTVS S
IGHV2-70*11,SGPT LV KPTQ TLTLTCSF SGFSLSTA EMCVSWIR QPPGKA LE WLARI DWDDDKYYSPSLK SRLTIS KDTSKN QVTLTMT NMDPVDT ATYFCARIR APRAMRGNTHYKDNYGMDAWGQG TTVTVS S
IGHV2-5*02,SGPT L LKPTQ TLTLTCTF SG FSL STSG VAVGWIR QPPGKA LEWLALIYW DDDKRYSPSLK SRLTITK DTSKN QVVLTMT NMDPVDSA TYYCA HRQN LHC TSTGCS ERVF DPWGQ GILVTVS S
IGHV2-70*01,SGPT LV KPTQ TLTLTCSF SGF SL S T I GRCVSWIR QPPGKAPE WLALID WGDEK YYS TSLK TRLTIAK DTSKN QVVLTMT NMDPVDT ATYYC AKGE VLH DSAD YL EFPPEY WYFD LWGRG TLVTV SS
IGHV2-5*02,SGPT LV KPTQ TLTLTCTF SG FSL STSG VAVGWIR QPPGKA LEWLALIYS DDDKRYSPSLK SRLTIAK DTSKN QVVLTVT NMDPLDT ATYYCA HRRPSTWEGD WF DPWGQG TLVTVS S
IGHV2-5*02,SGPT LVKL TQ TLTLTCTF SG FSLT TSGM GVGWIR QPPGKA LEWLALIYW DDDKRYSPSLK SRLTITK DTSKN QVVLTMT NMDPVDT A TYYCARWFGVLT RPWFDPWGQ GILVTVS S
IGHV2-70*01,SGP TLVK STQ SLTLTCTF SGF SL SHSG MCVSWIR QPPGKA LEWLALID WDDDKY YST SL KTRLTIS KDTSKN QVVLTMT NMDPVDTA TYYCARIPVLYR RGD YYYYYGMD VWGQG TTVTVS S
IGHV2-5*01,Q ITLK ESGP TLV KPSQ TLTLTCTF SG FSL STSG VGVGLIR QPPGKA LEWLALIFW NGHTPYNPSLM SRLSITK DTSTG QVVLTMT NMDPADT ATYYCAH RRGEHWSGG YFDF WGQG TLVTVS S
IGHV2-70*15,QV TLS ESGPA LV KPTQ TLTLTCN FSGF SLT TAG MSVSWIR QPPGKA L EWLTR IDWDDYKYYSPSLKP RLTIS KDTSKT QVVLTMT NMDPVDT ATYYCA RHYGDY SIDY WGQG TLFTVS S
IGHV2-70*11,SRTT LAK ATQ TLTLT CPFSE FSIKT NG MSVTSI RQPPVKS LEWL SRIDWDDDKY YRT SL RTRLTIS KDTSKN QVVLRMT NMDPVDT ATYYCE REDQ RIHR GG MDV WGKG TTVTVS S
IGHV2-70*01,SGPTLLKPTQ TLTLT CPFS WFSL TRSG MCVSWIR QPPGKA LEWLALI GWDDKK YYS TSL KTRLTIS KDTSRN QVVLTMT NMDPV DTATYYCAR MGV TYSSAL YGNNWFDPWGQG TLVTVS S
IGHV2-5*02,SCPTLVKPTQ TLTLTCTF SG FSL STSG VGVGWIR QPPGKA LEWLALIYW DDDKRYSPSLK SRLTITK DTSKN QVVLTMT NMDPVDT ATYYCA HRRS LIGSFDY WGQG TLVTVS S
IGHV2-26*01,QV TLK ESGP VLV KPTE TLTLTCTV SG FS LSDAGM GVSWIR QPPGKA LE WL G HIF SNDEKSYS TTLQSRLTIS KDASKS QVVLTMT NMDPV DTATYYCARIWYYEILM GDFWGQG TLVAVS S
IGHV2-5*02,SGPT LV KPTQ TLTLTCTF SGF S VNTN EVGVGWIR QPPGKA LEWLALIYW DDDKRYSPSLK SRLTVTR DASKN QVVLTMT NMDTVDPA TYYCA HKSE RLVLFDF WGQGT KVTVS S
IGHV2-70*01,SSPT L VKPTQ TLTLTCTF SG FSL STSG MCVSWIR QPPGKA LEWLALID WDDDKY YST S LKTRLTIS KDTSKN QVVLTMT NMDPVDT ATYYCARY YGD ALYYYGMDV WGQG TTVTVS S
IGHV2-5*01,SGPT LV KPTQ TLTLTCTF SG FSLS TSG VGVGWLR QPPGKA LEWLALIYW NDDKRYSPSLK SRLTITK DTSKN QVVLTMT NMDPVDT ATYYCA HARH RITIFGVVIT TPW YF DYWGQG TLVTV SS
IGHV2-5*05,Q ITLRE SGP TLV KPTQ TLTLTCTI SGSSL TT SG VGMGWIR QPPGKA LEWLSLIYW DEDRRYGPSL KTRLSITR DTSNN QVVLTMTN MDPVDTAT YYCVHVTFY SRSGN LYFDYW GQGN LVTV SS
IGHV2-5*02,Q ITLK ESGP TLV RPTQ TLTLTCTL SGLSLNS LAVGVAWVR QPPGKA LEWLALIY SDDTEYYSPSLKSS LTVTKY TSKN QVVLTI PNADPLDTGT YYCVHT AG WLLS NWGQG TLVTV SS
IGHV2-5*01,SGPT LV KPTQ TLTLTCTF SG FSL NSR GVAVGWVR QPPGKAPE WLALIFWN DDKRYSPSL RTRITITKD ISKN QVVLTVTN MDPVDTG TYYCAYK RPGW ELRL DPWGQG ALVTVS S
IGHV2-5*02,GPTLVKPTQ TLTLTCSL SGF SL NTSG VGVGWIR QPAGKA LEWLALIYW DDEELYSPSLKS RLTVTK DITKNQ VVLTMT NMDPVDT ATYFCAH RRSGW AHFDY WGQG TLVIVS S
IGHV2-5*01,SGPT LV KPTQ TLTLTCSF SGF S LSSD RVGVGWIRQ APGKA LEWLGVIYWT GE KL YRPSLK TRLSITR DSSKN QVVLRM NNVDPADT ATYYCA RTPPRMATSDAFDFWGQG TLVTVS S
IGHV2-5*01,SGPT LV KPTQ TLTLTCTF SG FSLS TSG VGVGWIR QPPGKA LEWLALIYW NDDKRYSPSLK SRLTITK DTSKN QVVLTMT NMDPVDTA TYYCA HSYCSSTSCYGDA FDI WGQG TMVTVS S
IGHV2-5*01,SGST L LKPTQ TLTLT CPFS WFSL SPSGV GVGWIR QPPGKA LEWLALIYW NDDKRYSPSLK SRLTITK DTSKN QVVLTMT NMDPVDT ATYYCA HARH RITIFGVVIT TPW YF DYWGQG TLVTV SS
IGHV2-70*11,SRHTLGKPTQP LTLT CPF SVFSL SPGG MCVSWIR QPPGKA LEWLARI DWDGP KYYS TSLK TRLTIS KDTSKN QVVLTMTN VDPVDT ATYYCAR SQRGRDMPGW F DPWGQG TLVTVS S
IGHV2-5*02,SGPT LV KPTQ TLRLTCTV SG FSL STGG VGVGWIR QPPGKA LEWLALIYW DDDKRYSPSLK RRLTIT KDTSKD QVVLTMT NMDPVDTA TYYCA HTRFS KVI AGQNFG Y WGQG TLVTV SS
IGHV2-5*02,SGPTQVQPTQ TLTLTCTF SG FSL STNG VGVGWIR QPPRT ALAWLALIYW DDDKRYSPSLK SRLTITK DTSKN QVVLTMT NMDPVD TATYYCARW FGVIS RPYFDPWGQG TLVTV S
IGHV2-5*02,SGPT LV KPTQ TLTLTCTF SG FSLS TSG VGVGWIR QPPGKA LEWLALIYW DDDKRYSPSLK SRLTITK DTSKN QVVLTITN MDPVDT ATYYCAH RESSGWFGDW F DPWGQG TLVTVS S
IGHV2-5*01,QI TLK ESCPTLVKPTQ TLTLTCTF SGF SL SST AVGVGWIR QPPGKPL EWLALMYW NDDNKYSPSLK NRLSITK DTSGN QVVLTLTN VDPVDT ATYFCA HGSG WLFD HWGPG TLVTV SS
IGHV2-5*02,Q ITLK ESGP TLV RPTQ TLTLTCTL SGLSLNS LAVGVAWVR QPPGKA LEWLALIY SDDTEYYSPSLK SSLTVTK DTSKN QVVLTI PNADPLDTGT YYCVHT AG WLLST RGQG TLVTVS S
IGHV2-5*02,SGPT LV KPTQ TLTLTCTF SG FSLS TSG VGVGWIR QPPGKA LEWLALIYW DDDKRYSPSLK SRLTIT KDTTKN QVVLTMT NMDPVDT ATYYCAHKV GSSWYGDWFDPWGQG TLVTVS S
IGHV2-5*01,Q ITLK ESGP TLV KPTQ TLTLTCTL SG FSL STRG VGVGWVR QPPGKA LEWLALISW TGDKRYRPSLKS RLTITQ GISES HIILTVTN MDPADTGT YFCTHSLI SGPTGG YYF DSWGQG TLVTVS S
IGHV2-5*01,Q ITLK ESGP TLV KPTQ TLTLTCSF SGFPLDTR GVGVGWIRQ APGKA LEWLSLIYWN AEKEYSPSVG TRLTITK DTSNN QVVLTVTN MGPVDT ATYYCARRLS YGAGSHAP YFFDY WGQG ALVIVS S
IGHV2-5*02,SGPTLLKPTQTLP LTCTF SG FSLS TSGV GVGWIR QSPGKA LEWLALIYW DDDKQYSPSLK SRLTITK DTSKN QVVLTMT NMDPVDT ATYYC AHTRDW YYD I L TG YL RPVSNPDYWGQ GILVTVS S
IGHV2-5*02,GPTLVKPTQ TLTLTCTF SG FSLS TSG VGVGWIR QPPGKA LEWLALIYW DDDKRYSPSL KSRLTITK DTSKT QVVLTMT NMDPVDTA TYSC AHTSIP VAALD YGGQ GILVTVS S
IGHV2-70*11,SGPT LV KPTQ TLTLTCTF SG FSL STSG MCVSWIR QPPGKA LEWLARIYW DDDKY Y STSL KTRLTIS KDTSKN QVVLTMT NMDPVDTA TYCCAWTQIY DSSGYGD AFDIW GQG TMVTVS S
IGHV2-5*02,SGPT LV KPTQ TLTLTCTF SG FSLTT TG VGVGWVR QPPGKA LEWLAPIYW DDDKRYRPSLK SRLTITK DPSKN QVVLTM SNMDPVD AAT YYC AHRR SIVGV SGCDYWGQ GILVTV SS
IGHV2-70*01,SGPT L LKPTQTP TLTCTF SG FSL STSG MCVSWIR QPPGKA LEWLALID WDDDK YYSTS LKTRP TIS KDTSKN QVVLTMT NMDPVDT A TYYCARIQWEL L SDLYYG MDV WGQG TTVTVS S
IGHV2-5*02,SGPT LV KPTQ TLTLTCTF SG FSLS TSG VGVGWIR QPPGKA LEWLALIYW DDDKRYSPSLK SRLTITK DTSKN QVVLTMT NMDPVDT ATYYCA HRPGSWNY GYFD YWGQG TLVTVS S
IGHV2-26*01,SGPT LV KPTE TLTLTCTV SG FS LSNA RMGVSWIR QPPGK ALEWLAHIF SNDEKSYSTSLK SRLTIS KDTSKS QVVLTMT NMD PVDTATYYCARI GV KREF GFGG VIH PLDYWGQG TLVTV SS
IGHV2-5*02,GPTLVKPTQ TLTLTCTF SG FSLS TSG VGVGWIR QPPGKA LEWLALIYW DDDKRYSPSLK SRLTITK DTSKN QVVLTMT NMDPVDT ATYYCAH RPSG WYVRYFD YWGQG TLVTVS S
IGHV2-5*02,SGPT L LKPTQ TLTLTCTF SG FSL SPSG VGVGWIR QPPGKA LEWLALIYW DDDKRYSPSLK SRLTITK DTSKN QVVLTMT NMDPVDT A TYYCA HRWGVTTPY F DYWGQG TLVTVS S
IGHV2-5*02,SGPT LV KPTQ TLTLTCTF SG FS LNTNGM GVGWIR QPPGKT LEWLALIYW DDDKRYRPSL ESRLTIS KDTSKN QVVLRMA NMEPVDTA TYYCVQL EPMIPGVP MVESW GQG TLVIVS S
IGHV2-70*11,SGPT LV KPTQ TLTLTCSF SGF SLTTYGVSVGWIR QSPGRA LEWLARID WDDGQ YFSTSLRTRLTMS KDTSKN EVVLTMT DMDPADTGT YFCAR DV VGLRIHHQFYY G MDV WGQG TTVTV S
IGHV2-5*02,SGPT LV KPTQ TLTLTCTF SG FSLS TSG VGVGWIR QPPGKA LEWLALIYW DDDKRYSPSLK SRLTITK DTSKN QVVLTMT NMDPVDTA TYYC AHH TVTTIFD YWGQG TLVTVS S
IGHV2-5*01,SGPT LV KPTQ TLTLTCTF SG FSL SSRG VGVGWIR QPPGKA LEWLALIYW NENKHYSPSLK SRLTIN KDTSKN QVVLTMT NMDPVDT ATYYCAH RPRTGSD WYWRAWF GPWGQG TLVTVS S
IGHV2-5*02,SGPT LV KPTQ TLTLTCTF SG FSLS TRGG SVGWIR QPPGKPL EWLALIYS DDDKRYSPSLK GRLAITK DTSKN QVVLTMT NMDSVDT ATYYCA HRRPSTWEGD WF DPWGQG TLVTVS S
IGHV2-5*02,SGPT LV KPTQ TLTLTCTF SG FSLS TSG VGVGWIR QPPGKA LEWLALIYW DEDKRYSPSLK SRLTITK DTSKN QVVLTMT NMDPVD TATYYCAHLVAYYYA SGSYS TFDL WGRG TLVTV SS
IGHV2-5*02,Q ITLK ESGP TLV KPTQ TLTLTCTF SGF SL NT TRVGVGWIR QPPGQA LECLALIYW DDDKRYSPSL KTRLTIAK DTSKN QVVLTM TDMEPVDT ATYYC ANSLADYT WKHYRAFDF WGQG TVVTVS S
IGHV2-5*02,SGST L LKPTQ TLTLTCTF SG FSLSI SG VSVGWIR QPPGKA LEWLALIYW DDDKHYSPSL KSRLSITK DSSKN QVALTVTN VDPVDTG TYYCIH SGDNRR TEAFEVW GQG TMVTVS S
IGHV2-70*15,Q VTLRE SGPA LV KPTQ TLTLTCTF SG FSL TTGG MSVSWIR QPPGKA LEWLTRI DWDDDKY YS TSLKP RLTIS KDTSKN QVVLTMT NMDPVDT ATYYCA RHYGDY SIDY WGQ ATLVTVS S
IGHV2-5*02,SGPTLAKPTQ TLTLT CPFSGFPLSPSG VGVGWIR QPPGKA LEWLALIYS DDDKRYRPSLK RRLTITK DTSKN QVVLTMT NMDPVDT ATYYCAYS RHSNGWGSFDNWGQG TLVTV SS
IGHV2-5*02,PTLMKPTQ TLTLTCTF SG FSLS TSG VGVGWIR QPPGKA LEWLALIYW DDDKRYSPSLK SRLTITK DTSKN QVVLTMT NMDPVDT ATYYCA HRRG FWLLPYF DYWGQG TLVTV SS
IGHV2-5*01,SGPT LV KPTQ TLTLTCTF SG FALS TRG VGVGWVR QPPGKA LEWLALIYW NDNKRYSPSLQ SRLTITK DTSKN QVVLTMT NMDPVDTG TYYCAH KRSG WALLFAS WGQG TLVTVS S
IGHV2-70*01,SGPT LV KPTQ TLTLTCTF SG FSL STSG MCVSWIR QPPGKA LEWLALID WDDDKY YST SL KTRLTIAK DTSKN QVVLTMT NMDPVDT A TYYCARI RNYD IF TG YYGYFD YWGQG TLVTV SS
IGHV2-5*01,Q ITLK ESGP TLV KPTQ TLTLTCSF SG FSL DSRG VGVGWIRQ APGKA LEWLSLIYWN AEKEYSPSV ETRLTITK DTSNN QVVLTVTN MGPVDT ATYYCARRLS YGAGSHAP YFFDY WGQG ALVIVS S
IGHV2-5*02,SGPT LV KPTQ TLTLTCTF SG FSLS TSG VGVGWIR QPPGKA LEWLALIYW DDDKRYSPSLK SRLTITK DTSKN QVVLTMT NMDPVDTA TYYCAHLSMITF GG VIVTG FDA FDI WGQG TMVTVS S
IGHV2-5*02,SGPT LV KPTQ TLTLTCTF SG FSL STSG VGVGWIR QPPGKA LEWLALIYW DDDKRYSPSLQ SRLTITK DTSKN QVVLTMT NMDPVDTA TYYC AH KVIIS GLDPWGQG TLVTVS S
IGHV2-5*01,SVPT L VKPTQ TLTLTCTF SG FSLS TSG VGVGWIR QPPGKA LEWLALIYW NDDKRYSPSLK SRLTITK DTSKN QVVLTMT NMDPVDTA TYYCAHSYY SDSSGY YW DPWFDPWGQG TLVTVS S
IGHV2-5*02,SGPT LV KPTQ TLTLTCTF SG FSLS TSG VGVGWIR QPPGKA LEWLALIYW DDDKRYSPSLK SRLTITK DTSKN QVVLTMT NMDPVDT ATYYCA HSKG LLWF G ELLYFD YWGQG TLVTVS S
IGHV2-70*11,SGPT LV KPTQ TLTLTCTF SG FSL STSG MCVTWIR QPPGKA LEWLARI DWDDDKY YS TSL KTRLTIS KDTSKN QVVLTMT NMDPVDTA TYYCARMLYYY DSSGY AHYYYYVLDV WGQG TTVTVS S
IGHV2-5*02,SGPT LV KPTQ TLTLTCTF SG FSL STR RLGVGWIRQ APGQA LEWVAVIYW DDDKRYSPSLNS RLTITK DTSRN QVVLTMA NMDPVDTA TYYCARVEITF GG VI GQDAFDMWGQG KMVTV SS
IGHV2-5*02,Q ITLK ESGP TLV KPTQ TLTLTCTF SGF SLTTIGLGVGWIR QPPGKA LEWLALIYC DDVKRSSPSLR NRLTIS KDTSKN QVVLTLAN VDPVDT ATYYC ARG LYYA SG TYY NSRPFDSWGQ GILVTVS S
IGHV2-70*01,SGPT L LKPTH TLTLT CPFS WFSL SPSGM CVSWIR QPPGKA LEWLALID WDDDKY YST S LKTRLTIS KDTSKN QVVLTMT NMDPVDT ATYYCARI RPHYDFWSGP HYYFDY WGQG TLVTVS S
IGHV2-5*02,Q ITLK ESGP TLV RPTQ TLTLTCTL SGLSLNS LAVGVAWVR QPPGKA LEWLALIY SDDTEYYSPSLK SSLTVTK DTSKN QVVLTI PNADPLDT CTYYCVH TAG WLLST WGQG TLVTV SS
IGHV2-70*01,SGPT LVKL TQ TLTLTCTF SG FSL STSG MCVSWIR QPPGKA LEWLALID WDDDKY YST S LKTRLTIS KDTSKN QVVLTMT NMDPVD TATYYCARLSYDIL TGYPR YYYYGMDV WGQG TTVTVS S
IGHV2-5*01,SGPSQSQATP TLTLICA FPGFSPSSSG VGVGWIR QPLGK ALVWHATISW NDAKRHSPSLK SRLTITK DTSKN QVVLTMT NMDPVNT ATYYCAHSYYY DSSSYD FDY WGQG TLVTVS S
IGHV2-5*02,SGPT LV KPTQ SLTLTST FSG FSLS TSGV GVGWIG LPPGMA LESLALIYW DDDKRYSPSLK SRLTITK DTSKN QVVLTMT NMDPVDTA TYNC AHRSSSGWYGDW F DPGGQG TLVP VAS
IGHV2-70*01,SGPT LV KPTQ TLTLTCTF SGF SL STSG MCVSWIR QPPGKA LEWLALID WDDDKY YST SL KTRLTIS KDTSKN QVVLTMT NMDPVDT ATYYCARTYNYY DSSGFD Y WGQ GTLVTVS S
IGHV2-5*02,SGPTLLKPTQ TLTLT CPFSGF SL SPSGAGVG WT RQPPGKA LEWLALIYW DDDKRYSPSLK SRLTITK DTSKN QVVLTMT NMDPVD TATYYCAHRLA AGWYGDWFDPWGQG TLVTVS S
IGHV2-5*02,SGPT LV KPTE TLTLTCT FPGF SLTTRLLGVGWIR QPPGKA LEWLAVMYWE DDKRYSPSL MSRLTIAK DTSKN QVALTMT NMDPADTA TYYCARVEITY GG VID LD AFD LCGQG TLVP FSS
IGHV2-70*11,SGPT LV KPTQ TLTLTCRF SGF SL STSG MCVTWIR QPPGKA L EWLAR IDWDDD IYY NRSLM NRLTIS KDTPKN QVVLKMT NMHPVDT ATYYCAR ASSDH FYN YG MDV WGQG TTVTVS S
IGHV2-5*02,SGPT LV KPTQ TLTLTCTF SG FSL STSG VGVGWIR QPPGKA LEWLALIYW DDDKRYSPSLK SRLTITK DTSKN QVVLTMT NMDPVDT ATYYCA HRRGYNWNENWFDPWGQG TLVTVS S
IGHV2-5*02,QI TL NESGP TLV SPTQ TLTLTCTL SGLSPNS LAVGVAWVR QPPGKA LEWLALIY SDETE Y YSPSLK SSLAVT KDTSKT QVGLT IPNADPLDTGT YYCVH TAG WLLST WGQG TLVTV SS
IGHV2-70*01,SGPT L LKPTQ TLTLT CPFS WFSL SPSGM CVSWIR QPPGKA LEWLALID WDDDKY YST SL KTRLTIS KDTSKN QVVLTMT NMDPVDT ATYYCAR YSSSW YGWAWF DPWGQG TLVTVS S
IGHV2-5*02,QIALNESDPTLVKPTQ TLTLTCTF SG FSLTS TG VGVGWIR QPPGK ALAWLALIYW DDDKRYSPSL KTRLTVA KDTSKS QVLLTMT NMAPADT ATYYCARR LENYSRH TYTFDY WGQG TLVTVS S
IGHV2-70*11,SGPT LV KPTQ TLTLTCTF SG FSL STSG MCVSWIR QPPGKA LEWLARI DWDDDKY YS TSL KTRLTIS KDTSKN QVVLTMT NMDPVDTA TYYCARI SN YVYYY GMG V WGQG TTVTVS S
IGHV2-26*01,SGPT LV KPTE TLTLTCTV SG FS LSNA RMGVSWIR QPPGK ALEWLAHI F SNDEKSYSTSL KSRLTIS KDTSKS QVVLTMT NMDPVDTA TYYCARIRVV PAAP LYYYYGMDV WGQG TTVTVS S
IGHV2-5*01,SGPT LV KPTQ TLTLTCTFS AFPL TF NG VGVGWIR QPPGQA LEWLALIYW NDDKRYSPSLK SRLTITK DTSKN QVVLTMTN MGPADT ATYFCARSYVEY CGSTGCASSH FDF WGQG TLVTV SS
IGHV2-70*11,SGDTLPKPTQ TLTLTCTF SG FSL STNG MSVTWIR QPPGKA LEWLARI DWDDDKY YS TSL KTRLTIS KDTSKN QVVLRMT NMDPVDT ATYYCA REDQRSHRGG MDV WGQG TTVTVS S
IGHV2-5*02,SGPT L LKPTQ TLTLTCTF SG FSLT TNG VGVGWIR QPPGKA LEWLALIYW DDDERYNS FL R GRLTITK DTSKN QVVLTMA NMDPVDT AT YYCAH IRDYW HTRE IFD FWGQ GILVTVS S
IGHV2-70*01,GPTLVKPTQ TLTLTCTF SG FSL SSSAS EMCVSWIR QPPGKA LEWLALI DSDDDKY Y NTSLRSRP TIS KDTSKN QVVLTMT NMDPVDT ATYYCA RTD ITYD ISG YYYRSFD YWGQGT PVTV SS
IGHV2-5*02,SGPTLMKPTQ TLTLTCTF SG FSL STNG LGVGWIR QPPGKA LEWLALIYW DDDKRYSPSLK SRLTITK DTSKN QVVLKMT NMDPVD TATYYCARWF G MITRAWF DPWGQ GILVTVS S
IGHV2-5*02,PTLVKPTE TLTLTCTLSGFS LKNGG VGVAWIR QPPGKA LEWLALIFW DGDKRYSPSL KTRVTITR DTSRN QVILTMT NMDPADTGT YYCAHRLGVY GSESHK FNWF DRWGQG TLVTVS S
IGHV2-5*01,Q ITLK ESGP TLV QPSQ TLTLTCTF SG FSL STSG VGVGLIR QPPGKA LEWLALLFW NGHTPYNPSLM SRLSITK DTSTG QVVLTMT NMDPADT ATYYCAH RRGEHWSGG YC D F WGQG TLVTVS S
IGHV2-5*01,SGPT LV KPTQ TLTLTCTF SG FSLS TSG VGVGWIR QPPGKA LEWLALIYW NDDKRYSPSLK SRLTITK DTSKN QVVLTMT NMDPVDT ATYYCA HRGG VQVVARIT NLHDDYGM DVW GEG TTVSVS S
IGHV2-5*02,SGPT LV KPTQ TLTLTCTF SG FSLS TSG VGVGWIR QPPGKA LEWLALIYW DDDKRYSPSLK SRLTITK DTSKN QVVLTMT NMDPVDT ATYYCA HRLPGFSSG WF DPWGQG TLVTVS S
IGHV2-26*01,SGPTLGKPTE TLTLTCTV SG FS LSN VRMGVSWIR QPPGK ALEWLAHIF SNDEKSYSTS LQSRLTIS KDTSKS QVVLTMT SMDPVDT A TYYCARI ERYD FWSYYY G MDV WGQG TTVTVS S
IGHV2-70*01,SGPT LV KPTQ TLTLTCTF SGF SL STSG MCVSWIR QPPGKA LEWLALID WDDDKY YST S LKTRLTIS KDTSKN QVVLTMTY MDPVD TATYYCARMVLMGIASE VGLDYWGQG TLVTV SS
IGHV2-5*02,SGPT LV KPTQ TLTLTCTF SG FSL STSG VAVGWIR QPPGKA LEWLALIYS DDDKRYSPSL KTRLTIT KDTPKN QVVLTVTN IDPLDT ATYYCA HRRPSTWEGD WLETW GQG TLVT GSS
IGHV2-5*01,SGST L LKPTQ TLTLTCTF SG FSLS TSG VGVGWIR QPPGKA LEWLALIYW NDDKRYSPSLK SRLTITK DTSKN QVVLTMT NMDPVDT ATYYCARL DKDR ITIFGVVEYF DYWGQG TLVTVS S
IGHV2-5*02,Q ITLKA SGP TLVR RTQ TLTLTCTF SG FSLTT RG VGVGWIL QPPGQA LEWLALLS WDGDDLYNPSLRNRPAITNDTAEN QVFLTVT NGDPVDTATS Y CEHISPT YVQGVIIR GPLDLWGQG TLVTVS S
IGHV2-5*02,SFPTLVKPTQ TLTLTCSF SGF AL NTS AVGVGWIR QPPGKA LEWLALIYW DDDKRYRPSL ESRLTIT KDTSKD QVVLTVAN MDPVDTA TYYCAHITVSYFD FWGQG TLVTVS S
IGHV2-70*01,SFPTLVKPTQ TLTLTCTF SG FSL STSG MCVSWIR QPPGKA LEWLALID WDDDKY YST S LKTRLTIS KDTSKN QVVLTMT NMDPVDT ATYY C A RFIF DFW SGYPEYG MDVW GQGT TVTVS S
IGHV2-70*01,SGPT LV KPTQ TLTLTCTF SGF SL STSG MCVSWIR QPPGKA LEWLALID WDDDKY YST S LKTRLTIS KDTSKN QVVLTMT NMDPVDTA TYYCARIV GSSGWGD AFDIW GKG TMVTVS S
IGHV2-5*02,SGT TL LKPTQ TLTLT CPFSG FSLS TSG VGVGWIR QPPGKSLE RLALIYW DDDKRYSPSLK SRLTITK DTSKN QVVLTMT NMDPVDT ATYYCAH RAGYSSSWSNWFDPWGQG TLVTV SS
IGHV2-26*01,PTLVKPTE TLTLTCTVS G FS LSNA RMGVSWIR QPPGK ALEWLAHI F SNDEKSYSTSLK SRLTIS KDTSKS QVVLTMT NMDPVDT ATYYCAR IPSQ WLVR R RTYYFD YWGQG TLVTVS S
IGHV2-5*02,SGPT LV KPTQ TLTLTCTFAG FSRSTR GVSVGWIR QPPGKA LEWL APTHSDDDKRYRPSLK GRIAI PKDTSNN QVVLTIT NMDSVDT ATYYCA HRRPSTWKSDWFDPWSQG TLVTVS S
IGHV2-5*02,SGPT LVKL TQ TLTLTCTF SG FSL NTSGL GVGWIR QPPGKA LEWLALIYW DDDKRYSPSLKN RLTITK DTSKN QVVLTMT NMDPVDT ATYYCAHWF G MITRAWF DPWGQG TLVTV SS
IGHV2-70*11,SGPT LV KPTQ TLTLTCTF SG FSL STSG MCVSWIR QPPGKA LEWLARI DWDDDKY YS TSL KTRLTIS KDTSKN QVVLTMT NMDPVDT ATYYCARI RGGAAADYWGQG TLVT GSS
IGHV2-5*02,SGPT L LKPTQ TLTLT CPFSG FSLS TSG VGVGWIR QPPGKA LEWLALIYW DDDKRYSPSLK SRLTITK DTSKN QVVLTMT NMDPVDT ATYYC AHAPH IAVAHY DYWGQG TLVTVS S
IGHV2-70*15,Q VTLRE SGPALMKPTE TLTLTCTIS DFSLSTT GVCVSWVR QPPGKA LEWLARID WEDDK YYS TS LQTRLTIS KDTSKK QVVLTMT DMDPVDT ATYYCA RSDLGFIPPWGFDSWGQG TLVTVS S
IGHV2-5*01,SGYTLSKPTQ TLTLT CPFS LFS LSPSE VAVGWIR QPPGKA LEWLALIYW NDDKRYSPSLK SRLTITK DTSKN QVVLTMT NMDPVDT A TYYCA H R LDYYDSLGWGQG TLVTVS S
IGHV2-70*01,SGPT LV KPTQ TLTLT CPFSG FSL SPSGM CVSWIR QPPGKA LEWLALID WDDDKY YST SL KTRLTIS KDTSKN QVVLTMT NMDPVDT ATYYCA RDS YVD TAMGTTRAP YYYYGMDV WGQG TTVTVS S
IGHV2-5*02,PTLVKPTQ TLTLTCTF SG FSLS TSG VGVGWIR QPPGKA LEWLALIYW DDDKRYSPSLK SRLTITK DTSKN QVVLTMT NMDPVDTA TYYC AHWG TIF YPDAF DI WGQG TMVTVS S
IGHV2-5*02,SGPT LV KPTQ TLTLTCTF SG FSLS TSG VGVGWIR QPPGKA LEWLALIYW DDDKRYSPSLK SRLTITK DTSKN QVVLTMT NMDPVDT ATYYCA HR RVL TGDPYFDYWGQG TLVTV SS
IGHV2-5*02,SGPT LV KPTQ TLTLTCTF SG FSL SPSG VGVGWIR QPPGKA LEWLALIYW DDDKRYSPSLK SRLTITK DTSKN QVVLTMT NMDPVDT AT YYC AHEVAA AGKDLDYWGQG TLVTVS S
IGHV2-70*01,SGPT LV KPTQ TLTLTCTF SGF SL STSG MCVSWIR QPPGKA LEWLALID WDDDKY YST S LKTRLTIS KDTSKN QVVLTMT NMDPVDT ATYYCA RSNYD IL RGG YYYGMDV WGQG TTVTVS S
IGHV2-5*02,SGPT LV KPTQ TLTLTCAF SGF SLTT R GVAVGWIR QPPGKPL EWLALIYW DDDQ IY SPSLSS RLTIT KDTSKD QVVLRMT NMEPVDT ATYFCA QRLPY RFFA SGS W FGPWGQGTP VTVS S
IGHV2-5*01,TLVKPTQ TLTLTCTF SGF SLSTIGVGVGWIR QPPGKA LEWLALIYW SDDKRYS PALK N RLTIMK DSSKN QVVLIMT NMDPLDTA TYFCVH ERRWE KID YWGQGTP VTV SS
IGHV2-70*11,SGPT LV KPTQ TLTLTCTF SG FSL STSG MCVSWIR QPPGKA LEWLARI DWDEDKY Y STSL KTRLTIS KDTSKN QVVLTMT NMDRVDT ATYFCAR MGCGSYPNY F DYWGQG TLVTV SS
IGHV2-5*02,SCPTLVKPTQ TLTLTCTF SG FSLS TSGE GVAWIR QPPGKA LEWLALIYW DDDKRYSPSL ESRVTITK DTSKN QVVLTVTN MDPVDT ATYYCTRRLYYN FWGG YY D AFDI WGQ GIMVTVS S
IGHV2-70*11,SG ITLW KPTQ TLTLT CPF SLFSL SPSGM CVSWIR QPPGKA LEWLARI DWDDDKY YS TSL KTRLTIS KDTSKN QVVLTMT NMDPVDT ATYYCARI DYN YYYYGMDV WGQG TTVTVS S
IGHV2-5*02,SGPT LV KPTQ TLTLACTF SG FSLTT SG VGVGWIR QPPGKA LEWLALIYW DDDKRYSPSLK SRLTITK DTSKN QVVLTMT NMDPVDT ATFYCAHIWSYF DNNG YYYVHFDY WGRG TLVTVS S
IGHV2-5*02,SGPT LV KPTQ TLTLTCSF SG FSLS TSGA AVGWIR QPPGKA LEWLALIYW DDDTRYSAPL KSRLTIT KGTSRN QVVLTMT NMDPVDTA TYYCAHVLEITISGIV TPSDAF DIW GQG TMVTVS S
IGHV2-70*11,SGPT LV KPTQ TLTLTCTF SG FSL SPSG MCVSWIR QPPGKA LEWLARI DWDDDKY YS TSL KTRLTIS KDTSKN QVVLTMT NMDPVDT ATYYCAR IPPPYYDFWSGYFPPPAWGQG TLVTVS S
IGHV2-5*01,SSPT L VKPTQ TLTLTCTF SG FSLS TSG VGVGWIR QPPGKA LEWLALIYW NDDKRYSPSLK SRLTITK DTSKN QVVLTMT NMDPVDT ATYYC AHSQ VLLWF GE LKYYYYGMDV WGQG TTVTVS S
IGHV2-70*01,SGPT LV KPTQ TLTLTCTF SG FSL STSG MCVSWIR QPPGKA LEWLALID WDDDKY YST S LKTRLTIS KDTSKN QVVLTMT NMDPVDTA TYYCARIRA YGD FALDY WGQG TLVTVS S
IGHV2-5*02,SGT TLW KPTQ TLTLT CPFSG FSL SPSGV GVGWIR QPPGKA LEWLAFIYW DDDKRYSPSLE SRLTITK DTSKN QVVLTMT NMDPVDT AT YYC AHR LS KSAA NASPDYFDSWGQG TLVTV SS
IGHV2-5*02,GPTLVKPTQ TLTLTCTF SG FSLS TSG VGVGWIR QPPGKA LEWLALIYW DDDKRYSPSL KSRLTITK DTSKN QVVLTMT NMDPVDT ATYYCAH R RW YGNDYWGQG TLVTVS S
IGHV2-5*02,GT TLV KPTHTLP LTCTF SG FSL NTRG VGVGWIR QPPGKA LEWLALIFW DDDERYSPSL RSRLTITK DTSKN QVLLTMT NMDPVDT ATYYCA HRGNS FY SGS RF DPWGQ GILVTVS S
IGHV2-5*01,Q ITLK ESGP TLV KPTQ TLTLTCSF SGF SL DTRG VGVGWIRQ APGKA LEWLSLIYWN AEKEYSPSV ETRLTITK DTSNN QVVLTVTN MGPVDTD TYYCARRL SDGAGSH AAYVCD YWGKG ALVIVS S
IGHV2-5*01,SGPT L LKPTQ TLTLTCTF SG FSLS TSG VGVGWIR QPPGKA LEWLALIYW NDDKRYSPSLK SRLTITK DTSKN QVVLTMT NMDPVDT ATYYCA HSKGV RGVMEW GQG TLVTVS S
IGHV2-70*01,SGPT LV KPTQ TLTLTCTF SGF SL STSG MCVSWIR QPPGKA LEWLALID WDDDKY YST SL KTRLTIS KDTSKN QVVLTMT NMDPVDTA TYYCARIS FPTGYSSSWWGE YF DYWGQG TLVTV SS
IGHV2-70*01,SGPT LV KPTQ TLTLTCTF SG FSL STSG MCVSWIR QPPGKA LEWLALID WDDDKY YST S LKTRLTIS KDTSKN QVVLTMT NMDPVDT ATYYCARLH RRDGY NWLRAFDD YGMD V WGQG TTVTVS S
IGHV2-5*02,SGPT LV KPTQ TLTLTCTF SGF S LTTPG VGVAWIR QPPGKA LEWLAFIYW DDDRRYSPSLE SRLTITK DTSKN QVVLMMT NMDPVDT ATYYCAHRL S KSAA NASPDYFDSWGQG TLVTV SS
IGHV2-5*02,SGPT LV KPTQ TLTLTCTF SG FSLS TSG VGVGWIR QPPGKA LEWLALIYW DDDKRYSPSLK SRLTITK DTSKN QVVLTMT NMDPVDT ATYYCA HRRS LVGMLWF DPWGQ GTLVTVS S
IGHV2-70*11,GPTLVKPTQ TLTLTCTF SG FSL STNG MSVTWIR QPPGKA LEWLARI DWDDDK YYS TSL KTRLTISK DTSKN QVVLRMT NMDPVDT ATYYCAR EDQRSHR GVMDVW GQG TTVTVS S
IGHV2-5*02,SGHTLGKPT QTLTLT CPFS LFSL SPSGV GVGWIR QPPGKA LEWLALIYW DDDKRYSPSLK SRLTITK DTSKN QVVLTMT NMDPVDT ATYYC AHRP LAVA GPSFDYWGQG TLVTV SS
IGHV2-5*01,Q ITLK ESGP TLV KPSQ TLTLTCTF SG FSLS TSG VGVGWIR QPPGKA LEWLALIFW NGHTPYNPSLM SRLSITK DTSTG QVVLTMT NMDPADT ATYYCAH RRGEHWSRG YFDF WGQG TLVTVS S
IGHV2-5*02,SGT TLL KPTQT RTLTCTFS GFSRSTRGG SVGWIR QPPGKA LEWLALS YSDEDKRYSPSLK GRLAITK DTSKN QVVLTMT NMDSVDT ATYYCA HRRPSTWEGDWFDPWGQG TLVP VSS
IGHV2-5*02,SHHAPGNAT QTLTLTCTF SG FSL STSGV GVGWIL QPPGKA LEWLALIYW DDDKRYSPSLK GRLTITK DTSKN QVVLTMT NMDPVDT ATYYC AHRPGL LA G HIVGHAFDI WGQG TMVTVS S
IGHV2-5*02,SGI TL ANPTQ TLTLTCTF SG FSL SPSG VGVGWIR QPPGKA LEWLALIYW DDDKRYSPSLK SRLTITK DTSKN QVVLTMT NMDPVDT ATYYC AHHPPIAAASR YYYYYY G MD VWGQG TTVTVS S
IGHV2-70*11,SGPT L LKPTQ TLTLTCAF SGF SL NTSG MCVSWT RQPPGKA VEWLARVAW DGDKYCNESLQ TRLTIST DISKA QVVLSVTN VDPVDAGT YFCERERFF ASGQTGG MDV WGQG TTVTVS S
IGHV2-5*02,SGPT LV KPTQ TLTLTCTF SG FSLS TSG VGVGWIR QPPGKA LEWLALIYW DDDKRYSPSLK SRLTITK DTSKN QVVLTMT NMDPVDT ATYYCA HSSAAGPN YYY SG MDVW DQGT TVTVS S
IGHV2-26*01,QV TLK ESGP VVM KPTE TLTLTCAV SGF SL SSLGTG VSWIR QPPGKA LEWLAHIS STDDKSYSRS LKSRLSIS RDTSRS QVVLSL SNVDPLDT AT YY CAH MGWR RRVLTVLR RRQ YTYFYYGLDV WGQG TTVTVS S
IGHV2-5*02,QI TL NESDPTLVKPTQ TLTLTCTF SG FSLTT SG VGVGWIR QPQGKA LEWLALIYW DDDKRYSPPL KTRLTVA KGTSKN EVVLTMT DMAPVDT ATYYCARR LENYSRH TYTFDY WGQG TLVTVS S
IGHV2-5*02,SGPT LV KPTQ TLTLTCTF SG FSLS TSG VGVGWIR QPPGKA LEWLALIYW DDDKRYSPSLK SRLTITK DTSKN QVVLTMT NMDPVDT ATYYCAHRVEY SSS WYFLGWF DPWGQ GTLVTVS S
IGHV2-70*11,SGPT LV KPTQ TLTLTCTF SG FSL STSG MCVSWIR QPPGKA LEWLARI DWDDDKY YS TSL KTRLTIS KDTSKN QVVLTMT NMDPVDT A TYYCA R SYLVGS LQGGS VGAFDI WGQG TMVTVS S
IGHV2-70*01,SGPT LVKLT Q TLTLTCTF SG FSL STSG MCVSWIR QPPGKA LEWLALID WDDDKY YST S LKTRLTIS KDTSKN QVVLTMT NMDPVDT AT YYCARILIAA AGTPFDYWGQG TLVTV SS
IGHV2-5*02,PTLVKPTQ TLTLTCTF SG FSLS TSG VGVGWIR QPPGKA LEWLALIYW DDDKRYSPSLK SRLTITK DTSKN QVVLTMT NMDPVDT ATYYCA HRTPGF WSGYWD YWGQG TLVTV SS
IGHV2-70*01,SGPT LV KPTQ TLTLTCTF SGF SLT TRG MCVSWIR QPPGKA LEWLALIG WDGK KYYST SL KTSLTIS KDTSRN QVVLTMT NMDPV DTATYYCAR MGV TY GS AFY GNNFFDPWGQGI PVTV SS
IGHV2-5*02,SGPT LV KPTQ TLTLTCTF SG FSLS TSG VGVGWIR QPPGKA LEWLALIYW DDDKRYSPSLK SRLTIT KDTPKN QVVLTMT NMDPVDT ATYYCA HTR MV RGA TLFEFDL WGRG TLVTVS S
IGHV2-5*02,SGHT LW KPTQ TLTLT CPFS WFSLSL SG VRVGWIR QPPGKA LEWLALIYW DDDKHYSPSL KSRLSITK DSSKN QVALTVTN VDPVDTG TYYCIH SGDNRR TEAFEVW GQG TMVTVS S
IGHV2-70*15,Q VTLRE SGPA LV KPAQ TLTLTCTF SG FSL DTDGM CLSWIR QPPR KALEWL GSIDWDDDK YYS TSL RTRLRIYK GSSKN QVVLTLTK VDPVDTAS YFCARIICT GGVCSRPFDYWGQG TLVTV SS
IGHV2-5*01,Q ITLK ESGP TLV KPSQ TLTLTCTF SG FSLS TSG VGVGWIR QPPGKA LEWLALIFW NGHTPYNPS L L SRLSITK DTSTG QVVLTLT NMDPADT ATYYCEH RRGEHWSGG YFDVW GQG TLVTVS S
IGHV2-5*01,Q ITLK ESGP TLV KPSQ TLTLICTF SGF SLC TSGV GVGWIR QPPAKAL E WLALIFW NGHTPYNPSLM SRLSITK DTSTG QVVLTMT NMDPADT ATYYCAH RRGEHWSR GYFVFW GQ RTLVTVS S
IGHV2-5*02,SGH TLW KPTQ TLTLTCTF SG FSL SPSG VGVGWIR QPPGKA LEWLALIYW DDDKRYSPSLK SRLTITK DTSKN QVVLTMT NMDPVDT ATYYCAH RSSGWTKGC FD YWGQG TLVTV SS
IGHV2-5*02,SGPT LV KPTQ TLTLTCTF SG FSLS TSG VGVGWIR QPPGKA LEWLALIYW DDDKRYSPSLK SRLTITK DTSKN QVVLTMT NMDPVDTA TYYC AR EYIVVFD KWGQG TLVTVS S
IGHV2-70*01,SGPT LV KPTQ TLTLTCTF SG FSL SPSG MCVSWIR QPPGKA LEWLALID WDDDKY YST S LKTRLTIS KDTSKN QVVLTMT NMDPVDT ATYYCA RM TTVVTLEAYYYY GM DV WGQG TTVTVS S
IGHV2-70*01,SRPT L LKPTQ TLTLTCTF SGF SL STSG MCVSWIR QPPGKA LEWLALID WDDDKY YST S LKTRLTIS KDTSKN QVVLTMT NMDPVDT ATYYCARVK WDA FYYYY G MDV WGQG TTVTVS S
IGHV2-5*02,SHHAPGKS TLTLALTCTFAVIS LGNM GVGVVWIS QPPGKA LEWLALIYW DDDKRYSPSLK SRLTITK DTSKN QVVLTMT NMD PVDIATYYCAHIN IGM QVAFDI WGQG TMVTVS S
IGHV2-5*01,SGPT LV KPTQ TLTLTCTF SG FSL NTNG VGVGWIR QPPGKA LEWLALIYW NDDKRYSPSLK SRLTITK DTSKN QVVLTMT NMDPVDT ATYYCAHR VGWNGPY F DYWGQG TLVTVS S
IGHV2-5*02,SGTTLSKPTQ TLTLT CPFS WFSL SPSGL GVGWIR QPPGKA LEWLALIYW DDDKRYSPSLK SRLTITK DTSKN QVVLTMT NMDPVDT ATY Y CAHWF G MISRAWF DPWGQ GILVTVS S
IGHV2-5*02,SGPT LV KPTQ TLTLTCTF SGF SLSTRVGVGWIR QPPGKA LEWLALIY GDDNKRYSPSLK SRLTITK DTSKN QVVLTMT NVDPVD TATYYCAHIAYLALQKRAFD YWGQG TLVTV SS
IGHV2-26*01,SGPT LV KPTE TLTLTCTV SG FS LSNA RMGVSWIR QPPGK ALEWLAHI FSNDEKS YITS LNSRP TI SKDTSRS QVVLTMT NMDPVDT A TYYCARI LPGADWEFGD WYFE HCGR STLVTVS A
IGHV2-5*02,SGPT LV KPTQ TLTLTCTL SEFSFS TFGVGVGWLR QSPGKA LEWLALIYW DDDQHYSPSLK SRLTITK DTSKN QVVLTMT NMDPLDTGT YYCAHRLIR SGTSW RRAHVFDF WGQG TVVTVS S
IGHV2-5*01,SVPT L VKPTQ TLTLTCTF SG FSLN IPGEG VGWIR QPPGKA LEWLALIFW NDDKRYTPSLK SRLTITK DTSKN QVVLTMT NMDPVDT ATYYCLYR KE AITM NRGLIPDH YYYYVAVW GKGT TVTVS S
IGHV2-5*02,SGPT LV KPTQ TLTLTCTF SG FSLS TSG VGVGWIR QPPGKA LEWLALIYW DDDKRYSPSLK SRLTITK DTSKN QVVLTMT NMDPVD TATYYCAHRLIGFW SGYYG Y WGQG TLVTVC S
IGHV2-5*02,SGPT LV KPAQ TLTLTCAF SGF SLT TR GVAVGWIR QPPGKPL EWLALIYW DDDQ IY SPSLS RRVTITK DTSKN QVVLRMT NMQPVDTGK YFCA QRLPY RFFA SGS W FGPWGQG TSVTVS S
IGHV2-5*02,STPT L VKPTQ TLTLTCTF SG FSLS TSG VGVGWIR QPPGKALD WLALIFW DDDQRYSPSLKN RLTVTK DTSKN QVVLTLT NMDPVD TATYYCAHYFQQ VGY FDY WSQG TLVTV SS
IGHV2-5*02,SGPT LV KPTQ TLTLTCTF SG FSL SSSG VGVGWIR QPPGKA LEWLAFIYW DDDKRYRPSLK SRLTITK DTSKN QVVLTMT NMDPVDTA TYYC AH RVLLVRGII TDGFDYWGQEPWSPSPQ
IGHV2-70*11,SGPT LV KPTQ TLTLTCTF SGF S LSTR SMCINWIR QPPGKA LE WLARI DWDDDK YYST SLKTRP TIS KDTSKN QVVLTMT NMDPVDT A TYYCARQ ISSRSS I EAGN YYHYGMDVW GHG TTVTVS S
IGHV2-5*02,SGPT LV KPTQ TLTLTCTF SG FSLT TNG VGVGWIR QPPGKA LEWLALIYW DDDERYNS FLRGRLTIS KDTSKS QVVLTMAS MDPVDT AT YYCAH I RD Y WHTRE IFDF WGQG TLVTVS S
IGHV2-5*02,SGPT LV KPTQ TLTLTCTF SG FSL STNG VAVGWIR QSPGKA LEWLALIYW DDDKEYSPALK SRLTVTK DTSKN QVVLTVT NMDPVDT ATYYCA HSDTQYDDSWGD YRLRAFNF WGQG TMVTV S
IGHV2-5*02,SGPT LV KPTQ TLTLTCTF SG FSLTT HG VGVGWIR QPPGKA LEWLAFIYW DGDKR Y SSSL KSRLT IPKDTSKN QVVLTLT NMDPVDT ATYYCA HSGVGR HYY GSG TFYLR ND YYYYYGMDV WGQG TTVTVS S
IGHV2-5*02,SGPTHVKPTQ TLTLTCTF SG FSLS TSG VGVGWIR QPPGK ALAWLALIYW DDDKRYSPY LKSRLTITK DTSKN QVVLTMT NMDPVD TATYYCAHRMG ILLMD A IDI WGQG TMVTV SS
IGHV2-5*02,Q ITLK ESGPT L LKPTQ TLTLSCTF SGF S LTTPG VGVGWIR QPPGKA LEWLALIYW DDDKYYSPSLK RRLSIT KDTSKN QVVLTVTN IDYLDTA TYYC ARRP VAVV GKPPPNWFDPWGQG TLVTV SS
IGHV2-26*01,QA TLK ESGP VLV KPTE TLTLTCTVSGFLL SNAR MGVCWIR LPPGK ALEWLAHI F STDEKSYSTSLKN RLTIS KDTSKS QVVLTMT NMDPVDTA TYYCARIVCR ATAGPR YYYSYR DVWGKGTTGTGSS
IGHV2-5*02,PTLVKPTE TLTLTCTF SG FSLTS TG VGVGWIR QPPGKA LECLALIYW DDDKRYNPSLK SRLTITR DTSKD QVVLTMT NMDPVDT ATYYC AHR SVTLI RG KYYFDY WGQG TLVTV AP
IGHV2-5*02,SGPT LV KPTQ TLTLTCTF SG FSVTS RG VGVGWFR QSPGKA LEWLALIYW DDDKRYSPSLK SRLTITK DTSKN QVVLSMT NLDSVDT ATYYCA HRPPSTNFFP IWAFDI WGQG TMVTVS S
IGHV2-5*02,SGPT LV KPTQ TLTLTCTF SG FSLS TSG VGVGWIR QPPGKA LEWLAPIYW DDDKRYSPSLK SRLT IPKDTPKN QVVLTMT NMDPVDT ATYYCA HRGSWSRG YFD YWGQG TLVTVS S
IGHV2-26*01,SGPT LV KPTE TLTLTCTVSE FPLSTP LMGVSWIR QAPG KALEWLAHIF SNDEKAYSTSQK HRLTIS KDTSKS QVVLTMT NMDPVDT A TYYCARI QSGA MFGVVMFS EGYG MDVW GQG ATVTVS S
IGHV2-26*01,SGPT LV KPTE TLTLTCTVS G FS LSNA RMYVSWIR QPPGKD LEWLAHIF SNDAKSYSTSLK SRLTIS KDTSKS QVVLTMT NMDPVDT ATYYCARI PRRGY TYGLMPFDI WGQG TMVTVS S
IGHV2-5*02,SGPT LV KPTQ TLTLTCTF SG FSLS TSG VGVGWIR QPPGKA LEWLALIYW DDDKRYSPSLK SRLTITK DTSKN QVVLTMT NMDPVDTA TYYCA HAPYYDSSGY LLDAFDI WGQG TMVTVS S
IGHV2-5*01,Q ITLK ESGPT LV QPTQ TLTLTCSF SGF SL DTRG VGVGWIRQ APGKA LEWLSLIYWN AEKEYSPSV ETRLTITK DTSNN QVVLTVTN MGPVDT ATYYCARRLS YGAGSHAP YFFDY WGQG ALVIVS S
IGHV2-5*02,SGPT LV KPTQ TLTLTCTF SGF SLTTTEVGVGWIR QPPGKA LEWLGIVYW DNDARYNPSLK SRLIITRE SSEN QVVLVMTN LDPMDSA TYYCAR RDVMDAT AAFDV WGQ GVLVTV SS
IGHV2-5*02,Q ITLK ESGP TLV RPTQ TLTLTCTL SGLSLNS LAVGVAWVR QPPGKA LEWLALIY SDDTEYYSPSLK SSLTVTK DTSKN QVVLTI PNADPLDTGT YY CGHTAG WLLST WGQG TLVTV SS
IGHV2-70*11,SGPT LV KPTQ TLTLTCTF SG FSLT TRG MCVSWVR QPPGKA LEWLARI DWDDDKNY ITSLKTRLTIS KDTSKN QVVLTMT NMDPVDTA TYYCA R TTISMVQ DIDGL H D A FDI WGQG TMVTV SS
IGHV2-5*01,Q ITLK ESGP TLV KPSQ TLTLTCTF SG FSLS TSG VGVGWIR QPPGKA LEWLALIFW NGHTPYNPSLM SRLSITK DTSTG QVVLTMT NMDPADT ATYYCARR RGEHWPGG YFDFW GQG TLVTVS S
IGHV2-5*01,SGPT LV KPTQ TLTLTCTF SG FAL SSRG VGVGWIR QPPGKA LEWLALIYW NDNKRYSPSLQ SRLTITK DTSKN QVVLTMT NMDPVDTG TYYCAH KRSG WALLFAS WGQG TLVTVS S
IGHV2-5*04,SGPT LV KPTQ TVTLTCTL SGF S LSPTG VGVGWIR QPPGKA LEWLALIYW DDDKRTTPS LKSRLTVTR DTSKN QVVLIMTN MDPADTGT YYCVRLSVRR ASGIDYD TFDIW GQG TMVTVS S
IGHV2-5*01,TLVKPTQ TLTLTCTF SG FSLS TSG VGVGWIR QPPGKA LEWLALIYW NDDKRYSPSLK SRLTITK DTSKN QVVLTMT NMDPVDT ATYYC AHRGE VRYF D WLFWVYFD YWGQG TLVTVS S
IGHV2-5*02,PRLVKPTQ TLTLTCTF SG FSLS TSG VGVGWIR QPPGKA LEWLALIYW DDDKRYSPSL KTRLTITK DTSKN QVVLTMT NMDPVDT AT YYC A HRGWDIPLD Y F DYWGQG TLVTV SS
IGHV2-5*02,SGPT LV KPTQ TLTLTCTF SG FSLS TSG VGVGWIR QPPGKA LEWLALIYW DDDKRYSPSLK SRLTITK DTSKN QVVLTMT NMDPVDT ATYYCAH RPGEGYCSGGS CYLAHWF APWGQG TLVTVS S
IGHV2-5*04,QI TLE ESGP VLV KPTQ TLTLTCT SSG FSLTTF PV GVGWIR QPPGKA LEWLTVIYR NDDERYSPS LRHRVTIT KDTSKS QVLLKMTH LDPEDTG TYYCAR DSLGE LYFFD YWG RVTLVTVS S
IGHV2-5*01,SGPT LL HPTQ TLTLTCTF SG FSLS TSG VGVGWIR QPPGKA LEWLAPIYW NDEKRYSPSLK SRLTITK DTSKN QVVLTMT NMDPVDTA TYCYAHSYYY DSSGY VFD DWSQG TLVTVS S
IGHV2-5*02,Q IALK ESGP TLV KPAQ TLTLTCTF SGF SL SSY GVGVGWIR QPPGKPL ECLAFIYW DDDKR Y IPSL ESRLTIT KDTSKD QVVLTMT NMDPVDTGT YYCA HRHPELD FTY DTGFFDYWGPG TLVTV SS
IGHV2-5*01,SGPT LV KPTQ TLTLTCTL SGF SLS TTG VGVGWIR QPPGKA LEWLALIYW NDEKRYSTS LRSRLTIT KDTSSH QVLLTVTN MSPVDTA TYYCVHRLREH DSDGN YVRYYGMDV WGQG TTVTVS S
IGHV2-5*02,SGPT LV KPTQ TLTLTCTF SG FSL STSGL GVGWIR QPPGKA LEWLALIYW DDDKRYSPSLK SRLSITK DTSKN QVVLTMT NMDPVDT ATYYCAHWF G MITRAWF DPWGQG TLVTV SS
IGHV2-70*11,SGPT LVKLT Q TLTLTCTF SG FSL STSG MCVSWIR QPPGKA LEWLARI DWDDDKY YS TSL KTRLTIS KDTSKN QVVLTMT NMDPVDTA TYYCARVKVTWQWLV RGD YYYGMDV WGQG TTVTVS S
IGHV2-5*02,GPTLVKPTQ TLTLTCTF SG FSLT TNG VGVGWIR QPPGKA LEWLALIYW DDNKRYNPSL RSRLTITK DTSKN QVVLTMT NVDPVDT ATYYCA HRPSSKP LTILR RGDW F DPWGQG TLVIVS S
IGHV2-5*02,PTLVKPTQ TLTLTCTF SGF S LSNMGEG VGWIR QPPGKA LEWLAFIYW DDDKRYSPS L KN RLTIMK DTSKN HVVLIMS NMDPMDT ATYYCAHRL SI SAA NASPD Y FDSWGQG TLVAV SS
IGHV2-26*01,SCPT L VKPTE TLTLTCTVS G FS LSNA RLGVSWIR QPPGK ALEWLAHIF SNDEKSYSTSLK SRLTIS KDTSKS QVVLTMT NMDPVDT AT YYCAL G YD FWSGR YYGMDV WGQG TTVTVS S
IGHV2-5*02,SGPT LV KPTQ TLTLTCSF SG FSL STSG VSVGWIR QPPGKA LEWLALIYW DDDKHYSPSLKN RLTISQ DTSKN QVVLTMT NMDPMDT ATYYCAHR LKGD WVVRG IPNA FDIW GQG KMVTVS S
IGHV2-5*02,SGPT LV KPTQ TLTLTCTF SG FSLS TSG VGVGWIR QPPGKA LEWLALIYW DDDKRYSPSLK SRLTITK DTSKN QVVLTMT NMDPVDT ATYYC AHHS IIVLFD YWGQG TLVTVS S
IGHV2-5*02,KLLKPTQ TLTLTCA FSGF SLT TR GVAVGWLR QPPGKPL EWLALIYW DDDQ IY SPSLSS RLTITK DTSKN QVVLRMT NMEPVDTGT YFCAQ RLPY RFFA SGS W FGPWGQGNP VTV S
IGHV2-70*01,SGPTLWKPTQ TLTLT CPFS WFSL SPSGM CVSWIR QPPGKA LEWLALID WDDDKYYSTPL KTRLTIS KDTSKN QVVLTMT NMDPVDT ATYYCA RTNYD YVW GSS YWYFD LWGRG TLVTVS S
IGHV2-5*02,SGPT LV KPTQ TLTLTCTF SG FSLTT T GVGVGWIR QPPGKA LEWLAIIYW DDDERYSPSLK SRLTITK DTSKN QVVLTMT NMDPVDT ATYYCAH RRTGPLPANW F DPWGR GILVTVS S
IGHV2-70*01,SGPT LV KPTQ TLTLTCTF SGF SL STSG MCVSWIR QPPGKA LEWLALID WDDDKY YST SL KTRLTIS KDTSKN QVVLTMT NMDPVDTA TYYCARIQY SSGWYGGNNGM DVW GQG TTVTVS S
IGHV2-70*11,SGPT LV KPTQ TLTLTCTF SG FSL STSG MCVSWIR QPPGKA LEWLARI DWDDDKY YS TSL KTRLTIS KDTSKN QVVLTMT NMDPVD TATYYCARAYYDILT G Y Y YG MDV WGQG TTVTVS S
IGHV2-5*02,SGPT LV KPTQ TLTLTCIF SGF SL STSG VAVGWIR QPPGKA LEWLALIYW DDDRRFSPSLK SRLTIT KGTSEN RVVLTMT NMDPVDT ATYYCA HRLDWSDYGFD Y WGQG TLVTVS A
IGHV2-5*02,SGPT LV KPTQ TLTLTYTF SG FSLS TSG VGVGWIR QPPGTA LEWLALIYW DDDKRYSPSLK SRLTITK DTSKN QVVLTMT NMDPVDTA TYYC AHHY RYYY G MDV WGQG TTVTVS S
IGHV2-5*01,SGPT LV KPTQ TLTLTCSI SG FS LSTGG MGVGWVR QPPGKALE SLALIYWH DDERYSPSLK SRLTIT KDTSKD QVVLTMT NMDPVDT ATYYCAQAL LPYGSSWPD FAFW GQG TLVTV SS
IGHV2-5*02,SDPAPGKSTQ TLTLTCTF SG FSL SKSG VGVGWIR QPPGRA LEWLALIYW DDDKRYSPSLK SRLTITK DTSKN QVVLTMT NMDPVDT ATYYCA HSKRSGY WGYW GQG TLVTVS S
IGHV2-5*01,SGPT LV KPTQ TLTLTCTF SG FSLS TSG VGVGWIR QPPGKA LEWLALIYW NDDKRYSPSLK SRLTITKS TSKN QVVLTMT NMDPVDTA TYYCALRYYY DSSGR R HSGFDPWGQG TLVTV SS
IGHV2-5*02,SGPA LV KPTQ TLTLTCTF SG FSLSI SG VSVGWIR QPPGKA LEWLALIYW DDDKHYSPSL KSRLSITK DSSKN QVALTVTN VDPVDTG TYYCIH SGDNRR TEAFEVW GQG KMVTVS S
IGHV2-5*02,SGPT LV KPTQ TLTLTCTF SG FSLS TSG VGVGWIR QPPGKA LEWLALIYW DDDKRYSPSLK SRLTITK DTSKN QVVFTMT NMDPVDT ATYYCA HKGSSW Y DAGY FQH WGQG TLVTVS S
IGHV2-5*02,SGPT LV QPTQ TLTLTCTF SG FSL STSG VGVGWIR QPPGKA LEWLALIYW DDDKRYSPSLK SRLTITK DTSKN QVVLTMT NMDPVDT ATYYC AHRPGIVGAPY F DYWGQG TLVTV SS
IGHV2-70*11,SGPT LV KPTQ TLTLTCTF SG FSL STSG MCVSWIR QPPGKA LEWLARI DWDDDKY YS TSL KTRLTIS KDTSKN QVVLTMT NMDPVDTA TYYCARMTVV GG L DYWGQGN LVTVS S
IGHV2-70*11,SGPT LV KPTQ TLTLTCTF SG FSL STSG MCVSWIR QPPGKA LEWLARI DWDDDKY YS TSL KTRLTIS KDTSKN QVVLTMT NMDPVDTA TYYCARIIH GATTDYWGQG TLVTVS S
IGHV2-5*02,SGPT LV KPTQ TLTVTCTF SG FSLRT SG VGVGWIR QPPGKA LEWLALIYW DDDKRYSPSLK SRLTITK DTSKN QVVLTMT NMDPVDT ATYYCA HRPGF GVLYYGMD VWGQG TTVTVS S
IGHV2-5*02,SGPT L LKPTQ TLTLT CPF SLFSL SPRG VSVGWIR QPPGKA LEWLALIYS DDDKRYSPSLK GRLAITK DTSKN QVVLTMT NMDSVDT ATYYCA HRRPSTWEGD WF DPWGQG TLVTVS S
IGHV2-5*02,Q ITLK ESGP TLV KPTQ TLTLTCTF SGF SLTTIGLGVGWIR QPPGKA LEWLALIYW DDDKRSSPSL RNRLTLS KDTSKN QVVLTLAN VDPVDT ATYYC ARG LYYA SG TYYT SRPFDSWGQ GILVTVS S
IGHV2-70*01,SGL T LSKPTQ SLTLT CPFSGF SL SPSGM CVSWIR QPPGKA LEWLALID WDDDKY YST S LKTRLTIS KDTSKN QVVLTMT NMDPVD TATYYCARMATIFGYY YGMDVWGQG TTVTVS S
IGHV2-70*01,SVPT L VKPTQ TLTLTCTF SGF SL STSG MCVSWIR QPPGKA LEWLALID WDDDKY YST S LKTRLTIS KDTSKN QVVLTMT NMDPVDT ATYYCARY YGD ALYYYGMDV WGQG TTVTVS S
IGHV2-70*01,SGPT LV KPTQ TLTLTCTF SGF SL STSG MCVSWIR QPPGKA LEWLALID WDDDKY YST SL KTRLTIS KDTSKN QVVLTMT NMDPVDT ATYYCA RTNQANSF DAFDI WGQG TMVTVS S
IGHV2-5*01,Q ITLK ESGP TLV KPSQ TLTLTCTF SG FSLS TSG VGVGWIR QPPGKA LEWLALIFW NGHTPYNPSLM SRLSITK DTSTG QVVLTMT NMDPADT ATYYCAH RRGEHRSGG YFDF WGQG TLVTVS S
IGHV2-70*11,SGPT LV KPTQ TLTLTCTF SG FSL STSG MCVSWIR QPPGKA LEWLARI DWDDDKY YS TSL KTRLTIS KDTSKN QVVLTMT NMDPV DTATYYCARVLGAT L GIDPWGQG TLVTV SS
IGHV2-5*02,PPLVTPRQ TLTLTLTF SG FSLS TSG VGVGWIR QPPGKA LEWLALIYW DDDKRYSPSLK SRLTITK DTSKN QVVLTMT NMDPVDT ATYYCAH KASGWYGPY F DYWGQG TLVTV SS
IGHV2-5*02,SGPT LV KPTQ TLTLTCTF SG FSL STSG VGVGWIR QPPGKA LEWLGIIYW DDDKRYSPSLK SRLTITK DTSKN QVVLTVTN MDPVDT ATYYCAHR RGDNSAWSPH YYFHYW GQG ALVTVS S
IGHV2-70*15,Q VTLRE SGP ALV KPTE TLTLTCTIS DFSLSTT GVCVSWVR QPPGKA LEWLARID WEDDK YYS TS LQTRLTIS KDTSKK QVVLTMT DMDPVDT ATYYCA RSDLGFIPPWGFDSWGLG TLVTVS S
IGHV2-5*02,SGPT L LKPTQ TLTLTCTF SG FSL TPSGM GVGWIR QPPGKA LEWLALIYW DDDKRYSPSLK SRLTITK DTSKN QVVLTMT NMDP VETA TYYC ARW FGGFTRPWFDPWGQ GILVTV SS
IGHV2-70*01,SGPT LV KPTQ TLTLTCTF SG FSL STSG MCVSWIR QPPGKA LEWLALID WDDDKY YST S LKTRLTIS KDTSKN QVVLTMT NMDPVD TATYYCARMVLMGIASE VGLDYWGQG TLVTV SS
IGHV2-5*02,SGPT LV KPTQ TLTLTCN YSG FSLS ADGE GVGWVR QPPGKAPE WLALIYW DGDQRYSPSL RSRVTITK DTSRN RVVLTMTY MDPVD TAT YYC TR LGYSTSSF D WGQE TLVTVS S
IGHV2-70*11,GPTLVKPTQ TLTLTCTF SGF SL STTG MCVSWIR QPPGKA LEWLARI DWDDEK YYS TSL KTRLTISK DTSKN QVVLTMT NMDPVDT ATYYC ARGS SIALR SE YYYAMDV WGQG TTVTVS S
IGHV2-70*15,Q VTLRE SGPA LV KPTQ TLTLTCTF SGF S LNTSG LCVSWLR QPPGKA LEWLARI DWDDDQY YS TSL KTRLTIS KDNSKN QVVLTMT NMDPMDTA TYYCARI SPT YH YDSSYTPR ECYFD YWGQ GFLVTVS S
IGHV2-70*04,SGPT LV KPTQ TLTLTCTF SG FSL STSG MRVSWIR QPPGKA LEWLARI DWDDDK FYS TSLK TRLTIS KDTSKN QVVLTMT NMDPVD TATYYCAREYYEI FGVVYT G MDV WGQG TTVTVA S
IGHV2-5*02,SGPT L LKPTQ TLTLTCTF SG FSL STSG VGVGWIR QPPGKA LEWLALIYW DDDKRYSPSLK SRLTITK DTSKN QVVLTMT NMDPVDT ATYYCA HSSAAGPN YYYYGMDV WGQG TTVTVS S
IGHV2-70*01,SGPT LV KPTQ TLTLTCTF SG FSL STSG MSVTWIR QPPGKA LEWLALIYW DDGKDYSTS LKTRLTIS KDTSKN QVVLTMT NMDPVDTA TYYCATVRY GSGS YYYYYYGMD VWGQG TTVTVS S
IGHV2-5*02,SGPT LV KPTQ TLTLTCTF SG FSLS TSG VGVGWIR QPPGKA LEWLALIYW DDDKRYSPSLK SRLTITK DTSKN QVVLTMT NMDPVDT ATHYCAH RR IDWLSK SFDYWGQG TLVTV SS
IGHV2-70*01,SGPT LV KPTQ TLTLTCTF SG FSL SSSAS EMCVSWIR QPPGKA LEWLALID SDDDKYYNTSLR SRLTIS KDTSKN QVVLTMT NMDPVDT ATYYCA RTD ITYD ISG YYYRSF DYWGQ VTPVTVS S
IGHV2-5*01,Q ITLK ESGP TLV KPTQ TLTLTCTF SGY S LSST AVGVGWIR QPPGKPL EWLALIYW NDDNKYSPSLK NRLSITK DTSGN QVVLTLTN VDPVDT ATYFCA HGSG WLFD HWGPG TLVTV SS
IGHV2-26*01,SGP VLV KPTE TLTLTCTV SG FS LSNA RMGVSWIR QPPGK ALEWLAHIF SNDEKSCSTSLK SRLTIS KDTSKS QVVLTMT NMDPV DTATYYCARIKRL AVA DHWGQG TLVTVS S
IGHV2-5*02,SGPT LV KPTQ TLTLTCTF SG FSLS TSG VGVGWIR QPPGKA LEWLALIFW DDDQRYSPSLKD RLTITK DTSKN QVVLTMT NMGPVDTGT YYCAHL KGLYTNS WFYFD YWGQG TVVTV SS
IGHV2-5*01,Q ITLK ESGP TVV KPTQ TLTLTCTF SG FSL STNG VGVGWIR QPPGKA LEWLALIYY NDDKRYTPS LKTRLTIS KGTSKN QVVLMMT NMDPLDTA TYYC AHT MMKVH NW F DPWGQG TLVTVS S
IGHV2-26*01,KRSGP VLV KPTE TLSLTCTVADFS VNND FMGVSWVR QPPGK ALEWLAHIF SNDEKSYSPSL RSRLTIS KDTSKS QVVLIMT DTDPADTA TYYTYDV WGRG TMVTVS S
IGHV2-70*04,SGTTLSKPTQ TLTLTCHF SG FSL SPGG MRVSWIR QPPGKA LEWLARI DWDDDK FYRAS LK TRLTISKY TSKN QVILTMTN VDPMDT ATYYCA RTRSPRRYYDSSS YFYFD YGGQ GTLVTVS S
IGHV2-5*02,SGRPHVKPTQ TLTLTCTF SG FSLS TSG VGVGWIR QPPGK ALAWLALIYW DDDKRYSPSLK SRLTITK DTSKN QVVLTMT NMDPVDT ATYYCA HRRGYCSSTSC YARWVWF DPWGQG TLVTV S
IGHV2-70*11,SGPT LV KPTQ TLTLTCTF SG FSL STSG MCVSWIR QPPGKA LEWLARI DWDDDK YYATSLRTRLTIS KDTSKN QVVLTMT NMDPM DTAKYFCSRITAAA ATTDYWGQG TLVTA TS
IGHV2-5*02,SGPT LV KPTQ TLTLTCTF SG FSLT TSGM GVGWIR QPPGKA LEWLALIYW DDDKR Y S TSLKTRLTIS KDTSKN QVVLTMTN VDPVDT ATYYCAR SQRGRDIPGW F DPWGQG TLVTVS S
IGHV2-5*02,GPTLVKPTQ TLTLT CPFSG FSLTT NG VGVGWIR QPPGKA LEWLALIYW DDDERYNS FLRGRLTITK DTSKN QVVLTMA NMDPVDT A TYYCAH I RDYWHTR EIFD FWGQ GILVTV SS
IGHV2-5*02,SGPT LV KPTQ TLTLTCTF SGF SL NTSG LGVGWIR QPPGKT LEWLALIYW DDDKRYSPSLK SRLTITK DTSKN QVVLTMT NMDPVDT A TYYCA H W FG MITRTWF EPSGQG TLVTV S
IGHV2-26*01,KRSGP TLV NPTE TLSLTCTVSD FSVNND FMGVSWVR QPPGK ALEWLAHIF SNDEKSYSPSL RSRLTIS KDTSKS QVVLIMT DTDPADTA TYYTYDV WGRG TTVTVS S
IGHV2-5*02,SGPT LV KPTQ TLGLTCTVS G FSL STGG VGVGWIR QPPGKA LEWLALIYW DDDKRYSPSLK RRLTIT KDTSKD QVVLTMT NMDPVDT ATYYCA HTRFS KVIA GPNFGYWGQG TLVTV SS
IGHV2-5*01,SGPT LV KPTQ TLTLT CPFSAFP LTF NG VGVGWIR QPPGQA LEWLALIYW NDDKRYSPSLK SRLTITK DNSKN QVVLTMTN MGPADT ATYFCARSYV DYCGS TVCA SSH FDF LGQG TLVTV SS
IGHV2-5*01,SVPT L VKPTQ TLTLTCTF SG FSLS TSG VGVGWIR QPPGKA LEWLALIYW NDDKRYSPSLK SRLTITK DTSKN QVVLTMT NMDPVD TATYYCAHWFFYYL GA FDI WGQG TMVTVS S
IGHV2-5*02,SGT TL LKPTQ TLTLT CPFSG FSL SPSGV GVGWIR QPPGKA LEWLALIYW DDDKRYSPSLK SRLTITK DTSKN QVVLTMT NMDPVDT AAYYCA HSNG VIMVQGVYFD YWGQG TLVTVS S
IGHV2-5*02,SGPT LV KPTQ TLTLTCTF SG FSL STSG VGVGWIR QPPGKA LEWLALIYW DDDK IY SPSLK SRLTIT KDTSKS QVVLTMT NMDPVDT ATYYCVR RPSGV FDY WGQG TLVTV SS
IGHV2-5*02,SGPT LV KPTQ TLTLTCTF SG FSLS TSG VGVGWIR QPPGKA LEWLALIYW DDDKRYSPSLK SRLTITK DTSKN QFSLKLSS VTAAD T AVYYCA RHRI DLVTSLVSWF DPWGQG TLVTVS A
IGHV3-53*01,AW SLSLSC AASGF TVSTSYMSWVR QAPGKG LEWVSLTY SSDT TYYA DSVKG RFTIS GDNSKN TLYLQMNS LRAEDT AVYYCA RDLNLWGQG TLVTVS S
IGHV3-11*01,PGG SLRLSCA ASGF T FSD YYMCWIRQ APGKG LECVSYIS SSGS TIYHA DSVKG RFTIS RDNAKN SLYLQMNS LRAEDT AVYYCA RD VIWFGE LSGG FDIW GQG TMVTVS S
IGHV3-15*01,GG SLRLSC AASGF TF SNA WMSWVR QAPGKG LEWVGRIKS KTDGGTTDYAAP VKGRFTISR DDSKN TLYLQMN SLKTEDT AVYYCTTV KSGS YYYYYYGMD VWGQG TTVTVS S
IGHV3-23*01,GG SLRLSCA ASGF TFRTYAMGWVRQ APGKG LEWILSIS GSGGR TWYA DSVKG RFTIS RDHS ITTMYLQM NSLRAEDT AIYYCAK FRGATLPA YHF DNWGQG TLVT V
IGHV3-23*01,GG SLRLSCA ASGF TFSSYAMSWVR QAPGKGL EWVSAIS GSGGS TYYAD SVKG RVTISR DNSKN TLYLQMN SLRAEDT AIYYCAR AGDLS WYD YWGQG TLVTV SS
IGHV3-53*01,GGS LRLSCVAYRFTV SSNY MSWVRQ APGKGL EWVSVIY SGG ITYYA DSVKG RFTITR DNSKN TLYLQMNS LRAEDT AVYYCA RVLPMFQDYLDY WGQG TLITVS S
IGHV3-9*01,GGS LRLSC AASGFT FDDYAMHWVRQ IPGKG PEWVAGIRRA TGISGYAD FV KG RFIISR DDAKNS LYLQM NSLRPEDT ALYYCVR DLG VVTAAI GHWGRG TLVTV SS
IGHV3-23*01,PGG SLRLSCA ASGFS FS S YAMSWVR QAPGEGL EWVSGI SDSGGS TFYA DSVKG RFTIS RDNSKK KLFLQVDSLRV EDT AVYYCA KGK I NHNGA F DAWGQG TRVTVS S
IGHV3-30*03,GG SLRLSC ADSGFNFSNY GMHWVRQ TPGQG LEWVAIILH DGS QKFYAD SVKG RFTVSR DNSKN ILYLQMK SLRPEDT AVYFCA RGWFGGPVTGWGQG TLVTV SS
IGHV3-21*01,E VQLLES GGG LV QPGG SLRLSC AASGF TFSSYAMNWVR QAPGKGL EWVSAI SSSSS YIYYA DSVKG RFTISR DNAKN SLYLQVNSL RAEDT AVYYCAREF TGYSSSNFD Y WGQG TLVTVS S
IGHV3-23*01,GG SLRLSCA ASGF TF GSSA MTWVR HAPGKGL DWVSMT SGSGGS TYYAVSVK G RFTMS RDNSKN MVYLQMN SLSADD T AVYYC AK WGLSGY AYGAFQYW GHG TLVTV SS
IGHV3-23*01,PGG SLRLSCA ASGF TFSSYAMTWVRQ TPGKGL EWVSAVS SSGGD TYYA DSVKG RFTIS RDNSKS TLYLQM NSLRAEDT AVYYCA KNQLRRD IVVVITATY DYWGQG TLVTVS S
IGHV3-30*10,Q VQLVES GGG VV QPGR SLRLSCT ASGF TFSSYAMHWVRQ APGKG LEWVAIIS SDGLNN HFID SVKG RFTISR DNSKN TLYLQMN SLRAEDT ALYYCAR DTGCSN TYCYLSLG YWGQG TLVTVS S
IGHV3-21*01,GG SLRLSCA ASGF TFSIYSMNWVR QAPGKG LEWVSSI SSGGS YIYYA DSVKG RFTISR DNAENS LSLQMNSL RAEDT AVYYCA RDPAYCGGDCSPGGVD AFDI WGQG TMVTVS S
IGHV3-33*01,Q VQLVES GGG VV QPGR SLRLSC AASGF TFSSFDMHWVRQ APGKG LEWVAVIRY DGSDKNLADS VKGRFTISR DNSKN TLYLQMN SLRAEDT AVYYCA RGPHDYGDS VELWALD YWGQG TLVTVS S
IGHV3-23*01,GG SLRLSCA ASGF TFSSYAMSWVR QAPGKGL EWVSAIS GSGGS TYYA DSVKG RFTISR DNSKN TLYLQMN SLRAEDT AVYYCA KGPAR YD FWSGY SY DYWGQG TLVTV SS
IGHV3-30*18,Q VQLVES GGG VV QPGR SLRLSC TAPGF SFRIYGMHWVRQ APGKG LQWVAVIS TDGT YKQYA DSVRG RFTISR DNSKN TLYLEVNSVR AEDT AVYFCAKW AGDY Y DSSGYHDTDLDA F DMWGQG TLVTV SS
IGHV3-23*04,E VRLVE SGGD LV QPGG SLRLSCA ASGF TFGTFAMSWVR QAPGKGL EWVSA MTGGGT TYYA DSVTG RVIIS RDNSK TMLFMQM NSLT AEDTA VYY CAKF RGQ LIRNYYMHVW GEGT TVTV S
IGHV3-15*01,GG SLRLSC AASGF TF NNA WMSWVR QAPGKGL EWIGRIKS KTDVGTTDYAAP VKGRFTISR DDSKN TVYVQMNSLKI EDT AVYFCT TSLCSSTTSCFPF YSY YGM DV WGQG TTVTVS S
IGHV3-30*18,S LRLSCA ASGF TFSS Y GMHWVRQ APGKG LEWVAVISY DGSNK YYAD SVKG RFTISR DNSKN TLYLQMN SLRAEDT AVYYCA KNLGSYCSSTSCLGDY F DYWGQG TLVTVS S
IGHV3-74*01,GW SLRLSC AASGF TFS SYWMH WV R QAPGKG LVWVSRIY GENDESQT RY ADSVKG RFTISR DNAKN TLYLQMNSLRV ED TAVYYCA KEKMG QLWFRN FDYWGQG TLVTV SS
IGHV3-15*01,GG SLRLSCVA SGI TF NNA WMSWVRQ VPGKG LEWVGRIR DKTEAEPTDYAAPV KGRFTISR DDTGT TLYLQMN SLKTQD TAVYYCT THTGT YYEIDY WGQG TLVTVS S
IGHV3-21*01,E VQLVES GGG LV KPGG SLRLSCAV SG FTFSAY NM NWVR QAPGKGL EWVSLI SSTS AYIFYA DSVKG RFTIS RDNAKS SLFLQVNSL RAEDTA EYYCA RGY T YGQGRHG FDY WGQG TLVTV SS
IGHV3-23*01,E VHLLES GGGLAQPGG SLRLSC ATSGF TF SPYA MNWVR QAPGKGL EWVS GISGRGDTDGDNT RYA DPVKG RFTVSR DNSKS TLYLQM NNLRPEDT AVYYCA KEDA LYC GED CYAL DSWGQG TLVMV SS
IGHV3-21*01,GS LRLSCV SSGF TFSS YS MNWVR QAPGKGL EWVSSI TSSSNYK H YADSVKG RFTISR DNAKN SLYLQMNSLRV EDT AVYYC ARD LMITF GG VI GPGYY GMDV WGQG TTVTVS S
IGHV3-23*01,GG SLRLSCA ASGF TFSS Y SMNWVR QAPGKGL EWVSAIS GSGGS TYYA DSVKG RFTISR DNSKN TLYLQMN SLRAEDT AVYYCAK VGDG YYDYVW GSY RWCYFD YWGQG TLVTVS S
IGHV3-66*01,DG ELVES GGG LVQL GG SLRLSCAVYGFTV SRN YMTWVRQ APGKGL EWVSLIY SGGR TYYA DSVKG RFTISR DNSNN TLSLQMNS LRAEDT AVYYC ARGQ SV SSVPELVPG FYFMAVW GRG TTVTVS S
IGHV3-13*01,GG SLRLSC AASGFN FTTYD LHWFRQ SGGKG LEWVAAIG SAGDST VR DSVAG RFTIARD NAKN HLYLQMSSLR VGDT TLYYCAR RNWNYGGGF DFW GQG ALVTV A
IGHV3-74*01,GG SLRLSC AASGYS FNAFWMHWVR QAPGQG LVWVARI DTHGN TLNYA DSVKG RFTIS RDNFRN TLYLQMSS LRAEDT AVYYCAVDV AGEDSTWGQ GTLVTVS S
IGHV3-23*04,E VQLVES GGG LV QPGG SLRLSC AASGF TFSTYAMTWVR QAPGKG LEWVSAL SGSGR TTFYA DSVKG RFTISR DNSKN TVFLQMN SLGVEDT ALYYCVKF RG IVYY NHYMD VWGIGTTVTVS S
IGHV3-9*01,E VQLVES GGG LV QPGR SLRLSC AASGFT F DDY AMHWVR QAPGKGL EWVS G IN WNSGS IGYA DSVKG RFTISR DNAKNS LYLQMN SLRAEDT AVYYCARE FTGYSSSNFDYWGQG TLVTVS S
IGHV3-23*01,E VQLLES GGG LV QPGG SLRLSC AASGF SFST F GMSWVR QAPGRG LEWVSD IGTTGGN TYYA DSVRG RFTISR DKSKN MVFLQMD SLGGED TAVYYCAR LNS LVRFDY WGQG TLVTVS S
IGHV3-21*06,GG SLRLSCA ASGFNFD TFSMTWVR QAPGKGL DWVSSF SSQSN YIYYA DSVKG RFTIS RDNARN LVYLQM NGLRAEDT AVYYCATL YSG YYC DAWGQG TLVTV SS
IGHV3-23*01,E VQLLES GGG LV QPGG SLRLSC AASGF SFSTCAMNWVR QSPGKGL EWVS GISGSG VSTY SSNSV KGRFTISR DNAKN SLYLQVNSL RAEDT AVYYCAREF TGYSSSNFDYWGQG TLVTVS S
IGHV3-9*01,GG SLRLSC AASGFTFD DYAM HWVR QAPGKGL EWVSGIS WNSGS IGYA DSVKG RFTISR DNAKNS LYLQMN SLRAEDT ALYYCAK VG Y CSSTSCLGDDA FDIW GQG TMVTV SS
IGHV3-7*01,E VQLVES GGG LV QPGG SLRLSC AASGF TFNTYWMD LGPPGSREGPE WVANI NEDGS VAYYVD SLRG RFTIS RDNAKK SVFLQINSL RADDT AVYYCTK SLDSWGQ GTLVTVS S
IGHV3-23*01,GG SLRLSCA ASGF TFSSYAMSWVR QAPGKGL EWVSAIS GSGGS TYYA DSVKG RFTISR DNSKN TLYLQMN SLRAEDT AVYYCAKV SGA RWF GENHG YYYGMDV WGQG TTVTVS S
IGHV3-23*01,GG SLRLSCA ASGFS F S SYAMSWVR QAPGKGL EWVSTITW SGGT TFYAD SVRG RFSISR DNSKN TLFLQMNSLRV DDT AVYYC AGGGSDYDGQGW F DPWGKG TLVTV SP
IGHV3-15*01,E VQLLE SGGG LVKL GG SLRLSC AASGF TFIYAWMNWVR QAPGKG LEFIGRIKS KADGGTTDYAAP V K GRFTISR DDSQN MVYLQM NDLKTDDT ALYYCT TKQTPRECNGENCYDSWGQG ALVTV SS
IGHV3-30*18,Q VQLVES GGG VV QPGR SLRLSC AASGF TINRYAMHWVRQ APGKG LEWVAGISI DGNKK HYAESV EG R FPISRDSSKN TLYLQMNSLRV ED TAVYYCAK EGEGNNW SSFDIW GQG TMVTVS S
IGHV3-7*03,GG SLRLSCA AAGFSFSD FWMTWVR QAPGKG LEWMTSIQ KDGV EKYYVD SVKG RFTIS RDNAKK SVYLQMNSLRV EDT AVYFCARVR KGG FFDIW GQG TKVTA S
IGHV3-7*01,GG SLRLSCA ASGF TFSSYWMSWVR QAPGKG LEWVANIK QDGS EKYYVD SVKG RFTISR DNAKNS LYLQMN SLRAEDT AVYYCA RGGSRDA FDIW GQG TMVTVS S
IGHV3-48*01,E VQLVES GGG LV QPGG SLRLSC AASGF TFRSYSMNWVR QAPGKG LEWVAYIS SSGS KINY ADSVKG RFSIS RDNAKN SVYLQMN SLRAEDT AVYYCA RGSSSAL SAERF DPWGQG TLVTVS S
IGHV3-48*02,GG SLRLSCA ASGF TFSS Y SMNWVR QAPGKGL EWVSYIS SSSS TIYYA DSVKG RFTISR DNAKNS LYLQMN SLRDEDT AVYYCA SDPAATL GTYYYYGMDV WGQG TTVTVS S
IGHV3-33*06,S VRLSCA ASGF TFSS Y GMHWVRQ APGKGL EWVAVIWY DGSNT YYAD SVKG RFTISR DNSKN TLYLQMN SLRAEDT AVYYCA KGG YSYGYN YNW F DPWGQG ALITVS S
IGHV3-9*01,GG SLRLSCA ASGFTFDDY AMHWVR QAPGKGL EWVSGIS WNSGS IGYA DSVKG RFTISR DNAKNS LYLQMN SLRAEDT ALYYCAK DKGGRPGYCSGGSCPGGM DV WGQG TTVTVS S
IGHV3-30-3*01,GW SLRLSC AASGF TFSSYAMHWVRQ APGKG LEWVAVISY DGSNK YYAD SVKG RFTISR DNSKN TLYLQMN SLRAEDT AVYYCARVY SGS YLGYFDY WGQG TLVTVS S
IGHV3-30*03,GG SLRLSCVA SGF TFSS Y GMHWVRQ APGKG LEWVAVIS YDGV EKFFA DSVKG RFTISR DNSKN TLYLQM NNLRAEDT AVYYCA RDRR TV GSGS FDY WGQG TLVTVS S
IGHV3-7*05,EV QLVEVW GRLGPAWGVP ETLLCSLWIHLYTYWMSWVRQ APGKG LEWVANIK QDGS EKYYVD SVKG RFTISR DNAKNS LFLQM NSLRAEDT AVYYC ARGPW WLLHYYLD YWGQG TLVTVS S
IGHV3-30*18,GG SLRLSCA ASGF TFS NF GMHWVRQ APGKG LEWVAVVSY DGTNK F YGDS VKGRFTISR DNSKN TLYLQMN SLREEDT AVYYCAK ASPGDYNGSGSHHPC MDV WGQG TTVTVS S
IGHV3-33*01,GG SLRLSCA ASGF TFSS Y GMHWVRQ APGKGL EWVAVIWY DGSNK YYAD SVKG RFTISR DNSKN TLYLQMN SLRAEDT AVYYC ARGA QY CSGGSCYP LYYYYY G MD VWGQG TTVTVS S
IGHV3-74*01,GS LRLSCA ASGF TF SSYWMHWVRQ APGK GLVWVSRI NSDGSSTS Y ADSVKG RFTISR DNAKN TLYLQMNS LRAEDT AVYYC ASQEEDLRFPS VY G MDV WGQGT TVT GSS
IGHV3-33*01,GG SLRLSCA ASGF TFSS Y GMHWVRQ APGKGL EWVAVIWY DGSNK YYAD SVKG RFTISR DNSKN TLYLQMN SLRAEDT AVYYCA RDLVSNYYGM DV WGQG TTVTVS S
IGHV3-30*18,GG SLRLSCA ASGF TFSS Y GMHWVRQ APGKG LEWVAVISY DGSNK YYAD SVKG RFTMS RDNSKN TLYLEMNSLRV ED TAVYYCAK EGGDSSA WYDWYFD LWGRG TLVTV SS
IGHV3-33*08,GG SLRLSCA ASGF TFSSYWMSWVR QAPGKG LEWVAAIS DDGTN KYYADCV KG RFTISR DNSKN TLYLQMN SLRAEDT AVYYCARW DGSGT KYLGYW GQG TLVTV SS
IGHV3-21*01,GS III PSCA AYFISMSYTINWVR RPPRRGL QWVSSI IDSSA YINYSASVKSRFTS SRDNGK MSVYLD INSL TV EDT GLYFCA RGGNY NDL LSGHHGDDFDHWGQG TLVTVL S
IGHV3-30*18,S LRLSCVA SGF S FSNF GMHWVRQ IPGKGL EWVAIISY EGSNK YYA DSVKG RFSISR DNSRN TVYLQMN SLRTEDT AVYYCA KRSA IWE LL GQG YYFDY WGQG ALVTVS S
IGHV3-21*01,GG SLRLSCA ASGF TFSS Y SMNWVR QAPGKG LEWVSS ISSSSS YIYYA DSVKG RFTISR DNAKNS LYLQMN SLRAEDT AVYYCAR AYD YVWS GGGM DV WGQG TTVTVS S
IGHV3-21*01,GG SLRLSC AASGF TFSTY NM NWVR QAPGKG LEWVSS ISGS SYYIYYA DSVKG RFTISR DNAKNS LYLQMN SLRAEDT AVYYCAR TEDY HYFSET YNDQFDDWGQG TRVTVS S
IGHV3-23*01,GG SLRLSC AASGFP FISFAISWFR QAPGKGL EWVSVIS GSGGRTNYADS VMGRFTISR DNSKN TLFLQMKRL RAEDT AVYYCA KPGTDYWGQ GTLVTVS A
IGHV3-66*01,E VQLVES GGG LV KPGG SLRLSC AASGF TFSSYSMNWVR QAPGKGL EWVSVIYS GGS TYYA DSVKG RFTISR DNSKN TLYLQMNS LRAEDT AVYYCA SP VAVA DV SE A FDIW GQG TMVTVS S
IGHV3-74*01,GS LRLSCA ASGF TFSTFWMHW GRQAPGK GLVWVSRI NPDGT TTDYA DSVRG RFTISR DKAAN TVYLQM NSL S VEDT AVYYCA TGGNGRNAPGMD VW GRG TTVTVS S
IGHV3-66*02,GG SLRLSC AASGF TVS NN YVNWVR QAPGKG LEWVSVI NSGGR TTYA DSVKG RFTISR DNSKN TVYLQM DSLRTEDT AVYYCA SQHRPF FNILT GS YF WGQG TLVTV SS
IGHV3-30*03,GG SLRLSCA ASGF TFSS Y GMHWVRQ APGKG LEWVAVISY DGSNK YYAD SVKG RFTISR DNSKN TLYLQMN SLRAED TAVYYCAR DHGSG WYLYADV WGQG TTVTV S
IGHV3-21*01,PGG SLRLSCA ASGF TF SN YRMTWVRQ APGKGLE GVSSI SGDG TYIYYA DSLKG RFTIS RDNAKS SLFLQM NSLRAEDT AVYYR TRGL TTYYT SNHDPPAWGQ GTLVTVS S
IGHV3-21*01,GG SLRLSC APSGF TFSTYSMNWVR QAPGKG LEWVSTI SSWSS YIYYA DSVKG RFTISR DNTKNS LSLQMNSLRV EDT AVYYCTR DLSSGLPGGF DY WGQG TVVTVS S
IGHV3-7*04,GG SLRLSCAV SGF TFSTYWMSWVR QAPGKG LEWVANI NEDGS ERYYVD SVKG RFTISR DNAQNS LFLQMN SLRDEDT AIYYCVR DGN TLFRYW GQG TLVTVS S
IGHV3-30*03,S LRLSCA ASGF TFSIYGIHWVRQ APGKG LEWVAVISY DGSNK YYAD SVKG RFTISR DNSKN TLYLQMN SLRAED TAVYYCA RGDGYKSPFDYWGQG TLVTVS S
IGHV3-23*04,E VQLVES GG ALV QPGA SLRLACTV SGF T FSDY AMTWVRQ ASGEGL EWLST RCGGGE TTYYAD SVKG RVTISR DNAK HTVFLEM NSLRAED TAVYFCA KDLPA LGVVMIFD QWGQGT PVTV SS
IGHV3-48*01,E VQLVES GGG LV QPGG SLRLSC AASGF TFSS Y SMNWVR QAPGKG LEWVSYIS SSGS TKYYA DSVKG RFTISR DNAKNS LFLQMN SLRAEDT AVYYC ARGPW WLLHYYLD YWGQG TLVTVS S
IGHV3-7*01,PGG SLRLSC AASGF IFSTYWMTWVRQ APGKG LEWVATIKY DGNE KYYVDS VRG RFTISR DNAKN SLYLQVNS LTAEDT AVFYCVRES FSRGDFNWGQG TLVSVS S
IGHV3-15*01,GG SLRLSR AASGFSFSN YWMSWVR QAPGKGL EWVGLIKSK TDDGTTDYAAP VKGRFSISR DDSKN TLYLQMNSLKI EDTG VYYC GTQYPQVDDD YYYYGMDV WGQG TTVTVS S
IGHV3-7*03,GG SLRLSCA ASGF TF SNY WMSWVR QAPGKG LEWVANIK QDGS EKYYVD SVKG RFTISR DSAKNS LSLQM NSLRAEDT AVYYC ARGG AVVVD DFWSGY Y RG HYYYYGMDV WGQG TTVTVS S
IGHV3-33*01,VG SLSLSC AASGF TFSS Y GMHWVRQ APGKGL EWVAVIWY DGSNK YYAD SVKG RFTISR DNSKN TLYLQMN SLRAEDT AVYYCA RDAPA A V AGGLD Y WGQG TLVTVS S
IGHV3-74*01,GW SLRLSC AASGF TFS SY WMHWVR QAPGKG LVWVSRI NSDGSST SYA DSVKG RFTISR DNAKN TLYLQMN SLRAEDT AVYYC ASQEEDLRFPS VYGMDV WGQG TTVTVS S
IGHV3-66*01,V QLVES GGG LV QPGG SLRLSCE ASGF SVS TN YMSWVRQ APGKGL EWVSVLYS GGNS YYA DSVKG RFTISR DTSKN TLFLQMS SLRAEDT AVYFCVR DTLSR AYT GYDSGAHRQP YYYHFAMDV WGQG TTVTV S
IGHV3-64D*06,GG SLRLSCS ASGF TFSSYAMHWVR QAPGKGL EYVSAISS IGGS TYYA DSVKG RFTISR DNSKN TLYLQMSS LRAEDT AVYYCVK DFCSSTS CYWTS G YWF DPWGQG TLVTVS S
IGHV3-30*18,V QLVE SGGN MV QPGG SLRLSCE ASGF TFISYGMHWVRQ APGKGL EWVASISY DEHDNN YAASVKGRLTICR DNSKN TVYLQM DSLRPEDT AVYFCA KGESDYLGES HRHAAEYF QY WGQG TLVTVS S
IGHV3-30*18,GG SLRLSCA ASGF TFSS Y GMHWVRQ APGKG LEWVAVISY DGSNK YYAD SVKG RFTISR DNSKN TLYLQMN SLRAEDT AVYYCAK TGNGP YYY DSSGY TSLDY WGQG TLVTVS S
IGHV3-21*01,GG SLRLSCA ASGF TFSS Y SMNWVR QAPGKG LEWVSSI SNDNNYKDYADSVKG RFTISR DNARNS LYLQMSS LRAEDTA AYN CSRGCPEG IAVAGLD YRGPG TLVTV AS
IGHV3-66*01,GS LSLSC AASGF TFS SNY MSWVRQ APGKGL EWVSVIYS GGS TYYA DSVKG RFTISR DNSKN TLYLQMN SLRAEDT AVYYCA RDLGPYGM DVW GQG TTVTVS S
IGHV3-23*01,GG SLRLSCA ASGF DF TSNGM SWVRQ APGKG LEWVS SSGGEGA THYA DSVKG RFSISR DTSKN TLFLQM N SLRV EDT AIYYC AKDL FWWS AADF WGQGPWSPSL
IGHV3-74*01,GG SLSLSC AASGY TFSTFWMHWVR QAPGKG LVWVSRI DNYGS IINY ADSVKG RFTISR DNSRN TLYLQM NNLRAEDT AVYYCAR DVAGE FST WGQG TLVTVS S
IGHV3-33*08,GG SLRLSC TAPE LRFT SH GIHWVRQ APGKG LQWVAFIWY DGTKK SYA DSVK GRFTIS RDNSQD MVYLQMNSLRV DDT AIYYC AG VTLV TGIP YCL DAWGQG TTVTVS S
IGHV3-53*05,V QLVET GGD LI QPGG SLRLSCS ASGF TVS RN YMHWVRQ APGKGL EWVSAIY SDGT IYY GDSVK GRFTISR DNSKN SLYLEMN SLRPEDT A MYYC ATSIFGEMAQH WGQG TLLTV SS
IGHV3-21*01,GS LRLSCA ASGF AL TD YRINWVRQ GPGEGL QWISFIT GNSGNIDYADPVKGRFPIP RDY ARN S VYLQM NGL KV DDT AVYYCA RSAGAFSPFDSWGQG TLVTV SS
IGHV3-30*18,V QLVES GGG LV QPGR SLRLSC AASGF TFSS YG MHWVRQ APGKGL EWVAVIS DDGSN KYYA DSVKG RFTISR DNSKN TLYLQMNS LRAEDT AVYYCA KDLGESENEEWASD YY DFGSDYPGQDPR AVVGAFDI WGQG TMVTVS S
IGHV3-30-3*01,V QLVES GGG LV KPGG SLRLSCT ASGF SFS S YAMHWVRQ APGKGL EWVAVISY DASDK YYA DSVK GRFTISR DNSKN TLYLQMNS LRAEDT AVYYCA RDQ ITIFGVVLTY GMD V WGQG TTVTVS S
IGHV3-13*04,E VQLVE SGGD LV QPGG SLRLSC AASGF TFSTYDMHWVRQ TTGKGL EWVSAINI AGDT Y YPGP VKGRFTIS RDNAKN SLFLQMNS LRAEDT AVYYCA REPPYESSGY GMDVW GQG TTVTVS S
IGHV3-30*04,Q VQLVD SGGG VV QPGR SLRLFCAV SGF TFSTYTMHWVRQ APGRG LEWVAVISY DGS TKYYAD SVQG RFTISR DTSKN TLYLQMNTL RAEDT ALYYCAR EAVAG SVYFNY WGQG TLVTVS S
IGHV3-53*01,PGKG LELVSFIY SDGS TYYSTSVKCRLTIS RDNSKN TLYLQMNS LRAEDT AVYYCA RDS YYY DRSGY Y DA FD LWGQG TMVIVS S
IGHV3-33*01,GG SLRLSCA ASGF TFSS Y GMRWVRQ APGKGL EWVAVIWY DGSNK YYAD SVKG RFTISR DNSKN TLYLQMN SLRAED TAVYYCA RDNGDFW SGYYLDY WGQG TLVTVS S
IGHV3-74*01,GG SLRLSCA ASGF TF SN YWIHWVR QAPGKG MVWVSRI NTDGSSTG YA DSVR GRFTIS RDNAKS TLYLQMN SLTADDS AVYYCA K TAYIS GT GFYF DSWGR GTLVTVS S
IGHV3-23*01,GG SLRLSCA ASGF TF KDY AMSWVR QAPGTG LEWVSS MTGSSGS TYYA DSVKG RFTISR DNSKN ILFLQM NSLRADDT AIYYCA RSSTN MVLYYFD FWGQG TLVP VSS
IGHV3-15*01,GG SLRLSC AASGFG FSAAWMTWVRQ APGKGL EWVGLIKS KADGG TIDY AAPVKG RFTISR DDSKN MVYLQMN SLKNEDT AVYYCRLVIT PGGFDKWGQ GTLVTVS S
IGHV3-30*03,GG SLRLSCA ASGF TFSS Y GMHWVRQ APGKG LEWVAVISY DGSNK YYAD SGKG RFTISR DNSKN TLYLQMN SLRAED TAVYYCA RPPGGDY GYYYYYYGMD VWGQG TTVTVS S
IGHV3-30*18,GG SLRLSCA ASGF TFSS Y GMHWVRQ APGKG LEWVAVISY DGSNK YYAD SVKG RFTISR DNSKN TLYLQMN SLRAED TAVYYC ANNGV RGVI GGD YYGMDV WGQG TTVTVS S
IGHV3-30*18,GW SLRLSC AASGF TF NN FGIHWVRQ APGKG LEWVAVISY EGSK KYYRD SVEG RFIISK DSSKN TVYLQMNSLRV EDTG VYYCAKVQAILWI RPNYSGM DVW GQG TTVTVS S
IGHV3-7*03,GG SLRLSCA ASGFN F R TSWMSWVR QAPGEGL EWVAHIKF DGS EEYYVESV KG RFTVAR DNAGN FLYLHMSRLR AEDTGR YYCVRGFAVAFD LWGQGT PVTVS S
IGHV3-30-3*02,GG SLRLSCA ASGF TFSSYAMHWVRQ APGKG LEWVAVISY DGSNK YYAD SVKG RFTISR DNSKN TLYLQMN SLRAEDT AVYYCA NEYHDA FDIW GQG TMVTVS S
IGHV3-23*01,L RLSCS ASGFP FISFAMSWVRQ APGKGL EWVSVIS GSGGRTNYADSVK GRFTISR DNSKN TLFLQM N S LRAEDT AVYYCA KPGTDYWGQ GTLVTVS S
IGHV3-9*01,E VQLVES GGG LV QPGG SLRISC AASGFTFDDY AMHWVR QAPGKGL EWVS G ISW NSA SIGY ADSVKG RFTISRY NAKNS LHLQM NNLRPEDT ALYYCA KASSWRHT SYYLD YWGQGTPGHRPL
IGHV3-21*01,E VQLVE SEGG LV KPGG SLRLSCVV SGF SF S TYSMNWVR QAPGKGL EWISYIS SGSN YIYYA DSVKG RFTISR DNAKN SVYLQMNS LRAEDT AVYYCVREVAV AGTGLDYWGQG TLVTVS S
IGHV3-21*01,E VQLVES GGG LV QPGG SLRLSCV ASGF TFSSYSMSWVR QAPGKG LEWVSYIS SSSS YTYYA DSVKG RLTISR DNAKNS LYLQMN SLRAEDT AVYYCA NSRRDG YIDY WGQG TLVTV SS
IGHV3-23*01,E VQLLES GGG LV QPGG SLRLSC AASGF TFSSYAMSWVR QAPGKG LEWVSAIS DSGGS TYYAD SVKG RFTVSR DNSKN TLYLQMN SLRAED TAVYYC ANSPV DIVATIT FPRYWGQG TLVTVS S
IGHV3-53*01,AGS LRLSCA ASGLTVP TTYMSWVR QAPGKGL EWVSIIYA SGK TFHAS SVKG RFAISTD YSKN TLYLQMNS LRTEDT AVYYCA ASNSNVPTG YYYYYYGM DFWGQG TTVIVA S
IGHV3-43*02,GS LRLSCA ASGFTF DDYAM HWV RQ APGKGL EWVSLIS GDGGS TYYA DSVKG RFTISR DNSKN SLYLQMNS LRTEDT ALYYCA KDMGCSGGSC YHYYY G MDV WGQG TTVTVS S
IGHV3-7*01,GG SLRLSCA ASGF TFSSVWMSWVR QAPGKG LEWVANI KPDGS VQEFVD SVRG RFTISR DNAKNS LYLQM NS LEV EDT AMYYC ATEK LYVGKIFD YWGQ GILVTVS S
IGHV3-74*01,GG SLRLSC AASGFT F SRYWMHWVR QAPGKG LVWVSYI NSDGSSTNYADSVKG RFTIS SDNAKN TVYLQMN SLRAEDT AVYFCA RDP RRFGE LLSFY GMDGWGQG TTVTVS S
IGHV3-7*01,GG SLSLSC AASGF TFNLFWMTWVR QAPGKG LEWVANIK QDGS EKYYVD SVRG RFIISR DNAKN SLYLQM NGLRADDT AVYYCIR ENWDWGQG TLVTVS S
IGHV3-33*08,GS LRLSCA ASGF TFSSYGMHWVRQ APGKGL EWVAVIWY DGSNK YYAD SVKG RFTISR DNSKN TLYLQMNS LRAEDT AVYYCA RDGN WVVP ATDYWGQG TLVTVS S
IGHV3-23*01,GS LRLSCA ASGF TF SNY AMTWVRQ APGKG LEWVSSI RGGGE YTYYAASV KG RFTVSR DNSRN TLDLQM DNL RV EDT AIYYC GKRNDPRGG YAIDY WGQG TLVTVS S
IGHV3-33*01,GG SLRLSCA ASGF TFSS Y GMHWVRQ APGKGL EWVAVIWC DGSNK YYA DSVKG RFTISR DNSKN TLYLQMN SLRAEDT AVYYCA RDGGY S YGDGN YYYYGMDV WGQG TTVTVS S
IGHV3-23*01,GA LRLSCA ASGF TFS SYAMSWVRQ APGKGL EWVSAI SGSGGS TYYA DSVKG RFTISR DNSKN TLYLQMNS LRAEDT AVYYCA KDLGD YYY GSGS YY KGDYWGQG TLVTVS S
IGHV3-33*01,GFLRPSCAAAG FIS SSYG MHWVRH APGKGLERG AVRGY DGSNK YYA DPVKG RFTISR DNSKN TLYLQMNS LRAEDT AVYYCA SDRAYGDYDGDYWGQG TLVTVS S
IGHV3-33*01,Q VQLVES GGG VV QPGR SLRLSC AASG FIFS RYG MHWVRQ APGKGL EWVAVIWY DGSNK Y YGD SVKGRFTISR DDSK TTLYLQMS SLRAEDT AVYYCA TSSGWNHFGDHWGQG TLVSVS S
IGHV3-23*01,GG SLRLSCA ASGF TF GNY GMTWVRQ APGKG LEWVSD ISGSGSDS YYA DPVRG RYTIS RDNSKS TLNLQM N S LRAEDT AVYYCA KGPSD YIYGFS DTWGQG TLVTVS S
IGHV3-23*04,E VLLVET GGD LV QPGG SLRLSCI GSG FTF NKNA MSWVR QAPGKG LEWVSSI SGNGNNQ YYA DSVKG RFTVSR DNSKN KVYLQLN SLTPDDT AVYFCAR DRTGSRSPFG CYGMDV WGQGA TVIVS S
IGHV3-21*01,E VQLVES GGG LV KPGG SLRLSC AASG FTFK NSSMN WVRQ APGKGL EWVSS LSYNN IHIYYA DSVRG RFTISR DNAKN SLYLHMN SLRAEDT AVYYCA RDREMPQG YFDL WGRG TLVTV SP
IGHV3-74*01,GG SLRLSC AASGF TFSSYWMHWVR QAPGKG LVWVSRI NSDGSST SYA DSVKG RFTISR DNAKN TLYLQMNS LRAEDT AVYYCARV SPPFDYWGQG TLVTVS S
IGHV3-7*02,E VQLVES GGG LV QPGG SLRLSYA ASGFPFSG YWMTWVRQ APGKG LEWVANIK QDGS EKYHVD SVKG RFTISR DNAKN SLYLQM NGLRAEDT AVYYCAKCI APPGR SLYYYYGMD VWGQG TTVSV SS
IGHV3-33*01,QA QLVES GG GVV QPGT SLKLSC AASGF TFSN YG MNWVRQ APGKGL EWVAVIWY DGSR KYYAD SVKG RFTISR DNSKN TLFLELN SLRAEDT AVYYCA REDPVAG RAVFD HWGQG TLVT GSS
IGHV3-23*01,VG SLRLSC AASGF TFSS YAM SWVR QAPGKGL EWVSTII GNGGR TYS ADSVEG RFAIS RDNFKN TLYLQM TGLRAEH TAVYFCA KDVTR NVIAY GG LIVP ACDISGQ GVMVTVA S
IGHV3-23*04,E VLLVET GGD LV QPGG SLRLSCIA SGF TF NKNA MSWVR QAPGKGL EWVSS ISGNVNNQ YYA DSVKG RFTVSR DNSKN KVYLKLN SLTPDDT AVYLRA RDR TV SRSPFG YYGMDV WGQG TTVIVS S
IGHV3-30-3*01,Q VQVVES GGG VV QPGR SLRLSCVV SG LTF SNHG FHWVRL APGKGPE WVIYISY DGGNK YYAD SVKG RFSISR DNSQN TVYLRMN SLRAEDT AVYYCA RDHLGY TY GS QFYF DNWGR ERW SPSPQ
IGHV3-33*08,GG SLRLSCA ASGF TFSSYAMSWVR QAPGKGL EWVAVIWY DGSNK YYAD SVKG RFTISR DNSKN TLYLQMN SLRAEDT AVYYCAREL VPAYGMDVWGQG TTVTVS S
IGHV3-30*02,V QLVES GG VVV QPGG SLRLSCA ASGF TFSS YG MHWVRQ APGKGL ESVSFIRY DGSNK YYA DSVKG RFTISR DNSKN TLYLQMHS LRAEDT AVYYCA KSDQTH FDY WGQG TLVTV SS
IGHV3-30*03,GG SLRLSCA ASGFTSSNY GMHWVRQ APGKG LEWVALIS NDGSN TYYAD SVRG RFTIS RDNSKK TLDLQINS LRPEDT AIYYCA RDSEFDSSGW IDC WGQG ALVTVS S
IGHV3-23*01,L RLSCA ASGFT FTNYVMAWVRQ APGEGL EWISSI SGGGDDTPYSDPVK SRFTISR DNSKN TLYLQMNS LRSEDT AVYYCAK KLPGQAPFDYWGQ GILVTV SS
IGHV3-66*01,GG SLRLSC AASGF TVS SN YMSWVR QAPGKGL EWVSVIYS GGS TYYA DSVRG RFTISR DNSKN TLYLQMNS LRAEDT AVYYCA RDPW YYDFW REEKY FQH WGQG TLVTV SS
IGHV3-66*01,QL VE SGGD LV QPGG SLRLSCA ASRLSGTSS YMNWVR QSPGKGL EWVSLIS TGGS TYYA DSVKG RFTISR DNAKN TLYLQMNS LRAEDT AVYYCT RE TYY DSWRSTGPSGI W GQG TMVTVS S
IGHV3-21*01,GG SLRLSCA ASGF TFS SHSM NWVR QAPGKGL EWVSS ISSSSS YIYYA DSVKG RFTIS RDNAKH SLYLKMN SLRAEDT AVYYCAS VRDLYSG YTFDY WGQG TLVTVS S
IGHV3-23*01,GG SLRLSCA ASGF TFSSYAMSWVR QAPGKGL EWVSAIS CSGGS TYYA DSVKG RFSIS RDDSKS TLYLQLSS LRAGD TAVYYCA RDMWLPDCGTECQDG FDVW GQG TTVIVS S
IGHV3-30*18,Q VQLVES GGG VV QPGR SLRLSC AASGFS F S SFAMHWVRQ SPGKGL EWVAVISY DGSNK YYAD SVKG RFTISR DNSKN MVYLQM NSLRAED TAVYYC AKSG LFVLVVY APDV LDIW GQG TLVTV S
IGHV3-7*05,GG SLRLSCA ASGF TFSSYWMSWVR QAPGKG LEWVANIK QDGS EKYYVD SVKG RFTISR DNAKNS LYLQMN SLRAEDT AVYYCA RDEYYGSGSYYNDPF YYYYGMDV WGQG TTVTVS S
IGHV3-30*07,GR SLRLSCV ASGFT F S SLAVHWFR QAPGKGL EWVAAIS TDGGYKPYADSVQ GRFTISR DNSKN TLDLQM D SL RAEDT AVYYCA SDYGDYKN YYYYYGMDV WGQG TTVTVS S
IGHV3-74*01,GGS MRLSC ATSGF TFNIYWMHWVR QAPGKG LVWISHI NNDGGT TTYA DSVKG RFTISR DNAKN TLYLQM NNLRAEDT AVYYC ARDV HYKLDIW GQG TMVTVS S
IGHV3-21*01,GG SLRLSCEV SG FTFVSFSMNWVR QAPGKG LEWVSSI SSSGS YIYYA DSVKG RFTISR DNAKNS LYLQMNSLRV EDT AVYYCA RDLWGG VLIDY WGQG TLVTVA S
IGHV3-73*01,GA LKISCA ASGFNFS GSAIQWVRQA SGTGL EWIGRIR SKPTGSAT T Y AA SL K CRFVISR DDSRN TAYLQIHSLKI DDT AVYYCT GD YLYW DQGT LVSV SS
IGHV3-43*01,GG SLRLSCA ASGFSFN RFTMHWVRQ VPGKG LEWVALID RNSR VTYYS DSVQG RFTIS RDNYRN SLYLQM NNLRADDT ALYYCAKEL DCGSGH CYFF DSWGRGTP VAV SS
IGHV3-13*01,GG SLRLSCA ASGF TFSTYDMHWVR QPEGKG LEWVSTV GADAA TY YPGS VKGRFTITR ENAKN TLHLQMSS LRAGD TAVYFCA RGN WGY YGSGT YGMDV WGQG TTVTVS S
IGHV3-74*01,GG SLRLSCV GPGFSFSD SW IHGVR QAPGKG LAWVARI NSDRR TINY ADSVKG RFTIS RDNPRN TLYLQMTS LRAEDT AVYYCA RAGY YRFDY WGLG TLVTVS S
IGHV3-30*02,Q VQLVES GGG VV QPGG SLRLSC AASGF TFSSFGMHWVRQ APDKGL EWVAFITY EGSQ KYYA DSLKG RFTISR DNSKN TLYLRMN SLRAEDT ALYYCAKNLYY DDSSG YYSFDY WGQG TLVTVS S
IGHV3-30*03,L RLSC AGSG FTF SNYGMP WVRQ APGKG LAWVATISY DGNFQNYGDS VKGRFTISR DNSKN TLFLQMNS LRGEDT AVYFCAI GA V AGTE SFAFW GQGT PVTVS S
IGHV3-20*01,GGS LRLSC AASGF T FDDYDM S WVR QAPGKGL EWVSGISW SGSSTGYADSVKG RFTIS RDNAKK SLYLQM NSLRAED TA V YHCAREKLQNYF GDYDDHWGQG TLVTV SS
IGHV3-48*01,E VQLVES GG GVL RPGG SLRLSC AASGF TFRSYSMNWVR QAPGKG LEWVAYIS SSGS KINY ADSVKG RFSIS RDNAKN SVYLQMN SLRAED TAVYYCA RDGSG WYTYGWWF DPWGQ GILVTVS S
IGHV3-30*03,GG SLRLSCA ASGF TFSS Y GMHWVRQ APGKG LEWVAVISY DGSNK YYAD SVKG RFTISR DNSKN TLYLQMN SLRAEDT AVYYCA RDRTDGY NLNWF DPWGQG TLVTVS S
IGHV3-30-3*01,Q VQLVES GGG VV QPGR SLRLSC AASGF TFSSYAMHWVRQ APGKG LEWVAVISY DGIN KYYA DSVKG RFTISR DNSKN TLYLQMN SLGAED TAVYYC ARGS ARITIFGV AN YYYYGMDV WGQG TTVTVS S
IGHV3-21*06,GG SLRLSCA ASGF TFRS YP MTWVR QPPGKG LEWVSS IGGR RTYTYYA DSVKG RFTISR DNAKNS LDLQM NNLRAEDT AVYYCA RGDDYGDRN YL DSWGQG TLVTVS S
IGHV3-66*01,GG SLRLSC AASGL TV SDN YMTWVRQ APGKGL EWVALMY SGGS TYYA DSVKG RFTVSR DNSKN TLYLQMNS LRAEDT AVYYCA RED HVYC SGGGC YS LDQ YYYGMDV WGQG TTVTVS S
IGHV3-49*04,E VQLLES GGGLGQPGQ SLRLSCTA SGSGF TF GD YAMSWVR QAPGKGLD WVGFIRSK AYGGTT EYAASVRGRFSIS RDDSK SIAYLQM NSLKTEDT AVYYCT GAVSSGW YGVIDY WGQG TLVTVS S
IGHV3-7*01,GG SLRLSCA ASGF TFSSYWMSWVR QAPGKG LEWVANIK QDGS EKYYVD SVKG RFTISR DNAKNS LYLQMN SLRAEDT AVYYCA RGWD GVVIIF DGG YYFDY WGQG TLVTV SS
IGHV3-15*01,FAASGF TFIDAWMNWVRQ APGKG LEFIGRIKS KADGGTTDYAAP V K GRFTISR DDSQN MVYLQM NDLKTDDT ALYY CPTKQTPRECNGENCYDSWGQG ALVTVS S
IGHV3-74*01,GG SLRLSCEA SEFNSND YWMHWVRQ TPGKG LMWISRI SSDGS T T N YADSVKG RFTTA RDDAKN TVHLQMS SLTPEDSG LYYC AGT TITCC DYWGQG TLVTVS S
IGHV3-23*01,GR SLRLCC SASGL TFSLYAMGWVR QAPGRG LQWISSIVC SGET AFYA DSVKG RFTISR DNSNNN LFLQM SGLTADDT AVYFCA KDDATHDF W SGGFDNYYPMDAWGQG TTVIVS S
IGHV3-30-3*01,Q VQVVE SGGG VV QPGR SLRLSCV ASGF TYSTYAMHWVRQ APGKGL EWLAVISY DGTNK YYA DPVKG RFTISR DNSKS TLYLQMTS LRSDDT AVYYCV RGE RIVLLWF GELMDYWGQG TLVTV SS
IGHV3-23*01,GG SLRLSCA ASGF TFSSYAMSWVR QAPGKGL EWVSAIS GSGGS TYYA DSVKG RFTISR DNAKNS LYLQMN SLRAEDT ALYHCVIF DR WVSVDY WGQG TLVTVS S
IGHV3-33*08,GG SLRLSCA ASGF TFSSYAMSWVR QAPGKG LEWVAVLRY DGSNKDYGDS VKGRFTISR DNSEN TLNLQMNSL RAEDT AVYYC ARGT YYD FGNWFDPWGQG TLVIVS S
IGHV3-23*01,E VQLLES GGG LV QPGG SLRLSC AASGF TFSSYAMSWVR QAPGKGL EWVSAIS GSGGS TYYA DSVKG RFTISR DNSKN TLYLQMN SLRAEDT ALYYCA KDKTASAAAG VLDY WGQG TLVTV SS
IGHV3-53*05,GG SLRLSC AASGF TVS SN YMSWVR QAPGKGL EWVSVIYS GGS TYYA DSVKG RFTISR DNSKN TVYLQMNSLRV EDTG VYYCAKVQAILWI RPNYSGMD VW GQG TTVTVS S
IGHV3-30*18,GG SLRLSCA ASGF TFSS Y GMHWVRQ APGKG LEWVAVISY DGSNK YYAD SVKG RFTISR DNSKN ALYLQMN SLRAEDT AVYYCA KDDCSST I CP IMD VWGQG TTVTVS S
IGHV3-33*01,GG SLRLSCA ASGF TFSS Y GMHWVRQ APGKGL EWVAVIWY DGSNK YYVD SVKG RFTISR DNAKNS LYLQMN SLRAEDT AVYYCA RDSL V RG VNYYYYGMDV WGQG TTVTVS S
IGHV3-33*01,Q VQLVVS GGG VV QPGR SLRVSC AASG FTFS RNG MHWVRQ APGKGL EWVAVIWY DGSK KYYVD SVRG RFTISR DNSKN MLYLQM NNLT V EDT AVYYCA RDTFTGFGDLNPQ YYYHYGLDVW GQG TTVIVS S
IGHV3-23*01,GS LRLSCA ASGF TFS SYAMSWVRQ APGKGL EWVSAI SGSGGS TYYA DSVKG RFTISR DNSKN TLYLQMNS LRAEDT AVYYCA KSAP MIVVVIP YY F DYWGQG TLVTVS S
IGHV3-23*01,GG SLRLSCVA SG FTFS TNA MTWVR QGPGKGL EWVSAISA IGGS TYYAES VKG RFTISR DNSRN TLYLEMN SLRAED TAIYYC SKNAKYSSS SMEVW GQG TTVTV S
IGHV3-64D*08,GG SLRLSCS ASG FIFS NY AMHWVR QAPGKG LEYVSVIS SNGG TTYYAD SVKG RFSISR DNSKN TLYLQMN SLRAADT AVYSCVR DWGGGA Y WGQG TLVTVS S
IGHV3-23*01,GG SLRLSCA ASGF TFSS Y AMSWVR QAPGKGL EWVS GLTGSGAS AY YGDSV KGRFTISR DNSKN TLYLQLNS LRAEDT AVYYCAKV SSPYHYDSGGR NYYFDY WGQG TLVTVS S
IGHV3-74*01,GG SLRLSCA ASGF TFSSYWMHWVR HTPGKG LVWVSRIK GDGSSTS Y ADSVKG RLTISR DNAKN TLYLQMN SLRAEDT AVYYCA RDGY SF GHDFDYWGQG TLVTV SS
IGHV3-33*01,Q VHLVES GGG VV QPGR SLRLSC AASG FTFSA SGM DWVR QAPGKGL EWVSLISY DGNNKNYADSVK GQFTISR DNSKN TVYLQMD SLRAEDS AIYYCAR HGSEWSRDHWGL GTLVTV SS
IGHV3-7*03,GG SLRLSCA ASGF TFSS Y SMNWVR QAPGKG LEWVANIKR DGS ETYYVD SVKG RFTIS RDNAKN LVFLQM NSLRAED TAVFYCVR SAGMD VW GQG TMFTVS S
IGHV3-7*04,E VQLVES GGG LV QPGG SLRLSC AASGF TFS SNW MSWVR QAPGKG LEWVANI KEDGS EKYYVD SVKG RFTISR DNAKNS LYLQMN SLRGEDT AVYYCARFT RRDPGDYWGQ GTLVTVS S
IGHV3-21*01,E VQLVES GGG LV KPGG SLRLSC AASGF TFS SHSM NWVR QAPGKGL EWVSLIS STST TIFYA DSVKG RFTIS RDNAKK SLYLQMSS LRAEDT AVYYCVR G YTY SNR LLGFDY WGQG TLVTVS S
IGHV3-53*01,GG SLRLSCVA SGF AVS TN YMTWVRQ APGKGL EWVSFMY SGGNANYTDSLKG RFTVSR DDSKN TLFLQMNS LRAED TAMYYCARDILSW G A EYGD YVRYWYFDV WGRG TLVTVS S
IGHV3-33*06,Q VHLVES GGG VV QPGR SLRLSC AASGF TFSS YG MHWVRQ APGKGL EWLAVIW SDGN YEYYAE SLKG RFTIS RDNPKN TLYLQM NDLRPEDS ALYFCA KGTDTWSDGIDKWGQG TMVAV SS
IGHV3-7*03,GG SLRLSC AASGF TF SSD WMSW VR QAPGKG LEWVANIK QDGSER NYVD SVRG RFTISR DNAKNS LFLQLD SLRAEDT AVYYCA TDRGHGW FDC WGQG TLVTVY S
IGHV3-21*06,GG SLRLSC AASG FVF SG YSINWVR QAPGKG LEWVSYIS ESSSH TYYVD SVRG RFTISR DNAKNS LYLQMSS LRAEDT GIYYCA RDRA VKARI GG MDV WGQG TTVIVS S
IGHV3-30-3*01,GG SLRLSCA ASGF TFSSYAMHWVRQ APGKG LEWVAVISY DGSNK YYAD SVKG RFTISR DNSKN TLYLQMN SLRAEDT AVYYC AGE L YSGLDYWGQG TLVTVS S
IGHV3-33*01,Q VQLVES GGG VV QPGR SLRLSC AASGF TFSS Y GMHWVRQ APGKGL EWVAVIWY DGSNK YYAD SMKG RFTISR DNSKN TLYLQMN SLRAEDT AVYYCAR ESSD VDTAMAPLLDS MGFDPWGQG TLVTVS S
IGHV3-30*18,GG SLRLSCA ASGF TFSS Y GMHWVRQ APGKG LAWVAVISY DGRNQ YYAD SVKG RFTISR DNSKN TLYLQMN SLRAEDT AVYYCAK AGSGSYYSPFDYWGQG TLVTVS S
IGHV3-21*01,S LRLS GAASGF TFST Y S M NWVRH APVKGR EWVSSI NSSSN YIYYA DSVKG RFTISR DNAKNS LYLQMNS LRAEDT AVYYCA RDPQRNWNDGEGG YYYGMDV WGQG TTVTVS S
IGHV3-11*01,L SLTCAVY GGSF SGYYWSWIRQ APGKGL EWVSEITL SGFTTHEADS VKGRFSIS RDTSKN IVFLQMTS LRAEDT AVYYCA RASM TTFDVW GHG TAVTV SS
IGHV3-15*01,E VQLVES GGG LV KPGG SLRLSC AASGF TF SNA WMSWVR QAPGKGL EWVGRIKS KTDGG TIDYA APVKG RFTISR DDSKN TLYLQMN SLKTEDT AVYYCTTVL GIG TIYWYFD LWGRG TLVTV SS
IGHV3-7*03,E VQLVES GGG LV QPGG SLTLSC AASGF TFR SS WMRWIR QAPGKG LEWVANIK QDGT EIYYVD AVKG RFTISR DNAKNS LYLQMN SLRAEDT AVYYCVK DTDDWGQ GTLVTVS S
IGHV3-13*01,V HLVD SGGG LV QPGG SLRLSC AASGF TFSR YDM HWVRQV TGKS LEWVSAI GAAGDT Y YPGT VKGRFTISR ENAKNS LYLQMN SLSAGDT AVYYCAR ALPILGEH AFDL WGQG TMVTVS S
IGHV3-64D*08,GG SLRLSCS ASGF TF SSYAMHWVRQ APGKG LEYVSAIS SNGGS TYYA DSVKG RFTISR DNSKN TLYLQMS SLRAE DTAVYYCMK LGRRD IVVV PAAGR F D Y WGQG TLVTV SS
IGHV3-23*01,GG SLRLSC AASGFA Y SAY S M AWVR QAPGKGL EWVSIIR GTGAT AHY ADSVKG RFTISR DNSNN ILYLEMN SLRTEDTAT HYCA K SLAG YC YGG TCYWR PLDSWGQG TLVTVS S
IGHV3-7*01,GG SLKLSC AASGF TLSGYWMSWVR QAPGKG LEWVANID RVGT EIHYVD SVRG RFTISR DDAKNS LYLQMN SLRAEDT AVYYCA RDQSRGW SFDY WGQG TLVTVS S
IGHV3-21*03,E VQLVES GGG LV KPGG SLRLSC AASGF TFS G YTMNWVR QAPGKG LEWVSS ISSSSS YIYYA DSVKG RFTISR DNAKN SLYLQINSL RAED TAVFYCA RDRPYNWNWGG YFYGLDV WGQG TTVTVS S
IGHV3-48*02,GGS LRLSCVASAFTF SNYG MTWVRQ APGKGL EWLAYIS YSS LTIYYA DSVRG RFIISRH NAENS VYVQMN SLRDEDT AIYYCA RGLLERP YLDVW GQG TTVIVS S
IGHV3-11*01,GG SLRLSC AASGFT FSDYYMSWIRQ APGKGL EWVSYIS SSGS TIYYAD SVKG RFTISR DNAKNS LYLQMN SLAAEDT AVYYCA R ESGYDSSGY SF DPWGQG TLVTV SS
IGHV3-7*03,E VQLVE SGG ALV QPGG SLRLSCV GSGF SF S GIWMTWVR QAPGKG LEWVANIK KDGS VQHYVD SVKG RFIISR DNTKNS LFLQMNSLRV DDT AVYYCAR GYGPENWGQG TLVTVS S
IGHV3-33*01,GSLSRSSAASGF TLSRY G MHWVR PAPGNGL EWVAVIWC DGSNK YYA DSVKG RFTISR DNSKN TLYLQMNS LRAEDT AVYYCA REDLT SIA AAGST STIDC WGQG TLVTVS S
IGHV3-23*01,GG SLRLSCA ASGF TFSAFAMTWVR QAPGKG LEWVSTI TDDGYN TYS ADSVK GRITFSR DNSKN TLSLQLRSL RAEDT AVYYCA KGL SY TSGASDHWGQG TLVTVS S
IGHV3-66*01,Q VVES GGG LV QPGG SLRLTCE A AGF TVIN NH MAWVRQ APAKGL EWVS GIDGGGT THYANFV KG RFTIS RDNSRN MLSLQM N S LRADDT ALYYCM GYGGHS VW GQGT QVIVS S
IGHV3-30-3*01,GG SLRLSCA ASGF TFSSYAMHWVRQ APGKG LEWVAVISY DGSNK YYAD SVKG RFTISR DNSKN TLYLQMN SLRAEDT AVYYCA SPIH SIQLWRL G FDY WGQG TLVTVS S
IGHV3-30*03,Q VQLVES GGG VV QPGRP LRLSC AASG FIF SGF GLHWVRQ APGKG LEWVASISY DGGNK YYAD SVRG RITISR DNSKN TLYLQMN SLRAEDT AVYYCA RERFSDI L TGY HAFDV WGQG TMVTIS S
IGHV3-21*05,E VQLVES GGG LV KPGG SLRLSC AAPGF ALSTCAMNWVR QAPGKGLEWG SYIS ASSSNI KY ADSVKG RFNIS RDNAKN SLYLHM DSLRAEDT AVYYCT RDKGVGST WYNYVDVWG IG TTVTVS S
IGHV3-33*01,S LRLSCA ASGF TFRSFGMHWVRQ APGQGL EWLSFIWF DGSNK YYAD SVKG RFIISR DNSRD TLYLQLN SLS A ED T ALYYCA R DYYDTNYF GMDV WGQG TTVTVS S
IGHV3-7*01,GG SLRLSCA ASGF TFSSYWMSWVR QAPGKG LEWVANIK QDGS EKYYVD SVKG RFTISR DNAKNS LYLQMN SLRAEDT AVYYC ASCSSTSC HYYYYGMDV WGQG TTVTVS S
IGHV3-48*02,GG SLRLSCA ASGF TFSS Y SMNWVH QAPGKGL EWVSYIS SSSS TIYYA DSVKG RFTISR DNAKNS LYLQMN SLRDEDT AVYYCASI GGNNWGQ GTLVTVS S
IGHV3-48*03,E VQLVES GGG L VPPGG SLRLSC AASE FTF SSY EMNWVRQ APGKGL EWISYIS TSGS TTYYA DSVKG RFTISR DNAKN SLYLQMN SLRPEDT AIYYCA KHSGSFPRSDY F DCRGQGT PVTV SS
IGHV3-53*04,GG SLRLSC AASGF TVS RN YVSWVR QAPGKGL EWVSVIYS GGS TYYA DSVKG RFTISR HNSKN TVFLQM NSLRPEDT AVYYCARL RAPAS FAFDL WGQG TMVTVS S
IGHV3-33*08,VE SLSLSC AASG FTFS SSG MHWVRQ APGQGL EWVAVIWY DGSNK YYAD SVKG RFTISR DNSKN TLYLQMN SLRAEDT AVYYC ARDK IYN AG FDY WGQG TLVTVS S
IGHV3-33*01,GG SLRLSCA ASGF TFSS F GMHWVRQ APSKGL EWVASIWY DGSNK YYAD SVKG RFTISR DNSKN TLYLVMN SLRAEDT AVYYCA RDFFH T TMAEGGFD Y WGQG TLVTVS S
IGHV3-9*01,GG SLRLSR AASGF T FGD YAMHWVRQ APGKGL EWVSGIS WNSGS IGYA DSVKG RFTISR DNAKNS LYLQMHSL RAEDT AFYYCA KGRGDYPHWD YYGLDVW GHGT TVTVS S
IGHV3-33*01,Q VQLVES GGG VV QPGR SLRLSC AASGF TFSS Y GMHWVRQ APGKGL EWVAVIWY DGSNK YYAD SVKG RFTISR DNSKN TLYLQMN SLRAEDT AVYYCAR KSSDVDTAMAPLLD SMWF DPWGQ ETLVTVS S
IGHV3-21*05,EM QLVES GGG LV KPGG SLRLSCT ASGF TF SDFS MNWVR QAPGKGLE WLSY IRRI RSN IYYA DSVKG RFTIS RDNTKS TLYLQMN SLRADDT AVYYC AGDPTDSLTRNW F DPWGQG TLVTV SS
IGHV3-66*01,EM QLVES GGG LV QPGR SLRLSC AASGL TVRTHCMSWVR QAPGQGL EWVSLIYS AGDTHFADSVK GRFSVSR DNSKN TVYLQMN SLRPEDTD VYYCA TNNGA YF GSGS VYGMDV WGQG TTVTVS S
IGHV3-43*02,GGCLSPSRAAA GFIL DDY AMQWVR PVPGKGL EWVSVVSV DGTD TYYAD SVKG RFTVSR DNTKN SLYLRMHS LRSEDT AVYYCA KAQ SYTFGWFN YYGM DV WGQG TTVTVS S
IGHV3-23*01,GG SLRLSC AASGF TFS SYAMSWVR QAPGKGL EWVSAI GAGGSS TYYA DSVKG RFTISR DNSRN TLYLHMN S LRV ED TALFYCA KAGHDWN YVSSYYFDF WGQG TLVTVS S
IGHV3-23*01,GG SLRLSR VGSG FTFSSFAITWVR QAPGKG LEWVSTIIG SGSDTNSADS VKGRFTISR DNSKN TVHLQMNSLRV DDT ALYFCART LSGSTD FDFW GQG TQVTVS S
IGHV3-9*01,GG SLRLSC AASGFT FDDYAMHWVRQ APGKGL EWVSGIS WNSGT IGYA DSVKG RFTISR DNAKNS LYLQMN SLRAED TALYYCATLAGVVGYY Y GMDVWGQGT TVTV SS
IGHV3-48*03,GG SLRLSCAV SGFSFS HYEVNWVRK APGKG LEWVSYIS SSGG TISYA DSVKG RFTISR DNAKNS LYLQMN SLRAEDT AVYYCA RDWSSSGW SIFDF WGQG TLVTVS S
IGHV3-15*01,GG SLRLSR AASGF TF SNA WMSWVR QAPGKG LEWVGRIKS KTDGGTTDYAAP V K GRFTISR DDSKN TLYLQMN SLKTEDT AVYYC TTGGA VW GQG TLVTVS S
IGHV3-21*06,E VHLVES GGG LVQ AGE SLRLSC AASGF TFS RNSM NWVRQ APGKGL EWVSS ISTS SIYIHY ADTLKG RFTISR DNARN TLYLQMN SLRAEDT AVYYCAR ERGN VLQFLEW LSAPY YFDY WGQG TLVTVS S
IGHV3-23*01,PGG SLRLSC AASGFT LSKYAMNWVRQ APGKGL EWVS GIDGSGGRPPSADSVKG RFTISRD ISKN TLCLQM DSLR AEDTAAYYCA RGKDHDFWNPFDHWGQG TLVTV SS
IGHV3-30*18,Q VQLVES GGG VV QPGR SLRLSC AASGF TINRYAMHWAR QAPGKGR EWVAVISI DGNK KHYAE SGEGRFPISRDSSKN KLYLQM N SLRV ED TAVYYCAK EGEGNNW SSFDIW GQG TMVTVS S
IGHV3-53*01,E VQLVES GGG LV QPGGS LGLSC AASG FIVS SNY MSWVR QAPGKG LEWVSSI SGSTGYADSVK GRCTIS RDNGKN SLYLQMNS LRAEDT ALYFCAR RDSGS LSFDIW GQG TMVSV SS
IGHV3-30*18,GG SLRLSCA ASGF TFSS Y GMHWVRQ APGKG LEWVAVISY DGSNK YYAD SVKG RFTISR DNSKN TLYLQMN SLRAEDT AVYYCAK DFVGHSSG WYYYYY G MDV WGQG TTVTVS S
IGHV3-23*01,GS LRLSCA ASGF TFS SYAMSWVRQ APGKGL EWVSAI SGSGGS TYYA DSVKG RFTISR DNSKN TLYLQMNS LRAEDT AVYYCA KTAT L ASY F DYWGQG TLVTV SS
IGHV3-23*01,GG SLRLSC AASGF T FSSYVMNWVRQ APGKGLD WVSGI FGSGY GTFYA DSVRG RFTISR DNSKN TLYLQMN SLRDEDT AIYYCA KDGAP TVGGIMLNAYYF DYWGQG TLVTVS S
IGHV3-21*01,GG SLRLSCA ASGF TF SPY TVHWVRQ APGKG LEWVSSI SSSG TYMFYE DSVRG RFTISR DNAKN SLYLQMS DLRGDDTG VYYCARCRVDY YDSCE MDY WGQG TRVTVS S
IGHV3-21*01,E VQLVES GGG LV KPGG SLRLSC AASGF TFSIYSMNWVR QAPGKG LEWVSSI SSSSS YIYYA DSVKG RFTISR DNAKN TLYLQMD SLRAEDT AVYYCAS INSG WWLLFS SDY YYMDV WGKG TTVTV S
IGHV3-33*01,GG SLRLSCA ASGF TF RD YTMHWVRQ APGKG LEWVAVIWH DGS REYYVD SVKG RFAISR DNSNN TLYLQM NNL RV EDT ALYRCA TEDGE WLESW GQG TMVTVS S
IGHV3-48*02,GG SLRLSCA ASGF TFSS Y SMNWVR QAPGMG LEWVSYI SSSS ITIYYA DSVKG RF TNPRDHAQN SLYLQINS LRDEDT AVYYCA RDIG RITIFGVVT RPF RYYYYGMDV WGQG TTVTVS S
IGHV3-74*01,GG SLRLSC AGSGYT FSRFWMHWVR QVPVQD LVWVSRI DNGGG IVNY ADSVKG RFTISR DHSRN TLYLQMN SLRAEDT AVYYCAT DVAGEY S TWGPGT LVT V
IGHV3-33*01,G VLRLSC AASGF SFR SQG MHWVRQ APGKGL EWVAAIS DDYGPNK YYAD C V KG RFTISR DNSKN TLYLQMN SLRAEDT AVYYCARW DGSGT KYFGYW GQG TLVTV SS
IGHV3-15*01,GG SLRLSC AASGF TF SNA WMSWVR QAPGKG LEWVGRIKS KTDGGTTDYAAP VKGRFTISR DDSKN TLYLQMN SLKTEDT AVYYCT TH TVLY DSSDYYSDD AFVIW GQG TMVTVS S
IGHV3-53*01,GG SLRLSCA ASGF TVSTTYIIWVRQ TPGKG LEWVSVIYS GGS LEY ADSVKG RFTMSRH YSEN TVYLQMN SLRPEDT AVYYC ARGQ HTTM AG MDV WGQG TTVTVS S
IGHV3-33*01,Q VQLVE SGG AVV QPGR SLRLSCT ASGF TF GSY GMHWVRQ APGKGL EWVALLL SDGSDE YYA DSVKG RFTISRD ISKNA LYLQMNRLRV EDT AVYFCAR AGFG TVSYFYYYMD VWGKG TTVAV SS
IGHV3-23*01,GG SLRLSC AASR LTF SNY SMHWVRQ APGKG LEWVARIR GSGN ITYYS DSLKG RFTISR DNSKN TLFLQLN SLRAED TALYYC AKG TIVVVVAASIF DSWGQG TLVTVS S
IGHV3-23*01,L RLSCA ASGF TFS SYG MSWVRQ APGKG LEWVSTI GGGDGS TYYA DSVKG RFTIS RDNSRD TLYLQMNS LRAEDT AVYYCAK DYRGS TTFI PALEDVPFDNWGQG TLVTVS S
IGHV3-23*01,GG SLRLSCA ASA FT FSNY AMTWVRQ APGKG LEWVSGI SGSGGSTDYADSVK GRFTISR DNSKN TLYLQMN SLRAEDT AVYYCAK AATG YWYFDL WGRG TLVTVS S
IGHV3-20*04,E VQLVES GG GVV RPGG SLRLSC AASGF TF DDYGM SWVRQ APGKGL EWVSGIN WNGGSRGYADSVKG RFTISR DDSRN ILYLQM DSLRPEDR GVYYCA RDGPNYDLD Y WGQG TLVTV SS
IGHV3-23*01,AASGF TFSSFALSWVR QAPGKG LEWVSGIS GSDGG TYYVD RVKG RFTISR DNSNN MLYLQMN SLRAEDT ATYYCA RDRGPAP TVRGVMI APGDYWGQ GTLVTVS S
IGHV3-23*01,VG SLRLSC AASGF SL S SHAMSW VR QAPGKG LEWVS G V GTDGN THYT DSVR GRFSIS RDTSKN ILYLQMN SLRGED TAVYFCA RDL FWWS AADYWGQG TLVT DS
IGHV3-30*18,GG SLRLSCA ASGF TF NNY GMHWVRQ APGKG LEWVAFISY EGSK KYYLD SLKG RFTISR DSSKN TLYLLMN DLRDDDT AVYYCVK RR AIFELW AGNFDYWGQG TLVTVS S
IGHV3-21*01,E VQLVES GGG LV KPGG SLRLSC AASGF TFSTYTMNWVR QAPGKG LEWVSSI SDGGS YIYYAYSVMGRFTISR DDAENS LYMQLYILR AEDT AVYYCAR SFEGH C TKTNCFGGDCWGQGT PVTVS S
IGHV3-33*01,GG SLRLSCA ASGF TFSS Y GMHWVRQ APGKGL EWVAVIWY DGSNK YYAD SVKG RFTISR DNSKN TLYLQMN SLRAED TAVYYCA RDSGS YYYYYGMDV WGQG TTVTVS S
IGHV3-66*01,GG SLRLSC AASGL TV SDN YMTWVRQ APGKGL EWVALMY SGGS TYYA DSVKG RFTVS RDNSKN TLDLQM N S LRAEDT AVYYCASVMAMWD RGLFAN TYYVYGL DAWGQGT TVT V
IGHV3-9*01,E VQLVES GGG LV EPGR SLRLSC AASGF TFHN Y AMHWVRQ LPGKGL EWVS GITSN TVNIDY ADSVKG RFTISR DNAKN SLYLQM NSPRAEDT ALYYCS KDIGYGDY GYYFDY WGQG TLVTVS S
IGHV3-23*01,GG SLRLSCA ASGF TFSS YD MTWVRQ APGKG LEWVSAIS GSGGS TYYA DSVKG RFTISR DNSKN TLFLQMN SLRGED TAVYYCA KAHP FIVYYY DNGGQGD YWG Q GTLVT GSS
IGHV3-74*01,GS LRLSCA ASGF SFSYYSMHWVRQ APGK GLVWLSRI NSDGS STYYAD SVKG RFTIS RDNAKS TLYMQM NSLRAEDT AVYYCT RGDLP YYYGM DAWGQG TTVTVS S
IGHV3-21*01,GG SLRLSCA ASGF TFSS Y SMNWVR QAPGKG LEWVSS ISSSSS YIYYA DSVKG RFTISR DNAKNS LYLQMN SLRAEDT AVYYC ANELLPYYGM DV WGQG TTVTVS S
IGHV3-23*01,E VQLLES GGG LV QPGG SLRLSCA ASGF SF GG YAMSWVR QAPGKG VEWVSGI SGSGATPSYADSVK GRFTISR DNSNN IVNLQIN SLGAED TAVYYCA KGVRGYSPS HFYYW GQGT QVVVS A
IGHV3-21*01,GG SLRLSC AASGL TFSS Y SMNWVR QAPGKG LEWVSS ISSSR SYIYYA DSVKG RFTITR DNAKNS LYLQMN SLRAEDT AVYYC ASQPSAIPD YYYYYGMDV WGQG TTVTVS S
IGHV3-48*01,GG SLRLSCT ASG FTFS TSH MHWVRQ APGKGL EWLSYIN YYGQP TYYA DSVKG RFTVS RDNAKS SLYLQL NGLRAEDT AVYYCVR DY Q W FL GNWGQGTP VTV SS
IGHV3-30-3*01,GG SLRLSCA ASGF TFRRYAMHWVRQ APGKGL EWVAIISY DGHSKYYPDSLKG RFTISR DNSKN TLYLQLN SLRTEDT AVYYCA REGEAGK FDY WGQG TLVTV SS
IGHV3-74*01,GG SLRLSC ASSGF TF SDY WMHWVR KAPGKG LEWVSRI NNDGTTTPCADSVKG RFTISR DNSKN TLYLQMN SLRAED TAVYFCAR DRYGANDYWGQ GTLVTVS S
IGHV3-23*01,GG SLRLSCA ASGF TFSSYAMSWVR QAPGKG LEWVSTIS GSGGSTDYADSVK GRFTISR DNSKN TLYLQMN SLRAEDT AVYYCA KDPYYDFWSG YYLDY WGQG TLVTVS S
IGHV3-74*01,GG SLRLSC AASGF TFSSYWMHWVR QAPGKG LVWVSRI NSDGSST SYA DSVKG RFTISR DNAKN TLYLQMN SLRAEDT AVYYCA SPTGT FWG Q GTLVTVS S
IGHV3-15*01,GG SLRLSC EGSGFT FSQAWMSWVRQ APGKG LEWVGRVKS YPEGMATDYAAPVKG RFTIS RDDPKNT LFLQM NSLKTEDT AVYYCT TDDYYSNTPFDLDSF DF WGQG TMVTVS S
IGHV3-23*04,E VQLVES GGG LV QPGG SLRLSC AASGF TFINYAMSWVR QAPGKGL EWVSTI GGSGGS TWYAD SAKG RFTISR DNSKN TLYLQMN SLRAEES AIYYC AK ATR A FDI WGQG TMVTV SS
IGHV3-23*01,GG SLRLSCAV SGF TF NNY AMSWVR QAPGKG LEWVSAI SGR TYY SDS VKVRFTIS RDNSKN TLYLQINS LRAEDT AIYYCA KDPQY YF GTGP LWD LGQG TLVTVS S
IGHV3-30*10,Q VHLEE SGGG VV QPGR SLRLSC AASGL TF SDY TMHWVRQ APGKGL EWVSFTCF DESSI HYT DSVEG RFTISR DNSKS TLYLQMN SLRTEDT AVYFCA RGHA SASFRID TWGQG TLVTVS S
IGHV3-30*18,S LRLSC AASG LIIST YG MHWVRQ APGKG LEWVAVIS HDGSNK YYA DPMKG RFTISR DNSKN TLYLQMN SLRAED TAVYYCA KDPSI NIAVAGRIDY WGQG TLVTVS S
IGHV3-21*01,GS LRLSCA ASGFGF T S YNMHWVRQ APGKG LEWVS STSHSGT YKYYA DSVM GRFTIS RDNARN SLYLQL NGLRADDT AFYYCVR GEAGR YQTIREWYF DRWGQ GILVTV SP
IGHV3-23*01,GG SLRLSCA ASGF TFR N YTMTWVRQ APGKG LEWVSAIS GSGGS TYYA DSVKG RFTISR DNSKN TLYLQMN RLRDEDT ALFYCA RGVKDTG YYHL DNWGQG TLVTVS S
IGHV3-74*03,GG SLRLSC AASGF M LSDYWMHWV R QVPGKG LVWVSRL SDDGTS TTYAD SVKG RFTFSR DKAKN TLYLQM NSL TV EDT AVYYC GK RAV AGN HWYFALC GRG TLVTVS S
IGHV3-30*18,Q VQLVE SGGD MV QPGR SLRLSCE ASGF TFSSYAMHWVRQ APGKGL ECLAVISY DTSDT YYA DSVKG RFTISR DNSKN TVYMQMN SLRAEDT AVYYC AKDV VGYYY GSGGYKDVWGQG TTVTVS S
IGHV3-NL1*01,Q VQLVES GGG VV QPGR SLRLSC AASG FTFS TSG MHWVRQ APGKGM EWVAVIYS GGS TYYA DSVKG RFTISR DNSKN TLYLQMNS LRAEDT AVYYCA SP VAVA DV SE A FDIW GQG TMVTVS S
IGHV3-21*01,GG SLRLSC AASGF TFYS Y A M SWVR QAPGKGL EWVSFIS RDG LYISYA DSVKG RFTISR DNAKNS LHLQMN SLRAEDT AVYYCARV RQ YQLLLAD FDYWGQG TLVTV SS
IGHV3-30-3*01,G TLSVSC AASGF TLSRYAMHWV GPAPGKGL EWVAVISY DGSNK YYADS VKG RFTI PRDNSKN TLYLQMNS LRAEDT AVYYCA RDEPRE LEGYYYGMDV WGQG TTVTVS S
IGHV3-72*01,E VQLVES GGG LV QPGG SLRLSCT ASGF TF SDH YMDWV R QAPGQG LEWVGRIR NKANSYSTDYA ASVKGRFTVS RDDSKD SLYLQMNSLKI EDT AVYYCVR PALRAGDCSG FSCY PLDSWGQG TQVSVS S
IGHV3-21*01,Q LVES GGG LV QPGG SLRLSC AASGF TFSSYTMNWVR QAPGKG LEWVSS ISSSSS YIYYA DSVKG RFTISR DNAKNS LYLQMN SLRAEDT AVYYCA REDRLPFDYWGQG TLVTVS S
IGHV3-30-3*01,GS LRLSCA ASGF TFSSYAMHWVRQ APGKGL EWVAVISY DGSNK YYAD SVKG RFTISR DNSKN TLYLQMNS LRAEDT AVYYCAR SRGGSYSRG MDVW GQG TTVTVS S
IGHV3-9*01,E VQLVES GGG LV QPGR SLRLSC AASGF T FDDY AIHWVRQ VPGKG LEWVSGIS WNSGS IGYA DSVKG RFTISR DNAKNS LYLQMN SLRAEDT ALYYC ARGGSY YSYYYYYMDV WGKGDHGH RL L
IGHV3-21*05,E VQLVES GGG LV KPGE SLRLSC AASGF TFST YG MNWVR QAPGKGL EWISYIY TSSPD IYYA DSVKG RFTISR DNAKNS LYLQMRS LRAEDT AVYYCA RDIGM AVAGIYF DNWGQG TLVTVS S
IGHV3-23*01,GG SLRLSCA ASGF TFTKY DM SWVH QAPGKG LEWVSG ISGSGN TTYYA DSVKG RFTISR DNSKN TLFLQM DSLRAED TAVYYCA KDDDRPLFGAPGFDSWGQG TLVTVS S
IGHV3-13*05,GS LSLSC AASGF TFRS YDM HWVR QGIGQGL EWVS GIGSAGDPYYPGS VKGRFTIS RENAKNS LFLQMNSL RAGD TAVYYCA RGARDYSDSSGYFSPPFDYWGQ GILVTVS S
IGHV3-33*01,GR SLRLSC AASGF TFSSYTMHWVRQ APGKG LEWVALIWS DGSNSGY AESVKGRFTI PRDNSE TTVSLQM NSLRAED TAVYYCT RENLA WRQY FDSWGPG TLVTV SS
IGHV3-23*01,GG SLRLSC AASGF TFTTY DMN WVR QAPGKGL EWVSAIS GSGGS TYYA DSVKG RFTISR DNSKN TLYLQMN SLRAEDT AVYYC AKD WLT LKPGQ YYYYGMD VWGQG TTVTVS S
IGHV3-21*05,E VRLVES GGG LV KPGGS LRRS C AASGF TFSTYSMSWVR QAPGKG LGWISYIY TSSPD IYYA DSVKG RFTISR DNAKNS LYLQMRS LRAEDT AVYYCA RE IGM AVAGIYF DNWGQG TLVTV SS
IGHV3-7*02,E VQLVES GGG LV QPGG SLRLSCEV SG FTF S GYWMTWVRQ APGKG LEWVANIK QDGSD KYYVD SVKG RFTIAR DNAKN SVYLQMD SLRAEDT AVYYCAKCI APPGR LYYYYYGMD VWGQG TTVTVS S
IGHV3-66*01,GG SLRLSCTVSGFIVS TN YISCVRQ APGQG LECVAVIY GDDN IYYAD SEKG RFTIS RDD FAN TLHLQM NT LSVEATALYYC ARGA A AAHPHW F DPWGQG TLVTV SS
IGHV3-9*01,E VQLVES GGG LV QPGR SLRLSC AASG FIF DDY AMHWVR QPPGKGL EWVSGIS WNSGNI GY ADSVKG RFTISR DNAKNS LYLQMN SLRAEDT ALYYC A KD IAHL WEY SSSFDYWGQG TLVTVS S
IGHV3-23*01,GG SLRLSCA ASGF TFSSYAMSWVR QAPGKGL EWVSAIRR SGGR TYYAD SVKG RFTISR DNSKN MLYLQMN SLRAED TAVYYCAK DDQHGKSGG WCRIDWYIQH WGQG TLVTVS S
IGHV3-7*03,WG SLRLSC AASGFSFSN Y WMSWVR QAPGKG LEWVANI NKDGS EKFYVD SVKG RFTIS RDNAKDS LYLQMN SLRAEDT AVYFCVR ERG IEVILT EDSY F DYWGQG ALVTVS S
IGHV3-13*01,GS LRLSC AASG FIFK NYD MHWV RPAPGKGL EWVSAID TVGD TY YPGS VTGRFNI S RED AKDS LFLQMNS LRAGD TAVYFCARV RPR ITLV RG VTVYGYGM DLWGQG TTVTVS S
IGHV3-30*18,GG SLRLSCEA SGFTNSK YAMTWVRQ APGKG LEWVAFIS YEGS IKY YPDSVK GRFTISR DSSSK TLYLQMN SLRAEDT ALYYCA KDG YTFELR KGN WYFDL WGRG TQVTVS S
IGHV3-74*01,GS LRLSC AASGFT FSRYWMHWVRQ APGKG LVWVSRI NSDGSSTS Y ADSVKG RFTISR DNAKN TLYLQM NSLRAED T AVYYC AR EGI A AR GVAFDIW GQG TMVTVS S
IGHV3-30*10,Q VHLEE SGGG VV QPGR SLRLSC AASGL TFS NY AMHWVRQ APGKG LEWVAFTS FDESS IHYT DSVEG RFTISR DNSKN TVYLQMN SLRTEDT AVYFCA RGHASG SFRID TWGQG TLVP VSS
IGHV3-7*01,GG SLRLSCA ASGF TFSSYWMTWVR QAPGKG LEWVANIK QDGS EKYYVD SVKG RFSIS RDNAKNS LYLQMN SLRAEDT AVYYCA RDSALN VDYYY G MDV WGQG TTVTVS S
IGHV3-7*01,GW SLRLSC AASGF TFSSYWMSWVR QAPGKG LEWVANIK QDGS EKYYVD SVKG RFTISR DNAKNS LYLQMN SLRAEDT AVYYCARV TTP WLLF MPGR YYYGMDV WGQG TTVTVS S
IGHV3-23*01,GS LRLSCA ASAFPFS SY AMAWVRQ APGKG LEWISGI GSDGS THYA DSVKG RFTISR DNSKN TLYLQMN SLRAEDT ALYYC AKDLH YYTALD YWGQG TLVTVS S
IGHV3-30*03,GG SLRLSCA ASGF TFSTFAMHWVR QAPGKG LEWVAIISY DGN TLYG D SVKGRVTIS RDNSKD TLYLQMN SLRPADT AVYYCAR ETPDSSSS YFDY WGQG TLVTV SS
IGHV3-7*03,L LVES GG HLV QPGG SLRLSCV TSEF SL T THWINWVR KAPGKG LEWLATM NDDGS EAYYLD SVKG RFTLS RDRSKR SFFLQM D SLRV DDT AIYYCARR FKTPPTLDKA FDVW GQG TLVTVS S
IGHV3-7*01,PGG SLRLSC AASGF TF SSHLMTWLRQ APGKG LEWVANIYQ DGR EKYYVTSV R GRFTISR DNAKN SLYLQMDS LRAEDT GVYYCA SERPSSSWHDYWGQG TLVTV SS
IGHV3-23*01,E VQLLES GGG LV QPGG SLRLSCA ASGF SF GG YAMSWVR QAPGKG VEWVSGI SGSGATPSYADSVKG RFTISR DNANN ILNLQIHS LGAED TAVYYG AEGVRGYSPSHFDYWGQG TQVVVS A
IGHV3-33*06,Q VQLVES GGG VV QPGR SLRLSC AASGF TVSTYGMHRVRQ APGKG LEWVVSIWY DGSNKDYADS VKGRFTISR DNSKN TLYLQMN SLRAEDT AVYYCAKCI WGSSLI DAFDI WGQG TMVTV SS
IGHV3-30*18,GS LSLSC AASG FIF SDY AMHWVR PAPGKGL EWVTLIS HDGGH KYYAD SVR GRFTVSR DNSRN TLYLHINS LRAE DTAMYYCAKILS SA WFDLRVGYFE NWGQG TLVTVS S
IGHV3-9*01,GG SLRLSC AASGF TFHEYAMHWVR QAPGQG LEWVSGITW NSNTI GY ADSVKG RFAIS RDNAKS SLYLQM NNLRADDT AFYYCA RGDDTSD YYS TGQNSWGQG TLVTVS S
IGHV3-7*01,GG SLTLSCA ASGF TFSYHWMTWVR QAPGKG LEWVANI KNDGA VKNYVD SVKG RFTISR DNAKNS LYLQMN SLRAEDT AVHYCA KDSYSKGDF W GQ GVLVTVS S
IGHV3-30*03,GG SLRLSCA ASGF TFSSYGIYWVRQ APGKG LEWVAVISY DGSNEHYADSVK GRFTISR DNSNN TLFLQMNSVR TEDT AVYYCAR SLPGTDGM DVW GQG TTVTVS S
IGHV3-64*02,GG SLRLSC AASG FIFR NHGM HWLR QAPGKG LEFVAP LSSDGQNAS YAD F V KG RVTISR DNAKN TLYLQM GS LTI EDM GVYYCA RPRGTTNWREP LHVR SQGT FITVSIPI WGQG TQVTV S
IGHV3-33*01,Q VQLVES GGG VV QPGR SLRLSCT ASG FTFSS Y GMHWVRQ APGKGL EWVAVIWY DGSNK YYAD SVKG RFTISR DNSKN TLYLQMN SLRAEDT AVYYCAR ESSDVDTAMAPLRDSMGFDPWGQG TLVTVS S
IGHV3-74*01,GG SLRLSC AASGF TFS R YWMHWVR QAPGKG LVWVSRI DSDGS SIAYAD SVKG RFTISR DNAKN TLYLQMN SLRAEDT AVYYC ASPFDYYDSTRMDYWGQG TLVTVS S
IGHV3-23*01,GG SLRLSCA ASGF TFSSYAMSWVR QAPGKGL EWVSAIS GSGGS TYYA DSVKG RFTISR DNSKN TLYLQMN SLRAEDS AVYYC AKTTE WELLVGY TDYWGQG TLVTVS S
IGHV3-23*01,GG SLRLSC AASEFN FIDYAMSWVRQ APGKGL EWVT G MKY RGRDKS VSYIN SVEG RFTIS RDNPKN MLYLQMD SLRSEDT AIYYCVK EGGSGNDWEGP FYF DSWGQG TLVTVS S
IGHV3-33*01,GG SLILSC AASG FTFS SSG MHWVRQ APGKGL EWVAVIWY DGRNK YYAD SVKG RFTISR DNSKN TLYLQMN SLRAEDT AVYYCA RDTGT TYGMDVW GQG TTVTVS S
IGHV3-48*03,E VQLVQS GGG LV QPGG SLRLSCT ASGFGFS SYEMNWVR QAPGKGL EWIAYILA SSS TIYYA DSVRG RFTISR DNAKNS LYLQMD SLRAEDT AVYYC ARD IWCSY SSCSQGANWGRG ALVTVS S
IGHV3-9*01,E VQLVES GGG LV QPGR SLRLSC AASGFT F DDY AMHWVR QAPGKGL EWVS G I RNSGS IGYA DSVKG RFTISR DNAKN SLYLQMNS LRAEDT ASYYCA KDKGG YYD LSG YYYFD YWGQG TLVTVS S
IGHV3-21*01,E VHLVES GGG LVQ AGE SLRLSC AASGF TFS RNSM NWVRQ APGKGL EWVSS ISTS SIYIHY ADTLKG RFTISR DNAKNS LYLQMN SLRAEDT AVYYCAREF TGYSSSNFDYWGQG TLVTVS S
IGHV3-21*01,H LVES GGG LV KPGG SLRLSC AASGFNFRDYS MNWVR QAPGKG LQWVSS IS STAVYRYFADLV KGR FNVS RDNAKNS LYLEMISL SPDDTG LYYCARAARV DTGYDGP IDY WGQG TLVTVS S
IGHV3-7*01,E VQLVE SGGN LVQ AGG SLRLSCAV SGF TFSEYWMTWVRQ APGKG LEWVATIS SDKSSEHYADSLKG RFIISR DNGGN SLYLHMN SLRAEDT AVYD CTKNSG WYRLEH WGRG ALVTV S
IGHV3-23*01,GG SLRLSCA ASGF TFS NYAMNW VR QTPGKGL EWISS ISGNATGT KY ADSVKG RFIISR DNSKN TLYLQMN SLRNEDT AVYYCA KDPVG FLL GDDF DIW GQG TMVTVS S
IGHV3-23*01,GG SLRLSC AASGF TFS SYAMSWVRQ APGKGL EWVSAI SGSGGS TYYA DSVKG RFTISR DNSKN TLYLQMN SLRAE DTAVYYCAK LGGCPPY YFD YWGQG TLVTV SS
IGHV3-23*01,VG SLILSC AASGF TF NNY AMTWVRQ APGKG LEWVSSI TGSGQ TTYYA DSVQG RFTISR DNSQN TLYVQID SLRAEDT AVYFCVKQY DFWTTSR FDY WGQG TLVIAS S
IGHV3-64D*06,GGR TYYA DSVEG RFTISR DNSKN TLYFQMSSLRV EDT AVYYCVT GSYCTSTSCPRWDYWGQG TLVAVS S
IGHV3-48*02,GG SLRLSCA ASGF TFSS Y SMNWVR QAPGKGL EWVSYIS SSSS TIYYA DSVKG RFTISR DNAKNS LYLQMN SLRDEDT AVYYCA RDGL GIVVV PTRPPT YYYGMDV WGQG TTVTVS S
IGHV3-7*01,SGG SLRLSCA ASGF TF SNN WMTWVRQ APGKGL EWVAHIK EDGGE KHYV DPVKG RFTIS RDNAKN SLYLQMNS LRAEDT AMYYCVR DRGYCSGGT CYALWD YWGQG TLVTVS S
IGHV3-30*02,Q VQLVES GG GVV QPGG SLRLSCV ASGF TFST Y GMHWVRQ APGKGL EWVSFIHY DGT K K Y YPDSVK GRFTISR DNSKN TLYLQMN SLRAEDT AVYYCAR DVGGWSG SLYYYYMDV WGQG TTVTVS S
IGHV3-23*01,E VQLLES GGG LV QPGG SLRLSC AASGF TFTNYAMTWVR QAPGKG LEWVSA LSGSGV TTYYA DSMKG RFTISR DNSKN SLYLQMN SLRAEDT AVYYCA REDRLPFDYWGQG TLVTVS S
IGHV3-74*01,GG SLRLSCVV SGFTFS NYW MHWVR QAPGKG LVWVARL NEYGS ITTYA DSVKG RFTISR DNAKNS LYLQMNSL RADDT AVYYCAT DVAGE YS TWGPG TLVTVS S
IGHV3-30*04,GRSLRPSCAASGF MF SS YAMHWVRQ APGKGL EWVAVISF DGSNK Y YGD SVKGRFTISR DNSNN TLFLQMNTL RAEDT AMYYCARVV GTNEWTG AYW GQG TLVTV SS
IGHV3-13*01,VG SLRLSC AASGF TFSS FD MHW VR Q ATGKG LEWVSTI GTAGD TYYAGSVKGRFT TSRENAKN SLHLHMNS LRAGD TAVYFCAR ATTDY YYSAMDV WGQG TTVTVS S
IGHV3-15*01,E VQLVES GGG LV KPGG SLRLSC AASGF TF SNA WMSWVR QAPGKG LEWVGRIKS KTDGGTTDYAAP VKGRFTISR DDSKN TLYLQMN SLKTEDT AVYYCA RDLAA AGRDYWGQG TLVTV SS
IGHV3-7*01,GG SLRLSCA ASGF TFNLFWMTWVR QAPGKG LEWVANIK QDGS EKYYVD SVRG RFIISR DNAKN SLYLQM NGLRADDT AVYYCIR ENWDWGQG TLVTVS S
IGHV3-30*18,GG SLRLSCA ASGF TFS NF GMHWVRQ APGKG LEWVADISY EGS LKH YADSVK GRFTT SRDNSKN TLYLQMNIL RPEDT AVYYCA K RIQIFKL GE EWF DPWGQG TLVTVS S
IGHV3-23*01,GG SLRLSCA TSGFPFSS YAMTWVRQ APGKG LEWVSGI SGSGGN TYYA NSVKG RFTISR DKSRN TVYLQMNSLRV EDT AVYYCVK ENGLGPNY F D Y WGQG TLVTV SS
IGHV3-30*03,GG SLRLSCA ASGF TFSR Y DMHWIRQ APGKGL EWVAVISY DESNK YYADSV K GRFSVSR DNSRN TLHLQMISL RDADT AVYYC ARDQ RILS G YSLFD YWGQG TLVTVS S
IGHV3-74*01,GG SLRLSCAV SGF TF SNS WM HWVR QAPGKG LVWVSRI SPDGSSPTHADSVK GRFTISR DNAKN TLYLQMN SLGVED TAVYFCVR GPSDGGHG RFEYW GQG TLGTIS S
IGHV3-15*01,GS LRLSCE ASGF TF SKAWMNWVRQ APGRGL EWVGRIKS KSNGGTTDYAAP V K GRFTIS RDDSKD TLYLQMN SLNTEDT AEYYCT ADDPAIVPAVRPLYDYHYGM DV WGKG TTVTVS S
IGHV3-23*01,GS LRLSCA ASGF TFN T YTMTWVRQ APGKG LEWVSSIS ETGSG TYYA DSVRG RFTIAR DNSEK TLYLQINS LRAEDT AVYYCAKV HGYPNLGQG TLVTV SS
IGHV3-74*01,GS LRLSCA ASGY TFS R FWMHWVR QAPGQG LVWVSRI DNYGS TINY ADSVK GRFTISR DNSRN TLYLQMNS LRADDT AVYYCAT DVAGE Y S T WGPG TLVTV S
IGHV3-23*01,GG SLRLSCA ASGF TFSSYAMSWVR QAPGKGL EWVSAIS GSGGS TYYA DSVKG RFTISR DNSKN TLYLQMN SLRAEDT AVYYC AKDRP LLWF GELPNFFDYWGQG TLVTVS S
IGHV3-74*01,GGS LRLCCA ASEF TF SS SWMHWVR QAPGKGLD WVAHI DPA VTYT NYAGS VQGRFTIS RDNARD TLFLQMN SLRDEDT AVYFCTT LPGYSADDYWGQG TLVTV SS
IGHV3-20*04,E VQLVES GG GVL RPGG SLRLSCAV SG FTF DDYGM SWVRQ APGKGL EWVSGIN WNGGSTGYADSVKG RFTISR DSAKN SLYLQMN SLRPEDT ALYYCA KDQSHF YD TFLGD AYDI WGQG TMVTVS S
IGHV3-30-3*01,GR SLRLSC AASGF SFS SSAMP WVR QAPGKG LECVTFISY DGSNK YYVD SVKG RFTISR DNSKN TLYLQMNILR AEDT AMYYCASVR GPISDNSG YFYRYLHYW GQG TLVTVS S
IGHV3-66*01,LSGG SLRLSCT ASG FTVS SK YMTWVRQ APGKGL EWVSFIYS GGSTDYADSVK GRFTISR DNSKN SLYLQMNS LRAEDT AMYYCA RGRDDFWGG YY VPDYWGQG ALVTV SS
IGHV3-23*01,GR SLRLSC AASGF TFS SYAMSWVRQ APGKGL EWVSAI SGSVG TTFYA DSVKG RFTISR DNSKN TLYLQMHS LRAEDT AVYYCA KF L AGSSPHRTGA TTYFDY WGQG TLVTVS S
IGHV3-33*05,GG SLRLSCVA SGF TLNTYVIHWVRQ APGKG LEWVAVIS SDGDNQ YYA DSVKD RFTISR EDSKN TVYLQMN SLRPEDT SIYYCARE LPGGTNN WYRR GGYKNGM DVW GQG TTVTVT S
IGHV3-23*01,GG SLRLFCA ASGF TFSTYAMTWVR QAPGKG LEWVAGIT QNGL TTYYT DSLKG RFTISR DNSRN TLYLEMS SLRA EDTAIYYCAK YGLE V GK TEYFD YWGQG TLVTV SS
IGHV3-23*01,S LRLSFAA SGF S FGSY GMSWVRQ APGKG LEWVAYIT ERSER SIYA DSVKG QFTISR DNSRD TLYLQLS NLRAED TAIYYCA REPSRRADLWGQG TLVTVS S
IGHV3-23*01,E VQLLD SGGG LV QPGG SLRLSC AASGFN FYKHAMNWVR QAPGRG LEWVSS LSGDGT STFYAD AVRG RFTISR DNSKN TLYLQMN SLGPEDT AIYHCA RDPPGG VIR GG RAFAVW GPGT TVAVS S
IGHV3-48*01,GG SLRLSCA ASGF TFSS Y SMNWVR QAPGKGL EWVSYIS SSSS TIYYA DSVKG RFTISR DNAKNS LYLQMN SLRAEDT AVYYCAR EESSGT RYC SSTS CYYYYY G MD VWGQG TTVTVS S
IGHV3-23*01,E VQLLES GGG LV QPGG SLRLSC AASGF SFSTCAMNWVR QSPGKGL EWVS GISGSG VSTY SSNSV KGRFTIS RDNAKK SLYLQMN SLRAEDT AFYYCARATFV RPT FY SAGSTYPM F DYWGQG MLVTVS S
IGHV3-23*01,GG SLRLSCA ASGF TFSSYAMSWVR QAPGKGL EWVSAIS CSGGS TYYA DSVKG RFTISR DNSKN TLYLQMN SLRAEDT AVYYCA KDHNDCGGDCYPN YYYYYGMDV WGQG TTVTVS S
IGHV3-30*18,GG SLRLSCA ASGF S FNNY GMHWVRQ APGKG LEWVAVISY EGS RKYYA DPVKG RFTISR DSYKN TLYLQM DSLGLED TAVYYC AKRN LIFMMYA ANDAFDLWGQG TLVTVS S
IGHV3-23*01,GG SLRLSCA ASGF TF SD Y ALSWVRQ VPGKGL EWVSAIS ATGL NIYYA DSVEG RVTISR DNSKS TLYLQM DNL RV ED TALYFCT KDL GIVVAGVM ENWGQ GVLVTVS S
IGHV3-9*02,GR SLRLSCA ASGFTSDD Y AMHWVR QTPGKGL EWVS G ITW NSD YISY ADSVRG RFTISR DNAKNS LFLQM NSLRPEDT ALYYCAK DLGAGQDY W GQ GTLVTVS S
IGHV3-15*01,E VQLLES GGG LV KPGE SLRLSC AASGF TFI DAWMNWVR QAPGKG LEFIGRIKS KADGGTTDYAAP V K GRFTISR DDSQN MVYLQM NDLKTDDT ALYYCT TKQTPRECNGENCYDSWGQG ALVTV SS
IGHV3-21*01,E VQLVES GGG LV KPGG SLRLSC ATSGF SFS SHSM NWVR QAPGKGL EWVSS ISSSSS YIYYA DSVKG RFTISR DNAKNS LYLQMD SLRAEDT AVYYCA REDRLPFDSWGQG TLVTVS S
IGHV3-7*01,GG SLRLSCA ASGF TFSS Y WMSWVR QAPGKG LEWVANIK QDGS EKYYVD SVKG RFTISR DNAKNS LYLQMN SLRAEDT AVYYC SRVGL GVVVV PAAT HYYCYGMD VGGQG TTVTVS S
IGHV3-23*01,GG SLRLSCVA SGFNFKN YALGWVRQ APGKG LEWIS GISGSG LVIQYA NSVR GRFTVSR DDSKT TMYMEM NDLRAED TAIYYCA KDSTVGS SIYGVLSF DSWGQG TLVTVS S
IGHV3-30*18,Q VQLVES GGG VV QPGR SLRLSC AASGF TFSSFGMHWVRQ APGKG LEWVAVISY DGNNK YYAD SVKG RFTISR ENSKN TLYLQMN SLRAEDT AVYHCA KDLGESENEEWASDY YD FGRDYPGQDPR AVVGTFDIW GHG TMVTVS S
IGHV3-30*18,Q VQLVES GGG VV QPGR SLRLSC AASGF AF SNF GMHWVRQ APGKG LEWVAVTS YDGSNK YYAD SVKG RFTISR DNSKN TLYLQMN SLRAED TAVYYC AKSG LFVLVVY APDV FDVW GQG TMVTVS S
IGHV3-21*01,D VQLVES GGG LI KPGG SLRLSCVA SGF TF SNA WMHWVR QAPGKG LEWVSS VTSSS TYISY ADSVKG RFTISR DNAKNS LYLQMN SLRGDDT AVYFCT RAPNH YYYMDV WGKG TTVTVS S
IGHV3-30-3*01,GG SLRLSCT ASGF TFNMHAMHWVR QAPGKG LEWVAVIS NDGSDE YYA D SVRGRFPIS RDN FKD TLFLQM NSLRPEGT AIYYC AKARHCTT ATCASAAFDA WGQG TMVTVS S
IGHV3-21*02,E VQLVES GGG LV KPGE SLRVSCA ASDF TFSS YGM NWVRQ APGKGL EWLSYI SPTTS HIYYA DSVRG RFTIS RDNPKNS LYLKM NSLTAEDPA VHYCA RDG LVYARS S Y MD V WGTG TTVTVS S
IGHV3-23*01,GW SLRLSCAV SGF TF S SYAMIWVRQ APGRG LVWVSSI GASGD SIYYTD SVKG RFTISR DNSKN TLYLQMSSLRV EDT AVYYCAK IPDVSDYWGQG TLVTVS S
IGHV3-7*01,GG SLRLSCA ASGF TFSSYWMSWVR QAPGKG LEWVANIK QDGS EKYYVD SVKG RFTISR DNAKNS LYLQMN SLRAED TAVYYCA RDGTGTS GYYYYYGMDV WGQG TTVTVS S
IGHV3-33*01,Q VQLVES GGG VV QPGR SLRLSC AASGF TFSS Y GMHWVRQ APGKGL EWVAVIWY DGSNK YYAD SVKG RFTISR DNSKN TLYLQMN SLRAEDT AVYYCT RESSDVDTD MAPLLDS MGFDPWGQG TLVTVS S
IGHV3-33*08,GG SLRLSCVA SGF TFSH YG TTWVRQ APGKGL EWVAVIWY DGSNK YYAD SVKG RFTISR DNSKN TLYLQMN SLRAEDT AVYYC ARGG IAAA GTNYWGQG TLVTVS S
IGHV3-20*04,E VQLVE SGG TVV RPGGS LRL PCAASGF TFA DYG MSWVRQ APGKGL EWVSGITW NGGSTGYTDS V K GRFTI SRDNVK KSLYLQM NSLRAEDT ALYYC ARGPT YY HDSNA YYYD YWGQG TLVTV SS
IGHV3-21*06,GG SLRLSC AASGF TFIRYSMNWVR QAPGKG LEWVASIS GSSS SIYYA DSVKG RFTIS RDNAK YSLYLQMN SLRAGD TAVYYCAKW TGGGSWS SL F DYWGQG TLVTV SS
IGHV3-30*13,Q VQLVES GGG VV QPGR SLRLSCT ASGF TF SNY GLHWVRH APGKG LAWVAIIS YDGS YTYYA DSVKD RFAISR DNSND RLYLQMNS LRTDDTA TYYCA KDPGDYEPP IIAS DFWGQG TLVTVS S
IGHV3-21*03,E VQLVES GGG LV KPGG SLRLSC AASGF TFS G YTMNWVR QAPGKG LEWVSSI SSSSS YIYYA DSVKG RFTISR DNAKNS LYLQMNS LRAEDT AVYYCAR EPGGTT QGRFDY WGQG TLVTVS S
IGHV3-49*03,GS LRLSCT SSGFNFGDYG MSWFR QAPGKGL EWVGLIRS EAYGGTT EYAAAV NG RFTISR DDSKG VAYLQM NSLKSEDT AVYYC SRGLPAR WRQLDF D Y WGQG TLVTVS S
IGHV3-30-3*01,GG TLRLSCA ASGF TFSSYAMHWVRQ APGKG LEWVAVISY DGSNN YYAAPV KG RFIISR DNSKN TLYLQMN SLRAEDT AVYYCA RDWD ELYCTS TSCRKGGSED YYYYYGMDV WGQG TTVTVS S
IGHV3-23*01,GG SLRLSCA ASGF TFSSYAMSWVR QAPGKGL EWVSAI SGSGG ITYYA DSVKG RFTISR DNSKN TLYLQMN SLRAEDA AVYYC AKDS ITMIVDVF DYWGQG TLVTVS S
IGHV3-66*02,GG SLRLSCA ASGF TV GSN SINWVRQ APGKGL EWVSLIY SGG TIFYA DDVKG RFTITR DTSRN TVFLQMTR LRPEDT AMYYCAR DLKMGYNGLDAWGQG TTVTVS S
IGHV3-23*01,E VQLLES GGG LV QPGG SLRLSC AASGF SFST F GMSWVR QAPGRG LEWVSD IGTTGGN TYYA DSVRG RFTISR DNSKN MVFLQMD SLGGED TAVYYCAR LNS WVRFDY WGQG TLVTVS S
IGHV3-64D*06,GG SLSLSC SGSG FTL SEYPM HWVRQ TPGKG LEYVSRI SDNGATTPYGD SVKGRFTIS GDNSKN TMYLQMNSLRV EDT AVYWCVKE RPVGDYWGQ GILVTVS S
IGHV3-23*01,E VQLLE SGGGLGQPGG SLRLSC AASGF SF NS YAMSWVR QAPGKGL EWVSAI SGSGGS TYYA DSVKG RFTISR DNAKN SLYVQMN SLRPEDT ALYYCA KAQPGNWYSGSPL L WAEYFQ HWGQG TLVTVS S
IGHV3-30*18,GG SLRLSCA ASGF S FSDY GMHWVRQ APGKGL EWVAVIAY DGTNK YYAD SVKG RFTISK DNSKN TLYLQMN SLRAEDT AVYYCA KDTAFGELFPDYWGQG TLVTV SS
IGHV3-30*04,Q VQLVES GGG VV QPGR SLRLSC AASGF TF NN YALHWVRQ APGKG LEWVAVISY DGSNK YYAD SVKG RFTIS RDNAKN LMYMEM NSLRAEDT AVYYCA RDYNFWSGYDNSGGPDYWGQG TLVTVS S
IGHV3-74*03,E VQLVES GGG LV QPGG SLRLSCA ASGFS F S SYWMHWVR QAPGKG LLWVSQI NPDGT TTTYAD SVKG RFTVSR DNAKN TLYLQMNSLRV EDT AVYYCVRIS RGDGNY WGQETLVTVS S
IGHV3-74*01,GS LRLSCA ASGF TFSSYWIHWVRQ VPGK GLVWVSRI NNDGR TITYAD SVKG RFIISR DNAKN TLYLQMNRLRV EDA AMYYCVRS AFSGGS GYFF DSWGQG TLVTVS S
IGHV3-21*01,GG SLRLSCA ASGF TFSS Y SMNWVR QAPGKG LEWVSSIS RSSSNK YYA DSVKG RFTISR DNAKNS LYLQMNS LRAEDT AVYYCARE ISPEARYSSG WYYYN YYGM DV WGQG TKVTVS S
IGHV3-73*01,GS LRLSC AGSG FTF SGS TIHWVRQ ASGKGL EWVGRIRT KPQNSAT AY APSVK GRFTISR DDSKN TAYLQM DSLNTEDT ALYYCARLVR ANS WQF DPWGQG TLVTVS S
IGHV3-30*18,GG SLRLSC AASG FIF SDY AMHWVR QAPGKGL EWVALIS HDGGQ KYYAD SVRG RFTVSR DNSKS TLYLQISS LRAEDT AMYYCA KNLTS AWFDLRVGYF DNWGQG TLVTVS S
IGHV3-30*18,S LRLSCA ASGFGFNNYG MHWVRQ APGKG LEWVAGISY EGSKKDYADSVKG RFTISR DPFKN TLYLEMN S LRV EDT ALYYCA KEKG ILMLYA NPGRC M DLWGQGT TVIV SS
IGHV3-74*01,GS LRLSCA ASGYS F NA FWMHWVR QAPGQG LVWVARI DTHGN IINYA DSVKG RFTIS RDNFRN TLYLQM N S LRAEDT AVYYCAVD VAGE Y S T WGQG TLVTV SS
IGHV3-15*01,GG SLRLSC AASGF TF SNA WMSWVR QAPGKG LEWVGRIKS KTDGGTTDYAAP VK G RVTI PRDDSKN TLYLQMN SLKTEDT AVYYCTT ELWPGT LVV PAAL GFFYYYYY GMDVWGQG TTVTV SS
IGHV3-74*01,GG SLRLSC AASGF TFS SYW MHWVR QAPGKG LVCVSRI NSDGSS TSYAASVKGRFTISR DNAKN TLYLQMN SLRAEDT AVYYC ARDR YVLRYFD WLSNDAF DIW GQG TMVTVS S
IGHV3-33*01,GGS LRLFCA ASGF TF RDY TMHWVRQ APGKGL EWMAVIWH DGS REYYVD SVKG RFAISR DNSNN TLYLQM NNL RV EDT ALYRCA TEDGE WLESW GQG TLVTVS S
IGHV3-73*01,GGS LRLSCA AAGF N FSGS AIQWVR QAPGKGL EWVGRMR SKYKNYE TT YAPSLKD RITIS RDDSRDT AYLQINSLKI EDT AVYYC TGD YLYW DQGT LVSVS S
IGHV3-64D*08,GG SLRLSCS ASG FIF SSYAMHWIRQ APGKGL EYVSAI NSNGA SIYYA DSVKG RFTISR DNSND TLHLQMTSL RAEDT AVYYCVT RNCSTTS CLFD YW AREPWSPSPQ
IGHV3-20*01,GS LRLSCA ASG FIF DDY AM SWVRQ VPGKGL EWVSGITW SGGRTGYADSVK GRFTISR DNAKN SLYLQMD SLRAED TALYHCARRAV GD YFFD YWGQG TLVTV SS
IGHV3-48*04,GG SLRLSCA ASGF SFSTYSMNWVR QAPGKG LEWVSYIS GSSGT RYYAD SVKG RFTISR DNSKK TVYLQMN SLRAEDS AVYYCA KDPNPA VTYYY DPGPMD V WGQG TTVIVS S
IGHV3-7*01,E VQLVES GGG LV EPGR SLRLSC AASGF T FDD YAIHWVRQ APGKG LEWVANI NQDGS EKYYVD SVKG RFTISR DNAKNS LYLQMNS LRTGDS AVYYCAREV NYRS TWYVIT GGLNYWGQG TLVTVS S
IGHV3-66*02,E VLLVES GGG VV QPGG SLRLSC AASEF SV STN Y MNWVR QAPGKGL EWVSVIYS GGA TYY GE SV K GRFTISRD ISKNS LHLQMNSLRV EDT AVYYCA SATWDT AMVTSWF DTWGQG TLVTVS S
IGHV3-9*01,GG SLRLSCA ASGFTFDD YA MHWVR QAPGKGL EWVSGIS WNSGS IGYA DSVKG RFTISR DNAKNS LYLQMN SLRAEDT ALYYCA KDIYPFT HFL EWPEDAPNWFDPWGQG TLVTV SS
IGHV3-7*03,GA LRLSC GASGF TFR SH W MSWVR QAPGTGL EWVANIK QDGS EIYYVD SVKG RFTIS RDNAKN SLYLQM N S LRAEDT AVYYC ARDQ WIIGIHYYYYF G LDVW GQG TTVTVS S
IGHV3-23*01,GS LRLSCA ASGF TFS SYAMSW V R QAPGKGL EWVSAI SGSGGS TYYA DSVKG RFTISR DNSKN TLYLQMNS LRAEDT AVYYCAKVFTF GPYGDYDYWGQG TLVTV SS
IGHV3-30*03,Q VQLVES GGG VV QPGR SLRLSC AASGF TFSS Y GMHWVRQ APGKG LEWVAVISY DGSNK YYVD SVKG RFTISR DNSKN TLYLQMN SLRAED TAVYYCAR EPGGTT QGRFDY WGQG TLVTVS S
IGHV3-74*01,GG SLRLSR TTSGF TFSSYWMHWVRQ VPGKG LVWVSRI NEDGT ITTHA DSVKG RFTIS RDNAKN MVYLQMN SLRAEDT AVYYCVR DRPHNWFDPWGQ GTLVTVS S
IGHV3-11*06,Q VQLVES GGG LV KPGG SLRLSC AASGF TFGAYYMSWVR QAPGKGL EWVSYI GSSSSNRDYADSVKG RFTISR DSASN SLYLQMN SLRAED A AVYYCARI EE DFTNGFYSGP LYFDY WGQG TLVTVS S
IGHV3-30*03,L RLSCA ASGF TFS SYG MHWVRQ APGKGL EWVAVISY DGSNK YYAD SVKG RFTISR DNSKN TLYLQMNS LRAEDT AVYYCA RDR VTAYDYV WGS YRLYYYY G M DVWGQG TTVTVS S
IGHV3-7*03,E VQLVES GGG LV QPGG SLRLSC AASGRT FRNYWMSWVR QAPGKG LEWVANIK SEGT EKFYVD SVEG RFTISR DNARNS LFLQMTSL RAEDT AFYYCAT IQD WKFEYW GPG TLVTVS S
IGHV3-33*01,GG SLRLSCA ASGF TFSS Y GMHWVRQ APGKGL EWVAVIWY DGSNK YYAD SVKG RFTISR DNSKN TLYLQMN SLRAEDT AVYYCA HRPRSSWYGRGW F DPWGQG TLVTVS S
IGHV3-7*01,GG SLRLSCA ASGF TFSSYWMSWVR QAPGKG LEWVANIK QDGS EKYYVD SVKG RFTISR DNAKNS LYLQMNSLRV EDT AVYYC GRDLG Y CPNGDCSPWGQG TLVTVS S
IGHV3-23*01,GG SLRLSCA ASGF SFRS YG MSWVRQ APGKG LECVSS MSGSGDYTNYADSVKG RFTISR DNSKN TLNLQMNSL RAGD TAVYYCAKL SGYDPRTR YYYGMDV WGQG TTVTVS S
IGHV3-72*01,E VQLVES GGG LV QPGG SLRLSC AASGSTFS DHYMDWVRQ APGKGL EWISHI RNKPNSYTT EYAASV K GRFTISR DDSKN SLYLQMN SLKTEDT AVYYCVR DAGYCSGGS CYNLF DSWGQG TLVTVS S
IGHV3-33*01,GG SLRLSCA ASGF TF RD YTMHWVRQ APGKGL EWVAVIWH DGSS EYYVD SVKG RFAISR DNSNN TLYLQM NNL RV EDT ALYRCA TEDGE WLEFWG QG TLVTVS S
IGHV3-74*01,E VELEE SGG RLVQ AGG SLRLSCV GSG FIF NN YWMHWVR QTPGRG LMWVARI NSDGT S TN YA DAVKG RFTISR DNAKN TLYLKMNIL RDDDT AVYFCVRD AGPGISN KYFLHW GQG TLVP VSS
IGHV3-74*01,GG SLRLSCA ASGF TFSS C CMHWVRQ VPGKG LVWVSRI NSDGR TTTYAD SVKG RFTISR DNGKN TLYLQMN SLRAEDT AVYYCVR GPSDGHG RFEYW GQG ALVTVS S
IGHV3-53*01,GG SLRLSC AASGF TVR NS YMSWVR QAPGKGL EWVSLIY SGGS TYYA DSVKG RFTISR DNSKN TLYLQMNS LRAEDT AVYYCA RDLDYYG MDV WGQG TTVTVS S
IGHV3-23*01,E VQLLE SGG ALV QPGG SLRLSCVA SGF TFRGFAMNWVR QAPGKGL EWVSQI LGDGR KTYYA DSVRG RFTISR DNSKN TLFLQM DNLSVEDT ALYYCA KDRVPDGK EEIDFW GRG TQVTVS S
IGHV3-66*01,E VQVVT SGGG LV QPGE SLRLSC AASGF TVGVHHMNWVR QAPGKG LEWVAVIY NGGA TYYA DSVQG RFTISR DSSKN TVYLQMS GLRAEDT AVYYC SGYGGNS VW DQGT RVTVS S
IGHV3-30*03,V QLVES GGG SV QPGG SLRLSCA ASGFPFSNY GMHWVRQ APGKGL EWVAVISF DGT HKYYA DSVKG RFTISR DNSKN TLFLQM N S LRAEDT AVYYCA RSG LFVLVVY APDV FDIW GQG TMVTVS S
IGHV3-74*01,GG SLRLSC AASGF TFS SH WMHWVR QAPGKG LVWVSRI NTGGSSTNYADSVKG RFTISR DNAKN TLYVQMNSLRV EDT AVYYCVR G SI AGQDSDHWGQ GTLVTVS S
IGHV3-11*01,GG SLRLSC AASGFT LSDYYTSWIRQ APGKGL EWVSYF STGG SIIYYA DSVKG RFTLSR DKAKN SLYLEMNSL RADDT AVYYCARIS E YEAASADEQ YYGMDV WGQG TTVTVS S
IGHV3-15*05,GG SLRLSC AASGF IF S DAWMSWVR QAPGKGL EWVGRFKSK VAGG TIEYA APVKG RFSISR DDSEN TFSLQMN SLKTEDT AVYFCS AGYGNTA F DYWGQ GILVTV SS
IGHV3-23*01,GS LRLSCE ASGF TLSSFAMSWVR QAPGKGL EWVSAIS ASGGN TYYA DSVKG HFTIS RDNSRD TLFLQM N SLRV EDT AVYYCA KDLPADSSHFNG MDV WGQG TTVTVS S
IGHV3-48*01,QPGG SLRLSC AASGF TFSIYPMIWVRQ APGKGL EWLSYI SGSSSP IYYA DSVRG RFTISR DNAKNS LYLQMNSLRV DDT AVYYCA RDFSSWGQG TLVTVS S
IGHV3-11*01,GS LRLSCA ASGF T FS DSYMSWIRQ APGKGL EWVSYI DSSGS IRHYA DSVKG RFTISR DNAKN SLYLQM N S LRAEDT AVYYC ARLP WLQ LWL QG FYFDF WGRG TLVTVS S
IGHV3-30*19,PGG SLRLSCA ASGF TFSS YG MHWVRQ APAKGL EWVAVISF DGGT TYYA DSVKG RFAVSR DNSGN TLHLQMNS LRAEDT AVYYC ARELREY CSSY TCLYGMDV WGQG TTVTVS S
IGHV3-30*18,GG SLRLSCA ASGF TFSS Y GMHWVRQ APGKG LEWVAVISY DGSNK CYAD SVKG RFTISR DNSKN TLYLQMN SLRAED TAVYYCA KEGR LSLWYYY GMDVWGQG TTVTVS S
IGHV3-21*01,GG SLRLSCA ASGF TFSS Y SMNWVR QAPGKG LEWVSS ISSSSS YIYYA DSVKG RFTISR DNAKNS LYLQMN SLRAED TAVYYCA RDGA LLWFGEL LS HYGMD V WGQG TTVTVS S
IGHV3-30-3*01,V QLVES GGG VV QPGR SLRLSC AASGF TFS N YAMHWVRQ APGKGL EWVAVISY DGSNK YYAD SVKG RFTISR DNSKN TLYLQMNS LRAEDT AVYYCA RGAE QLV APR YF DYWGQG TLVAVS S
IGHV3-48*02,GG SLRLSCA ASGF TFSS YNM NWVR QTPGKGL EWIS NIKTSG SIMFYA DSVKG RFTISR DNAENS LYLQMN SLRDEDT AVYYCA RDAY W ASDYWGQG TLVTVS S
IGHV3-23*01,GG SLILSCV ASGF TF S SSALSWVRQ APGKGL EWVSS ISGSVG TTFYA DSVKG RFTISR DNSKN TLYLQMKS LSADD TA IYY CAKFL AGSSPHRTGATN YFD YWGQG TLVTVS S
IGHV3-30*18,GG SLRLSCA ASGF TFSS Y GMHWVRQ APGKG LEWVAVISY DGSNK YYAD SVKG RFTISR DNSKN TLYLQMN SLRAEDT AVYYCAK E Y DFWSG YYSYYYYGMDV WGQG TTVTVS S
IGHV3-15*01,GS LRLSCA ASGF TF SN AWMSWVR QAPGKGL EWVGRIKS KTDGGTTDYAAP V K GRFTISR DDSKN TLYLQMNS LKTEDT AVYYCT TDR RITF G GVIVVSYYY YGM D VWGQG TTVTVS S
IGHV3-11*04,Q VQLVES GGG LV KPGG SLRLSC AASGF IFR D YYMTWIR QAPGKGL EWISYIS SSGS TVYYA DSVKG RFTISR DNAKNS LYLQMNS LRAEDT AVYYCARAEFY GSER IRYYYMDV WGKG TTVTVS S
IGHV3-23*01,E VQLLES GGG LV QPGG SLRLSC AASGF TFSSYAMSWVRQ AQGKGL EWVSSISY NGE TTYYVD SVKG RFTISR DNSKS TLYLQMN SLRAEDT AVYYCVTH YP LLS IPNRGQ GLLVTVS S
IGHV3-74*01,LSCAASGY TFSRFWMHWVRQ VPGK GLVWVSRI DNYGS IIN YADSVKG RFTISR DNSRN TLYLQM NNLRAEDT AVYYCAID VAGE F S T WGQG TLVTV SS
IGHV3-21*05,E VQLVVS GGG LV KPGE SLRLSC AASGF TFST YGM NWVR QAPGKGL EWLSYI NDVSS HIYY ADS VRCRFTIS RDNAK TSLYLQMN RLSDEDT AVYYC ARG WLVYAS RSYMDFWG KVATVTVS S
IGHV3-15*01,E VQLVES GGG LV KPGG SLRLSCAAF GFTSTNA WMTWVR QAPGKGL EWVGRIKSL F DAGTTDYAAP VKGRFTIS RDGSKN TLYLQM DSLTTEDT AVYYCTT SLRRED YVIYW GQG TLVTVS S
IGHV3-23*01,GG SLRLSC AASGF TFSTYAMSWVR QAPGKGL EWVSVLS GSGSS TYYA DSVKG RFTISR DNSK TTLYLQMN SLRAED TAVYYC AKDGPS YDYVWGSY QGEGSH HYGLDVW GQG TTVTVS S
IGHV3-33*01,Q VQLVES GGG VV QPGR SLRLSC AASGF TFSS Y GMHWVRQ APGKGL EWVAVIWY DGSNK YYAD SVKG RFTISR DNSKN TLYLQMN SLRAEDT AIYYC ARGT YGLFGWF DSWGQG TLVTVS S
IGHV3-23*01,GG SLRLSCVA SGFNFRNY ALGWVRQ VPGKG LEWVS GISGSG LIIKY ANSVR GRFTVSR DDSKT TMYMEM NDLRAED TAIYYCA KDSTVGS SIYGVLSF DSWGQG TLVTVS S
IGHV3-33*01,GG SLRLSCA ASGF TF RD YTMHWVRQ APGKG LEWVAVIWH DGS REYYVD SVKG RFAISR DNSNN TLYLQM NNL RV EDT ALYRCA TEDGE WLESW GQG TLFAVS S
IGHV3-30*04,V QLVES GG GVV QPGG SLRLSCA ASGFSFNS FAMHWVRQ APGKGL EWVATISY DAGDEYSADS VKGRFTISR DNSRN TLSLQM DSLRPEDT AIYYCA RGSRE L D Y WGRG TLVTVS S
IGHV3-33*01,Q VQLVES GGG VV QPGR SLRLSC AASGF TFSSFDMHWVRQ APGKGL EWVEVIRY DGSDKNLEDS VKGRFTISR DNSKN TLYLQMN SLRAED TAVYYCA RGPHDYGD YVELWALD YWGQG TLVTVS S
IGHV3-49*03,GG SLRLSCT TSGF TF ADYPM SWF RQAPEKGL EWVGFIRS KNYGGTA EYAASVKGRFTIS RDDSKN IAYLQMN SLKTDDTG VYYCT RDLS AAAT NYGM DV WGQGT TVTV S
IGHV3-23*01,GS LRLSCA ASGF TFS TYAMSWVRQ APGKGL EWVSVI GGSGGS TYYA DSVKG RFTISR DNSKN TLYLQM NGLRAEDT AVYYC AKSSLVTTP LYYFD YWGQG TLVTVS S
IGHV3-23*01,AGG SLRLSCA ASGF TFSSYAMTWVRQ APGKGL EWVSCIS KGGD SIYYVD SVKG RFTISR DNSKN TLYLQMNS LRADDT AVCYCAKYQLLY NRTW RDA FD V WGQG TMVTVS S
IGHV3-21*01,GG SLRLSCVA SGF S LSSNA MSWVR QAPGKGL EWVSSI SSSGAHMS YAD AVKG RFTVS RDNAKS SVYLQM DS LRV EDT AVYYC ASCN TLYI NG WQ SCPWGQG TLVTVS S
IGHV3-11*04,Q VQLVD SGGG LV KPGG SLRLSCV ASGFT FSDYYMSWIR QAPGKGL EWISYIS SGGT TIYH ADSVKG RFNI SRDNAKNS LFLQM NSLRAEDT AVYYC ARGL WGVAAAFYW GQG TLVTVS S
IGHV3-9*01,E VQLVES GGG LV QPGR SLRLSC AASGFT F DDY AMHWVR QAPGKGL EWVSGIS WNSGR IGY ADSVKG RFTIS RDDAKDS LFLQM NSLRTEDT ALYYCA RGPD IVVVVA GTR RF D Y WGQG TLVTVS S
IGHV3-21*04,E VQLVES GGG LV KPGG SLRLSC AASG FTFSFY NM NWVR QAPGKGL EWVSLIS STSTN IFYA DSVKG RFTIS RDNAKS SLYLQMN SLRAEDT AVYYCAR AYR DAYNPWGQG TLVTVS S
IGHV3-21*06,E VQLVES GGG LV KPGG SVRLSC GASG FTFSS Y SMNWVR QAPGKGLD WVSSI SSSSS YIYYA DSVKG RFTISR DNAKNS LYLQMNS LRAEDT AVYYCAR DLGPGNAP WYIDY WGQG TLVSV SS
IGHV3-23*01,GG SLRLSCA ASGV TFSTYAMSWVR QAPGKG LEWVSSLS ASGGR TYHA DSVKG RFTISR DNSKN TLYLQMN SLRAEDT AVYYWA KGNSATRDR YYGMDV WGRGT TVIVC S
IGHV3-33*01,GG SLRLS CPAFG FTFR DY TMNWVR QDPGQG LAWVAVIW PDGS REYYVD SVKG RFAISR DNSNN TLYLQM NNL RV EDT ALYRCA TEDGE WLESW GQG TLVTVS S
IGHV3-30*18,GG SLSLSC AASGFAFNNYG MHWVRQ TQGKRPE WLAVISY EGSQK RYAE SLEG RFSISR DFSTN TLYLHMK SLRPEDT AVYYCVKV SN IFWF GEGRG LFDY WGQG TLVTVS S
IGHV3-33*01,Q VQLVES GGG VV QPGR SLRLCC AASG FIFS RYG MHWVRQ APGKGL EWVAVIWY DGSNK Y YGD SVKGRFTISR DDSKN TLYLQMSS LRAEDT AVYYCA TSSGWNHFGDHWGQG TLVSVS S
IGHV3-21*01,GS LRLSCS ASG FIFS S FSMTWLR QAPGKGL EWVSSV SSSS SFVYYS DSVK GRFTIS RDNAKNS LDLQMSS LRAEDT AVYYCA TRTTN YAIFW GQGT PVTV SS
IGHV3-30*04,GG SLRLSC AASGF AF SRSPM HWVRQ APGKG LEWVAIIS HDGS KHYY GDSVK GRFTITR DNSNN TVFLQMN SLKSEDTG VYHC ARGVTAPSMYPPR WWF DHWGQG VRVTV SP
IGHV3-33*01,Q VQLVES GGGAVQPGR SLRLSC AASG FIF SDYG MHWVRQ APGKGL EWVAIIWY DGSNK YYAD SVKG RFSISR DNSKN TLYLQMD SLRAEDT AVYYCA R DLGL TMVRGVMRD WGQGS LVTVS S
IGHV3-21*01,E VQLVES GGG RV KPGG SLRVSC AASG FTFSIYN M NWVR QAPGKG LEWVSS ISSGS KYIYYA DSVKG RFTIS R DDAKK LVYLQMISLR AEDT AVYYCA RDAE LE WGQG TLVTV SS
IGHV3-7*04,S LRLSCA ASGF TFS KY WMTWVR QAPGKGL EWLANI KQDGS EKYYMD SVKG RFTLS RDNAHS SLYLQMNSLRV DDT AVYYCAR PVSDADRHLDDE VL GDWGQ GILVSVS S
IGHV3-21*01,GG SLRLSCA ASGF TFS NYNM NWVR QAPGKGL EWLSSI STGGND IYLA DSVKG RFTIS RDNAKK SLYLQM NS LRV ED TAIYYCT RERGYS YGEIDC WGQG TLVTVS S
IGHV3-64*04,GG SLRLSCS ASGF TFSS Y SMHWVRQ APGKG LEYVSGIS SDGDNKQYADSVED RFTISR DSSKN TLDLQM NSLRPEDT ALYYC AKSN LVFHFS AYNGL DVW GQG TTVTVS S
IGHV3-23*01,GG SLRLSCA ASGF TFKN YA MNWVRL APGKG LEWVSG LSETGGT TAYA DSVHG RFTISR DNSKS TLYLHMN SLRAED TAVYYCA KGPAG LNVVLYFD FWGQ GIQVTVS S
IGHV3-74*01,S LRLSCAV SGFT FSSYWMHWIRQ APGKG LVWVSRI NGDGTSTSYADSVKG RFTISR DNAKNS LYLQMN SLRAEDT AVYYCA REGP WVGVD CSSTSCYP YYYY G MDV WGQG TTVTVS S
IGHV3-30*01,GG SLRLSCA ASGF TFSSYAMHWVRQ APGKG LEWVAVISY DGSNK YYAD SVKG RFTISR DNSKN TLYLQMN SLRAEDT AVYYCA RDKK YYDFWSGYL QSGD YYYYYGMD VWGQG TTVTVS S
IGHV3-74*01,GG SLRLSC AASGFA L S S YWIHCVR QAPGKG LVCVSRISYYVIR TDHADFARG RFTISR DNAKN TVYLQM NNLRDEDT AIYNCVG DFTGRDERWGQG SLVTVS S
IGHV3-53*01,E VQLVES GGG LI QPGG SLRLSC AASG FIVS SNY MSWVR QAPGKGL EWVSVIYS GGS RYYA DSVKG RFTISR DNSKN TLYLQMNS LRAEDT AVYYCA RGPEG YYY DSNGY YDFLD YWGQG TLVTVS S
IGHV3-66*01,GG SLRLSC AASGF TVS NN YMSWVR QAPGKGL KWVSIIYS GGS TYYA DSVRG RFTVSR DTSKN TLYLQMNS LRAEDT AVYYC ASGEGT RARRFDY WGQG TLVTVS S
IGHV3-15*01,GG SLRLSC AASGF TF SNA WMSWVR QAPGKG LEWVGRIKS KTDGGTTDYAAP VKGRFTISR DDSKN TLYLQMN SLKTEDT AVYYCT TLGR Y CSGGS CYLRYYYY GM DV WGQG TTVTVS S
IGHV3-74*01,RG SLRLSC AASGFT FSRYWMHWVRQ APGKG LVWVSRI DSDGSST TYA D AVKG RFTMS RDNAKN TLYLQM NSLTAEDT AVYYCT REHSD ISASY SGSGD FQR WGQG TLVTV SS
IGHV3-30*18,GG SLRLSCA ASGFDFSTY GMHWVRQ APGNGL EWVAVIS YDG TITYY GDSVKG RLTISR DNSKN TLYLQMN SLGAEDTA GYYCVK DS RVW GDCRNPGC LYYFD YWGQG TLVTVS S
IGHV3-30-3*01,GG ALRLSCA ASGF TFSSYAMHWVRQ APGKG LEWVAVISY DGSNK YYAD SVKG RFTISR DNSKN TLYLQMN SLRAEDT AVYYCA RSLNDY VWGSYRYYFDY WGQG TLVTVS S
IGHV3-74*01,GG SLRLSC AASGF TFSSYWMHWVR QAPGKG LVWVSRI NSDGSST SYA DSVKG RFTISR DNAKN TLYLQMN SLRAEDT AVYYCAR DHSSGWSNWFDPWGQG TLVTVS S
IGHV3-30*02,Q VQLVES GGG VV QPGG SLRLSC AASGF TFSS YG MHWVRQ APGKG LEWVAFIR SDGSNK YYE DSVKG RFTISR DNSKN TLYLQMN SLGAEDS AIYFCAKVQFLEW SPRRESN YYY HPMDVWGQG TTVTVS S
IGHV3-74*01,GG SLRLSCA ASGF TF G SYWLYWVR QPPGKG LMWVSLI NPDGT TTNYVD SVRG RFTISR DNAKN TLYLQM NNL RV ED TAVYYCA RDNNLN FDY WGQG ALVTVS S
IGHV3-72*01,GS LILSC SASGFTF SDHYMDWVRQ APGKGL EWVGRVRT KPRSYSTDYAA SVKGRFTISR DDSKN SVSLQM DSLKTEDT ALYYCVRV GPYGWE SFDY WGQG TLATVS S
IGHV3-74*01,GG SLRLSC AASGF TF SN SWMHWVRQ APGKG LVWVARI NTDGSSTNYADSVKG RVTIAR DNAKNALYRQM NGLRADDT AVYYC GRNLGGDTYGYGGNWGQG TLVTVS S
IGHV3-74*01,GG SLRLSC AASGF TFS SS WM HWVRQ IPGKG LVWVSRI NTDGSSTS YA DSVKG RFTISR DNAKN TLFLQMN SLRAED TA MYYC ARD LGYCTNGV C SPWGQG TLVT VPS
IGHV3-30*18,GG SLRLSCA ASGF TF NNY GMHWVRQ APGKG LEWVAFISY DGSNK YYAD SVKG RFTISR DNSKN TLYLQMN SLRAEDT AVYYCA KDSR SVWFGEL LPSGPY YGMDV WGQG TTVTVS S
IGHV3-7*04,E VQLVES GGG LV QPGG SLRLSFA ASGF TFSSYWMSWVR QAPGKG LEWVANI KEDGS EKYYVD SVKG RFTISR DNAKNS LYLQMN SLRGEDT AVYYCARFT RRDPGDYWGQG TRVTVS S
IGHV3-23*01,GG SLRLSC AASG IIFS SYGM SWVRQ APGKG LEWVSSI SGSGE STFY GDSV RGRFVISR DNSRK TVFLQMN SLRAGD TAIYYCA KDR RV RPRGG QAYYK NGM DVW GQG TTVTVS S
IGHV3-21*05,Q LVES GG GLV KPGG SLILSCT ASGF TF SDFS MNWVR QAPGKGLE WLSYIS RISS HIYYA DSVKG RFTISRY NAKS TLYLQM NSLRAAD TAVYYC AGDPADSLTRNW F DPWGQG TLVTV SS
IGHV3-23*01,GDSSHYADSVKG RFTISR DNSKN TMYLQMSSLRV ED TAVYYC AKGP RITIF GG VVK HSMAP LHFEYW GQG TLVTVS S
IGHV3-23*01,GR SLRLSC ATSG IAFT STDM AWVR QAPGRGL EWVSTISAI RNTHYTDS V E GRFVI PRDGV KKAVYLEL NNL RV EDT ATYYCA T E LQYDN IYW GQ GVLVTV SS
IGHV3-21*05,EM QLVES GGG LV KPGG SLRLSCT ASGF TF SDFS MNWVR QAPGKGLE WLSYIS RISS HIYYA DSVKG RFTIS SDNAKS TLYLQMN SLRADDT AVYYCA RDPADSLTRNW F DPWGQG TLVTV SS
IGHV3-15*01,E VQLLES GGG LV KPGG SLRLSC AASGF TFI DAWMNWVR QAPGKG LEFIGRIKS KADGGTTDYAAPVKG RFTITID DSQN MVYLQMN ELKTDEP ALYYCT TKQTPRECNGENCYDSWGQG ALVTV SS
IGHV3-74*01,VG SLILSC AASGF TF R SNWMHWFR QVPGRG LVWLSS INRFSDN ILYAD SVKG RFTVSR DNAEN TLYLQMN SLRADDT AVYYCAR EYSY YGHFKVF DPWGQ GTLVTVS S
IGHV3-7*03,GS LRLSC AGSGFDF SDYW MTWVR QAPGKGL EWVANIKR DGS ETYYVD SVKG RFTIS RDNAKN LVFLQM NSLRAED TAVFYCA RSAGMD VW GQG TMVTV S
IGHV3-33*08,S LSLSC AASGF TFSS Y GMHWVRQ APGKGL EWVAVIWY DGSTKS YA DSVK GRFTISR DNSKN TLYLQMN SLRAEDT AVYYCA RDL RIVD YGM DV WGQG TTVTVS S
IGHV3-48*01,E VQLVE SGGD LI QPGG SLRLSC AASGF TFRTY G MNWVR QAPGKGL EWLSYIS ATSTTT HY ADSVRG RFTISR DNAKNS LYLQMSS LRAEDT AVYYC ANGGNSER TAFD MWGQG TMVTVS S
IGHV3-48*02,GG SLRLSCA ASGF TFSSYTMNWVR QAPGKGL EWVSFI GSSGF TKYY AD SLKG RFTISR DNAQNS LYLQM NSLRDEDT AVYYC ARGG ILAAFDI WGLG TMVTV SS
IGHV3-21*01,V QLVES GGG VV QPGR SLRVSC AASGF TFTSYSMNWVR QAPGKGL EWVSSI SSSS TYIYYA DSVKG RFTIS RDNAKN SLYLQM N S LRAED TAVFYC ARGR IAARLWYFD YWGQG TLVTVS S
IGHV3-74*03,GSR RLSCA ASGF TF S DY WLHWVR QAPGKG IEWVSRI NNDGTTTPCADSVK GRFTISR DNSKN TLYLQMNS LRAEDT AVYFCAR DRYGANDYWGQ GTLVTVS S
IGHV3-53*05,GG SLRLSC AASGF TVS SK YMSWVR QAPGKG LEWVSVIYS GGSTD YAVSVKGRFTISR DNSKN TLFLQM NNLRTEDT AVYYRA RDPTGSDF W SGG LYNF YG LDVW GLG TTVIVS S
IGHV3-7*01,SGG SLRLSC AGSGF S ISNYWMSWVRQ APGKGL EWVANI KQAESE RFYVD SVKD RFIIS RE DAENS VYLQM NSLRDEDT AVYYCA RGR F NYGWG MDV WGQG TTVIVS S
IGHV3-74*01,GG SLRLSC AASGYT F S RFWMHWVR QAPGKG LVWVSRI DNYGS TIDY ADSVTG RFTISR DNSRN TLYLQM NNLRAEDT AVYYCAID VAGQ YS TWGQG TLVTVS S
IGHV3-23*01,GG SLRLSC AASGF AFGTYAMAWFRQ APGKG LEWVSSID STTGR GTFYA DSVEG RFAIS RDNS HLFLEM NNL RV EDT AIYYC ARPT MTVAHTRCF DPWGQG TLVTVS S
IGHV3-23*01,GG SLRLSCTV SGLSFSG FAMCWVRQ APVKGL EWVSAIT RSGGETNYADSVK GRFTIS RDNSKS TLFLEMN SLRGED TAVYYCVK GHYDD WYYFD YWGQG ALVTVS S
IGHV3-23*01,GG SLRLSCA ASGF TFSS Y AMSWVR QAPGKGL EWVSAIS GSGGS TYYA DSVK GWFTISR DNSKN TLYLQMN SLRAEDT AVYYCA KGLTGR ARSVWSYFD YWGQG TLVTVS S
IGHV3-33*01,GG SLRLSCA ASGF TFSS Y GMHWVRQ APGKGL EWVAVIWY DGSNK YYAD SVKG RFTISR DNSKN TLYLQMN SLRAEDT AVYYCAS HSSSGY SYGYFD YWGQG TLVTVS S
IGHV3-30*18,GG SLRLSC AASGF SISGYGMHWAR QAPGKG LEWVAVISY DGRNK Y YGDS VKGRFNIS RDNSKN TLSLQM NSLKPEDT AVYFCA KDLRFLDPI RT YGL DVW GQG TTVTVS S
IGHV3-21*01,GG SLRLSCA ASGF TF G TYTMYWVRQ APGKG LEWVATISF TSK IIYYA GS VKGRFTVSR DNANNS LYLQMNSLRV EDT ALYYC ARGLSQ TYCLNWF DRWGQG TLVTVS A
IGHV3-21*01,E VQLVES GGG LI QPGG SLRLSC AASGF TVS SNY MSWVR QAPGKG LEWVSS ISSSS YYIYYA DSVKG RFTISR DNAKNS LYLQMN SLRAEDT AVYYCA RGSSSSL SAERF DPWGQG TLVTVS S
IGHV3-23*01,PGGS LRLSCVV SGFT LSNYAMSWVRQ APGKGL EWVAAIS GSGGS TYYAES VKG RFTISR DNSNN TLYLEMNS LRAEE TAVYYCA KDLGTF GVVLAWYFD LWGRG TLVTVS S
IGHV3-23*01,GG SLRLSCA ASGF TFSSYAMSWVR QAPGKGL EWVSAIS GSGGS TYYA DSVKG RFTISR DNSKN TLYLQMN SLRAEDT AVYYC AKG VRISYDI LTGT FFD YWGQG TLVTVS S
IGHV3-21*01,GG SLRLSCA ASGF TFSS Y SMNWVR QAPGKG LEWVSS ISSSSS YIYYA DSVKG RFTISR DNAKNS LYLQMN SLRAEDT AVYYC ARD LLYC TST IYYYY CGMDVWGQG TTVTVS S
IGHV3-21*01,GG SLRLSCVA SGF TF SDYR MNWVR QAPGKGL EWVSS ISSSSS YIY NADSVK GRFTISR DNAKNS LYLQMN SLRAEDT AVYYCA RE EMA TIF GA W G YWC QG TLVTVS S
IGHV3-23*01,GS LRLSCA ASGF TFS SYAMS WV R QAPGKGL EWVSAI SGSGGS TYYA DSVKG RFTISR DNSKN TLYLQMNS LRAEDT AVYYCA KDGYSSSA SYYYGMDV WGQG TTVTVS S
IGHV3-23*04,E VRLVE SGGD LV QPGG SLRLSCA ASGF TFGTFSMSWVR QAPGKG LEWVSAM TGGGT TYY ADS VKVRVIIS RDNSKN MLFMQM NSLT AEDT AVYYC AKF RG QLIRNYYMNVW GEGT TVTV S
IGHV3-30*01,Q VQLAE SGGG VV QPGT SLRLSC AASGF TFS SYP MHWVRQ APGKG LEWVAVMSY DGSDK FYA DSMKG RFTISR DNSKN TVFLQVD S L RAEDT TVYYCARSFKL WGSS IDY WGQG ALVIVS S
IGHV3-7*01,E VQLLES GGG LV QPGG SLRLSC AASGF SFSTCAMNWVR QAPGRG LEWVANIK QDGS EKYYVD SVKG RFTISR DNAKNS LYLQMN SLRAEDT ALYYCA RRHDY TLTFDY WGQG TLVTVS S
IGHV3-7*03,GG SLRLSCA ASGF TFSSYWMSWVR QAPGKG LEWVANIKR DGS ETYYVD SVKG RFTIS RNNAKN LVFLQM NSLRAED TAVFYCA RSAGMD VW GQG TMVTVS S
IGHV3-48*02,GG SLRLSCA ASGF SL SSHSM NWVR QAPGKGL EWISD ISSSSN TLHYA DSVKG RFTIS RDNAKN LLYLQM DSLRDEDT AVYYCTSYYDLDV WGQG TTVTV S
IGHV3-7*03,E VQLVES GG GVV RPGG SLRLSC AASGF TFSRYWMSWVR QAPGKG LEWVTN TNEDGS EKYYVD SVKG RFTISR DNSKN TLYLQMNSLRV EDT AVYYC ASNPR WTY DG FDIW GQG TMVTVS S
IGHV3-23*01,GW SLRLSC AASGF TF SSYAMSWVRQ APGKGL EWVSAI SGSGGS TYYA DSVKG RFTISR DNSKN TLYLQMN SLRAE DTAVYYCAKIIRSYYY YGMDVWGQGT TVTVS S
IGHV3-21*01,E VQLVES GGG LV KPGG SLRLSC AASGF TFSIYSMNWVR QAPGKG LEWVSSI SSSSS YIYYA DSVKG RFTISR DNAKN SLYLQVNSL RAEDT AVYYCAREF TGYSSSNFDYWGQ ETLVTVS S
IGHV3-7*04,E VQLVES GGG LV QPGG SLRLSC AASGF TFSSYWMSWVR QAPGKG LVWVANI KEDGS EKYYVD SVKG RFTISR DNAKNS LYLQMN SLRGEDT AVYYCARFT RRDPGDYWGQ GTLVTVS S
IGHV3-74*01,GG SLRLSC AASGF TFSS Y WMHWVR QAPGKG LVWVSRI NSDGSST SYA DSVKG RFTISR DNAKN TLYLQMN SLRAEDT AVYYCARV QGSKYSSG WYYYYYGMD VWGQ RTTVTVS S
IGHV3-33*01,GG SLRLSCA ASGF TFSS Y GMHWVRQ APGKGL EWVAVIWY DGSNK YYAD SVKG RFTISR DNSKN TLYLQMN SLRAEDT AVYYCA RTET FTALVC SSTSC Y ADLGY YGMDV WGQG TTVTVS S
IGHV3-15*01,E VRLVES GGG LV KPGG SLRLSC AASGLNFD EVWMSWVR QAPGKG LEWVGRIKT EADGGI TDYI GP V K GRFSIS RDDGRD MLYLD MNSL KI EDT GVYYC TPESTPPRDFWGQG TLVTVS S
IGHV3-23*01,S LRLSCS ASA FT FRNYAM HWVR QAPGKGL EWVSAI SGSGGS TYYA DSVRG RFTISR DNSKN TLYLQMN SQRAEDT AVYYCA KREY Y DFWSGPIDYWGQG TLVTV SS
IGHV3-53*01,GG SLRLSCA AAGF TVS SK YMSWVR QAPGKGL EWLSVIY SGGD TYYADFV QG RFTISR DNSKN TLFLQM N SLRV EDT AVYFCA RGVG TVPVDF WGQG TLVTVS S
IGHV3-48*02,GS LRLSG AASGF TFSS YS MNWVR QAPGKGL EWVSYIS SSSS TIYYA DSVKG RFTIS RDNAKN SLYLQMN SLRDEDT AVYYCA RDDPPYYDFWSGL RYMDV WGQG TTVTVS S
IGHV3-20*01,GGS LRLSC AASGF T FDDYDM S WVR QAPGKGL EWVSGIN WNGGSTGYADSVKG RFTISR DNAKN SLYLQMN SLRA EDTALYHCARAAVA LGYF D LWGRG TLVTVS S
IGHV3-23*01,GG SLRLSC AASGF TFRSYA MNW VR QAPGKGL EWVSAIS GTGGSSYYAG SVKGRLTISR DNSKN TLYLHVNSL RAED TAVYYC AKGN SYAFWSVNWF DSWGQG ALVTVS S
IGHV3-66*01,E VQVVT SGGG LV QPGE SLRLSC AASGF TV GDH HMNWVRK APGKGL EWVAVIY NGGA TYYA DSVQG RFNIS RDSSKN EVYLQM GGLRAEE TAVYYC SGYGGNS VW DQGT RVTVS S
IGHV3-23*01,E VQLLES GGG LV QPGG SLRLSC AASGF TFLSYAMSWVR QAPGKG LVCVSA MSGSGID TYYT DSVKG RFTISR DNSKD TMYLQMN SLRAEDT AVYFCV KGD YYYH DSSAY L DHWGQG TLVTVS S
IGHV3-66*01,E VQLME SGGG LV QPGG SLRLSCV ASGF SVSMNYMNWVR QAPGKGL EWVSVIYS GGD TYYAES VKG RFIISR DNSKN TLYLQMNS LRAEDT AVYYCAKVFVWY GKGF F DHWGQG ALVTVS S
IGHV3-23*01,E VQLLES GGG LV KPGG SLRLSC AASG FIFS NYAM NWVR QAPGRGL EWVS GLSGSDGTKDYADSVKG RFSISR DNSKN TLYLQM NNL RV DDT AVYYCA RDC ITRFGILSCE WGQG TLVTVS S
IGHV3-9*01,GG SLRLSCA ASGFTFGD Y AMHWVR QAPGKGL EWVSGIS WNSGS IGYA DSVKG RFTISR DNAKNS LYLQMN SLRAEDT ALYYCAK SAGSGA VYNWF DPWGQG TLVTVS S
IGHV3-30*13,Q VQLVES GGG VV QPGR SLRLSCT ASGF TF SNY GLHWVHQ APGKGL EWVAIIS YDGS YTYYA DSVKG RFAISR DNSND RLYLQMN SLRTEDT ATYYCA KDPGDYEPP IIAS DFWGQG TLVTVS S
IGHV3-33*01,GG SLRLSCA ASGF TF RDY TMHWVRQ APGKG LEWVAVIG HDGS REYYA DSVKG RFAISR DNSKN TLYLQM NNL RV EDT ALYRCA TEDDE WLEAW GQG TLVTVS S
IGHV3-11*01,GG SLRLSC AASGF IF SDYYMSWIRQ APGKGL EWISYIS TDDR AIYYAD SVKG RFTISR DNANNS LYLQMNSLRV DDT AVYYCA RDLDPAMGF DY WGQG TLVT VPS
IGHV3-21*05,EM QLVES GGG LV KPGG SLRLSCT ASGF TF SDFS MNWVR QAPGKGPE W LSYISR ISS HIYYA DSVKG RFTIS RDNAKS TLYLQM NS LTVY DT AVYYC AGDPADTL R RNWFDPWGQG TLVTV SS
IGHV3-30*02,V QLVES GGG LV KPGG SLRLSCA ASGF TFSSYSMNWVRQ APGKGL EWVTFTRY DGSNK YYT DSVK GRFTISR DNSKN TLYLQMNS LRTEDT AVYYCA KDRA AA A WG VSYY G MDV WGRG TTVTVS S
IGHV3-7*05,E VQLLE SGGD LV QPGG SLRLSCA ASGF TFSIYWMTWVR QAPGKG LEWVANIK QDGSE KHYVD SVKG RFTISR DNAKN SVYLQMN SLRAED TAVYYCAR DESHR RYALTVLDI WGQG TMVTVS S
IGHV3-53*05,E VQLVET GGG LI QPGG SLRLSC AASGF SV SSN YMSWVR QAPGKGL EWVSVIY SGGG TYYA DSVKG RFTIS RDNSK TTVSLQM NSLRAEDT AVYYCA RTPF RVAVVGTYHFDY WGQG TLVTVS S
IGHV3-7*01,E VQLVES GGG LV QPGG SLRLSCVV SGFPFS TFWMTWVR QAPGRG LEWVANIK GDGT EKYYVD SVKG RFTISR DNAKN SLYLHMN TLKAEDT ALYYCAR EAVAGS VFFNY WGQG TLVTV SS
IGHV3-48*02,GG SLSLSC AASGF TFSSYRMNWVR QAPGKGL EWVSYIS SSSS TIYYA DSVKG RFTISR DNAKNS LYLQMN SLRDEDT AVYYCASL YGMDVWGQG TTVTVS S
IGHV3-23*04,E VQLVES GGG LVQ SGG SLRLSC AGSGSTFDN YAMSWVR QAPGKGL EWVSAIS GSGANTDYADSVK GRFTISR DNYKN TLYLQMTSLR VGD TAVYYCA KGD TFSLYHYYMD VWGQG TTVTVS S
IGHV3-20*04,E VQLVES GG GVL RPGG SLRLSC EG FGFIF DDYGL SWVRQ APGKGL EWVSGIN WNGGSTGHADSV KGRCTISR DNGKN SLYLQVTSL RAEDT ALYYCAR RDSGS LSFDIW GQGTMGH RL F
IGHV3-23*01,SL SLSCVA SGFNFRNY AMGWVRQ APGKG LEWVS GISGSG IVLQYA NSVRG RFHVS RDDSKT TMYMEM NNLRAED TAIYYCA KDSTVGS SIYGVLSF DSWGQ ATLVTA SS
IGHV3-48*01,GG SLRLSCS ASGFSFSS YSIIWVRQ APGKG LQWISYI SGTGK TIYYA DSVKG RFTISR DNAKN SVYLQM NGLRGEDT AVYYCARVF GMDRFDYWGQG TLVTV SS
IGHV3-33*01,GR SLRLSC AASGF TFSS YG MHWVRQ TPGKG LEWVALLR DDGI KKYYVD SVKG RFTIS RDNFKN TLYLHT DSLRADDT AVYYCA REGK LGIANYFD FWGQG TLVTVS S
IGHV3-64D*06,GG SLRLSCS ASGF TF SDY AMHWVRQ APGNG LEYVSGI NDNGR TTHFA DSVKG RFTISR DNSRN TISLQM N SLRV EDT ALYYCVK DLRGS YSFEYW GQG TLVTVS S
IGHV3-74*01,GG SLRLSCA ASA FTF SSS CM HWVR QAPGKG LAWVARI NPDGS TAAYAD SVKG RFTIS RDNAKN A LYLQM N SLGVDDT AVYYC GRNLGGDTYGYWGDWGQG ALVTVS S
IGHV3-23*01,GG SLRLSCA ASGF TFSS Y AMSWVR QAPGKG LEWVSAIT GTGGS TYYVASV KG RFTVSR DNSRN TLYLQMSS LRAEDS AMYYCAKV RDT RDWYKDAFDA WGQGT RVTVS S
IGHV3-15*01,GG SLRLSCA ASGF TFSYVWMGWVRQ VPGKG LEWVGRIRTK SEGGT AEYAA PVEG RFTISR DVSEN TLYLQM NGLKTEDT ALYYCA TGPDR HVIIP AAPDYWGR GTLVTVS S
IGHV3-30*03,GG SLSLSC AASGF TFSS Y GMHWVRQ APGQG LEWVAVISY DGSNK YYAD SVKG RFTISR DNSKN KLYLQMN SLRAED TAVYYCAR DSSAGRP YYYYGMDVWC QGT TVTVS S
IGHV3-33*05,Q VRLVES GG RVV QPGG SLRLSCV ASGF TFSSYGIHWVRQ APGKG LEWVAAISY DGSNK YYADYV KG RFTIS RGNSKN TLYLQMN SLRAEDT AVYYCAKV GF RP LANGRADTA RWSY D YYYYYMDV WGKG TTVTVS S
IGHV3-23*04,E VQLVES GGG SV EPGG SLSLSC AASGF TF SNY GMIWVRQ APGKGPE WVSTIS GGGENT HY ADSVKG RFTISR DDSKN TLFLHMN SLRAEDT ALYYCAI EPPHYD FWIG SDYWGQG TLVTVS S
IGHV3-43*01,GG SLRLSCA ASGF TF DDY TMHWVRQ APGKGL EWVSLISW DGGS TYYAD SVTG RF PISRDNSKNS LYLQMN SLRTEDT ALYYCT KDASIGS YV D TAMVFEYW SQG ALVTVS S
IGHV3-30*03,GG SLRLSC AAS TLTFTS FG MHWVRQ APGRG LEWVASIS NDGGNTKSADS VKGRFTISR DNSKN TLFLQMN SLRPEDT AVYYC ASDPT AL KFL TAPRFDYWGR GVLVTV SS
IGHV3-48*02,GG SLRLSC SPSSF S LSDYGM SWVR QAPGQGL EWISYIS MNS VRLYAES VKGRFPISRDNDNN SVYLQM NSLRDEDT AVYYCT RGR YQFL GPNDYWGQG SLVTVS S
IGHV3-11*01,PGG SLRLSC AASGFT FSDYYMSWIRQ APGKGL EWVSYIS SSGS TIYYA DSVKG RFTISR DNAKN SLYLQM NSLRAE DTAVYYCARWLRYYY DSSGPHPVN WF DPWGQG TLVTVS S
IGHV3-30*18,GW SLRLSC AASGF IF S DYAMHWVRQ APGKGL EWVALIS HDGGH KYYAD SVRG RFTVSR DNSKN TLYLQINS LRDEDT A VYYC AKML SSA WFDLRVGYFE NWGQG TLVTVS S
IGHV3-73*01,GS LRLSCA ASGF TFS GS AMHWVRQ ASGKGL EWVGRIRS KANSY ATAYAASV K GRFTISR DDSKN TAYLQMNS LKTEDT AVYYCT GFD YYYYY G MDV WGQG TTVTVS S
IGHV3-33*08,SVRPSCAASGF TFSS Y GMHWVRQ APGKG LGWVAVIWY DGSNN YYA DSVKG RFTISR ANSKN TLYLQMN SLRAEDT AVYYC AGGA SLAVVA GYG M DVWGQ ETTVTVS S
IGHV3-73*01,GGS LRLCC AACGF KF SGS AIQVVR QPSGKG LEWIGRIR SKPKGY ATTYAAS LKG RFVISR DDSRNT AYLQIHSLKI EDT AVYYCT GD YLYW DQE TLVSVS S
IGHV3-30*18,GS LSLSCA ASGF TFNHYAMHWVR PAPGKGL EWVAVISY EGSK KLYAD SLRG RFTTS RDHSKN TLYLQMN SLRTEDT AVYYCA KAKGL LHFLEWLTI DSWGRG TLVTVS S
IGHV3-33*01,GG SLRLSCA ASGF TFSS Y GMHWVRQ APGKGL EWVAVIWY DGSNK YYAD SVKG RFTISR DNSKN TLYLQMN SLRAEDT AVYYCA RDLPDSSSWYSGADYWGQG TLVTVS S
IGHV3-48*03,GG SLRLSCA ASGF TFSS Y EMNWVR QAPGKGL EWISYIS SSGS TIYYA DSVKG RFTISR DNAKNS LYLQMN SLRAEDT AVYYCAR DEQG IAVA PAARGG WRYYYHRMD VWGQ RTTVTVS S
IGHV3-23*01,GG SLRLSCA ASGF TF NN YAMAWVRQ APGKG LEWVSSI DGRGG SISH ADSV TGRFTIS RDNPKN TLYLQMISL RADDT AVYYCAKKI TGSYPFDCWGQG TLVTIS S
IGHV3-21*01,GG SLRLSCA ASGF TFSS Y SMNWVR QAPGKG LEWVSS ISSSSS YIYYA DSVKG RFTISR DNAKNS LYLQMN SLRAEDT AVYYCA STYSK RIF DTWGQG TTVTVS S
IGHV3-7*01,GG SLRLSCVA SGFAFN TYYMGWVRQ APGQG LEWVANIK QDGS EKYYVD SVKD RFTISR DNAKNS LFLQM DGLRAEDT AMYYCER EGW F DPTGQ GTLVTVS S
IGHV3-48*03,GG SLRLSC AGPGF TFS TSEM NW FR QAPGKG LAWVSYI SGSGS TIYYA DSVKG RFTISR DNAKN TLYLQMN SLRAEDT AVYYCA RDRISSSS WLVGYFD YWGQG TLVTV SS
IGHV3-7*03,GG SLRLSCA ASGFS FSTYWMTWVR QAPGKG LEWVANIQ QDGS EKYFVD SVKG RFTVSR DNAENS VFLQM NSLSVEDT AVYYCV RG RYL EWPSPV YYGMDV WGQG TTVIVS S
IGHV3-7*03,GG SLRLSR AGSGFDFSD YWMTWVR QAPGKG LEWVANIKR DGS ETYYVD SVKG RFTIS RDNAKN LVFLQM NSLRAED TAVFYCA RSAGMD VW GQG TMVTVS S
IGHV3-21*01,GG SLRLSCA ASGF TFSS Y SMNWVR QAPGKG LEWVSS ISSSSS YIYYA DSVKG RFTISR DNAKNS LYLQMN SLRAEDT AVYYCA RDRYSSSWYEGFG AYYYYGMDV WGQG TTVTVS S
IGHV3-74*01,GG SLRLSCA ASGF TFSSYWMHWVS QGPGKG LVWVSRI NSDGR TTTYAD SVKG RFTISR DNAKN TLYLQMNS LRAEDT AVYYCVR GPSDGHG RFEYW GQG ALVTVS S
IGHV3-48*04,GG SLRLSCA ASGF TFSIHSMVWVRQ APGKG LEWVSYIS SSSG TIYYAD SVKG RFTISR DNAKNS LYLQMN SLRAEDT AVYYCA RGRPPDIWGQG TMVTVS S
IGHV3-74*01,GG SLRLSC AASGFT F SSYWMHWVRQ APGKG LVWVSRI NSDGSST SYA DSVKG RFTISR DNAKN TLYLQMN SLRA EDTAVYYCARE AGAD ILTGYHFDYWC QG TLVTVS S
IGHV3-64D*06,GG SLRLSCS ASGFPFS TYAMHWVRQ SPGKG LEFVSSIS RNGQ SAFY ADS VKVRFTISR DNSKN TLYLLMSS LRQGD TAIYYCVK DAGTPS FFGIV QPSDYFDSWGR GALVTVS S
IGHV3-49*04,E VQLLES GGGLGQPGQ SLRLSCTA SGSGFNFGD YAMSWVR QAPGKGL EWVGFIRSK AYGGTT ECAASVRGRFSIS RDDSKS TAYLQMN SLKTEDT AVYYCTRAV SSGW YGVIDY WGQG TLVTVS S
IGHV3-23*01,GG SLTLSCEV SG FTFSSYTMNWVR QAPGKG LEWVSTIT DSGDS TYYA DSVKG RFTISR DNSKD RLYLQMN SLRAEDT AVYFC SNMYSSA W DPRGGE AFEMWS QGT MVT V
IGHV3-74*01,E VQLVES GGG LV QPGG SLRLSC AASGF TFSS Y WMHWVR QAPGKG LVWVS RSNSDASNTA YA DSVKG RFTISR DNAKN SLYLQMN SLRAED TAVYYCARVYRYFDWLF ESPPAPYFDYWGQG TLVTV SS
IGHV3-23*01,GG SLRLSCA ASGF TFSSYAMSWVR QAPGKG LEWVSTI SGSGD ATYYA DSVKG RFTISR DNSKN TLYLQMN SLRAEDT AVYYCA KDY SVI GQ AVYYYGLDV WGQG TTVTVS S
IGHV3-23*01,GG SLRLSCVA SGF TF SQNA MTWVRQ VPGKGL EWVAAISA IGGS TYYAES VKG RFTISR DNSRN TLYLEMRSL RADDT AVYYC SKNAKYSSS SMEVW GQG TTVTV S
IGHV3-23*01,GG SLRLSCVA SGFPFSK YAMTWVRQ APGKG LEWVS SSGNN VDFTYYA DSVRG RFTISR DNSKN TLYLQMNRL RADDT AVYYYA KE RGATNNW Y SDYWGQG TLVTVS S
IGHV3-23*01,GG SLRLSCA ASGF TFRTFGMSWVR QAPGKG LEWVSAI TPSGES SYYAES VKG RFTLS RDHAKN TLYLQM NGLRAED TAVYYCA KDGG TMIIE PFDHWGPG TLVSVS S
IGHV3-7*01,GG SLSLSC AATGF A LSDH WMTWVR PAPGKG LEWVANIK QDGGE NYHVD SVKG RFTVSR DNSKN TLYLQMN SLRAEDT AVYYCAR ESGFGASGLD Y WGQG TLVTV SS
IGHV3-48*03,GG SLRLSC ASSG FIFS TYD MYWVRQ APGKGL EWLSYIS TTGT TIYYA DSVKG RFTISR DNAKNS LYLQLNSL RADDT AVYYCA TPYYGSGTGPP RYYY HG MDV WGQG TTVTVS S
IGHV3-23*01,GS LKLSCT ASG FTF SNSA MSWVR QAPWKGL EWLASV SSASEN IYY GDSVT DRFTISR DNSKN TLYLQMSS LRAEDT AIYYCA KDLFPSGPDA FDVW GHGT QVTVS T
IGHV3-30*18,Q VQLVES GGG VV QPGR SLRLSCT ASG FSFRIYGMHWVRQ APGKG LQWVAVIS TDGT YKQYA DSVRG RFTISR DNSKN TLYLE GN SVR AEDT AVYFCAKW AGDY Y DSSGYHDTDLD A F DMWGQG TLFTV SS
IGHV3-64D*06,GG SLRLSCL GPGF TF SEYPM HWVRQ TPGKG LEYVSRIS DNGGSTHYGDS VKGRFTIS GDNSKN TMYLQMNSLRI EDT AVYYCVKE RPDGD YWGQGILVTVS S
IGHV3-23*01,GS LRLSCA ASGFPF RTYAMGWVRQ APGR GLYWVSGIS ASGGN TYYA DSVR GRFTISR DNSKN TLYLQMNS LRAEDT AVYYCA KDLYQDSSS ILDY WGQG TLVTV SS
IGHV3-21*01,E VQLVES GGG LV KPGG SLRLSC AASGF TFSS Y IM NWV R QAPGKGL EWVSS ISSSSS YIYYA DSVKG RFTISR DNAKNS LYLQMN SLRAEDT AVYYCA REDRLPFD Y VGPGNPGHRLL
IGHV3-33*06,Q VHLVES GGG VV QPGRS L RRSC AASGF TFSS YG MHWVRQ APGKGL EWLAVIW SDGN YEYYAE SLKG RFTIS RDNPKN TLYLQM NNLRPEDT ALYFCA KGTDTWSDGIDKWGQG TMVAV SS
IGHV3-21*02,E VQLVES GG GVL RPGG SLRLSC EG FGFIF DDYGL SWVRQ APGKGL EWVSS ISSSSR YIN YADSVQG RFTISR DNAKNS LYLQMNSL RAEDT SVYYCAR DESQGA FDIW GQG TMVTVS S
IGHV3-73*01,GG SLRLSCA ASGF NF TGS AIQWVR QPSGKGL EWID R I RSKPKGY ATTYAAS LKG RFVISR DDSRNT AYLQIHSLKI EDT AVYYCT GD YLYW DQGT LVSVS S
IGHV3-64D*06,GG SLRLSCSVFGFTF SDY AMHWVHQ APGRG LEYVSSI TNDGY STYYA DSVKG RFTISR DNSKN TLYLQMSSLRV QDT AVYYCVYRGVL RPQDD VEAVW GQG TLVSV SS
IGHV3-48*03,E VQLVES GGG LV QPGG SLRLSCVA SGF TFSSYEMNWVRQ APGKGL EWVSYIRW SGR PIYYA DSVKG RFTISR DDAKNS LYLQMN SLRAEDT AVYYCAR ERSRGH YGVW GKG TTVTVS S
IGHV3-11*01,GG SLRLSC AASGFT F SDYYMSWIR QAPGKGL EWVSYIS SSGS TIYYAD SVKG RFTISR DNAKNS LYLQMN SLRAEDT AVYYCA RDSARFGERDS YYYYYGMDV WGQG TTVTVS S
IGHV3-21*01,GG SLRLSCA ASGF TFSS Y SMNWVR QAPGKG LEWVSS ISSSSS YIYYA DSVKG RFTISR DNAKNS LYLQMN SLRAEDT AVYYCATIA GDYWGQG TLVTVS S
IGHV3-23*01,GG SLRLSCA ASGF TFSSYAMSWVR QAPGKGLE GVSTIS DNGGS TYYAE SEKG RFTISR DNSKN TLYLQMN SLRAEDT AIYYCVK DQGRPNTN ALIRR RTQPFYGAD V WGQG TTVTV S
IGHV3-15*01,E VQLVES GGG LV KPGG SLRLSC AASGF TF S KAWMSWVR QTPGKG LEWVGRVRS STSGGTTDYAAP VKGRFTISR DDSKNS LYLQMNILE TADT AVYFCT TEG FIYG HHGLD CWVQ G ALVTVS S
IGHV3-23*01,PGG SLRLSCA ASGF TFSTYAMSWVR QAPGKGL EWVSVIS GSGGG TYYA DSVKG RFTISR DTSKN TLFLQM NSLSAEDT AIYYCA KSPIPYQG LMYSVYYFD YWGQG TLVTVS S
IGHV3-66*01,Q LVES GG ALV QPGG SLRLSCA ASRLSGTSS YMNWVR QSPGKGL EWVSLIS TGGSNYYADSVKG RFTISR DNAKN TLYLQMN SLSAEDT AVYYCT RET YY DSWRSTGPSDIWGQG TMVTVS S
IGHV3-30*01,Q VQLVES GGG VV QPGR SLRLSC AASGF TFSSYAITWVRQ APGKG LEWVAVISY DGSDK YYAD SVKG RFTISR DDSKN TVYLQMNSLRV DDT AVYFCAR ADYR YFD WSLGGTDYWGQ GTLVTVS S
IGHV3-30*04,Q VQLVES GGG VV QPGR SLRLSC AASR FTF GSS AIHWVRQ APGKGLD WVAAISY NGGNK YYADFV KG RFTISR DTSKN TLYLQMN SLRADDT AVYYCA RDPDI AVA GDSWGQG TLVTVS S
IGHV3-23*01,GG SLRLSCAV SGV TF S RYAMIWVRQ APGKG LEWVSSIS GSGSG TYYA DSVRG RFTISR DNSKS TLYLQMN SMRAEDT AIYYCAKVL YPKHSDYDP RIVGV DGWGQG TTVTVS S
IGHV3-33*01,GGA LLRS CA ASGF RFS TSG MHWVRQ APGQGL EWVAVIWYE GINRDYADSVK GRFTIS RDNAKN MLYLQM N SLRV EDT AVYFCVRG IDSRPFDPWGR GILVTV SS
IGHV3-23*01,E VQLLES GGG LV QPGG SLRLSCV TSGF TFST H AMTWVRQ APGKG LEWVSGIV GSGSRTE Y A QS VK GRFTISR DNAKNS LYLQMN SLRAEDT AVYYCA RGY TY GHGRHG FDY WGQ GILVTV SS
IGHV3-33*01,S LRLSCA ASGFNFKGY DMVWFRQ APGKG LEWLAIVKR DPYSKSYAE SV K GRFTISR DNSNN ILYLEM NN LRV DDTG VYYCA RDDW I R PVTFS DVWGRG TTVIVS S
IGHV3-11*06,Q VQLVES GGG LV KPGG SLRLSCA ASEF T FSD Y YMSWIR QAPGKGL EWVSYIS STSS YIYWA DSVKG RFAISR DNAKNS LYLQMNSLRV EDT AVYYCA RGY TY GHG RLGFDY WGQG TLVTVS S
IGHV3-7*01,E VQLVE SGG TLV QPGD SLRLSCE ASGFPF ASFWMTWVR QAPGKG LEWVANI NQDGS EKYYVD SVKG RFTISR DNAKNS LYLQMN SLRAEDT AVYYCA RD IVS HSSGYNPFDSWGQG TLVTVS S
IGHV3-9*01,E VQLVES GGG LV QPGR SLRLSC AASGFT F DDY AMHWVR QAPGKGL EWVSGIS WNSGS ID YADSVKG RFTISR DNAKNS LYLQMN SLRAEDT AFYYC AKGL GIVATAYF DSWGQG TLVTVS S
IGHV3-53*01,GG SLRLSC AASGF TVS SN YM SWVR QAPGKGLD WVSVIYS GGS TYYA DSVKG RFTISR DNSKN TLYLQMNS LRAEDT AVYYCARL NGG IAA AGR W GG YFDY WGQG TLVTVS S
IGHV3-30*18,GG SLRLSCA ASGF TFSS Y GMHWVRQ VPGKGL EWVAVISYH GSNK YYA DS VWGRFTISR DNSKN TLYLQMSS LRAEDT AMYYCA KDYHP AE RR RY CSTSNC I EEA F DSWGQG TLVTIS S
IGHV3-74*01,GG SLRLSC AASGFT F SSYWMHWVRQ APGKG LVWVSRI NSDGSST SYA DSVKG RFTISR DNAKN TLYLQMN SLRAED TAVYYCAKVIAA AGKGG VFDYYY G MD VWGQG TTVTVS S
IGHV3-33*01,Q VQLVES GGG VV QPGR SLRLSC AASGF TF SDF GMHWVRQ APGKGL EWVALIWY DGSNK YYAD S V KG RFTIS RDNFKN TLYLQMN SLRAEDMAGE Y WGRDVPA RIGL GAYGPDYWGQG TLVNV SS
IGHV3-21*03,E VQLVES GGG LV KPGG SLRLSC AASGF TFSS Y SMNWVR QAPGKG LEWVSS ISSSSS YIYYA DSVKG RFTISR DNAKNS LYLQMN SLRAEDT AVYYC ARDA TVTQMV RGVPH WF DPWGQG TLVTVS S
IGHV3-9*01,E LQLVES GGG LV QPGG SLRLSCV ASGF TVST N YISWVR QAPGKGL EWVSGISW NSDNIGYADSVKG RFTISR DNAKNS LYLQMN SLRAED TAFFYCA KSPSSSS LLGIDY WGQG TLVTVS S
IGHV3-23*01,GG SLRLSCA ASGF TF DNHA MSWVRQ APGKGL EWVSSIS CSGGK TY HPDSV KGRFSVS RDNSR KILYLQMS SL RV ED TAVYYC AKER VSIPLYEMD VWGQ RTTVIV S
IGHV3-7*03,GG SLRLSC AGSGFDFS D FWMTWVR QAPGKGLE GVANIKR EGS ETYYVD SVKG RFTIS RDNAKN LVFLQM NSLRAED TAVFYCVR SAGMD VW GQ GTMVTVS S
IGHV3-48*01,VG TLFLSC ETSG ITF DDSGF NWVRQ APGPG LAWLAHIS KSGD ATYY SDSVKG RFTVS RDNAKH SLYLQI NGLTGGD TAVYYC ARGI ETVDF WGQG TLVTVS S
IGHV3-23*01,E VQILES GGGLAQPGG SLRLSCAV SGFP FGIYAMSWVR QAPGKG LQWVSTIS GSGVGG TTFYA DSVRG RFTIYR DNSMN TLYLQMN SLRAEDT AVYYCVK DHFDGPDK YF DSWGQG TLVTVS S
IGHV3-23*01,VG SLRLSC AASGF TFSSYAMSWVR QAPGKGL EWVSAIS GSGGS TYYA DSVKG RFTISR DNSKN TLYLQMNS LRAEDT AVYYCAKVFTF GPYGDYDYWGQG TLVTVS S
IGHV3-23*01,GG SLRLSCA ASGF TFSS YG MSWVRQ APGKG LEWVSSIK NTGENT HY ADSVQG RFTISR DNSRN TLYLQM DNL RV ED TAIYYCA NQMWNGGLWGQ GVQVTVS S
IGHV3-7*03,E VQLVES GGG LV QPGG SLTLSC AASGF TFR SS WMRWIR QAPGKG LEWVANR KQDGT EIYYVD AVKG RFTISR DNAKNS LYLQMN SLRAEDT AVYYCVK DTDYWGQG TLVTVS S
IGHV3-74*01,E VQLVES GGG LV QPGG SLRLSCA ASGST FSSHVMHWVR QPPGKGP VWISRIS HDSRDRNYADSVK GRFTISR DNAKN TLYLQMD SLRADDT ALYYCVR DADY RVDYW GLG TLVTVS S
IGHV3-74*01,GG SLRLSCA ASGF TFSTYWMHWVRQ VPGKGP VWVSRI NPDGS FTIYT DSVKG RFTISR DNAKN TLFLQMN SLRPEDT ALYYCVR DKTDG VLDFDY WGQG TLVTV SS
IGHV3-23*01,ET LSLSC AASGF MFSNYAMSWVR QAPGKGL EWVSSI SGSGGN TFFA DSVKG RFTISR DNSKN TLYVQMN NLRADDT AVYYCA RDHLDYYSDYWGQG TLVTVS S
IGHV3-30*18,GG SLRLSCA ASGF TFSS Y GMHWVRQ APGKG LEWVAVLSY DGSNK YYAD SVKG RFTISR DNSKN TLYLQMN SLRAEDT AVYYC A KG MEWLLSE LDYWGQG TLVTV SS
IGHV3-48*02,GG SLRLSCT TSG FTFTT HKM NWVR QAPGKG LEWVSEI SDDGN VIHYA DSVKG RFTIS RDNVK KSLFLQM NSLNDADT ATYYCAR DGSGTE ADFYYFDF WGQG TLVTVS S
IGHV3-23*04,E VQLVES GGG LV QPGG SLRLSC AASGF TF NN YAVSWVR QAPGKG LEWVSAI SGSGA TTYYVD SVKG RFTISR DNSKN TLYLQMN SLRAED TAVYYCAK DEYGSGSDR I SSGDM DVW GRGDHGH R LL
IGHV3-13*01,E VQLVES GGG LV QPGG SLRLSC AASGF TFSS Y DMHWVR QPTGKG LEWVSVTG TAGDT Y YPGS VKGRFTIS RENAKN SLYLQMNS LRAGD TAVYYCVR GE M NMGID HYYYGMD VWGQG TMVTVS S
IGHV3-23*01,GG SLRLSCA ASGF TFS NF AMSWVR QTPEKGL EWVSAIS GSDGR LFYAD SVRG RFTISR DNSKN TLSLQMNSL RADDT AVYFCA KESPYSSN RLYYFDY WGQG TLVTVS S
IGHV3-23*01,GG SLRLSCVA SRF TF SSY AMTWVRQ APGKG LEWVSAIR GSGDN TYYA DSVKG RFTISR DNSKS TLYLQMN SLRAEDT AIYYCA KGK Y DYNYGAGCDYWGQG TLVTV SS
IGHV3-23*01,GG SLRLSC AASGFS FRKYAMSWVR QAPGKGL EWVS GMSASGD ITYYT DSVKG RFTISR DESKN TLYLQMSS LRAEDT AVYYCAK HYGSGA IGRLFFWF DTWGQ ETLVTVS S
IGHV3-64D*06,GR SLRLS CPVSGF K LS DYAMH WVR QAPGKGL EYVSFI GGRDDYR TF DADF V K GRFTAS RDNGK STIYLQM NNLGPEDT AVYYCVH DNHGF HHW GQG TLVGV SP
IGHV3-72*01,GS LRLSC AASGF T FIDHYMDWVRQ APGKG LEWVGRT RNKANSYT TQYAASV K GRFTIS RDGSKN SMYLQM NSL K IEDT AVYYCA TRS YYDLWSDYY TNYYGM DV WGQGT TVTVS S
IGHV3-23*04,E VQLVES GGG LV QPGG SLRLSC AAPGF TFSTYAMTWVR QAPGKG LGWVSAL SGSGR STFYAYSV KG RFTISR DNSKN TVFLQMN S LRV EDT ALYYC GK LRGIVYY NHYMD VWGIGTTVTVS S
IGHV3-30*18,GG SLRLSCA ASGF TF NNY GMHWVRQ APGKG LEWVAAISY DGSKKNYGDS VKGRFTVS RDNSKS TLYLEMN SLRTEDT AVYYCA KVP TFFWF GQFTQDY F D F WGQG TLVT GAS
IGHV3-33*06,Q VQLV DSGGR VV QPGR SLRLSCE ASGF TF SDY AMHWVRQ APGKGL EWVAVIWS DGSDK YY SDSVK GRFTISR DNSKN TLYLQMN SLRADDT AFYFCA KDG MWFRAERYFFD YWGQG TLVTVS S
IGHV3-23*01,E VQLLE SGGD LV QPGG SLRLSC AASGF TFTS YG MNWVR QAPGKG LVWVS GIRGFGTG TYYA DSVKG RFSISR DNSKN TVSLQMN TLGVEDT AIYYCV KDMN FYAS G SFDY WGQG TLVTVS S
IGHV3-23*01,S LFLSCA ASGF T FDNPAM SWVR QAPGQG LEWVSSI SGSGGK TY HPDSV KGRFSVS RDNSR KILYLQMS SL RV ED TAVYYCA KER VSI P LYEMDV WGQG TTVTV S
IGHV3-23*01,GG SLRLSC AASG FTFS SSGM SWVRQ APGKG LEWVSSI NSGGS TFYA DSVKG RFTI S R DTFKN ILYLQL NGLRGEDT AIYYCAKL SCGGACSNFG WHFDF WGR GILVSV S
IGHV3-23*01,E VQLL EPGGG WV QPGG SLRLSC AASGF TFLSYAMSWVR QAPGKGL EWVSA MSGSGI DTYYT DSVTG RFTISR DNSKD TLYLKMN SLRAEDT AVYFWV KGD YYYH DSSAY L DHWGKG TLVTVS S
IGHV3-9*01,E VQLVES GGG LV QPGR SLRLSC AASGFT F D EYAM HWVR QGPGKGL EWVSGITW NSGK ID YADSVRG RFTISR DNARN SLYLQM NSLKP EDTALYYCAKEIIAAA GTA HVFYYYYYMDV WGKG TTVTVS S
IGHV3-11*01,GG SLRLSCVA SGF TF SDH CMTWIR QAPGKGL EWVSYI SGSGT TVHYA DSVKG RFTVSR DNAKNS LYLQITSLRV EDT ALYFCA RDPPPYGP VHYYYGMDV WGQG TTVTVS S
IGHV3-74*01,GG SLRLSC AASGF TFS SYWM HWVR QAPGKG LVWVSRI NSDGSST SYA DSVKG RFTISR DNAKN TLYLQMN SLRAEDT AVYYCAKL NYWGQG TLVTV SS
IGHV3-30*03,GG SLRLSCA ASGF TFSS Y GMHWVRQ APGKG LEWVAVISY DGSNK YYAD SVKG RFTISR DNSKN TLYLQMN SLRAEDT AVYYCA CPRG VIFWD A F DIWGQG TMVTVS S
IGHV3-11*04,Q VQLVES GGG LV KPGG SLRLSC AASGFNF RDY YMSWIR QTPGKGL EWVSYIS NTGS TIYYS DSVKG RFTISR DNAKN SLYLQMN SLGAED TAVYYCARE FTGYSSSNFDYWGQG TLVTVS S
IGHV3-33*01,GG SLRLSCA ASGF TFSS Y GMHWVRQ APGKGL EWVAVIWY DGSNK YYAD SVKG RFTISR DNSKN TLYLQMN SLRAEDT AVYYCARE YSGYDSSA FDIW GQG TMVTVS S
IGHV3-30*03,V QLVES GG GLV TPGG SLRLSCA ASGF TFSSYSMNWVRQ APGKGL EWVAVISY DGSNK YYAD SVKG RFTISR DNSKN TLYLQMNS LRAEDT AVYYCA RETPATSYSS SWYAYW GQG TLVTVS S
IGHV3-21*01,GG SLRLSCE ASGF SFYNYIMNWVRQ APGKGL EWVSFIS LSTT YLYYGVSVRGRFTISR DNARN SLYLQMD SLRAEDT AVYYCAR KNAVGSGGD AFDIW GRG TMVTVS T
IGHV3-21*01,E VQLVES GGG LV KPGG SLRLSC AASGF TFSS Y SMNWVR QAPGKGL EWV SPISSSSS YIYYA DSVKG RFTISR DNAKNS LYLQMN SLRAEDT AVYYCA REGD WEAAL DY WGQG TLVTVS S
IGHV3-30*03,GG SLRLSC AGSG FTFS NY GMHWVRQ APGQG LEWVATISY DGSQK KY ADSVKG RFTISR DNSKN TLFLQMN SLRTEDT AVHFCAIGAV AGTE SFGFW GQG ALVTVS S
IGHV3-48*02,GG SLRLSCA ASGF TFSS Y SMNWVR QAPGKGL EWVSYIS SSSS TIYYA DSVKG RFTISR DNAKNS LYLQMN SLRDEDT AVYYCA RPL A QMYYD FWSG LYYYY G MD VWGQG TTVTVS S
IGHV3-30*18,GG SLRLSCA ASGF SFS SHG MHWVRQ APGKG LEWVAVISY DGSNE YYA DSVKG RFTISR DNSKN ALYLQMN SLRPEDT AVYYCA KDGN YGYL APHWGS F D Y WGQG TLVTVS S
IGHV3-33*01,GG SLRLSCA ASGF TFSS Y GMHWVRQ APGKGL EWLAVIWY DGSNK YYAD S V KG RFTI PRDNSKN TLYLQMN SLRAEDT AVYYCA RDSF KY DFWSGYYP LYYYY G MDV WGQG TTVTVS S
IGHV3-48*04,GG SLRLSCA ASGF TFSS Y SMNWVR QAPGKGL EWVSYIS DSSS TIYYA DSVKG RFTISR DDAKNS LYLQMISLR AEDT AVYYCA RDFGELPQ YYF DSWGQG TLVTVS S
IGHV3-9*01,GG SLRLSC AASGF TFHEYAMHWVR QAPGQG LEWVSGITW NSNTI GY ADSVKG RFAIS RDNAKS SLYLQM NNLRADDT AFYYCA RGDDTSDY YS TGYDYWGQGN LVTV SP
IGHV3-48*03,E VQLVES GGG LV QPGG SLKLSC AASGF TFSSYEMNWVRQ APGKGL EWVSYIS TSGN TIYYAD SVKG RFTIS RDNAKS SLYLQMN SLRAEDT ALYYCVR SSVTNWFDPVGPGNPGSPSP
IGHV3-53*04,GGSLRPSCAASGL TVTT N YMNWV R QAPGHG LAWVPVMF SRGSPYPTDSATG RFTI PRHYSKNT VDLQ MNSLRPEDTG VYYCARWAYC AGDCSPRTP YWYFDL WGRG TVVTVS S
IGHV3-21*01,E VQLVES GGG LV KPGG SLRLSC AASGF SFSTYSMNWVR QAPGKG LEWVSSI SSSSN IYYA DSVKG RFTIS RDNAKN SLYLQMNSLRV EDT AVYYCAS YSSSWSRTDY F DYWGQG TLVTVS S
IGHV3-30*19,Q VHLVES GGG VV QPGR SLRVSC AASG FVFS NYG MHWVRQ APGKGL EWVAIIS YDGS YTYYA DSVKG RFAISR DNSND RLYLQMN SLRTEDT ATYYCA KDPGDYEPP IIAS DFWGQG TLVTVS S
IGHV3-11*01,GG SLRLSC AASGF TF RDSYMSWIRQ APGKGPE WVSYI DSSDR IRHYAD SVKG RFTISR DNAKNS LYLQMN SLRADDT AVYYCA RLP WLQL W L QG FYFDF WGRG TLVAV SS
IGHV3-21*01,E VKLVES GGG LV QPGG SLRLSC AASGF SFSSYSMSWVR QAPGKG LEWVSYIS SSSS YTYYA DSVKG RLTISR DNAKNS LYLQMN SLRAEDT AVYYCA NSRRDG YIDY WGQG TLVTV SS
IGHV3-21*01,GG SLRLSC AASGF TY SSCS MNWVRKA TGKGL EWVSS ISSSSS YRYYA DSVKG RFTISR DNAKNS LYLQM NSLRAED TA VYY CARD LGI TIFGVVI PDGD YYYGMDV WGQG TTVTVS S
IGHV3-23*01,GG SLRLSCA ASGFPFS SYAM S WF R QAPGKGL EWVSAIS GSGGS TYYA DSVKG RFTISR DNSKN TLYLQMNRL RAEDT AVYYC AKGH VLGYC SSTSCYHDAFDLWGQG TMVTV SS
IGHV3-11*01,GG SLRLSCA ASGF TF S DY YMSWVR QAPGTGL EWVSYI SGGTT TKYYA DSVKG RFSIS RDNAENS MYLQMNS LRAEDT AVYFCARVSV SS WRYFD YWGQ GILVTVS S
IGHV3-9*01,LTGGPLSLPGAPSGFPLDDFALP WVRQ VPGKGLEGV SGIS WNSGS IIYAD SVKG RFTISR DNAKNS LHLQMN SLRAEDT ALYYCA KDLYSSSRLGE FDY WGQG TLVTV SS
IGHV3-7*03,L LVES GG HLV QPGG SLRLSCV TSEF SL T THWINWVR QAPGKG LEWLATM NDDGS EAYYLD SVKG RFTLSR DRSKR SFFLQM D SLRV DDT AFYYCARR FKTPPTLDKA FDVW GQG TLVTVS S
IGHV3-30*03,Q VQLVE SGG AVV QPGR SLRLSC AASGF TFS DYGM NWVRQ APGKGL EWVAVIAH DGSNK YYVD SVKG RFTISR DNSRN TLYLQMN SLRAEDT AVYYCA GS Y YGSGRN YYW GQG TLVTVS S
IGHV3-30*18,GG SLRLSCA ASGF TF SN YAIRWIRQ GPGKG LKWVAIIS YDGTS KYYAD SVKG RFIISR DNSRN TLYLQMN SLRPEDT AVYYCAKAVVF G EA YGM DVW GQG TTVT VPS
IGHV3-48*01,GG SLRLSCA ASGF TFSS Y SMNWVR QAPGKGL EWVSYIS SSSS TIYYA DSVKG RFTISR DNAKNS LYLQMNS LRAEDT AVYYCVR PSPGYWGQ GTLVTVS S
IGHV3-23*01,E VQLLE SGGG LV QPGG SLRLSC GASG FTFSSFAMSWVR QAPGKG LEWVS GISGSG ISTY SAGS VKGRFTISR DNAKN SLYLQMNSL RAEDT AVYYC ASGSG SVNFDY WGQG TLVTVS S
IGHV3-33*01,GG SLRLSCA ASGF TFSS Y GMHWVRQ APGKGL EWVAVIWY DGSNK YYAD SVKG RFTISR DNSKN TLYLQMN SLRAEDT AVYYCA RDGGLRGGYDKD YYYYGMDV WGQG TTVTVS S
IGHV3-53*01,E VRLME SGGG LI QPGGSR RLSCT ASDFSVSHN YMSWVR QAPGMG LEWLSLI DNDGS AYH ADSVK GRFTISR DNSKN SLYLQVNSL RAEDT AVYYCARR YRGLDYWGQG TLVTVS S
IGHV3-23*01,GG SLRLSCA ASGF TFSSYAMSWVR QAPGKGL EWVSAIS GSGGS TYYA DSVKG RFTISR DDSKN TLYLQMN SLRAEDT AVYYC AKDR YYY DSSGYPDYWGQG TLVTV SS
IGHV3-73*01,GGY LSR SCAASGF TVS GS AMHWVR PASGKG LEWVGRIR SKANSY ATAYAASV KG RFTISR DDSKN TAYLQMN SLKTEDT AVYYC TSGIVPTTFD AFDI WGQG TMVTVS S
IGHV3-74*01,GG SLRLSCA ASGF TFSSYWMHWVR QGPGKG LVWVSRI NSDGR TTTYAD SVKG RFTISR DNGKN TLYLQLN SLRAEDT AVYYCA RGHGSGWRGDYWGQG TLVTVS S
IGHV3-23*01,GG SLRLSCA ASGF TFR N YTMTWVRQ APGKG LEWVSAIS GSGGS TYYA DSVKG RFTISR DNSKNT RYLQMN RLRDEDT ALFYCAKEV KDTGD YHL DNWGQG TLVTVS S
IGHV3-74*01,GG SLRLSCA ASGF TFSTYWMHWVR QAPGEG LVWVSRI DTDGR TTTYAD SVKG RFTISR DNAKN TLYLRMN SLRAEDT AIYYCAR SDFFDGSG YYFGH WGQG TLVAV SS
IGHV3-30*18,GG SLRLSCA ASGF TFSS Y GMHWVRQ APGKG LEWVAVISY DGSNK YYAD SVKG RFTISR DNSKN TLYLQMN SLRAEDT AVYYCA KGAAA DFGVF DPWGQG TLVTVS S
IGHV3-15*01,V QLVES GG GVV QPGG SLRLSCA ASGFS FNTYAMHWVRQ APGKGL EWVGRIKRMV DGGT IDY AAPVKG RFTISR DDSEN KVYLQM NGL K TEDTG VYYCT TDQSGW LFSG HWGQG TLVAV SS
IGHV3-23*01,GG SLRLSCA ASGF TFSSYAMSWVR QAPGKGL EWVSAIS CSGGS TYYA DSVKG RFTISR DNSKN TLYLQMN SLRAEDT AVYYCA KPTST VTRYYYGMDV WGQG TTVTVS S
IGHV3-23*01,EVP LL ESGG TLI QPGG SLRLSC AASGF TLS NYGM SWIR QAPGKG LEWVSGI SDSGAT TH HADSVK GRFTISR NNSNN VLYLQMYSL RAEDK AIYYCA RGT YGLFGWF DSWGQG TLVTVS S
IGHV3-30*18,GS LRLSCS ASGF TFSIYGMQWVRQ APGKGL EWVAMIS HDGS KKYYAGSV K GRFTIYRD VSEN TLYLQMNS LRTDDT AIYYCAKYILAYS WHDASHIWGQ RTMVTVS S
IGHV3-43*02,V QLVES GG GVI QPGG SLRLSC AASG FIF DD YVMHWVRQ VPGVG LEWVSRI SHDG TVIWYAE SVRG RFTIS RDNRKK SLYLHMASLRV EDS AFYYCVK DYDW AF DYWGRG TLFTV SS
IGHV3-21*01,GGS LRLCCA ASGF TFS RNSM NWVRQ APGKGL EWVSS ISSSS RYIYN ADSVK GRFTISR DNAKNS LYLQMN SLRAEDT AVYYCA RDAPD YRLVFD HWGQG TLVTVS S
IGHV3-30*03,GG LLRLYC AGSGF SF S S Y GMHWVRQ APGMG LEWVAVISY DGSNK YYAD SVKG RFTISR DNSKN TLYLQMN SLRAEDT AVYYCA SMGCSSTSCYS HYYYYY G MDV WGQG TTVTVS S
IGHV3-30*18,Q VQLVES GGG VV QPGK SLRLSCVA SGF AFNIHGIHWVRQ APGKG LEWVAVIS SNENVAYGDS VKGRFTVS RDNSQH TLFLEM NSLRPEDT AVYMCA KDSSWG QFDL WGQG TLVTVS S
IGHV3-23*01,GG SLRLSCA ASGFPFSS FAMSWVR QAPGKGLD WVSAIS GSGGS TYYA DSVKG RFTISR DSSKD TLYLQMN SLRAEDT AVYHCVL GSGQ YYFDL WGQG TLVTVS S
IGHV3-20*01,GG SLRLSCA ASGF TF DDYGM SWVRQ APGKGL EWVSGIN WNGGSTGYADSV MGRFTISR GNAKN SLYLQMN SLRAEDTA WYHC ATS L S GWFMSYAFDI WGQGTMG TV SS
IGHV3-33*01,P LILSCA ASGF TF RDY TMHWVRQ APGQG LEWVAVIWH DGS REYYVD SVKG RFAISR DNSNN TLYLQM NNL RV EDT ALYRCA TEDGE WLESW GQG TLVTVS S
IGHV3-23*01,GG SLRLSCVA SGFTFSD YAISWVR QAPGKGL EWVSVIS GSGS YTYYA DSVKG RFTISR DNSRN TLYLQMNTLR AEDS ATYYCAK KGSTGTGSG KYYRLES WGHG TLLTVA S
IGHV3-33*01,QE QLVES GG GVV QPGR SLRLSCTV SG FTFS SHGM NWIRQ APGKGPE WVALIWY DGSSE YYA DSVKG RFTISR DNSKG TLLLQMNRLR AEDTG VYYCAR HRGDCSTN RCFF DDWGQGT PVTVS S
IGHV3-15*07,GG SLRLSC AASGFD FTNAWMNWVRQ APGKG LEWVGRIKRK ADGGTADYAAP V K GRFTISR DDSKN TLYLQVD SLKTED TAVYFCS THPSSTHWGQG TLVTVS S
IGHV3-30*01,GG SLRLSCA ASGF TFSSYAMHWVRQ APGKG LEWVAVISY DGSNK YYAD SVKG RFTISR DNSKN TLYLQMN SLRAEDT AVYYCATLF SSSW Y RNV NWF DPWGQG TLVTV SS
IGHV3-13*01,GG SLRLSC AASG FIFQ NYD MHWVRQ APGKGL EWVSAID TVGD TY YPGS VKGRFNI S RE DAKDS LFVQMNS LRAGD TAVYFCARV RPR ITLV RG VTVYG Y GMEIW GQGT TV NV
IGHV3-7*02,GG SLRLSC AASGL TFSTYWMMSWVR QAPGKG LEWVANI NQDGS QRYHVD SVRG RFAIS RDNAQNS LHLQMNCLR AEDT AVYYCV DGG AFEYW GQG TLVTV SS
IGHV3-30*03,Q VQLVES GGG VV QPGR SLRLSC AASGF TFNT Y GMHWVRQ APGKGL EWVAVISYD VSNK YYA DS V K GRFTISR DNSKN TLYLQMN SLRGED TAVYYCA RPWGRQY WNRLAFDI WGQG TMVTVS S
IGHV3-7*04,GGS LRLWCA ASGF TFSSYWMSWVR QAPGKGL EWVANIQQV GSG KFFLD SVKG RFTISR DNAKN SVYLQMNSL RADDT AVYYCARVVV PAA VHWF DTWGQG TLVIVS S
IGHV3-74*01,GG SLRLSCA ASGF TF SNY CMHWVR QAPGKG LMWVSRI NGDGS SISYA DSVKG RFTIS RDNAR STVYLQM NSLRAEDT AVYYCA RGSGN YWF DNWGQG TLVTVS S
IGHV3-15*01,E VQLVES GGG LI KPGG SLRLSC ATSGF TFSA A WMSWVR QAPGKG LAWVGRIKS AGGGGTTDYAAP V KG RFTISR DDSKN TVFLEM NSLT AEDTAVYYCTWIQAVV G SFEIW GQG TMVSV SP
IGHV3-15*01,GG SLRLSCA ASGFSFRN YWMSWVR QAPGKGL EWVGLIKSK TDDGTTDYAAP VKGRFSISR DDSKN TLYLQMNSLKI EDTG VYYC GTQYPQVDDD YYYYGMDV WGQG TTVTVS S
IGHV3-21*01,GG SLRLSCA ASGF TFSS Y SMNWVR QAPGKG LEWVSS ISSSSS YIYYA DSVKG RFTISR DNAKN TLYLQMN SLRAEDT AVYYCVGEL LPRYGM DVW GQG TTVTVS S
IGHV3-21*04,GG SLRLSC AASGFS FSNYVLNWVRQ APGRGL EWVSS IRSPT IKTFYA DSVKG RFTVS RDNAKR SLYLEMN S MRV DDT AMYYCVR SALGYCTTSRCF TSMDV WGQG TTVSV SS
IGHV3-23*01,GG SLRLSC AASGFF FSDYAMSWVRQ APGKGL EWISIF SGAGDT TYYA DSVKG RFTISR DNSRN TLSLQMS SLRA EDTAFYYCAK HGCTKT NCYVNA WGRG TLVTVS S
IGHV3-23*01,GG SLRLSC AASGF TFS SYAMSWARQ APGKGL EWVSVIS GSGGN TYYA DSVKG RFTISR DNSQN TLYLQMN SLRAEDT AVYYCA KDHNV WGSYRFQHFD YWGQG TRVTVS S
IGHV3-74*03,GG SLRLSC AASGF TFSYYWMHWVLQ APGKG LVWVSRLKY DGSTT TYAD SVKG RFTISR DNAKN TLYLQMS SLSAED TAVYYCA RDKDWK LW DNWGQG TLVTV SS
IGHV3-66*01,GGSLRPSCPALGSSVPNNSMTG VR QAPGKGL EWVSLMSSVVS ADYADSVK GRFTISR DNSKN TLYLQMNS LRAEDT AVYYCA RD WRRYF DSWGQG TLVTV SS
IGHV3-23*01,RS LSL SGAASGF TFRNYAMSWV GPAPGNGL EWVSTIR GSGGS TYYA DSVKG RFTIS RDNPKN TLYLQVNS LRAEDT AVYYCA KEPNYDFWSG YYFD YWGQG TLVTVS S
IGHV3-23*01,GG SLRLSCVA SGF A FSDFG MAWVRQ APGKG LEWVSTL NTDGENT HYA DSVKG RFTISR DNSKN MLYLQMN SLRAED TAVYYCA NDAGV DVFFD YWGRG TLVTVS S
IGHV3-33*05,GG SLRLSC AASGF TFSLYD M SWVR QAPGKGL EWVSFMS YDGHD KYLID SVKG RFAISR DNSKQ TLYLQMN SLKDDDT AVYYCA RGDSG LYEALDI WGQG TMVFV SS
IGHV3-73*01,GG SLRLSCA ASGFN FTGYAIQWVR QPSGKG LEWIGRIRS KPKGNA TTFAASL KG RFVISR DDSRNT AYLQIHSLKI EDT AVYYCT GD YLYW DQGT LVSVS S
IGHV3-11*04,S LSLSC AASGFT FSDYYMSWIRQ APGKGL EWVAYIS GSGSTRNYADSVRG RFTISR DNAKNS LYLQMNSLRV EDT AVYYCARVHL GASSLSDYCGQG ALVTV SS
IGHV3-11*06,GS LRLSCA ASGFT FSDYYMSWIRQ APGKGL EWVSYIS SSSSYTNYADSVKG RFTISR DNAKN SLYLQMNS LRAEDT AVYYCAR APGGA QAVLFYYYYY GMDVWGQG TTVTVS S
IGHV3-7*01,GG SLRLSCA ASGF TFSSYWMSWVR QAPGKG LEWVANIK QDGS EKYYVD SVKG RFTISR DNAKNS LYLQMN SLRAEDT AVYYCA RDG QVYG G NYYYYGMD VWGQG TTVTVS S
IGHV3-30*01,Q VRLVES GGG VV QPGR SLRLSC GASGF TFSSYAMYWVRQ APGKG LEWVAVIS YDG IIKYYA DSVKG RFTISR DNSKN TVYLQMNSLRV EDT AVYFCA RDSEYSS AWYSIA DWGQGT PVTV SS
IGHV3-15*01,E LHLVES GGD LV KPGG SLTLSCA ASGINFNT AWMSWVR QPPGKGL EWIGRIKSK VDGGAADYGAPVKD KFTISR DDSKN TLYLQM NSLKT EVTAVYYCS TDIGSR WRFN HWGQG ALVTVS S
IGHV3-7*03,GS LRLSC AGSGFDFSD YWMTWVR PAPGKG LEWVANIKR DGS ETYYVD SVKG RFTIS RDNAKN LVFLQM NSLRAEDT AVFYCVR SAGMD V WGQ GTMVTVS S
IGHV3-33*01,GG SLRLSCA ASGF TFSS Y GMHWVRQ APGKGL EWVAVIWY DGSNK YYAD SVKG RFTISR DNSKN TLYLQMN SLRAEDT AVYYCA RTSSY YYGMDV WGQG TTVTVA S
IGHV3-23*01,GG SLRLSCA ASGF TFSS Y AMSWVR QAPGKGL EWVSAIS GSGGS TYYA DSVKG RFTISR DNSKN TLYLQMN SLRAEDT AVYYCAK VGSTKQNS YYDK LTG AFDI WGQG TMVTV SS
IGHV3-30*02,Q VQLVES GGG VV QPGG SLRLSC AASGF TFSAYGMHWVRQ APGKGL EWVAFIWH HGSQE YY ADSVKG RFTISR DNSKN MLYMQIN SLRPEDT AVYYCAK DPGGA AVGYYMDV WGKG TTVTVS S
IGHV3-23*01,GG SLRLSR AASGF TFSSYAMSWVR QAPGKGL EWVSAIS GSGGS TYYA DSVKG RFTISR DNSKN TLYLQMN SLRAEDT AVYYCAK VGS LSLLGFD YWGQG TLVTVS S
IGHV3-21*01,E VQLVES GGG LV KPGG SLRLSC AASGF TFSTFSMNWVR QAPGKG LEWVSSI SSSG YYIYYA DSLKG RFTISR DNAKN SLYLQVNSL RAEDT AVYYCAREF TGYSSSNFD Y WGQG TLVTVS S
IGHV3-48*01,E VQLVD SGGG LV QPGGP LRLSCA ASGF TFSFYSFHWVR QAPGKG LEWVAYIT GTGN LIHYA DSVRG RFTISR DNAGN SLYLQMRSLRV EDT AVYYCVR NGDGSGD YWG RG RQVTVS S
IGHV3-23*01,GG SLRLSCA ASGF TFSSYAMSWVR QAPGKGL EWVSAIS GSGGS TYYA DSVKG RFTIS RDNPKN TLYLQMNSLRV EDPA VYYCA KPQNPYSSRP YWYFD LWGRG TLVTVS S
IGHV3-23*01,GG SLRLSC AASGF TFEN YGM GWVRQ APGKG LEWVSSI SGR V GPTRRSYGDS VKGRFTVSR DNSKN TLYLHMN SLRAEDT AVYYCVKGLI GSLPGDFWGQG TLVTVS S
IGHV3-30-3*01,GGSR RLSCA ASGF TFSSYAMHWVRQ APGKG LEWVAVISY DGSNK YYAD SVKG RFTISR DNSKN TLYLQMN SLRAEDT AVYYCA RGSESGD LLWF GE YYYYYGMDV WGQG TTVTVS S
IGHV3-33*06,GG SLRLSCA ASGF TFSS Y GMHWVRQ APGKGL EWVAVIWY DGSNK YYAD SVKG RFTISR DNSQN TLFLHMNSLRV EDT SLYYCA KTNDI L HGA K YG MDVW GKG TTVTVS S
IGHV3-23*01,PGG SLRLSCA ASGF R FSD FTMTWVRQ APGKGPE WVSAI GGRGGS TYYA DSVGG RFTIS RDNSKD MLYLQM NSL KV EDT ATYYC GKEGGAWGQG TKVTVS S
IGHV3-21*05,EM QLVES GGG LV NPGGS LSLSCTASVFTF SDFSM NWVRQ ASGKGL ECLSYIS RISS HIYYA DSVKG RFTISR DNAKS TLYLQMN SLRADDT AVYYC AGDPADSLTRN WF DPRGQ GTLVTV SS
IGHV3-66*03,GG SLRLSC AASGL TV GTN YMNWV R QSPGKGL EWVSVLS RTGS TYYA DSVKG RFTISR DNSKN TVYLQMNR LTTDDT AMYYCA RDLR FGLD CWGQG TLLIVS S
IGHV3-21*01,E VQLVES GGG LV KPGG SLRLSC AASGF TFSIYSMNWVR QAPGKG LEWVSSI SSSSS YIYYA DSVKG RFTISR DNAKN SVYLQMN SLRAED TAVYYCA RDGSG WYTYGWWF DPWGQG IRGHRL L
IGHV3-74*01,GG SLRLSCA ASGF TF SN YWMHWIR QAPGEGP VWVSRI NPDGR TTNY ADSVKG RFTISR DNAKN TLYLQMHSL RAEDT AVYYCA TAGD YRFDY WGQG TLLTVS S
IGHV3-64D*06,GG SLRLSCS ASGF TF SEYPM HWVRQ TPGKG LEYVARL SDNGASTHYGDS VKGRFTIS GDNSKN TMYLQMNSLRV EDT AVYYCVKVR HGGE YWGQGIRVNV SS
IGHV3-30*03,A LRLSCA ASGF TFSS Y GMHWVRQ APGKG LEWVAVISY DGSNK YYAD SVKG RFTISR DNSKN TLYLQMN SLRAEDT AVYYCAR MH FGVVINAVGID YWGQG TLVTVS S
IGHV3-30-3*01,GG SLRLSCA ASGF TFSSYAMHWVRQ APGKG LEWVAVISY DGSNK YYAD SVKG RFTISR DNSKN TLYLQMN SLRAEDT AVYYCA KDSNT LYDF WSGSDYG MDVW GQG TTVTVS S
IGHV3-48*03,GG SLRLSC AASG LIFS NFDKN WIR QAPGKGL EWISYIS RSGN RLYYAD SVKG RFIVSR DNAKNS LYLQMTSL RAEDT AVYYCAR NGDGY NLVGFDF WGQG TLLTVS S
IGHV3-7*01,GG SLRLSCA ASGF TFNTYWMTWVR QAPGMG LEWVAN INQDETE KYYVD SVKG RFTISR DNAKNS LYLQMN SLRAEDT ALYYCAR DFGGGENDYWGPG TLVTV SS
IGHV3-48*04,V QLVES GGG LV QPGG SLRLSCA ASGF TFSS YNM NWVR QAPGKGL EWVSLI SSTST TIFYA DSVKG RFTIS RDNAKK SLYLQMSS LRAEDT AVYYCVR G YTY SNR LLGFDY WGQG TLVTVS S
IGHV3-30*04,GG SLRLSCT ASGF TF SN YALHWVR QAPGKG LEWISIISY DGSNK YYAASVKGRFTISR DNSKN TLYLQMN SLRAEE TAVYYC ARD TFIVTVSTS IGGFDPWGQ GTLVTVS S
IGHV3-23*01,GA LRLSCA ASGF TFSSYAMSWVR QAPGKGL EWVSAISV SGGS TYY SDSVK GRFTISR DNSKN TLYLQMNS LRAEDT AVYYCA KDEKASPY YY DSSE VVGAFDI WGQG TMVTVS S
IGHV3-48*02,GG SLRLSCA ASGF TFSS Y SMNWVR QAPGKGL EWVSYIS SSSS TIYYA DSVKG RFTISR DNAKNS LYLQMN SLRDEDT AVYYC ARDQ VTMVRGVIIEHYYYY G MDV WGQG TTVTVS S
IGHV3-30*18,GG SLRLSCA ASGF TF NNF GMHWVRQ APGKGL EWVSLISY EGSK KYYID SVEG RFIISQ DSSKN TVYLQMNSLR TEDTG VYYCAKVQAILWI RPNYSGM DVW GQGT TGTV SP
IGHV3-53*01,E VQLLES GG GFI QPGG SLRLSC AASGF TVS SN YMSWVR QAPGKGL EWVSVIYS GGS TYYA DSVE GRFTISR DKSKN TLFLQMNS LRAEDT AVYYCA RGEGEFD YAN LIYYYH AMDVWGLG TTVTVS S
IGHV3-23*01,GGS LRLS RATSGI A FPSTD MAW VR QAPGRG LAWVST LSAIRHTHYRDSVEG RFVI S RDDVKKAVYLEM NNLR V EDT ATYYCA T E LQYDN IYW GQG VLVTV SS
IGHV3-9*03,GG SLRLSCA ASGFTFDD YA MHWVR QAPGKGL EWVSGIS WNSGS IGYA DSVKG RFTISR DNAKN SLYLQMG S L RAED MAVYYCA SSWYGDYWGQG TLVTVS S
IGHV3-48*01,GW SLGLSCA ASGFSFSD YVMTWVR QAPGPGL EWVSYIS HDSG IRYHA DSVKG RFTISR DNAKNS LYLQMNS LRAEDT AVYYCA RDPRNYESGDQ HYW GQG TLVTVS S
IGHV3-7*02,E VQLVES GGGLAQPGG SLRLSCEV SG FTF S GYWMTWVRQ APGKG LEWVANIK QDGSD KYYVD SVKG RFTISR DNAKN SVYLQMD SLRAEDT AVYYCAKCI APPGR LYYYYYGMD VWGQG TTVTVS S
IGHV3-9*01,S LRLSCA ASG FIF DDY ALHWVRR VPGKG LEWVSGIS WNSGS IGYAES VKG RFTISR DNGKN SVYLEMKS LRPEDT ALYYCA KDQTTFPY Y ADSWGQG TQVTVS S
IGHV3-7*01,E VQLVES GGG LV QPGG SLRLSC AASGF TFS SKW MNWVR QAPGKG LEWVANIK QDGD EKYYVD SVKG RFTISR DNARN SVYLQMN SLRAEDT AVYYCA RGRDGY Y DSGGY YS G AFDI WGQG TMVTVS S
IGHV3-13*01,E VQLVES GGG LV KPGG SVRLSCVA SE FTFST Y DMHWVR QGAGKS LEWVAAIG TAGD TFYS G SVKGRFTIS RE DAKNS LYLQMNSLR VGD TAVYYCA RGGP TYYFFWST YSAGL LDY WGQG TLVTVS S
IGHV3-33*01,VG SLILSC AASGF TFSS Y GMHWVRQ APGKGL EWVAVIWY DGSNK YYED S V K GRFTISR DNSKN TLYLQMN SLRAEDT AVYYCVT GGDFWSG YWGMDV WGQG TTVTVS S
IGHV3-7*03,E VQLVES GGG LV QPGG SLRLSCVAYG FNSNS CWMTWIRQ APGKG LEWVAIIK KDGSEN HYVD SVKG RFTISR DNAKNS LYLQMNS LRADDTA KYYC APGLRS GWVF GPWGQG TQVTVS S
IGHV3-13*01,GG SLRLSCA ASGF TFST YDM HWVRQ TTGKGL EWVS GIGAAGDT Y YPDSVK GRFTISR DNSKN TLYLQMNS LRAEDT AVYYC ARD LLVYY GMDVWGQGT TVTVA S
IGHV3-21*01,V QLVES GGG VV QPGR SLRLSCV ASGF TFS SYG MHWVRQ VPGKGL EWVSSI SSSSS YIYYA DSVKG RFTIS RDNAKN SLYLQMNS LRAEDT AVYYCA RDPQLDLREGG YW GQG TLVTVS S
IGHV3-23*01,GG SLRLSCT ASGFS FSNYAMNWVRQ APGKG LEWVS GTSGNG FATYY GDSVK GRFLISR DNSKN ALYLQIN SLSAEDT ALYYC AKGS MFGVVS TRQANW F DTWGQG TLVTV SS
IGHV3-66*02,GG SLRLSC AASGF TVS SN YMSWVR QAPGKGL EWVSVIYS GGS TYYA DSVKG RFTISR DNSKN TLYLQMNS LRAEDT AVYYCA SSLDFWSG YFHYYGMDV WGQG TTVTVS S
IGHV3-33*06,Q VQLVES GGG LV KPGR SLRLSC AASGF TFSTYGMHWVRQ APGKGL EWVAVMWY DGSNK YYAD SVKG RFTISR DNSKN TLYLQMN SLRAEDT AVYYC AKDQWSSSWTNDAFDFWGQG TMVTVS S
IGHV3-30*18,Q VQLVES GGG VV QPGR SLRLSC AASGF TFSS Y GMHWVRQ APGKG LEWVAVISY DGSNK YYVD SVKG RFTISR DNSKN TLYLQMN SLRAEDT AVYNC AKDRSGSYPA LD YWGQG TLVTV SS
IGHV3-74*01,GG SLRLSC AASGF TFS SYWM HWVR QAPGKG LVWVSRI NSDGSST SYA DSVKG RFTISR DNAKN TLYLQMN SLRAEDT AVYYCARV GMSRHSSS WY RGG YYYYYGMD VWGQG TTVTVS S
IGHV3-7*03,L LVES GG HLV QPGG SLRLSCV TSEF SL T THWINWVR QAPGKG LEWLATM NDDGS EAYYLD SVKG RFTLS RDRSKR SFFLQM DS LRV DDT AIYYCARR FKIPPT L DKA FDVW GQG TLVTVS S
IGHV3-33*06,Q VQVVE SGGG VV QPGR SLRLSC AASGF SF SNY GMHWVRQ APGKGL EWVAAIWY DGSNKH YA DS V K GRFTISR DNSKN TLYLQMN SLRAEDT AVYFCAKVQFLEWSL TRETN FYYHAMD VWGQG TTVTVS S
IGHV3-74*01,GS LRLSCT ASGF TFS S YWMHWVS QAPGK GLVWVSRI NGDGR TTTYAESV KG RFTISR DNAKN TLYLQMNSLRV DDT AVYYCVR GPSDGHG RFEYW GQG TLATVS S
IGHV3-30*18,GG SLRLSC AASGF IF NN FAMHWVR QAPGKGL EWVADISY EGSKRNFADS VEGRFTVSR DSAKN MVYLQMN SLRSEDT AMYYC AKAR SLFMLYY DDAFD IW GQG TMVIVS S
IGHV3-30*18,FCEASG YTFT SNG ISWVRQ APGKG LEWVAVISY DGSNK YYAD SVKG RFTISR DNSKN TLYLQMN SLRAED TAVYYCA KDSGPA AILFYYYYF DHWGQG TLVIVS S
IGHV3-30-3*01,GG SLRLSCA ASGF TFS SYP MHWVRQ APGKGL EWVAFISFI GSNKNYADSVK GRFTISR DNSKN TLFLQMN SLRPEDT AVYYC ARDGS YYDLGFDL WGRG TLVTV SS
IGHV3-23*01,GG SLRLSCA ASGF TFST H AMTWVRQ APGKGL EWVSSISA IGGT AYNID YADSVR GRFTIS RDNSKD TVFLQMHS LGAEDT AVYYCVR NQGQ FF DSWGQG ALVTVS S
IGHV3-33*06,GG SLRLSCA ASGF TFSR Y GMHWVRQ APGKGL EWVAVIWY DGSNK YYAD SVKG RFTISR DNSKN TLYLQMN SLRAEDT AVYYCA KDLVGA TYFD YWGQG TLVTVS S
IGHV3-48*04,GG SLRLSCT ASG FTFSS Y SMNWVR QAPGKG LQWVSYIS SSSS TIYY GDSV KGRFTISR DNAKNS LYLQMSS LRAEDT AVYYCAG VSTGN YYYGMDV WGQG TTVTV S
IGHV3-23*01,GG SLRLSC AASGF TFSTYAMSWVR QAPGKGLD WVSSVVN RGGS TFYAD SVKG RFTISR DNSKN TLYLQMNS LRAGD TAIYYCAK SVSG YYYH DFWGRG TLVTVS S
IGHV3-7*01,GG SLRLSCA ASGF TFSSYWMSWVR QAPGKG LEWVANI KEDESE KYYVD SVKG RFTISR DNAKNS MYLQMN SLRAEDT AVYYCASQI YSGYDPFDYWGQ GILVTV SS
IGHV3-23*01,GG TLRLSCVA SGF TF SKNA MTWVR KGPGKGL EWVSAISA IGGS TYYAES VKG RFTISR DNSRN TLYLEMN SLRAED TAVYYC SKNAKYSSS SMEVW GQG TTVTV S
IGHV3-7*01,E VQLVE SGGG LVR EPGG SLRLSC GASGF SFS S YWMGWVRQ APGKG LEWVANIK QDGS EKYYVD SVKG RFTIS RDNAKN SLYLQMNS LRAEDT AVYYC ARGQ RLFDC WGQG TLVTVS S
IGHV3-33*01,GG SLRLSR AASGF TFNSYAMHWVRQ APGRG LEWVAVIGI DGIN EYY ADSVKG RFTISR DNSQN TVYLQMNSLRV EDTG VYYCARVKQWR AHDGM DVW GQG TTVTVS S
IGHV3-23*01,GG SLRLSCA ASGF S FSNYG MTWVRQ TPGKG LEWVSG ISGTG FTTYY SDSVKG RFTISR DNSRN TLYLEMN SLRAED TAVYYC SKNAKYSSS SMEVW GQG TTVTV S
IGHV3-20*04,E VQLVES GG GVV RPGG SLRLSC AASGF TF DDYGM SWVRQ APGKGL EWVSGIN WNGGTTGYADSVKG RFTISR DNAKNS LHLQMNS LRAEDT ALYFCA RDMRRYCSGGSCPNNYWGQG TLVTV SS
IGHV3-30-3*02,Q VQLVES GGG VV QPGR SLRLSC AASGF TFSSYVMHWVRQ APGKG LEWVAIISY DGSNK YYAD SVKG RFTISR DNAKNS LYLQMNS LRAEDT AVYYCAKI KGGNPGWE RYFDL WGRG TLVTVS S
IGHV3-30*18,GG SLRLSCA ASGF SF NNY GMHWVRQ APGKG LEWVAFISY EGSK KYYLD SLKG RFTISR DYSKN TLYLQMN SLKEDDT AIYYCVK RR AIFELWA GNFDYWGQG TLVTVS S
IGHV3-33*01,Q VQLVES GGG VV QPGG SLRLSC AASGF AFS TSDM HWVRQ APGKGL EWVAVIWH DGTNKYYPDSVK GRFTISR DNAKN TLYLQLNSL RADDT AVYFWAR SPSPLDSGS YLYYF DSWGQG TLVTVS S
IGHV3-30*18,Q VQLVES GGG VV QPGR SLRLSC AASGF TFN SYG MHWVRQ APGKGLD WVTVISY DGSNKNYADSVK GRFTISR DNSKN TLDLQM N SL RAEDT AVYFCA KDQGSGW GIFDF WGQG TLVTVS S
IGHV3-7*03,GG SLRLSC ATSGFS FSDF WMTWVR QAPGKG VEWVANI NQDGN ERHYVD SVKG RFTIFR DNAKN LLYLQL SGLRAEDT AVYYCAR YGN TIFGVVTSM LGVFPFDYWGQG TLVTVS S
IGHV3-74*01,E VQLAE SGGG LV QPGG SLRLSC AASGF TFSSYWMHWVRQ VPGKGP FWVSRI HPDGSSTS Y ADSVKG RFTISR DNTNK ILYLQM N SLRV DDT AVYYCA RPGSWYGH HWF DPWGQG TLVTVS S
IGHV3-30*03,GG SLRLSCA ASGF TFSS Y GMHWVRQ APGKGL EWVAVISY DGSNK YYAD SEKG RFTISR DNSKN TLYLQMN SLRAED TAVYYCAR DGRGSG WTGYFDY WGQG TLVTVS S
IGHV3-11*04,Q VQLVES GGG LV KPGG SLRLSCT SSEF TL S DY YMSWIR QAPGKGL EWISYM SSSGT TVLLLD SVKG RFTISR DNAKNS LYLQMN SLRDEDT AVYYCARVE GAGN YAHAAYW GQGTRGH RL L
IGHV3-33*01,Q VQLVES GGG VV QPGG SLRLSC AASGF AFS TSDM HWVRQ APGKGL EWVEVIWH DGTNK Y YPDSVEGRFPISRDKAKN TLYLQLNS LRADDT AVYFCT RSPSPLDS SIYLYYV DSWGQG TLVTVA A
IGHV3-23*01,GG SLRLSCA ASGFSFSDY SMSWVR QPPGKGL EWVSMIS ASGDS SYYID SVKG RFT NSRDSSKN TIYLQMN SLRAEDT AVYYCA KNWGRP SIISWF DSWGQG TLVTVS S
IGHV3-74*01,GG SLRLSC AGSGYT FNRFWMHWV R QVPGQG LVWVSRI DNGGG IVNY ADSVKG RFTISR DNSRN TLYLQMNSL RADDT AVYYCAT DVAGEY S TWGPG TLVTVS S
IGHV3-23*04,E VRLVE SGGD LV QPGG SLRLSCA ASGF TFGTFAMSWVR QAPGKGL EWVSA MTGGGT TYYAD SVKG RVIISR DNSKN MLFMQMIS LTAED T AVYYCAKF RG QLIRNYYMNVW GEGT TVTV S
IGHV3-23*01,G VLRLSC AASGF T FSSYAMSWVRQ APGKGL EWVSAI SGSGGS TYYA DSVKG RFTISR DNSKN ILYLQM NSLT AEDTAV YY CAK QEGW HLHEYHFDY WGRG TVVTVS S
IGHV3-15*01,E VQLVES GGG LV KPGG SLRLSC AAPGF TFSKAWMSWVR QTPGKG LEWVGRVRS STSGGTTDYAAP VKGRFTISR DDSKN RLYLQMN SLETEDT AVYFCT TEG FIYG HHGLDCWGQG ALVTVS S
IGHV3-9*01,E VQLVES GGG LV QPGR SLRLSC AASGFT F DDY AMHWVR QAPGKGL EWVSGIS WNSGS IGYA DSVKG RFTISR DNAKNS LYLQMN SLRAEDT ALYYCA KDRWSPRG IYGFDV WGQG TMVTVS S
IGHV3-30*18,GG SLRLSC AASGF IF S DYA IHWVR Q APGKGL EWVALIS HDGGH KYYAD SVRG RFTVSR DNSKN TLYLQISS LRAED TAMYYCAKILTS AW FDLRVGYF ENWGQG TLVTVS S
IGHV3-23*01,GG SLRLSCVA SGFNFNSY DMIWVRQ APGKG LEFVASIN YNGVGP VYGASVRGRFTVYR DNSKH TLYLQMN SLRADDT AIYYC GKDPNWGSGYWGPG TLVTVS S
IGHV3-23*01,GR SLRLSC AASGFA F NK YAMNWVR QPPGKGL EWVSVIS AGDGT TYYAD SVKG RFTIS RDTSKS VLYLQMHS LRAED TAVYFCA KDS WIAN YGSGNSRE ALDV WGQG TLVTV S
IGHV3-23*01,GS LSLSRV ASG FTF SKNA MTWVRQ VPGKGL EWVSAISA IGGS TYYAESV K GRFTISR DNSKN TLYLEMTS LRAEDT AVYYC SKNAKYSSS SMEVW GQG TTVTVS S
IGHV3-23*01,GG SLRLSCAV SG FTFRS FG MTWVR QGLGKG LEWVSSI SGNGDS TYYA DSVRG RFTISR DNGKN AVFLQM NNVKADDT AVYYCA RGPRD LMVT SA HYAVW GQG TTVT GSS
IGHV3-74*01,GG SLRLSC ASSGF TFSSYRMHWVRQ APGKG LVLVSRI NSDGS S T SY ADPVKGR STIS RDNAKN TLYLQMN SLRAEDT AVYYCA RELTPY YY G MDV WGQG TTVTVS S
IGHV3-48*01,GG SLRLSCT ASG FTFS TSH MHWVRQ APGKGL EWLSYI NDYGQP TYYA DSVKG RFTVS RDNAKS SLYLQL NGLRAEDT AVYYCVR DY QW SLGNWGQGT PVTVS S
IGHV3-33*01,GG SLRLSCA ASGF TFSS Y GMHWVRQ APGKGL EWVAVIWY DGSNK YYAD SVKG RFTISR DNSKN TLYLQMN SLRAEDT AVYYCA RDPPSPF TIFGVDTF DYWGQG TLVTVS S
IGHV3-21*05,E VQLVES GGG LV KPGG SLRLSCEA FGF TF SDYPM NWVR QAPGKGL EWVAHI NHDSS YMYY GDSV RGRFTISR DSAKN SLYLQMS SLRAEDA AVYYCA RDINWN FDY WGQG ALVTVS S
IGHV3-23*01,GG SLRLSCE ASGF S FGDHG MAWVRQ APGKG LEWVSSIR DSGGNT Y QGD SLEGRFTISR GNSKN TLYLQMNSL RADDT AFYYCARHV DSGGN FYFDY WGQG TLVTVS S
IGHV3-23*01,E VQLLES GGG LV QPGG SLRLSCV GSGL TFSTYAMSWVR QTPGKG LYWVSAIS AGTGPDSTHYGD SVRCRFTISR DDSKN TVYLQMN TLTPEY TGLYYCT GGDGL AYSYYFD YWGQ GVMVTVS S
IGHV3-21*01,E VQLVES GGG LV KPGG SLRLSC AASGF TFSS Y IM NW VR QAPGKGL EWVSS ISSSSS YIYYA DSVKG RFTISR DNAKNS LYLQMN SLRAEDT AVYYCA RSGATGLHEDYFDYWGQG TLVTV SS
IGHV3-30*18,GG SLRLSCA ASGF TFSS Y GMHWVRQ APGKG LEWVAVISY DGSNK YYAD SVKG RFTISR DNSKN TLYLQMN SLRAED TAVYYCAK DEDSGY DLAWAVVVAA APGMD VW GQG TTVTVS S
IGHV3-15*01,E VQLLES GGG LV KPGG SLRLSC AASGS TFIDAWMNWVRQ APGKG LEFIGRIKS KADGGTTDYP VHVKGRFTISR DDSQN MVYLQM NDLKTDDTA LSYCT TKQTPRECNGENCYDSWGQGG LVTV SS
IGHV3-11*01,GG SLRLSCA ASGF TF TD H YMAWIR QTPGKGL EWLSYI DNSGS ATYYVD SVKG RFTIS RDNTKK SLYLQM NNLRAEDT AVYYC AR ELSVHLRY NSGS YFDYW GQG ALVTVS S
IGHV3-21*01,GG SLRLSC EGSGF SFSTYSMKWVR QAPGKG LEWVSSI SNSGS TIFYA DSVKG RFTISR DNAKNS VYLQMNSLRV DDT AVYYCT RGPIDGY GRFEYW GQG TLVTVS S
IGHV3-23*01,GG SLRLSC AASGF TFSTYAMSWVR QAPGKG LEWVSTM SGSGGT TYYA DSVKG RFAISR DNSKN TLYLQMHS LRAEDT AVYYCA KSLVYPR VQLW STPDA IFDY WGQG TLVTV SS
IGHV3-23*01,GG SLRLSCAV SGF TF GAY PMIWVRQ APGKG LEWVSAIS ESADST WYA DSVKG RFTISR DNSKN TLYLQMS GL RV EDT AVYFCARR YDRGWQPLDYWGQG TLVTV SS
IGHV3-15*07,GG SLRLSCA ASGF KFT N AWMTWVR QAPGKG LEWVGRIRN KADGGTTDYAAP V KG RFTI S RDD LRD TVFLQM NSLKSEDT AVYYCT TDLPISH Y DSSGY FYNY WGQG TLVTVA S
IGHV3-21*01,S LRLSCA ASGF TFS SYS MNWVR QAPGKG LEWVSS ISSSSS YIYYA DSVKG RFTIST DNAKN SLYLQMN SLRAEDT AVYYCAS YYDF W SSFPKNSN YYYYMDV WGKG TTVTVS S
IGHV3-74*01,S LRLSCT ASGI TFSSYWMHW GRQVPGK GLVWVSRI TPDGSNKD YAASVKGRFTISR DNAKN TVYLQMNSLRV EDT AVYYCA TGGFGGSAPGMDAWGQG TTVTVS S
IGHV3-66*01,GG SLRLSC AASGF TVNTTFMTWVRQ APGKG LEWVALIY SDGSS YF A GSVKGRFTLSR DSSKN TLFLHMTRLRV EDT AIYYCARK YCGGDC YGWIGAFDV WGQG TVVSV SS
IGHV3-7*03,GG SLRLSCA ASGF TFS NY CMSWVR QAPGKG LEWVANIK QDGS EKYYVD SVKG RFTIS KDNAKN SLYLQM NNLRAEDT AVYYCA RDQATNWGLD Y WGQG TLVTVS S
IGHV3-11*06,GG SLRLSCA ASGF TF SDYD MS WIR QAPGKGL EWISFI NPSSTYTNYADSVKG RFTISR DNAKNS LFLQMN SLRAEDT AVYYCAR RGRDGGYGLRGDDCWGQG TLVTVS A
IGHV3-30-3*01,GG SLRLSR AASGF TFSSYAMHWVRQ APGKG LEWVAVISY DGSNK YYAD SVKG RFTISR DNSKN TLYLQMN SLRAEDT AVYYCA REDPLLSSGHDYWGQG TLVTV SS
IGHV3-15*01,GG SLRLSC AASGF TF SNA WMSWVR QAPGKG LEWVGRIKS KTDGGTTDYAAP VKGRFTISR DDSKN TLYLQMN SLKTEDT AVYYC TTT MIVVVIKVD VGFEDWGQG TLVTVA S
IGHV3-23*04,Q LVES GGG LV QPGG SLRLSCV ASGF TVST N YISWVR QTPGKG LQWVSD ISGSGGS TYYA DSVKG RFTISR DNSKN TLYLQMN SLRAEDT AVYYCA KDRGD VWFGE LSSG FDIW GQG TMVTVS S
IGHV3-15*01,E VQLVES GGG LV KPGG SLKLSCT ASGFPFSNA WMTWVRQ APGQG LEWVGRIKKK TDGGTS EFA AP V KG RFTIS RDDSKD TLYLQMN SLQTEDA AVYYCT TEG FLFG H HALDI WGQG TMVTVS S
IGHV3-23*01,GG SLRLSCA ASGF TFSSYAMSWVR QAPGKGL EWVSAIS GSGGS TYYA DSVKG RFTISR DNSKNT RYLQMN SLRAED TAVYYCA KGHLGWDP MIVVVLI PPLGG YYFDY WGQG TLVTVS S
IGHV3-21*01,E VQLVES GGG LV KPGG SLRLSC AASGF TVS SNY MNWVR QAPGKGL EWVSS ISSSSS YIYYA DSVKG RFTISR DNAKNS LYLQMN SLRAEDT AVYYCA REDRLPFDYWGQG TLVTVS S
IGHV3-23*01,GG CLRLS CGGCG LTC S SEEM NGVGEAPGK RLEWVS GISGNGR STYYT DSVKG RFTISR DNSNN TLFLQMN SLSLE DTAL YRC AR VGAPYAAPLNW L DSWGQG TVITVS S
IGHV3-72*01,L RLSFA ASGF V F SDYYIDWVRQ APGKGL EWVG RSRNR VKTYT TDFAA SV K GRFYIS RDNSKN SLYLQM NSLQTEDT AVYYCVRL GALGTGLSQDFD Y WGQG TLVTVS A
IGHV3-33*01,GW SLRLSC AASGF TFRSYGMHWVRQ APGKG LEWVAVIWY DGSNKH YA DS V K GRFTISR DNSKN TLYLQMN SLRAEDT AVYYCA RDLGV AA AG TVEYW GQG TLVTVS S
IGHV3-33*01,GS LRLSCA ASGF TFSSYGMHWVRQ APGKGL EWVAVIWY DGSNK YYAD SVKG RFTISR DNSKN TLYLQMNS LRAEDT AVYYCAREIS FGESDY F D Y WGQG TLVTV SS
IGHV3-23*01,GG SLRLSC AASG FTFS SHGK SWVRQ APGKG LEWVSSI SNSGS LTYYA DSVRG RFTT SRDNSKD TLYLQMN SLRAEDT AIYYCAKIRV SGN WYFGLW GRG TLVTV SS
IGHV3-48*01,GG SLRLSCA ASGF TFSS Y SMNWVR KAPGKGL EWVSYIS SSSN TIYYTD SVKG RFTISR DNAKNS LYLQMN SLRAEDT AVYYCA RDF MTTVT QSGAWGQ GTLVTVS S
IGHV3-74*01,GG SLRLSR AASGF TFSSYWMHWVR QAPGKG LVWVSRI NSDGSST SYA DSVKG RFTISR DNAKN TLYLQMN SLRAEDT AVYYC ATG MIVVV GGG FNFDL WGRG TLVTVS S
IGHV3-72*01,GG SLRLSC AASGFSFS EHYLDWVRQ APGKG LEWVGRIR NRGSNY TTKYAASV EG RIIISR DDSTK SLYLQMN SLKTEDT AVYFCARE VPKYRDSSGY AHYYYAMDV WGQG TTVTVS S
IGHV3-11*01,GG SLRLSC AASG FIF SDQYM NWIRL APGKGL EWISYIS RTGT TIHYLD SVKG RFTVS RDNTRD SLFLQM NSLRAEDT AIYYCA RSRPRAADPFD IW GQG TVVTV SS
IGHV3-23*01,GG SLRLSC AASGF TFS SYAMSWVR QAPGKGL EWVSAI SGSGGS TYYA DSVKG RFTISR DNSKN TLYLQMN SLRAEDT AVYYC AKDFRQWLVNLIS GYWGQG TLVTV SS
IGHV3-30*18,GG SLRLSCAV SGFNLNNF GMHWVRQ APGRG LEWVAVISY DGSK KYYADFV KG RFSIS RDNSKS TIYLQM NSLTSEDT AIYYCA KPS SILWIG EGRG GFHIW GQG RMVSVF S
IGHV3-73*01,WGS LRLSC AASGFNFSG SAIQWVRQA SGKGL EWVGRMRIK ADAYAT TYAASL R GRFTISR DDSRN TAYLQI NG LKI ED TAVYYC TGD YLYW DQGT LVTVS S
IGHV3-20*01,GS LRLSCA ASGF TF DDYGM SWVRQ APGKGL EWVSGIN WNGGSTGYADSVK GRFTIS RDNAKN SLYLQMNS LRAEDT ALYHC ARGGCSSTSCYGSGVVPPMDVWGQG TTVTVS S
IGHV3-23*04,E VQLVES GGG LV HPGG TLRLSC AASGF TF NNF GMSWVRQ APGKGLE RLEWVSYM SGSGG TTFYA DSVKG RFTISRD ISKN MVYLQM N SLRV EDT AVYYC TKDHQ VRELSAFDI WGQG TVVTVS S
IGHV3-74*01,GG SLRLSC AASGF TFSSYWMHWVR QAPGKG LVWVSRI NSDGS ATSYA DSVKG RFTISR DNAKN TLYLQMN SLRAEDT AVYYCAR DTNSSSW KYYYYYFGMD VWGQG TTVTVS S
IGHV3-33*01,GG SLRLSCT ASG FIFSS YGM NWVRQ APGKGL EWVANIWY DGSNRDYADFARG RFTISR DNSKS TLYLEVNRLT VDDT AIYYCA RDREKRYPRNWFDPWGQG TLVTV SS
IGHV3-30*18,GG SLRLSCVA SGF S FNNY GMHWVRQ APGKG LEWVAFISY EGS KKFYLD SLKG RFTISR DFSKS TLYLQMN SLREDDT AIYYCVK RR AIFEL GAGN FDFW GQG TLVTVS S
IGHV3-7*01,VRQAPGKGL EWVANIK QDGS ATYYVD SVKG RFTISR DNAKNS LYLQMN SLRAEDA AVYYCA RDPGIAAAGT V GHFDYWAREPWSPSPQ
IGHV3-74*01,GG SLRLSCAV SGFT F N SYWMH W IR HAPGKG LVWVSRI NGDGTSTS YADA LKG RFTISR DNAKN TLSVQMHS LGADDT AVYYCA RG AYS LDSSGPR SVFDI WGQ ATMVTVS S
IGHV3-23*01,GS LRLSCA ASGF TFSSYWMTWVRQ VPGKGL EWVSAISA IGGS TYYAES VKG RFTISR DNSRN TLYLEMNS LRAEDT AVYYC SKNAKYSSS SMEVW GQG TTVTV S
IGHV3-73*01,GG SLRLSC AASGF TFS GS AMH WVR Q ASGKGL EWVGRIR SKANSY ATAYAASV KG RFTISR DDSKN TAYLQMN SLKTEDT AVYYC TRHR VWYSGIV GATDA FDI WGQG TMVTV SS
IGHV3-7*01,E VQLEE SGGG LV QPGG SLRLSCA AYGF TL SN YWMSWVR QAPGKG LEWVANI NEDGS E K NYVD SVKG RFTISR DSAKN SLYLQMNSL RTEDS AVYYCAREV NYRS TWYMIT GGLNYWGQG TLVTVS S
IGHV3-66*01,GG SLRLSC AASGL TV S DNYMNWVRQ APGKGL EWVALMY SGGS TYYA DSAKG SFTVSR DNSKN TLYLQLNS LRAE DTAAYYCASVMATW DRGLFSNT YYFYGMEVW GEG TAVTVA S
IGHV3-48*03,GG SLRLSCET S AFI SGFSFS TLEVNWVR QPPGKG LEWVSYI SDSGR TIYYTD SVKG RFTISR DNAKN SVYLQM NNLRAEDT ALYYCQF SRG YY DSGGD YYN LDHWGQG TLVTVS S
IGHV3-23*01,GG SLRLSCA ASGF TFSSYAMSWVR QAPGKGL EWVSVIS GSGT STYYA DSVKG RFTISR DDSKN TLSLQMN SLRAEDT AVYYCA KEKMG QLWFRN FDYWGQG TLVTV SS
IGHV3-23*01,GG SLRLSC AASGF TFSS YA MSWVR QAPGKGL EWVSAIS ARGGS TYYA DSVKG RFTISR DNSKN TLYLQMN SLRAEDT AVYYC AK S MLLYYD FWSDYSQRG YYFDY WGQG TLVTV SS
IGHV3-30*18,GS LRLSCAV SG FIF S DYAMHWVRQ APGKGL EWVALIS HDGGH KYYAD SVR GRFTVSR DNSKN TLYLQINS LRNEDT AVYYCAKVL SSA WFDLRVGYFE NWGQG TLVTV SS
IGHV3-43*02,E LQLVE SGGG VT QPGG SLRLSC EGSG FIF DD YVMHWVR QAPGMD LEWVSRI SHDST VTSY ADSVKG RFTIS RDNSKK SLYLQM HG LRV EDS ALYYCVR DSDWA F DSWGR GTLVTVS S
IGHV3-23*01,GE SLRLSCAVSGFII SPSDMN WVR QAPGKGL EWVSRI TPNGE IIDY ADSVKG RFTT SRDNSKN TLYLEMNSLRV DDT ATYFCA HDKNAW GAFDI WGQG TMVAVS S
IGHV3-30*03,GG SLRLSCA ASGF TFSS Y GMHWVRQ APGKG LEWVAVISY DGSNK YYAD SVKG RFTISR DNSKN TLYLQMN SLRAEDT AVYYCARA LGGS YYYGMDV WGQG TTVTVS S
IGHV3-11*01,GG SLRLSCE ASGF TF SDY HMSWVRQ APGEGL EWVSYINRISYL STGS ITTYYA DSVKG RFTISR DNAKNS LYLQMN SLRAEDT AVYYCARVVR ANRDWDH YYYYGLDV WGQG TTVTVS S
IGHV3-21*01,GG SLRLSCA ASGF TFSS Y SMNWVR QAPGKG LEWVSS ISSSSS YIYYA DSVKG RFTISR DNAKNS LYLQMN SLRAEDT AVYYCA RGSRT AWELLL SPPYDFDYWGQG TLVTVS S
IGHV3-23*01,GG SLRLSCA ASGFA F NSY AMTWVRQ APGKG LEWVSTIS GDTGT TYFA DSVK SRFTISR DNSKN TLYLQMN SLRAEDT AVYYCAK VGSS TWYMYYFD YWGQG ALVTVS S
IGHV3-15*01,VG SLRLSCE ASGFNFR HAWMSWVR QAPGKGL EWVGRIKSQ VDGGTADYAAPV KERFTISR DDSK TTVFLQMN SLKSDDT ALYYCT TDMGDYSGY DIDFW GQG TLVSVS S
IGHV3-66*02,E VRLVES GGG VV QPGG SLRLSWA AS EFRVS TN YMSWVR QAPGKGL EWVLVIY SGGGT YY G ASVKGCFTISRD ISKNS LHLQ SN SLRV EDT AVYYCA SATCDT AMVTTWF DTWGQGP LVTV SS
IGHV3-20*04,V QLVES GGD VV RPGG SLRLSCA ASGF T FGDYG MTWVRQ APGKGL EWVSGIN WNGGSTGYADSVK GRFTIS RDNAKN SLYLQMNS LRAEDT ALYYC A RG LEQL V HGR YFDL WGRGTP VTV SS
IGHV3-74*01,GG SLRLSC AASGF TF S SSWMHWVRQ APGKG LVWVSRL NTDGSAAS Y ADSVKG RFTI S RDNAKNALYLQLNS LGVDET AVYYC GRNLGGDKYGYWGNWGQG VLLTVS S
IGHV3-21*05,E VQLVES GGG LV KPGE SLRLSC AASGF TFST YGM NWVR QAPGKGL EWISYI NDVSS HIYYR DSVRG RFTISR DNAKNS LYLQMN SLRDEDT AVYYCA RDG LVYARS SYMDFWGKG ATVT GSS
IGHV3-73*01,GG SLRLSC AASGF TFS GS AMHW VR Q ASGKGL EWVGRIR SKANSY ATAYAASV KG RFTISR DDSKN TAYLQMN SLKTEDT AVYYC TSR LWFVE FPY YYYGMDV WGQG TTVTVS S
IGHV3-30*18,GG SLRLSCA ASGF TF NNY GMHWVRQ APGKG LEWVAFISY EGS RKYYLD SLKG RFTIS RDGSK STLYLQM NSLTEDDT AIYYCVK RR AIFELWA G TF DSWGQG TLVTVS S
IGHV3-23*01,GG SLRLSCA ASGF TFSSYAMSWVR QAPGKG LEWVSTI SGSGD ATYYA DSVKG RFTISR DNSKN TLYLQMNSV RAEDT AVYYCA KDY SVI GQ AVYYYGLDVW GQG TTVTVS S
IGHV3-30*18,GG SLRLSC ATSGF SF NNY GMHWVRQ APGEGPE WVAVISY EGS VKYYA DSVKG RFTISR DSSKN TLFLEMN SLRADDT AVYYC AKDR SIFWLG EGKNPFHPWGQG TLVTVS S
IGHV3-53*01,GS LRLSCA ASGF TVS SN YMSWVR QAPGKGL EWVSVIYS GGS TYYA DSVKG RFTISR DNSKN TLYLQMN SLRAEDT AVYYCARDY YDSSGY Y SPYYG MDV WGQG TTVTVS S
IGHV3-23*01,GS LRLSCA ASGF TFN S YAMTWVRQ APGKG LEWVSTI NGGGGT SFHVD SVKG RFTISR DNSKN TLYLQMNS LRAEDT AVYYCA KDRGT L LPWAG YY G MDV WGQG TTVSV SS
IGHV3-23*01,GG SLRLSCA ASGF TF DNHA MSWVR QAPGKG LEWVSSI SGSGGK TY HPDSV KGRFSVS RDNSR KILYLQMS SL RV ED TAVYYCA KER VSI P LYEMDV WGQG TTVSV S
IGHV3-15*02,E VQLVESWGALV KPGG SLRVSC AASGF TF SN AWMTWVR QPPGKG LEWVGRIKS KPDGGTTDYGAP VEGRFTISR DDSKN TLYLQMN SLKTEDT AVYYCT TDLVPAAGDYWGQG TQVTVS S
IGHV3-74*01,GG SLRLSC AASGFT F SNYWMHWVRQ APGKG LVWVSRIN VDGS STYYAD SVKG RFTISR DNAKN TLYLQMN SLRAED TAVYYCARQIVG AYTG WAYW GQGS LVTV SS
IGHV3-33*01,GG SLRLSCA ASGF TF SRN TMHWVRR APGKGL EWVALIWY DGSNK YYS DS V E GRFTISR DNSKN TLYLQMD S LRV ED TAVYFCA RDG ITLFGVLK DYWGQG TLVTVS S
IGHV3-23*05,A LEWLR KAPGKGLE WVSTIC HLGSS VYYADFVRGLF TL SRDNFG CILYLEMT S L RLGE TAIYYCAKFLR VPTGT YGLDVW GQG TVVTV S
IGHV3-48*03,GS LRLSC GASG FTF KN FEMSWVRQ APGKGL EWLAYIS ASGV TINY ADSVRG RFTISR DNAGN SLFLQMNRLR AEDTG IYYCVRRIT ADGA FWG QG TQVAVS S
IGHV3-20*01,GG SLRLSCA ASGF TF DDYGM SWVRQ APGKGL EWVSGIN WNGGSTGYADSVKG RFTISR DNAKNS LYLQMN SLRAEDT ALYHC ARGG IAAAGYWF DPWGQG TLVTVS S
IGHV3-23*01,D VHLLES GGG LI QPGG SLRLSC AASGFN FADF AMSWVR QAPGKGL EWVSVC GPGHE KYYVD SVKG RFTIFR DSSKN TLSLQM DNL R VEDT AVDYCAK QRGST YGEFHF DSWGQG TLVTVS A
IGHV3-20*04,E VQLVES GGG VL RPGG SLRLSC EG FRFIF DDYGL SWVRQ APGKGL EWVSGIN WNGGSTGYADSVKG RCTISR DNDKN SLYLQMNSLRV EDT ALYYCAR RDSGS LSFDIW GQG TMVIVV F
IGHV3-7*01,GG SLRLSCV GSGFT FNTYWMNWVRQ APGKG LEWVANI REDGR EIYYLD SVKG RFTIFR DNAKN SLYLQM NGLRAEDT AVYYC ARHWA HL DYWGQG TLVTV SS
IGHV3-33*06,GG SLRLSCA ASGF TF RD YTMHWVRQ APGKG LEWVAVIWH DGS REYYVD SVKG RFAISR DNSKN TLYLQMN SLRAEDT AVYYC AKEPWV GAVKVQL DHYYG MDV WGQG TTVTVS S
IGHV3-11*01,GR SLRVFCV ASGFK FSDFYMSWIRQ TPGRGL EWLSYI SSSGT TVY DADSVKG RFTT SRDNAKNS LYLQMN SLRAEDT AVYYCARVD YYGA AINVFDI WGQG TMVSV SS
IGHV3-30*03,GG SLRLSCA ASGF TFSS Y GMHWVRQ APGKG LEWVAAISY DGSNK YYAD SVKG RFTISR DNSKN TLYLQMN SLRAEDT AVYYCA RDL VRR ASSGW TYYYYGMDV WGQG TTVTVS S
IGHV3-74*01,GRSPR VSCA AAGF TFSSYWIHWVRQ VPGKG LVWVSRIK TDGT TITYAD SVMG RFIISR DNAKN TLYLQMNSLRV EDA AMYYCVRS AFSGGSG YFFD SWGQG TLVTVS S
IGHV3-72*01,GG SLRLSCVV SGFTFS DHYMDWVRQ APGKG LEWVAR PRNRDKSYST RYAASVEGRFTVS RDGSK NLLYLHMN SLKTEDT AVYYCA RDLPATGGWD Y WGQGN LVTVS S
IGHV3-30*18,GG SLRLSCA ASGF TFSSYWMSWVR QAPGKGL EWVADISY EGSNRNFADSVK GRFTVSR DRSKN MLYLQMN SLRSEDT AVYYC AKAR SLFMLYY DDAFD L WGQG TMVIVS S
IGHV3-7*01,GG SLRLSCA ASGFSFR DYWMSWVR QPPGKG LEWVADI EPDGSGK TYVD SVKG RFTIS RDNAQQ SLYLQMD TLTAEDT AVYYCVTSWVR QERDFWGQ GTLVTVS S
IGHV3-30*18,GG SLRLSCA ASGF TFSS Y GMHWVRQ APGKG LEWVAVISY DGSNK YYAD SVKG RFTISR DNSKN TLYLQMN SLRAEDT AVYYCAK TKGGS YYYGMDV WGQG TTVTVS S
IGHV3-7*01,GR SLRVSC AASGF TFSSYCMSWVR QAPGKG LEWVANIK QDGS AKYYVD SVKG RFTISR DNAKNS LYLQMN SLRAEDT AVYYCAR EDYSGYDSGY FDY WGQG TLVTV SS
IGHV3-33*01,GG SLRLSC AASGL SFSTYGMHWVRQ APGKGL EWVAVIWF DGSNKYYGD SVKGRFTISR DNSKN TLYLQMD SLRADDT AVYYCA AGGGTD YLYGMEVW GQG TTVMV S
IGHV3-23*04,E VQLVES GGG LV QPGG SLRLSC AASGF TFKTYD M SWVR QAPGKGL EWVSIIS GSGV STYY ADSV KARFTISR DNSKN TLYLQMN SLTAED TAIYYC AKGGS YFDY WGQG TLVTV SS
IGHV3-23*01,GS LRLSCA ASGF TF SNSA MTWVRQ APGKGL EWVSGI TPNGGGTNYADSVK GRFTIS RDNS LSTLYLQM NSLRAEDT AIYFCA KDYRGTLPDAFDCWGQG TLVTV SS
IGHV3-33*01,GG SLRLSCA ASGF TFSS Y GMHWVRQ APGKGL EWVAVIWY DGSNK YYAD SVKG RFTISR DNSKN TLYLQMN SLRAEDT AVYYC ARG MYYY DSSGY Y YPNW AYCYYYGMYVW GQGT TVTVS S
IGHV3-23*03,RL SCA ASGF TFS SY TMSWVR QAPGMG LEYVSGINIY GNG TYYAES VKG RFTISR DNSRN TVYLQMS NVRAEDT AIYFCA KES F HCNPSTCLPFDPWGQG TLVTV SS
IGHV3-30-3*01,GG SLRLSCA ASGF TFSSYAMHWVRQ APGKG LEWVAVISY DGSNK YYAD SVKG RFTISR DNSKN TLYLQMN SLRAEDT AVYYCAR SASGS YLGYFDY WGQG TLVTVS S
IGHV3-23*01,GG SLRLSC AASGF TFRSYAMSWVR QAPGKG LEWVSAV SGGGGS TYYA DSVKG RFTVSR DNSKN TLYLQMN SLRAEDT AVYYC AKGG IQLWS GD Y YG MDV WGKGP TVTV SS
IGHV3-48*02,GG SLRLSCA ASGF TFSS Y SMNWVR QAPGKGL EWVSYIS SSSS TIYYA DSVKG RFTISR DNAKNS LYLQMN SLRDEDT AVYYCAR IPY Y YDSS FYYYYGMDV WGQG TTVTVS S
IGHV3-13*05,GR SLRLSC AASGF TFS SYD MHW VR QGIGKGL EWVS GIGSAGDPYYPGS VKGRFTIS RENAKNS LFLQMNS LRAGD TAVYYCA RGARDYSDSSGYFSPPFDYWGQ GILVTV SS
IGHV3-23*01,GG SLRLSR AASGF TFSSYAMSWVR QAPGKG LEWVS G I SSGG VSTYYA DSVKG RFTISR DNSEN TLYLQMNRLRV EDT ALYYCA RDWRHLTTPLGMDAWGQG TTVTVS S
IGHV3-33*01,QA QLME SGGD VV QPGR SLRLSC AGSGF A FKD YAMYWVRQ APGKG LEWVAVIWS DEKTK YYS DSVKG RFTVSR DNSKN TVDLQM N SLRV EDTG VYYCAR DFY GFLWGSFR FPPPNNWFDPWGH GTLVTV SS
IGHV3-30*04,GS LRLSFA ASGF TFS N YAIHWVRQ APGKGL EWVAVISY DGGEEH Y ADS V R GRFTIS RDNSKS RLFLQMN SLRGDDS A LYY CAR EGA LNTIFGAL RGFDNWGQG TLVTV SS
IGHV3-11*01,PGGSLRPSCAASGLT FSDYYMSWIRQ APGKGL EWVSFI SRT FTIYYVES VKG RFTISR DNAKNS LHLQMN SLRAEDT AVYYCATMRYYH ETTG YYF DHWGQGS LVTVS T
IGHV3-23*01,SCAASG FIF SNY AMYWVRQ APGTG LEWVSA MSGSGHS TYYA DSVT GRFTFSR DNSRN TVYLQMRSL RAEDT AVYYCA KGLGVAG ALDF WGQG TLVTVS S
IGHV3-9*01,E VQLVES GGG LV QPGR SLRLSC AASGFT F DDY AMHWVR QAPGKGL EWVS GISSSSS YTYYA DSVKG RLTISR DNAKNS LYLQMN SLRAEDT AVYYCA NSRRDG YIDY WGQG TLVTV SS
IGHV3-23*01,GG SLRVSC AASGF TF SNYAMSWVR QAPGKGL EWVS DISGPGR TYYA DSVKG RFTISR DNSKN TLYLEMNSLRV EDT AVYYCA K E L AYGSSWRDY SYYFGMDV WGQG TTVTVS S
IGHV3-30*03,GG SLRLSCA ASGF TFSS Y GMHWVRQ APGKG LEWVAVISY DGSNK YYAD SVKG RFTISR DNSKN TLYLQMN SLRAEDT AVYYCA RDGGYSYGEDY F DYWGQG TLVTV SS
IGHV3-48*02,GGSLRPSCASSG FTFSA HS MTWVRQ APGKG LEWLSS IDPTSNDK YYAYSV EG RFTVSR DNAKGS LFLEMN SLRDEDT AVYYCT RDSFTG HYIEAFDI WGQG TVVTVS S
IGHV3-11*06,GS LRLSC AASG FIF SDYD MSW IR QAPGKGL EWVSFI NPSSSYTNYADSVK GRFTISR DNAKN SLYLHMNS LRAEDT AVYYCAR RGRDGGYGLRGDDYWGQG TLVTVS T
IGHV3-74*01,GG SLRLSC AASG SAFSRYWMQWVRQ APGKG LVWVS DINGHGSNTNYADSVKG RFTVSR DNAKN TLYLQM DSLRAED TAVYYCATRIGVVAAYAMDV WGQGT TVTVS S
IGHV3-23*01,V WSLRLSCV ASGF TFT DY GMAWVRQ APGKG LEWVSTIS NTGHNTHYADSVK GRFTISR DNSR KMLFLQMSTL RAED TAVYYCA NDAGV DVFFDY WGQG TLVTVS S
IGHV3-7*01,GGS LRLCCVA SGFS FSNYCMAWVRQ SPGKG LEWVANIRR DGE TKYYVD SVRG RFAIYR DNAKD SVYLQMN S LRV EET AVYYCARLY QPGGA RC SGDCRGF F DYWGLG TLVTV SS
IGHV3-7*01,AR SLTLSC AASGF TL S SQWMSWVRQ APGKG LEWVASIK QDGT EIRSV DS VKCRFIIFR DNARN LLFLQMS SLNAEDT ATYYC ASGCTSD VCYVWYFD LWGRG TLVTVS S
IGHV3-23*01,GG SLRLSC ATSGF TFST YG LSWVR QAPGKG LEWVSG FSGSDGSTNYPDSA YY ADSVKG RFTISR DNSKN TLFLQMN SLRPEDT AVYYCA KWGCSSDI CYARYYYYMDV WGKG TTVTVS S
IGHV3-21*01,GG SLRLSCA ASGF TFSS Y SMNWVR QAPGKG LEWVSSIR SSSSD IYYA DSVKG RFTISR DNAKNS LYLQMN SLRAEDT AVYYCAM YYDIL TGVSPL YYYYY G MDV WGQG TTVTVS S
IGHV3-15*01,GG SLRLSC AASGF TF SNA WMSWVR QAPGKG LEWVGRIKS KTDGGTTDYAAP V K GRFTISR DDSKN TLYLQMN SLKTEDT AVYYCT T ELLWF GEWGQG TLVTVS S
IGHV3-30-3*01,GS LRLSCA ASGF TFSSYAMHWVRQ APGKGL EWVAVISY DGSNK YYAD SVKG RFTISR DNSKN TLYLQMNS LRAEDT AVYYCA RSDL MRV VPAAIP LRYYYY G MDV WGQG TTVTV S
IGHV3-7*01,GG SLRLSCA ASGF TFSSYWMTWVR QAPGMG LEWLAN INQDETE RYYV DPVKG RFTISR DNAKNS LYLQMN SLRAEDT ALYYCARD FGGGENDYWGQ GILVTV SS
IGHV3-30*03,V QLVES GGG LV QPGG SLRLSCA ASGF TFSSYEMNWVRQ APGKGM EWVAVISY DGTNK YYAD SVKG RFSISR DNSKN TLYLQMNS LRAEDT AVYYCASF Y NIEVV PAA MS IPFDHWGQG TLVTVS S
IGHV3-53*01,GS LRLSCA ASGF TVS SN YMSWVR QAPGKGL EWVSVIYS GGS TYYA DSVKG RFTISR DNSKN TLYLQMN SLRAEDT AVYYCAR EAYGDYGS VGYW GQG TLVTV SS
IGHV3-23*01,GG SLRLSC AASGF TFS SYAM SWVR QAPGKGL EWVSAI SGSGGS TYYA DSVKG RFTISR DNSKN TLYLQMN SLRAEDT AVYYC AK DFSSWLLSR LGMD VW GQGT TVTVS S
IGHV3-48*01,GG SLRLSCA ASGF TFSS Y SMNWVR QAPGKGL EWVSYIS SSSS TIYYA DSVKG RFTISR DNAKNS LYLQMN SLRAEDT AVYYCA RDVT YY DFWNY YGMD V WGQG TTVTVS S
IGHV3-7*01,V QLVQS GGG LV QPGR SLRLSCV ASGF TF SN YWMSWVR QAPGKGL EWAANI KQDGS EKYYVD SVKG RFIISR DNAKN SLYLQMNS LRAEDT AVYYCA REDRLPFDYWGQG TLVTV SS
IGHV3-23*01,E VQLLES GGG LV QPGG SLRLSC AASGF TFSSFALSWVR QAPGKG LEWVSG ISGSGGG TYYVD RVKG RFTISR DNSNN MLYLQMN SLRAEDT ATYYLAR DRGPAPTGR GVMI APGDYWGQG TLVTVS S
IGHV3-33*01,QGQ LEE SGGG VV QPGK SLRLSC ATSGFNLKDY GMHWVRQ APGKG LEWVAVIWK DGSNT F YPESV RGRFTISR DNSRN TLDLQVNSL RADDT AVYYCA RGKGSDYKD A FDIW GRGT EVIVS S
IGHV3-33*05,Q VQVVES GGG VV QPGR SLRLSCAV SG FTFSAFGMHLVRQ APGKGL EWVAVIIH DGSNA YYAESV KG RFTISR DNSKS TLYLQMN SLRAEDT AVYYCAR DFTGT AV QGQPSASWGQG TLVTVS S
IGHV3-30*10,Q VQLVES GGG VV QPGR SLRLSCT ASG FIFS SY AMHWVR QAPGKG LEWVAIIS SDGLNN YFID SVKG RFTISR DNSKN TLYLQMN SLRAEDT ALYYCA RDTGCSN TYCYLP LGYWGQG TLVTVS S
IGHV3-30-3*01,GG SLRLSCA ASGF TFSSCAMHWVR QAPGKG LEWVAVISY DGSNK YYAD SVKG RFTISR DNSKN TLYLQMN SLRAEDT AVYYCA RGHSGS YYYGMDV WGQG TTVTVS S
IGHV3-48*03,GSLIPSCAASGF TISSFEMNWVRQ APGQG LEWISYV GGSRSNE YYA DSVK GRFTISR DNGKN SVYLQMNS L R TEDT GVYYCA RDTAIPAADR LKFYYAMD VWGQG TTVTVS S
IGHV3-33*01,Q VQLVES GGG VV QPGR SLRLSC AASGF TFSS Y GMHWVRQ APGKGL EWVAVIWY DGSNK YYAD SVKG RFTISR DNSKN TLYLQMNS LRAGDTA GYYCARD IRGVDNAIGPPLDRMGVRPWGQG TLVTVS S
IGHV3-49*03,GE SLRLSCT ASGFT F G DYAMSWFR QAPGKGL EWVGFIRSK AYGGTT EYAASVKGRFTIS RDDSK SIAYLQM NSLKTEDT AVYYCT RGPRGGPPFDYWGQG TLVTVS S
IGHV3-33*01,H VQLVES GGG VV QPGT SLRLSCVA SGF TF SNY GMHWVRQ APGKGL EWVAVIWY DSSNS YYA DS V R GRFTIS KDNSKN TLFLQMN SLRTEDTG VYYCA REGW SAMAA AGTGADYWGQG TLVSV SS
IGHV3-23*01,GG SLRLSCA ASGF TFSRYAMTWVR QAPGKG LEWVSDIR DNGGST TYA DSVKG RFTISR DNSKN TLYLQMN SLKAEDT AIYYCA KCGYGSGS YYTLDFDF WGQG TLVTVS S
IGHV3-15*01,GG SLRLSC AASGF TF S KAWMSWVR QAPGKGL EWVGRIKS KGDGG TIDYA APAKG RFTMSR DDSRN TIYLQMN SLNTEDT AVYYCTTHYY ARG ITVTDV WGQG TTVTVS S
IGHV3-7*01,GG SLRLSC AGSGFS ISNYWMSWVRQ APGKGL EWVANIK QAE SEGF YVD SVKD RFIISR ENAENS VYLQMN SLRDEDT AVYYCA RGR F NYGWG MDV WGQG TTVIVS S
IGHV3-48*02,GS LRLSCA ASGF TFS SY SMKWVR QAPGKGL EWISYI NNGGD IMYYA DSVKG RFTISR DNADNS MYLQMNS LRDDDT AVYYCA R RAVI RGL TSYYYGVDVW GQGT SVTVS S
IGHV3-21*01,GG SLRLSCA ASGF K FSDYS MNWVRQ VPGKGL EWVASIS AF STYVY YPDSVK GRFTVSR DNARN SVYLQLD SLRDEDT ALYFCARASYWFE SSGHPQ HYYFDY WGQG TLVVLS S
IGHV3-11*01,GG SLRLSC AASGFT FSDYYMSWIRQ APGKGL EWVSYIS SSGS ATYYA DSVKG RFTM SRDNAKNS LYLQM NGLRAEDT AVYYCA RDG VEYFS DSTAQ GVVYW GQG TLVTVS S
IGHV3-74*01,GG SLRLSCA ASGF TFS ST WMHWVR QTPGQG LVWVSRM NSDGT TTNYA DSLKG RVTTS RDNGKN TLYLDI NSLRGED TAVYYCA TAGN YRLDY WGQG VLVTVS S
IGHV3-74*01,GG SLSLSC AASGF TFSSYWMHWVR QAPGKG LVWVSRI NSDGSST SYA DSVKG RFTISR DNAKN TLYLQMNS LRAEDT AVYYCATLF DPWGQ GTLVTVS S
IGHV3-9*01,GG SLRLSCT ASGFNFGN Y AMHWIR QTPGKG LQWVAGIS ASSQN IAY EDSVEG RFTVS RDNYQK SLYLEMT SLTPGDT ALYYCVKM GEGE WGIMDVW GRGT PVTV SS
IGHV3-9*01,E VQLVES GGG LV QPGR SLRLSC AASGFT F DDY AMHWVRQ APGKGL EWVSGIS WNSGS IGYA DSVKG RFTISR DNAKNS LYLQMN SLRAEDT ALYYCA KDASSS WYYFDY WGPGERWSPSPQ
IGHV3-15*07,GS LRLSCA ASGFTF SNAWMNWVRQ APGKGL EWVGRIKS KTDGGTTDYAAP V K GRFTISR DDSKN TLYLQMNS LKTEDT AVYYCT TDPVAARPF SLFYYY GMDVWGQG TTVTVS S
IGHV3-30*03,S LRLSCA ASGF TFSS Y GMHWVRQ APGKG LEWVAVISY DGSNK YYAD SVKG RFTISR DNSKN TLYLQMNS LRAEDT AVYYCVTYYY DSSGY YSLYYFD YWGQG TLVTVS S
IGHV3-23*01,GG SLRLSCE TSGF TFS NY AMSWVR QAPGRG LEWVSGISY GDGG TYYAD SVKG RFTISR DNSKN TLSLQMNSL RAEDT ALYFCVT KGSQPMPAPRG FTFDY WGRG TLVTVS S
IGHV3-30-3*01,GQSLRPSCA ATVITF SSY AVHQVRE SRGKGL EWVAVISY DGSNK Y Y PYSV NG RFTISR DNSKN ALYLQMN SLRAED TAVYYFAR DDDGDCSGGS CYSHYF DYWGEG TLVTVI S
IGHV3-74*01,E VQLVES GGG LV QPGG SLRLSC AASGF TFSSYWMHWVR QAPGKG LVWVSRI NSNGT SINYA DSVKG RFTISR DNAKN TLYLQMN SLRAEDS AVYFCARAVTRI KSHNI F N ALDV WGQGT TVTVS S
IGHV3-30*18,WGP LRLSC ASSGF TFSS YG MHWVRH APGKGL ERVEVISY DGSNK YYAD SVKG RFTIYS DNSKN TLYLQMN SLRAEDT AVYYC AKDRR YYDIL TGYSRTP YYYYYYGMDV WGQG TTVTVS S
IGHV3-23*01,GG SLRLSC AASGF TFSTYAMSWVR QAPGKG LEWVSA TSGSGDR TYH ADSVKG RFTT SRDNSKN TLYLQMN SLRAEDT AIYYCA KDLAYDSTD YHVVFDC WGQG TLVTVS S
IGHV3-74*01,GG SLRLSCA ASGF TFSSYWMHWVR HAPGKG LLWVSRI SPDGR TTTYAD S V QG RFTIS RDNARD TLFLQMN SLKDDDT AVYYCVR GPSDGHG RFEYW GQG TLGTV SS
IGHV3-30*01,Q VQLVES GGG VV QPGR SLRLSC ATSGF TFSSFAMHWVRQ APGKG LEWVAVISY DGST KYS ADSVR GRFTISR DNSKN TLYLQMNSLRV DDT AVYYCAR RGSYGNWGQG TLVTVS S
IGHV3-30-3*01,Q VQLVES GGG VV QPGR SLRLSC AASGF TFSSYAMHWVRQ APGKG LEWVAVISY DGSNK YYAD SVKG RFTISR DNSKN TLYLQMN SLRAEDT AVYYCAG A L NEGSS WYMIAFDI WGQG TMVTVS S
IGHV3-48*03,GG SLRLSCA ASGF TFSS YDMN WVR HAPGPGLG WVSYIS SSGS TIYYE DSVKG RFTIS SDNAKN SLYLQMN SLRAEDT AVYYCA RE WGYSGYDS AYYYGMDV WGQG TTVTVS S
IGHV3-30*18,GG SLRLSCA ASGF TFSS Y GMHWVRQ APGKG LEWVAVISY DGSNK YYAD SVKG RFTISR DNSKN TLYLQMN SLRAED TAVYYC AKDE VYYDILTGY FPDSQN YYYYYG MDGWGQG TTVTVS S
IGHV3-30*03,GG SLRLSCA ASGF TFSS Y GMHWVRQ APGKG LEWVAVISY DGSNK YYAD SVKG RFTISR DNSKN TLYLQMN SLRAEDT AVYYCAR DLGVGAT GWYIAYW GQG TLVTVS S
IGHV3-30-3*01,V QLVVS GGG LV QPGG SLRLSCA ASGF TFSSYAMHWVRQ APGKGL EWVAVISY DGSNQ YYAD SVKG RLTISR DNSKN TLYLQMNS LRAEDT AVYYCA RGYSS AWTLT GDFD Y WGQG TLVTVS S
IGHV3-74*01,GG TLRLSC AASGF TFSIYWMHWVRQ VPGKG LVWVSRI SSDGSSSSYADSVKD RFTISR DNAKN TLYLQM NGLRAEDT ALYYCASF LPGGDPFDCWGQG TLVIVS S
IGHV3-74*01,L RLSCV GFGF TFSRYWMHWVRQ VPGK GLVWVSR TNEHGT ITN YADSVKG RFTISR DNDRN TLFLQMNS L R AEDSG IYYCARD VVGKDDLWGQ GTLVTVS S
IGHV3-33*01,Q VQLVES GGG VV QPGK SLTLSCV PSGF SF SSY GFHWVRQ APGKGL EWVGVIWYD ASNT YYAD SVRG RFTISR DDSKN TLFLQINSL RAED TAVCYC GREGWSNSAMAGTGTDYWGQG TLVSV SS
IGHV3-30*18,GG SLRLSCT ASG FIF SNF GMHWVRQ SPGKGL EWVALIS YDGS LKYYAD SVKGP FTISR DNSRN TLYLQMN SLRAEDT AVYYCA KA ALYCTT IGCISPPA FDI WGQG TMVTVS S
IGHV3-30-3*01,GG SLRLSC AASGYS FSAFAAHWVRQ APGKGL EWVAVIS HDGG KTYYAD SVKG RFSIS RDNFKN TVYLQM NSLRP EDTALYYCVRSIAVAGALFDYW GHG TLVAV SS
IGHV3-21*03,GG SLRLSCA ASGF TFSYYSMNWVR QAPGQRPE WVASIS DGGNDA YYA DSLKG RFVISR DNARNS LYLQIDRLRV EDTG VHYCA SPTGYWGR GTLVTVS S
IGHV3-23*01,ET LSLTCTVS GDSI SSYHWSWIR QPPGKGL EWVSAI SGSGGS TYYA DSVKG RFTISR DNSKN TLYLQMNS LRAEDT AVYYCA KGE L DLGA YYD FWSGGLT RHYYYYGMDV WGQG TTVTVS S
IGHV3-21*01,E VQLVE SDGG LV KPGG SLRISC AASGF TFSTFTMNWVR QAPGKG LEWVSS ISSGSH YKYY SDSVKG RFTISR DNAEN SLYLHMNTL RAEDT AVYYCT RDYYDTSAFDYLGQG TLVTVS S
IGHV3-74*01,GG SLRLSC AASGF TFS SYW MHWVR QAPGKG LVWVSRI NSDGSST SYA DSVKG RFTISR DNAKN TLYLQMN SLRAAD TAVYYCA RESY RYYYYYGMD VWGQG TTVTVS S
IGHV3-30*14,V QLVES GGG LV KPGG SLRLSCAV SG FS LSDNA LHWVRQ APGKGL EWVAVVS HDGSNRNYADS V R GRFTISR DNSKN TLYLQMKS LSTEDT AVYFCA RDPYCSR ATCFGHF DSWGQG TLVTVS S
IGHV3-23*03,GG SLRLSC AASGF TFS TS AMNWVR QAPGKGL EWVSGL SRDGT YTYYA DSVKG RFTISR DNSNN TLYLQINSL RAEDA ALYFC AKGT QAYCH AGSCYPFDNWGQG TLVTVS S
IGHV3-30*03,GG SLRLSCA ASGF TFSS Y GMHWVRQ APGKG LEWVAVISY DGSNK YYAD SVKG RFTISR DNSKN TLYLQMN SLRAEDT AVYYCA RPRGGS YFDWF DPWGQG TLVTVS S
IGHV3-30*18,GG SLRLSCA ASGF TFSS Y GMHWVRQ APGKG LEWVAVISY DGSNK YYAD SVKG RFTISR DNSKN TLYLQMN SLRAEDT AVYYC AKS MLLYYD FWSGYSQRG YYFDY WGQG TLVTVS S
IGHV3-30-3*01,GS LRLSCA ASGF TFSSYAMHWVRQ APGKGL EWVAVISY DGSNK YYAD SVKG RFTISR DNSKN TLYLQMNS LRAEDT AVYYCA GDQSSGQ YYYYYYGMD VWGQG TTVTVS S
IGHV3-71*04,E VQLVES GGG LV QPGG SLRLSC AAS RFIVS SNY MSWVR QAPGKGL EWVGFIR G KA YGGTT EYAASVKGRFTIS RDDSKN IAYLQM NSL KI EDT AVYYC QSSG LYFFDC WGQG TLVTVS S
IGHV3-30*03,Q VQLVES GG GVVL PGR SLTLSC ATSGF TF SNY GIHWVRQ APGKG LEWVAFTS YDGN YKYYAD AVKG RITISR ETSNN TVILQMN SPRGED MAVYFCA RDRTVGATAQDFWGQG TLVTIS S
IGHV3-11*06,PGG SLRLSC ATSG IVF SDHY MNCVRQ APGQGL EWVSSI STGGT YTQYA DSVR GRFTISR DNANT SVYLQM D SLRV DDT AVYFCA RDSK VFRS WGQG TLVTVS S
IGHV3-30*04,Q VQLVES GGG VV QPGR SLRLSC AASGF TFSSYAMHWVRQ APGKG LEWVAVISY DGSNK YYAD SVKG RFTISR DNSKN TLYLQMN SLRAEDT AVYYCA RGGVRDCP SIWLC LPDYWGQG TLVTVS S
IGHV3-30*18,GG SLRLSC AAGG FTF NNY GIHWVRQ APGKG LEWVADISY EGSKSNFADSVK GRFTVSR DSSKN MVFLQMN SLRSEDT AVYYC AKAR SLFMLYY DDAFDFGGQ GTMVIVS S
IGHV3-21*01,GG SLRLSC AASGF TFSYYTMNWVR QAPGKGL EWVSSIS FGNP YIYYA DSVKG RFTISR DNAKNS LFLQMN SLRDEDT AVYYCT RNGE VSGYYLYAMD VWGQG TTVTVS S
IGHV3-23*01,GG SLRLSCA ASGF TFSSYAMHWVR QAPGKGL EWVSTI DYT SV HRLYR ESVAG RFIISR DNSKN TLYLQMDTL RAEDT AVYYCT TN WYFD LWGRG TLVTVA S
IGHV3-33*05,Q VQVVES GGG VV QPGR SLRLSCAV SG FTFSAFGMHWVRQ APGKGL EWVAVIIH DGSNA YYAESV KG RFTISR DNSKS TLYLQMN SLRAEDT AVYYCAR DFTGT AV QGLPPE S WGKG TLVTVS S
IGHV3-7*01,RG SLRLSC AASGF TFS SS WMSWVR QAPGTG LEWVANIK GDGSQR SSVD S V R GRFTIS RDNAKN LLYLQMN SLRAGD TAVYYCVR GGGVGVPA AV GPDGM DVW GQG TTVT V
IGHV3-33*01,Q VHLVES GGG VV QPGR SLRLSC AASG FTFSY HG MHWVRQ VPGKGRE WVALIWF DGS KIYYRD SVKG RFTISR DNSKN TLYLQMG S L RAEDT AVYYCARMRQV EKNNY LDY WGQG TLVTVA S
IGHV3-21*01,E VQLVES GGG LV KPGG SLRLSC AASGF TFSTY NM NWVR QAPGKGL EWVSLI SSTS TYIFYA DSVKG RFTISR DNAKNS LYLQMN SLRAEDT ALYYCAR EAVAG SVYFNY WGQG TLVTVS S
IGHV3-74*01,S LRLSCA ASGY TFS SY WMHWVRQ VPGKG LVWVSRL NSDGS SITYAD SVKG RFTISR DNAKN TLYLQMN SLRAEDT AVYYCA RGSGD YYFDY WGQG TLVTV S
IGHV3-33*01,Q VQLVES GGG VV QPGG SLRLSCA ASGFS F N TYAMHWVRQ APGKGL EWVAVIWS DGSNA FY SDSVR GRFTISR DNSKN TVYLQMN SLRAEDT AVYYC ARNPR WVFYY GSGLQ H WGQG TLVTVS S
IGHV3-7*02,E VQLVE SGG ALV QPGG SLRLSC AASGF SFRSYWMSWVR QSPGKG LEWVANIK QDGSD RYYLASV KG RFTISR DNAKN SLYLQMN SLRAEDT AFYYCAR SHNSSY FRHIDFW GQGA LGTVS S
IGHV3-23*01,GS LRLSCA ASGL TFNIYAMIWVRQ APGKG LEWVSTI SGNG VKTYYA DSVKG RFTVSR DNSKN TLYLQM NNLRADDT AVYYCA KDPYSRRDSWFNPWGQG TLVTV SS
IGHV3-23*01,GG SLRLSCA ASGF TFSSYAMSWVR QAPGKGL EWVSAIS GSGGS TYYA DSVKG RFTISR DNSKN TLYLQMN SLRAED TAVYYCA KDQGA EWELLFDWF DPWGQ GTLVTVS S
IGHV3-74*01,GGS LRLCCT ASGF TFS SY RMHWVRQ APGK GLVWVSR SNSYGRTT S YADPVKG RFTIS RDNPKNT LYLQMIAL GGDDT AVYYCT RGPIAGY GRFEYW GQG TLVTVS S
IGHV3-33*01,Q VQLVES GGG VV QPGT SLRLSCVA SGF TF SNY GMHWVRQ APGKG LGWVAVIWY DSSNS YYA DS V R GRFTIS KDNSKN TLFLQMN SLRTEDTG VYYCA REGW SAMAA AGTGADYWGQG TLVSV SS
IGHV3-23*01,GG SLRLSCVA SGF TF SQNA MTWVRQ VPGKGL EWVSAISA IGGSPY YAES VKG RVTISR DNSRN TVYLEMSS LRADDT AVYYC SKNAKYSSS SMEVW GQG TTVTV S
IGHV3-30*18,GG SLRLSCA ASGF TFSS Y GMHWVRQ APGKG LEWVAVISY DGSNK YYAD SVKG RFTISR DNSKN TLYLQMNS LRAEDT AVYYCAKILTT RNGM DVW GQG TTVTVS S
IGHV3-21*01,GGS LRLCCT ASGF TFNTYSMNWVR QAPGKG LEWVSS ITPSSS YIYYA DSVRG RFTISR DNAKNS LFLHMNSLRV EDT AVYYCA R SAVAV NDD FYYYGVDV WGQG TTVTVS S
IGHV3-74*03,GG SLRLSC AASGF TF SNY CMHWVR QAPGKG LVWLSHIN IDGSTT TYA DSVKG RFTISR DNAKN TLYLQMN SLRAEDT AVYYCA RERH YDILT GYNW F DPWGQG TLVSV SS
IGHV3-30*18,GG SLRLSCA ASGF TFSS Y GMHWVRQ APGKG LEWVAVISY DGSNK YYAD SVKG RFTISR DNSKN TLYLQMN SLRAEDT AVYYCA KDPLR Y DF W SGYLPGPKS YYYYGMDV WGQGT PVTV SS
IGHV3-30-3*01,GG SLRLSR AASG FIF NDHS MHWVRQ APGRGL EWVGHIIY DGD IQYYA DSVKG RFTISR DNSKN TLYLQMSS LRADDT AVYYCAR EARPFGE L SRDGF DVW GQG TMVTVS S
IGHV3-74*01,GG SLRLSC AASGF TFSTYWMHWVR QAPGQG LVWVSRI NSDGS TISYAD SVKG RFTISR DYVKN TLYLQM NNLRAEDT AVYFCA RAPQNYYES Y DYWGQG TLVTV SS
IGHV3-33*08,GW SLRLSC AASGF TFSSYAMSWVR QAPGKGL EWVAVIWF DGSK KYYAD SVRG RFTISR DNSKN TLYLRM NNL RV ED TAVYYCA RGDSA WYRSVD YWGQG TLVTVS S
IGHV3-48*02,GG SLRLSCT ASG FTFSS Y SMNWVRQ APGNGL EWVSYIS SSSS TIYYA DSVKG RFTISR DNAKNS LYLQMS SLRDEDT AVYYCER ANGM DVW GQG TTVTVS S
IGHV3-7*01,GG SLRLSCA ASGF TFSSYWMSWVR QAPGKG LEWVANI KEDGSEK NYVD SVKG RFSIS RDNAKNS LYLQMN SLRAEDT AVYYCA KGSGS YYYFDY WGQG TLVTV S
IGHV3-21*01,PGG SLRLSCA ASGF TFS S YAMSWVRL APGKG LEWVSSI STSSSY MYYAVSV R GRFTIS RDNAKNS LSLQMNSLRV EDT AVYYCAR SSYSSGRYPFDYWGQG TLLTVS S
IGHV3-21*01,GG SLRLSC ATSGF TFSHYTMNWVR QTPGKGL EWVSS ISSS FTYISY ADSVKG RFTISR DNAKNS LYLQMNS LRAEDT AVYYCVC GPGYQPI NWF DPWGQG TLVTVS S
IGHV3-30-3*01,GG SLRLSCA ASGF TFSSYAMHWVRQ APGKG LEWVAVISY DGSNK YYAD SVKG RFTISR DNAKNS LYLQMN SLRAEDT AVYYCA RDGLGNGGN YYYYGMDV WGQG TTVTVS S
IGHV3-48*03,GG SLRLSCA ASGF TFSS Y EMNWVRQ APGKGL EWVSYIS SSGS TIYYA DSVKG RFTISR DNAKNS LYLQMNS LRAEDT AVYYCA STPG YYY DSSKYFDYWGQG TLVTVS S
IGHV3-11*06,GG SLRLSC AASGFT FSDYYMSWIRQ APGKGL EWVSYIS SSSSYTNYADSVKG RFTISR DNAKNS LYLQMNS LRAEDT AVYYCA RDVS TY SSSSSEGHTGD QYYYYGMDV WGQG TTVTVS S
IGHV3-30-3*01,S LRLSCE ASG FIF SN FALHWVR QAPGKGL EWVALISY DGGNK YYAESV KG RFTISR DNSKN TLHLQLN SLRPEDT AVYYCAR DRLGM RYYGMEVW GQG TTVTVS S
IGHV3-21*05,EM QLVES GGG LV KPGG SLRLSCT ASGF TF SDFS MNWVR QAPGKGLE WLSYIS RISS HIYYA DSVKG RFTISR DNAKS TLYLQMN S L RADDT SVSYC AGGPADSLTRDWCDPWGQG TLVTV SS
IGHV3-23*01,GG SLRLSCA ASGF TF KD FAMTWVR QAPGKG LEWVSA MSGGGPNS YYA DSVKG RFTISR DNSKN TLYLQLTNLR VDDT AIYYCAK RSDFWKG YF DSWGQG TLVTV AS
IGHV3-23*01,GS LRLSCA ASGF SFSIYWMSWVR QAPGKGL EWVSTIS GSSGTTNYADSVK GRFTIS RDNSKS TLYLQINS LRAEDT AVYYCA KDPTQR WAS WGQG TLVTV SS
IGHV3-23*01,GS LRLSCA ASGF SLSAYTMTWVRQ APGKGPE WVSSI SGSSEN RYYID SVKG RFTISR DNSKN TLYLD MNSLSVDDT AVYYCA RKGSL GLDFW GQG TLVTV SS
IGHV3-48*02,GG SLRLSCA ASGF TFSSYSMNWV RPAPGKGL EWVSYIS SSSS TIYYA DSVKG RFTISR DNAKNS LYLQMN SLRDEDT AVYYCA SRYDDFWS GYYFDY WGQG TLVTV SS
IGHV3-23*01,GG SLRLSC AASGI TFSS YAMNW VR QAPGKGL EWVSSI SGSGS TTYYA DSVKG RFTISR DNSKN TLYLQMRSL RAEDT AVYYCAK LHSGYN Y DIDSWGQG TLVTV SS
IGHV3-21*01,GG SLRLSCA ASGF TFSS Y SMNWVR QAPGKG LEWVSS ISSSSS YIYYA DSVKG RFTISR DNAKNS LYLQMN SLRAEDT AVYYCASL WGGDYYGSGRSD YYYYGMDV WGQG TTVTVS S
IGHV3-30*18,SL SFSR AASG FTFH NR AMHWVRQ APGQG LEWVAVISY EGS KTYYAD SVQG RFTISR DSSKN TLYLHMS SLKTEDT AVYYC AKDY AIFMIYS NNGM DVW GQG TTVTVS S
IGHV3-15*01,PGG SLRLSC AASGF IFT DAWMSWVR QAPGRGL EWVGRIKS KADGGR AEYAATVKGRFFIS RDDAKS TLYVQMNRLR TEDT AVYYCT TEKD LYYY DSSGY FHW GQGS LVTV SS
IGHV3-30*18,Q VHLVES GGG VV QPGR SLRLSRVV SGFDFK TYGMHWVRQS AAKGL EWVAVISY DGKNK YYS DSLKG RFSISR DNSKN TLFLQMN SLTSDDT AVYYCA KGV SRTYFD FWNGN WVD RWGQG TLVTV SS
IGHV3-74*01,GG SLRLSC AASGF TFS SYWM HWVR QAPGKG LVWVSRI NSDGSST SYA DSVKG RFTISR DNAKN TLYLQMN SLRAEDT AVYYCAR VGYFD WLFTADI GYGMDV W G QVTTVTVS S
IGHV3-49*04,S LILSCT TSGF TFVD YG INWVR QAPGQGL EWIGFIRRK AYGGTA QYAA SMKD RFTIS RDDSK SIAYLQM NSLQSEDT AVYFCSRYYHF DSWGQG TLVTVS S
IGHV3-21*01,GG SLRLSCVA SGLS FTSYTMNWVR QAPGKG LEWVSSI SSTSD YIYYID SVKG RFTISR DNAKNS LFLQMSSLRV DDTA TYFCAR APIDYGAN LLSYYF DPWGQ GVLVTVS S
IGHV3-33*08,GG SLRLSC TAPE LRFT SH GIHWVRQ APGKG LQWVAFIRY GGTKKSYADSVKG RFTIS RDNSQD MVYLQMNSLRV DDT AIYYS AG VTLVT GIPYGLDAWGQG TTVTVS S
IGHV3-7*04,E VQLVES GGG LV QPGG SLRLSC AASGF TFSSYWMSWVR QAPGKG LEWVANI KEDGS EKYYVD SVKG RLTISR DNAKNS LYLQMN SLRGKDT AVYYCARFT RRDPGHYW G Q GTLVT GSS
IGHV3-21*01,EM QLVES GGG LV QPGG SLRLSC AASGF TFSS Y SMNWVR QAPGKG LEWVSS ISSSSS YIYYA DSVKG RFTIS KDNAKNS LYLQMN SLRAEDT AVYYCTREF YTDPF AFDIW GQG TMVTVS S
IGHV3-15*02,E VQLVE SGG ALV KPGG SLRLSCV GPGF TFR NA WMSWVR QAPGKG LEWIGRMK SEDNGGTTDYAAPV EGRFSVSR DDSKN TLYLHMHS LKNEDT AVYYC TTGRLSGLN WAA WGQG TLVTVT S
IGHV3-23*01,GE LRFLCA SSGF TF NPY AMAWVRR APGKGL EWVSS MTGSGEG KFYA DSVKG RFTISR DNSKNT RFLQMNRLR TEDT AVYYCA KGPTTDT I NG MDV WGQG TTVTVS S
IGHV4-34*01,WE TLSLTCAVY GGSFSG YYWSWIR QPPGKGL EWIGEIN HSGSTNYNPSLK SRVTISVD TSKN QFSLKLSS VTAADT AVYYCA RHRSDFWSG YYTGWF DPWGQG TLVTVS S
IGHV4-34*01,SQ TLSLTCAV YGEPFSG YYWSWVR QPPGKGL EWIGEIN HSGSTNYNPSLKS RVTLSVD TSKS QFSLKLS SLTAAD TAVYYCA RGTNSV NMILVVI G FTVYFDYW AQG TLVTV SS
IGHV4-4*07,PSE TLSLTCTV SGGSI SSYYWSWIR QPAGKG LELIGRITT TGSTNYTPSLK SRVTMSVD TSRN QFSLKLRSV TAAD TAVYFCA RDGST TSF SN FYYYYY G MDV WGQG TTVTVS S
IGHV4-39*01,SE TLSLTCTV SGGSISSSN YYWGWIR QAPGKGL EWIGSIYS SGNSYYSPSLQ SRVTESVD TSKN QFSLRLSFVT AADT AVYYCA GSSCGTD CYI GG LRS WDYGMD V WGQ GITVTVS S
IGHV4-4*07,SE TLSLTCTVY GGSIS GYYWNWIR QPAGKG LEWIGRI YPSGSTHYNPSLK SRLSFSVD TSMN QFSLKLTSV TAADT AIYYC AGNS IIQVNKY WGQG TLVTVA S
IGHV4-59*01,SE TLSLTCTV SGGSIS SYYWGWIR QPPGKGL EWIGCFY NSDSTNYNPSLM SRVTISVD TSKN QISLVLSSVI AADT AVYYC AGSRQ WLAWGY WGQG ALVTVS S
IGHV4-39*01,SE TLSVRCTVS SGCISNSN YYWGWIL QPPGKGL EWIGRIYS SGTTYKNPSLQ SRVTKSV DPSKN QFSLRLTSVT AADT AVYYCV GSSCGRD CYI GG LR SWDYGM DVW GQG TTVTVS S
IGHV4-39*01,SE TLSLTCSV SGGSISRS TYYWGWIR QPPGKGL EWIGSIYYS GDSYYSPSLK SRVTFSVD TSKK QFSLRL G SVT AADT AVYYC APLR RYS YGGGVDSWGR GTLVTVS S
IGHV4-31*03,SE TLSLTCTV SGA SI RSGGD YWTWIRQ RPGKGL EWIGYISY SGNTHYNPSLKS RATISVD TSEN QFSLKLSS VTAADT AVYYC ARGT WIELWL GGNWFDPWGQG RLVTVS S
IGHV4-39*01,SE TLSLTRTV SGGS I SSSS YYWGWIR QPPGKGL EWIGSIYYS GS TY YNPSLKS RVTISVD TSKN QFSLKLSS VTAADT AVYYC ARH VVITMIVVVT DNWFDPGGQ GTLVTVA S
IGHV4-59*08,PSE TLSLTCTV SGGSI STYYWTWIR QPPGKG LEWIAYTH HTGDTNYNPSLK SRVSISLD TSKNQ YSLKLHSV TAADT AVYYCA RHGPIGPKRG YF DHWGQG ALVTVS S
IGHV4-39*01,SE TLSLTCTV SGGSISSSN YYWGRIR QAPGKGL EWIGSIYS SGNSYYSPSLQ SRVTESVD TSKN QFSLSLSFVT AADT AVYYCA GSSCG IDCYI GGLRSWDYGMD V WGQ GITVTVS S
IGHV4-30-2*01,SE TLSLTCAV SGGS I SSGGSS WSWIR QPPGKG LEFIGYIYY SGST Y YNPSLK SRVTISVD RSKN QFSLKLSS VTAADT AVYYC ARGS RLHFDY WGQG TLVTVS S
IGHV4-59*02,QV QLQ ESGPGLVT PSETLSLICNVF GSSVN RFYWSWIR KSPGRGL EWIGFVGRS WDTKYNPSLQ SRVIISM DESQK RVSLTLTSVT TADS TIYFCA RDSTPGFKYGPS LEY WGQGIP VTV S
IGHV4-39*01,SE TLSLTCTVS GGSISSSN YYWGWIR QPPGKGL EWIWSIYS SGSSYYNPSLQ SRFSESID TSKN QFSLRLSFVT AADT AVYYCA GSSCG IDCYI GGLRSWDYGM DV WGQG TTVTVS S
IGHV4-39*07,QL QLQ ESGPG LV KSPE TLSLTCSV SGGS IT SSN YYWGWIRQ TPGKG LEWIASIHY SGSPLYNPSLK SRVSISVD TSKN QMSLNLTSVT AADS ALYYCA RAS WRQLWWDQYF DSWGRGTWSPSPQ
IGHV4-39*01,SE TLSLTCTV SGGSISSSN YYWGWIR QAPGKGL EWIGSIYS SGNSYYSPSLQ SRFTESVD TSKN QFSLRLSFVT AADT AVYYCA GSSC GIYCYI GGLR SWE YGM DVW GQ GITVTV S
IGHV4-59*02,SE TLYLTCTV SGA SVTGHFWSWIR QPPGKGL EWIGYMS SGGSTKSNPSLQ SRVTMSVD MSKN QFSLKLRSVT AADT AVYFCVRD LGSSGW AF DHWGQG ALVTVS S
IGHV4-34*01,SD TLSLSCAVY GGSFSDY SWTWIR QPPGKGL EWVGEIS HSG SIQY NPSLNS RVTISVD TSKN QFSLKL G SVT AADT AVYYC ASER VRRILLQ NYFYG MDV WGQG TTVTVS S
IGHV4-39*01,SE TLSLTCTV SGGS I SSSS YYWGW SRQPPGKGL EWIGSIYY SGS TY YNPSLKS RVTISVD TSKN QFSLKLSS VTAADT AVYYCA RGGYGD YEWYFDL WGRG TLVTVS S
IGHV4-39*01,AE TLYLTCAV SGNSVSSA SDYW GWIR QPPGKGL EWIGNIFY DGS TYY SPSLQSR ATISVEM SKNQ FSLKLSS VTAADT AVYYCT RG VEI SG EVVLYYY G LDV WGQG TTVTVS S
IGHV4-59*12,QV QLQE SGPGL V KPSE TLSLTCTV SGA SITTFYWSWVR QPPGKGL EWLGYVWHT GSTRYNPSLR SRLSISVD ASKS QVSLELTSVT AADT AVYFCAT QYGD YAEYFRH WGQG TLVSVS S
IGHV4-39*01,SE TLSLTCTV SGGSISS SNYYWGWLRQAT GKGL EWIGSIY SSGSSYYNPSLQ SRVSESVD TSKN QFSLRLSFVT AADT AIYYCA GSSCG IDCYI GGLRSWDYGM DV WGQG TTVTVS S
IGHV4-59*08,SEA LSLTCAV SGTPIDAG YWSWFR QAPGKGL QWIGEIYYT GTTNHNPSLK SRVTMSIDV MKDE LSLKVTSVT AADT AVYFRAR QSEGWPV S WGQ GILVTV SS
IGHV4-59*01,SE TLSLTCTV SGGSIS SYYWTWIR QPPGKGL EWIGYIYY NGSTNYNPSLE SRVTISVD TSKN HFSLKLSS VTAADT AVYYCA RGPIPVAGE TYGYFDL WGRG TLVTVS S
IGHV4-59*01,SE TLSLTCSV SGGSLK SCYWNWIR QPPGKGL EWIGYIYH SGSTNYNHSFR SRVTISL DRSKS HFSLNLTS VTPAD TVIYYCARV GGM TTI NNA AFDIW GHG TMVTVS S
IGHV4-39*01,WE TLSLTCSV SGGS I RSSN YYWGWIR QPTGKGL EWIGSMY SSGSSYYNPSLQ SRVTESID TSKN QFSLRLSFVT AADT AVYFCA GSSCG IDCYI GGLRSWDYGM DV WGQG TTVTVS S
IGHV4-39*01,SE TLSLTCIVS GGSISSSN YYWGWIR QPPGKGL EWIGSIYS SGSSYYNPSLQ SRVSESID TSKN QFSLRLNFVT AADT AVYYCA GSSCG IDCYI GGLRSWDYGM DV WGQG TTVTVS S
IGHV4-59*08,Q VHLQE SGPG VV RPSE TLSLTCTV AGA SISSFYWTWVR QPPGKGL EWIGYVF NSG TINY SPSLR SRVTMSID TSEK QFSLKLTSVT AADT AIYYCAR RSNRYGA HLDFW GQG TLVIVS S
IGHV4-39*01,SE TLSLTCTVS GDSLSSR RYYWGWIRQ TPGKGL EWIGTLSYR GSTDYNPSLK SRVTISVD TSKR QFSLKLSS VTAADT AVYFCARQ IDS WHIVVVVS VPRGE PFYVESW GQG ALVTVS S
IGHV4-39*01,SE TLFLTCNV SGGSISST RYFWGWVR QPPGKGL EWIGSISY SGN TYY NPSLQ SRVTISVD TSKN QFSLKLISVT AADT AVYFCA KSQQ QLIRW GNFQ H WGRG TLVTVS S
IGHV4-30-2*01,SQ TLSLTCTVS GGS I NSDGY SWSWIR QPPERGL EWTAYIH HSGR T YSTPSLK SRVTMSVD RTQN HFSLRLSS VTAADT AVYYCA SSPWVSGVPAT TF KNWGH GILVTV AS
IGHV4-39*01,SE TLSLTCTV SGDSISTSN YYWHWIR QSPGKGL EWIGTIYY GGSTSYNPSLK SRVSISVD TSDK QFSLKLRSV TAAD TAVFYC ASGETWD SFHYW GRG TLVTVS S
IGHV4-34*01,QV QLRQ WGAGLLKPSETLSPTY GVF GGSFSD VYWSWIR QPPGKGL EWTGEIN HNGE TYY NPSLE TRVTISVD TSKS QFSLRLTYVT AADT AVYYCA RGK R WGGSCDPWGQG TLVTIS S
IGHV4-59*03,QV QLQ ESGPGL V KPSD TLSLNCSV SGDSINS HFWTWIR QPPGKGL EWIGNVFYT GTTHYNPSLK SRLTMSV DRPKK RFSLKLASVT AADT AVYFCA GSTS AVSWLAH WGHG IQVIVS S
IGHV4-59*08,SEPL SLTCTVSV GSISSS YWSWIR QPPGKA LEWIGYIYYS GSTNYYPSLK SLVTISVD TSKN QFSLKLTSVT AADT AVYYC PR HLY DRSGDR SWYFDL WGSG TLVTVS S
IGHV4-59*01,SE TLSLTCTV SGGSIS SYYWSWIR QPPGKGL EWIGYIYYS GSTNYNPSLK SRVTISVD TSKN QFSLTLSS VTAADT AVYYCA RAPL EVTIFGVVS QGGG YYGMDVW GQG TTVTVS S
IGHV4-39*01,SE TLSLTCTV SGGSISSSS YYWGWIR QRPGKGL EWIGSIYY SGST Y YNPSLKSRVP ISV DTSKN QFSLKLSS VTAADT AVYYCA RQGSSKP YYYYY SGM DV WGQG TTVTVS S
IGHV4-34*01,Q VQLQLWG AGLLKPSE TLSLTCAVY GGSFS GYYWSWIR QPPGKGL EWIGEIN HSGSTNYNPSLKS RVTISID TSKN QFSLKLSS V T AVDT AVYYCARVFT SA WF NT RVGCF DPWGQG ALVTVS T
IGHV4-59*11,SE TLSLTCIV SGGSISSH YWSWIR QPPGKGL EWIGYIYYS GSTDYNPSLK SRVTISVD RSKT QFSLKLSS VTAADT AVYYCAR SDSSG LLGFLGAFDI WGQG TMVTVS S
IGHV4-30-4*08,SE TLSLTCSV SGGSIN SLDYYWNW LPQPPGMG LEWIGYIYYT GST Y YNPSLK SRFFISLD TTKN QFSLRLSTVT AADT AVYYCARV PISYERTD WTIDY WGQG TLVTVS S
IGHV4-34*01,SE TLSLTCAVY GGSFSG YYWSWIR QPPGKGL EWIGEIN HSGDTNYDPSLE SRVTISVD TSKN QFSLKLSS VTAADA AVYYCARVFVVV PDTTPSL GMDVW GQG TTVTVS S
IGHV4-39*01,SET RSLTCSV SGGSIRSNNYYGG WIR KPPGK YLEWIGSIFYT GSTSYNTSLK SRVTLSVD TSKN LFSLKL NSVPAADT AVYSCASI GGGVEDYWGQG TLVTV SS
IGHV4-59*08,SE TLSLTCSV SGGSIS NSYWSWIRQ SPGKGL EWIGSAYF GGSTNYNPSLK SRVTISL DTSQK QVSLRL DSVTAAD TAVCYC ARGH LEWVFQHWF DPWGQG TLVTVS S
IGHV4-61*01,SE TLSLTRTV SGDSVSSG TYHWSWIR QPPGKG LEWIGHVSYR GSNKYNPSLN SRVTIS EDTSKN QFSLDLTS VNAADT AVYYCLGYM AGGGGLGHWGQG TLVTV SS
IGHV4-59*01,SE TLSLTCTV SGGSIS SYYWSWIR QPPGKGL EWIGYIYYS GSTNYNPSLK SRVTISVD TSKN QFSLKLSS VTAADT AVYYCAR YGG HYY DSSGY YFDY WGQG TLVTVS S
IGHV4-59*01,QV QLQ ESCPGLVKPSE TLSLTCTV SGGSMG SYFWTWIR QPPGKGL EWIGYIYY NG VPL YNPSLKS RVTISVD TSTN QFSLRLTSVT AADT AVYFCVREV RSSPY YYMDV WGKGT PVTV SS
IGHV4-59*11,SE TLSLTCTV SGSSISRP YLGWIR QPPGKGL EWIGFIFH SGS TVY NPSLAS RLTISLD TSKN QFSLRLSS VTAAA TAVYYCA RDRMRGT TIAGVVRRT SGGGMDGWGQG TTVMVY S
IGHV4-30-4*01,SE TLSLTCTVS GGSISSGD YYWSWIR QPPGKGL EWIGYIYY GGS TY YNPSLKS RVTISVD TSKN QFSLKLSS VTAADT AVYFCA RGFSGL YSHAFDI WGQG TMVTVS S
IGHV4-39*01,SE TLSLTCAV SGDSISST SYYWGWIR QPPGKGL EWIGNIFY DG ITYY NPSLK SRVTKSVD TSKN QFSLKLSS VTAADT AVYYCT RGV EIF G EVVFYYY G LDV WGQG TTVTVS S
IGHV4-39*01,SE TLSLSCAV SGDSVSSA SYYWGWIR QPPGKGL EWIGNIFY DGS TYY SPSLQS RVTISVEM SKNQ FSLKLSS VTAADT AVYYCT RG VEI SG EVVLYYY G LDV WGQG TTVTVS S
IGHV4-30-2*01,PSQ TLSLTCVVS GA SI SSGG YSWRWIR QPPGKGL EWIGCIYH SGGTHYNPSLKS RVTMSVD MSKN QISLNL NSVTAADT AVYYCAR DIWGSSTWGPG TLVTV SS
IGHV4-39*01,SE TLSLTCTVS SGSISNSN YYWGWIR QPPGKGL EWIGSIY SSGTTYKNPSLQ SRVTKSVD TSKN QFSLRLTSVT AADT AVYYCV GSSCGRD CYI GG LRS WDYGM DVW GQG TTVTVS S
IGHV4-39*01,LS LTCTVS GGSISSSH YSWGWIR QPPGKGL EWIGSIYS SGSSYYNPSLQ SRVSESV DTSKNQ FSLRLSFVT AADT AVYYC AGSSCG IDCYI GGLR S WDYGMD V WGQ GITVTVS S
IGHV4-59*01,Q VQLQA SGPGL V KPSE TLSLTCTV SGGS LDYYYWSWS RQPPGRGL EWIGYVYYIG SA T YNPFFQ SRVTLSVD TARN QFSLIISS VSSADT AVYFCS R H LYGAP IL GQG TVVTVS S
IGHV4-39*01,SE TLSLTCTVS G VSIS TSDD FWVWIR QPPGEG LVWMGS RHSNGA TFY NPTFM GRATISLD TSSN QFYLILNS VTAADT ALYYCA RHTR VISTTICAFD MWGQG TMVTVS S
IGHV4-61*02,SE TLTLTCTV SGGSISSDS YYWNWV PQPTGKG LEWIGRTY TSGSTNYNPSLKGR GTISID RTKN QFSLKLTSVT AADT AVYYCARA DLVTGT YGMDVW GQG TTVTVS S
IGHV4-59*01,QV QLQE SGPGL V KPSE TLSLTCTV SGGS ISGYYWSWLR QSPGKG LKWIGYIS NSGSAKYSPSLK SRVTISLD TSNN QFSLKLTSVT AADT AVYYCARE L SGWFDPWGQG TLVTVL L
IGHV4-61*02,SE TLSLTCTV SGDSLSS VDYYCSWIR QPVGKG LEYIGRFHT RGSTKYNPSHKS RVTISLD TSKN QFSLKLTSVT AADT AVYYCALT T V VPW AFDI WGQG TMVTVS S
IGHV4-61*09,SE TLSLTCTVS GGSLTGS RYYWSWIR QPAGKG LEWIGHIS TSGRTSYNPSLK TRVTISVD TSKN QFSLKVTSVT AADT ALYFCAR DKYDYGGNSDFD YW GQG TLVTVS S
IGHV4-59*07,SN TLSLTCTV SGGSIS SYYWSWIR QPPGKGL EWIGYIYYS GSTNYNPSLK SRVTISVD TSKN QFSLKLSS VTAADT AVYYCARAVTYDI WGQG TMVTVS S
IGHV4-39*01,SE TLSLTCTVS GGSVSNSN YYWGWIR QPPGKGL EWIGSIYS SGSSYYNPSLR GRVSESVD TSKN QFSLRLSFVT AADT AVYYCA GSSCG IDCYI GGLRSWDYGM DVW GQG TTVAVS S
IGHV4-31*03,SE TLSLTCTV SGGSISSG GYYWSWIRQ HPGKGL EWIGYIYY SGST Y YNPSLK SRVTISVD TSKN QFSLKLSS VTAAD TA VYY CARC IA AAGH WYFDL WGRG TLVTV SS
IGHV4-39*01,SE TLSLTCSVS GDSMSSR RYYWGWIR QPPGKGL EWIGSISY SGS TYY NPSLK SRVTISVD TSKQ QFSLKLSSVTV ADT ALYFCAR QIDS WHIVVVVS VPRGE PFYFES LGQG ALVTVS S
IGHV4-39*01,SE TLSLTCTV SGGSIS SIDYYWAWL R QPPGKGL EWIGRVYYS GSTDYNPSLKSR GTISVD TSKN QFSLNL SSVTAADT AVYYCA RHSPDDWGYCNTPS CYYL DSWGQG TLVTVS S
IGHV4-39*01,QL QLQE SGPGL V KPSE TLSLNCTVSGVSI SNN FYYWGWIR QPPGKGL EWIGSIYYS GS TF YNPSLK SRVTISLD TSKN QVSLSL N S VTAAD T AVYYYA RHYDD FHRA FDV WGQG TMVTVS S
IGHV4-39*01,SEP LSLTCTVS GDSMSSR RYYWGWLL QPPGKGL EWIGSISYS GSTNYNPSLK SRVTISVD TSKQ RFSLKLSS VTAADT AVYFCARQ IDS WHIVVVVS VPRGE PFYFD SWGQG ALVTVS S
IGHV4-59*08,Q VLLQE SGPGL V KPSE TLSLTCTV SGAPIS SYYWNWIR QPPGK RLEWIGHVYYT GKTNYNPSLQS RVTISVY PSNT QFSLNL SSVTAADT AVYYCA RSYCG FD CSRGE V DPWGQG TLVIVS S
IGHV4-39*01,SE TLSLTCTVS GDSMSSR RYYWGWIR QPPGKGL EWIGSISYS GSTNYNPSLK SRVTISVD TSKQ QFSLKLSS VTAADT AVYFCAR QIDS WHIVVVVS DPRGE PFYFES WGQ AALVTVS S
IGHV4-39*01,SE TLSLTCTVS GGSISGS TYGWGWIRQ TPGKGL EWIATLYY SGN TYY SPSLK SRLTLSVD KNKN QISLELRSV TAADT AVYYCW RPGV TTIR GPPR RLSY G MDV WGQG TTVSVS S
IGHV4-34*01,L SLTCAVY GGSLS DYSWSWIRQ APGKGL EWIG D I NQSGTTKYNPSLRS RVAISL DRSKK QFSLKLS SATAAD TAVYYCA RGASGVD MILVVIGFSYYF DYWGQGTP VTV SS
IGHV4-39*01,SE TLSLTCTVS GGSISSN TYYWGWIR QPPGKGR EWIGSIYYS GNTNYNPSLK SRVTMSVD TSKS QFSLRLT SGTAAD TAVYYCA RHSGRP QLKMFGVVF NPG IWF DPWGQG TLVTVS S
IGHV4-39*01,SEP LSLTCTVS GGSISSNSHH WGWLLQ PLGRGL EWIGSIYY SGSTYKNPSLK SRISISVD TSKN QFSLRLSS VTAADT AVYFCA RRG VWVRGIYNYYAMD VWGLG TTVTVS S
IGHV4-61*01,SE TLSLTCTVS GGSVSSG SYYWSWIR QPPGKGL EWIGYIYYS GSTNYNPSLQ SRVSESVD TSRN QFSLRLSFVT AADT AVYYCA GSSCG IDCYI GGLRSWDYGM DV WGPGT TVTVS S
IGHV4-39*01,SE TLSLTCTVS GGSISNSN YYWGWIR QPPGKGL EWIGSIY SSGTT Y KSPSLQ SRVTKSV DSSMN QFSLRLTS VTAA YTAVYYCV GSSCGL DCYI GGLRSWDYGM DIWR QGT TVTVS S
IGHV4-39*01,SEP LSLTCTVS GGSISSSS YYWGWIR QPPGKGL EWIGSIYYS GS TY YNPSLKS RVTISVD TSKN QFSLKLSS VTAADT AVYYCAR HNDSSGP YYFDY WGQG TLVTVS S
IGHV4-39*01,SE TLYLTCTV SGGSISSSN YYWGWIR QSPGKGRE WIGSIYS SGSSYYNPSLQ SRVRASVD TSKN QFSLRLSFVT AADT AVYYCA GSSCG IDCYI GGLRSWDYGM DV WGQG TTVTVS S
IGHV4-34*01,SES LSLTCAVY GGSFSG YYWSWIR QPPGKGL EWIGEIN HSGSTNYTPSLK SRVTISVD TSKN QFSLKLSS VTAADT AVYYCA RDSRRYD FWSLKS FGM DV WGQG TTVTVS S
IGHV4-39*01,SE TLSLTCIVS GSSISSTN YFWGWIR QPPGKG LEWIGTMD YSGR TY NNLSLKSP VTITID TSKN QFSLKLHS VTAADT AVYYCARLY RSGW SFDL WGQG TLVSV SS
IGHV4-39*07,QL QLQ GSGP ALV KPSE TLSLTCTV SGDA ITSRIYSWGWIR QSPGKG LEWIGQRY LDGTTQYNPSLKRR TSISID TSKS QFSLRLNFVT AAD TVIYHCARL DSRGPDDYWGQ GTLVTVS S
IGHV4-39*01,SE TLSLTCTVS GDS I SSSSN FWGWIR QPPGKGL EWLGNIYH SGT TFY NTSLKS RVTISVD TSRN QFSLNLSS VTAADT AVYFCARR WGYDYWGSCHTRDFDRWGQG TLVVVS S
IGHV4-38-2*02,SE TLSLTCAVS G YSI NGD FYWAWIRQ APGKGL EWIASVFY RGN TFY NPSLK SRIAIST DTSRN QFSLKLSS VTAADT AVYYCAR DYRYGSSPT YYYGMDV WGQG TTVTVS S
IGHV4-59*12,QV QLQ ESGP RLV KPSE TLSLTCNV TGDSIN SFYWTWIR QPPGKGL EWIGFIYY NG RAKY SPSLKG RVTISIA TSRK QLSLVLTSVT AADT AVYYCARVSY RG SLYWF DPWGQG ALVTVS S
IGHV4-34*02,QV RLQQW GAG LL KTSE TLSLTCAVY GGPFAGS FWTWIR HQPGKGLD WVGEIN HEGA TYY NPSLGG RVRLSVD TSTS QFTLRLTSVT AADT AVYFCARAY TRPRHSSV WK RKVPRTNYFDSWGPGT QVAVS S
IGHV4-39*07,QM HLQ ESGPGL V QPSES LSLTCIVS GGSVSG VSYYWAWIR QPPGKGL EYIGNIHS AGA TTY NPSLKS RVTISID TSKN QFSLRLNS VTAADT AVYYC AK LTIIITT TSWGQG MLVTVS S
IGHV4-34*01,SE TLSLTCAVY GGSFSG YYWSWIR QPPGKGL EWIGEIN HSGSTNYNPSLK SRVTISVD TSKN QFSLKLSS VTAADT AVYYCA RGRYSSS WYNVV HPS F LRGASH F D Y WGQG TLVTV SS
IGHV4-59*01,SE TLSLTCTV SGGS ISSYYWSWIRH LPGKGLE WIGYIYFIS GNTSYNPSLK SRITISVD RSKN QFSLKLS SATAAD TAVYYCA REGQ IVGATVRP LGFDHWGLG TRVTVS S
IGHV4-59*08,PE TLSLTCTV SGDS VRSYYWSWIR QPPGKGPE WIGYIYYS GGTNYNPSLK SRVTISLD TSKN QFSLNLSS VTAAD TAV YYC ARH LRTNYD YLFF DSWGQG TLVTVS S
IGHV4-39*01,SETLP LTCTV SGGS I RSHN YYWGWIR HPTGQ ALEWIVSIY SSGI SYY NPSLQ SRVSESVD TSKN QFSLRLSFVS AADT AVYYCA GSSCG IDCYI GG LVS WDSGMDVSGPG TTVIVS S
IGHV4-4*08,SE TLSLTCTV SGAS IS YSYWSWVRQ LPGRG LAWIGYLA TSGSA TY NPSPKG RVSFST DTSKN QLSLKLSS VTAAD TA TYFCAR LER RWYLDL WGRG TLVTVS S
IGHV4-59*08,SEPL SLTCIV SGAS ISDYYWSWIRQ SPGKGL EWISYVFYS GSSNYNPSLR SRVTISVD TSKN QFSLKLRS VTAE DTA VYYC AS LRV G LKM AGA FDVW GQGR TVTVS S
IGHV4-59*08,AE TLSLTCTV SG LAISSYYWSWIR QPPGKGREG IGYISY SGSTNYNPSLKSRG SISLD TSKN QFSLKLSS VTAADT AVYYCARLS LGGGSGY F DWSAPH AAFDI WGQG TMVTVS S
IGHV4-59*01,SE TLSLTCTV SGGSIS SY YWSWIR QPPEKGL EWIGYMYN SGSTNYNPSLK SRVTISVD TSKN QFSLRLSS VTAADT AVYYCA AGG VT HEGS SIAAIW GQG TLVTV S
IGHV4-39*01,ET LSLTCTVS GA SI SSSN YYWGWIR QPPGKGL EWIGSIYS SGTSYYNPSLQ SRVSESI DTSKNQ FSLRLSFVT AADT AVYYC AGSSCG IDCYI GGLRSWDYGM DV WGQG TTVTVS S
IGHV4-34*01,SE TLSLTCAVY GGSFNDY SWTWIRQ APGKGL EWIGDV NHSGSTKYNPSLR SRVTISLD TSKN QFSLKLSS VTAADT AVYYCA RGASGVN MILVVIGFSYYF DCGGQ GTLVSV CS
IGHV4-59*08,SE TLSLTCTVS GGSINNH YWSWIR LPPGKGPE WIGYISY SGNTHYSPSLE SRVAMSID TSKN QFSLSLTSVT AADT AVYYCA RHNRPTDI SS YCEDYWGQG TLVTV SP
IGHV4-39*01,SE TLSLTCTV SGGS I RGSSS YWGWIR QPPGKGL EWIGHMYY SGT TYY NPPLK SRVTIS ADTSKK QFSLKLSS VTAAD T AVYYCA RRGLSSTGM DVW GQG TTVTVS S
IGHV4-38-2*02,Q VQLQE SGPGL V KPSE TLSLTCTVS G YS IGSG YYWGWIR QPPGK RLEWVGTIYH TGN MYY NPSLKS RLSISM DTSKN QFSLNLRSV TAADT AVYYCAR ADGNNYSNH RLHYW GQG TLVTVS S
IGHV4-61*01,SEA LSLTCTVS GGSVSSG SYYWIWIR QPPGKG LEWIGYVS DSGRTKYNPSLK SRVTVSA DTSRN QFALRLTS VT AADTAVYFWARTLMAHF DNWGQGA LVNV TS
IGHV4-39*01,SE TLSLTCTVS GGSISNSN YYWGWIR QPPGKGL EWIGSIY SSGTTYKNPSLQ SRVTNSVD TSKN QFSLRLTSVT AADT AVYYCV GSSCGRD CYI GG LRS WDYGM DVW GQG ATVTVS S
IGHV4-39*01,SE TLSLTCAV SGDSVSSA SYYWGWIR QPPGKGL EWIGNIFY DGS TYY SPSLQS RVTIYVEM SKNQ FSLKLSS VTAADT AVYYCT RG VEI SGG VVLD YF GLYVW G QVTTVTVS S
IGHV4-31*03,SES LSLTCSVS GDSIGR RYYWRCTLQ FPGTGL EWLGYVYYT GT TYY NSSLKR RLSISVD TSEN QFSLRLS PVTAAD TAVYCCA RDSGPTD VRAFEIW GRG TLVTVS S
IGHV4-39*01,T LSLTCTV SGGS V RSS TYYWGWIR QPPGKGL EWIGSIYY SGST Y YNPSLES RVTLSVD TSVN QFSLRM DSVT AADTAVYFCATLNIFLWYFD LWGRG TLVSV SS
IGHV4-30-2*01,SE TLSLTCTV SGGSISSGD YSWSWIR QPPGKGL EWIGYIYQ SGSTDYNPSLR SRVTISLD MSKN QFSLNLSS VTAADT AMYYCA RDAH Y YGTDVWGQG TTVTVS S
IGHV4-39*01,SE TLSLTCTV SGGSISSSS YYWGWIR QPPGKGL EWIGSIYYS GS TY YNPSLKS RVTISVD TSKN QFSLKLSS VTAADT AVYHC ARQPL GILWF GELPHTENY F D Y WGQG TLVTV SS
IGHV4-34*01,SET LSLTRAIY GGSFN DHFWTWLRQ SPERGL EWIGEI SPGGV TK YNPSLKS RVTISLD TSKN QFSLGLTSVT AADT AVYYCA NLSPF CCF RNA FDI WGQG TMVTVS S
IGHV4-31*03,SE TLSLTRSV SGASIGRG YYWSWIR QFPGKGL EWLGYVYYT GT TYY NSSLKS RLSISVD TSEN QFSLRLSS VTAAD TAVYYCA RDSGPTD VRAFEIW GRG TLVTVS S
IGHV4-39*01,SE TLSLTCTV SGGSISSSN YYWGWIR QSPGKGL EWIGSIYS RGSSYYNPSLQ SRVSESVD TSKN QFSLRLTFVT AADT AVYYCA GSSCGM DCYI GGLRSWDYGM DVW GQG TTVTVS S
IGHV4-4*07,SE TLSLTCSV SGGSINN YYWSWIR QPAGRG LEWIGRIS TSGSTNINTSL WSRVMMSVD TSNN QFSLKVTSVT AADT AVYYCA RDD LYI GGGNNWFDPWGQG TLVTVS S
IGHV4-39*01,SE TLSLTCTVS GGSISNSN YYWGWIR QPPGKGL EWIGSLYS RGRSYYNPSLQ SRVSESVD TSKN QFSLRLSFVT AADT AVYYCA GSSCG IDCYI GGLRSWDYGM DVW GQG TTVTV S
IGHV4-34*01,SE TLSLTC GVYGGS LSGYYWHWIRQ SPEQGL EWIGEVN HSGT AK YSPSLR TRVTISVDI SRN QFSLRLTS MTAADT SFYYCA RGDSYGINDGF DVWG RG TAVIV S
IGHV4-59*01,T LSLTCSV SGDS I TGN YWN WNRQSPGK RLGWIAYLYS SGSTNYNPSLK SRVTISVD TSKN QFSLKLTSVT AADT AVYYCAR DRRGSSS MDVWG LG TTVTVS S
IGHV4-31*03,SE TLSLTCSV SGASIG RGYYWSWIRQ FPGK VLGWLGYVYYT GT TYY NSSLKS RLSISVD TSEN QFSLRLSTV TAAD TAVYYCA RDSGPTD VRAFEIW GRG TLVTVS S
IGHV4-59*01,SE TLSLSRTV CGGSMKNE FWGCFR LPPGRG VEWIGHIHY NGTSNSNAPLNTRVPPSVNMAKN QFTLKLS SRTAPDT AVYYCA RD LVIE GCGE FCYT GMDIWG QVTTVTV S
IGHV4-39*01,SQ TLSLTCTV SGGSISSSN YYWGWIR QPPGKG LEWIGSVYS SGSSYYNPS LQSR V RE SI DTSKNQ FSLKLSFVT AADT AVYYCA GSSCG IDCYI GGLRSWDYGM DV WGQG TTVTVS S
IGHV4-59*08,SE TLSLTCTV SGGSINSH HWSWIR QPPGKGL EWIGYIYY SGT TFY NPSLE SRVAISLD TSKN HFSLRLSS VTAADT AVYFCARVAVTTFGF DPWGQ GTLVTVS S
IGHV4-39*01,SE TLSLTCTV SGGSISSSSN YWGWIR QPPGKGL EWIGSIYY SGS TY YNPSLK SRVTISVD TSKN QFSLKLSAVT AADT AVYYCA RHHPGF LEWTN W F DPWGQG TLVTVS S
IGHV4-39*01,SE TLSLTCAV SGA S ISNTN YYWGWIR QPPGKGL EWIGSIYA SGNSYYNPSLQ SRFRVSVD TSKN QFSLRLSFVT AADT AVYYCA GSSCG IGCYI DGLR SWD VG MDVW GHG TTVTVT S
IGHV4-39*01,SE TLSLTCTVS GDSMSSR RYYWGWIR QPPGKGL EWIGSISYS GSTNYNPSLK SRVTISVD TSKQ QFSLKLSS VTAADT AVYFCAR QIDS WYIVVVVS VPRGE SFYFES WGQG ALVTVS S
IGHV4-34*01,SE TLSLTCTVYGVS LSG FYWSW NRQSPEKGL EWLGEI NDSGRSKYSPSLRN RVTMS ADTSEN QLSLLVYSL TAADT AVYYCA RGGRFG KFFDFW GQG TLVAV SS
IGHV4-39*01,SE TLSLTCSV SGGSISNSN YYWGWIR QPHGKG LEWIGTTY SSGGSYYNPSLQ SRVRASVD TSKN QFSLRLSFVT TADT AIYYCA GSSCG IDCYI GGLRSWDYGM DV WGQG TTVTVS S
IGHV4-59*08,SE TLSLTCTV SGASVS SDYWSWIRQ SPGNGL EWIGYIYH SGHTMSNPSLK SRVSLSLD TSNN QFSLKLSS VTAADT AVYYCA RHHFQYPFDHWGQG TVVSVS S
IGHV4-34*01,L SLTCAVY GGSFSG YYWNWIR QPPGKGL GWVGEID HSGSTNYSPSLKS RVTISVD TSKN QFSLRLSS VTAAD TAVYYC ARGK YYS SWYGE RYYF DSWGQG TLVTVS S
IGHV4-31*03,LS LTCSV SGASIGRG YYWSWIR PFPGKGL GWLGYVSY TGT TYYYS SLTS RLSISVD TSEN QFSLSLSS V T AADPD VYYFAR DSGPTD VRAFET WGRG TLVTV SS
IGHV4-4*02,SE TLSLTCAV SGDSISSTN WWTWVR QPPGKGL EWIGEIYH SGTTNYNPSLK SRVTISV DKSKS HFSLELN SVT AADTALYYCARL TKRASYDDRSWFDPWGPG TLVTV SS
IGHV4-34*01,SE TLSLTCAVY GGSFSG YYWSWIR QPPGKGL EWIGEIN HSGSTNYNPSLK SRVTISVD TSKN QFSLKLSS VTAADT AVYYCT RDQS VHWER LGDY FDF WGQG TLLTVS S
IGHV4-39*01,SEP LSLTCTV SGGSISSSNY YWGWIR QAPGKGL EWIGSIYS SGNSYYSPSLQ SRVTASVD TSKN QFSLSLSFVT AADT AVYYCA GSSCG IDCYI GGLR SCYYGMD VWGQG ITVTVS S
IGHV4-4*02,SEP LSLTCVV SGASISSI NWWTCVLQ SPGRG LAWIGEIYHI GSTNYNPSLK SRVIISV DKSKK HFSLNLTSV TAAD TAIYYCA QRPGFSGQN FNYYMDVW GNGT TVTVS S
IGHV4-61*02,SK TLSLTCTVS GGAISRG RYYWGWIR QPAGKGL EWLGRIH SNGDTDYNPSLGS RLTMSLD ASKN QFSLRLSS VTAADT AVYFCA RGQPYA SWGYYYD FWGQG TLVTVS S
IGHV4-59*01,SE TLSLTCTV SGGSIS SYYWSWIR QPPGKGL EWIGYIYYS GSTNYNPSLK SRVTISVD MSKN QFSLKLSS VTAADT AVYYCA RDR MAV AGA RFGWYFDL WGRG TLVTVS S
IGHV4-61*03,SE TLSLTCTVSY GSVSNDPY HWSWIR QPPGKGL EWIGHVSYR GSNKYNPSLN SRVTISQ DSSNN HFSLKLTS VTPADS AVYYCLAYM KGGGGVG Y WGQ GILVTV SS
IGHV4-31*03,SE TLSLTCSV SGDSISSGG YYWSWIRQ HPGKGL EWIGYLYYS GN TF YNPSLK SRVTISVD TSKN QFSLRLTS LTAADT AVYHCARS YGGNR YFDY WGQG TLVTV SS
IGHV4-39*01,SD TLSLTCTVS GGSISNSN YYWGWIR QPPGKGL EWIGSIY SSGTTYKNPSLQ SRVTKSVD TSKN QFSLRLTSVT AADT AVYYCV GSSCGRD CYI GG LRS WDYGM DVW GQG ATVTVS S
IGHV4-4*02,L SLTCAVS GGSISSSNW WSWVR QPPGKGL EWIGEIYH SGSTNYNPSLK SRVTISVD KSKN QFSLKLSS VTAADT AVYYC ASKGTYG SLGWF DPWGQG TLVTVS S
IGHV4-39*01,QL HLQ ESGPGL V KPSE TLSLTCNF SGEP II SG TYYWAWVRQ APGKG LEWIGSVS DRGGSGYDNPSL KSRVTISLD TSKN QFSLKLSS VTAADT AVYHC ARRR YTAAIDY WGPG ILVTVS S
IGHV4-39*01,SE TLSLTCTVS SGSISNSN YYWGWIL QPPGKGL EWIGSMY SSGTTYKNPSLQ SRVTKSVD TSKN QFSLRLTSVT AADT AVYYCV GSSCGRD CYI GG LR SWDYGM DVW GQG TTVTVS S
IGHV4-39*01,QL QLQE SGPGL V KPSE TLSLTCTV SGGS I SSSS YYWGWIR QPPGKGL EWIGSIYYS GS TY YNPSLKS RVTISVD TSKN QFSLKLSS VTAADT AVYYCARLAMVTF GNDYWGQG TLVTV SS
IGHV4-4*07,PSE TLSLTCSV SG VSISAYYWSWIR QPAGKGL EWIGRI YPGE SIYA SENTNYNPSL KSRVSM SGDTSKN QVSLKLRSV TAAD TAVYYCA RDPTT VTAIFD SWGQG TLVTVS S
IGHV4-59*01,SE TLSLTCSV SG VSI N SYYWNWVR QPPGKGL EWIGYVFH TGNTRYSPSLQ SRVALSVD TSKK AFSLSL D S VSAADS AVYYC ASQP VFYG SAT HF DHWGEG LLVSVS S
IGHV4-39*01,T LSLTCTV SGA S ISSPN YYWGWIR QPPGKGL EWIGSIYS SGSSYYNPSLQ SRVRGSVD TSKN QFSLRLSFLT AADT AVYYC AGSSCG IDCYI GGLRSWDYGM DV WGQG TTVTVS S
IGHV4-34*01,QV RLEQ WGAGLLKPSE TLSLTCAVY G V SYGGY Y WNWIR QAPGRGL EWIGDI DNSGTTKYNPSLK GRITISVD TSKN QFSLKVMSVT AADTA TYYCARVWVRS FDYFL QAPQGLDYWGQGTP VIV S
IGHV4-39*01,T LSLTCTVS GGSISSSN YYWGWIR QPPGKGL EWIGSMY SSGTSYYNPSLQ SRVRASVD TSKN QFSLRLSFVT AADT AVYYCA GSACG IDCYI GGLRSWDYGM DV WGQG TTVTVS S
IGHV4-34*01,SE TLSLTCAVY GGSFSG YYWSWIR QPPGKGL EWIGEIN HSASTNYNPSLK SRVTISVD TSKN QFSLKLSS VTAADT AVYYCA RGLIP RITIFGVVIR DPARSCGM DVW GQG TTVTVS S
IGHV4-59*08,SE TLSLTCTV SGGSINN YYWSWIR QPPGKGL EWIGYIYYI GNTNYNASLK SRVTISVD ASKN QFSLRLNS VTAADT AVYYCA RRGTYGK YQLLHFD YWGQG TLVTV PS
IGHV4-34*01,SE TLSLTCAVY GGSFSD YYWTWIR QPPGKGL EWIGDIN HTGSTSYNPSLK SRVTISLD TSKN EFSLKL N S VTAADT ATYYC ARG VITIFEILILL PARGW Y DSWGQG TLITF SS
IGHV4-59*12,SE TLSLTCTV SDGS MTSYYWSWIR QPPGRGL EWIAYIFYN GDTNSTPS LESRVTISVD TSKT QFSLKLTS ATAADT AVYFCAR MRPGR LLWDY WGQG ALVTVS S
IGHV4-59*01,SE TLSLTCTV SGGSIS NYYWSWIR QPPGKGL EWIGYIYYS GSTNYNPSLK SRVTISVD TSKK QFSLKLSS VTAADT AVYYCARV SGGDDSRG YWGWVYF GSWGQG TQVTVS S
IGHV4-30-2*01,QL QLQE SGSG LV KPSQ TLSLTCVVS GDSINSGG YSWSWIR RPPGKGL EWIGYAYH SGS TF YNPSLKS RVTISVD RSKN VFSLNLTS VTAADT AVYYCA RAGLGTPP YYIDVV GPRDHGH R LL
IGHV4-39*01,QL QLQ ESDPGLVKPSE TLSLTCIVS GGSISSG RYNWGWIR QPPGKGL EWIASIYY SGT TYY NPSLKS RVTIHVD TSKN RFSLKLSS VTAADT AVYYCAR QDGSGS FSE N FF DSWGQG TLVTVS A
IGHV4-34*01,KPSE TLSLTCGV YGGSFSGH YWNWI RPPPGRGL EWMGEIH HGGSTNYNPSLK SRVTI SPDTSKN QFSLHLTS VTAADT AVYYCA RTPV V P VAIR DDYGM DVW GQGS TVTVS S
IGHV4-31*03,SK TLYLTCSV SGASIG R FYYWRCILQ FPGKG LAWLGYVYYT GT TYY NSSLKS RLSISVD TSEN QFSLRLSS VTAAD TAVYYCA RDSGPTD VRAFEIW GRG TLVTVS S
IGHV4-34*01,SE TLSLTCAVY GTSLNNY YWNWVR QPPGKGL EWIGEV DHSGN INL SPSLNT RVTISV DTSKNP FSLKLSS VTAAD A AVYYCA RGEVDERA WWSVAVAT FGQKSYHHG LDVW GQG TTVI GSS
IGHV4-34*01,W VSLRLTCAVY GGSFSGY HWSWIR QPPGTG LAWIGEIN HSGSPTYSPSLKN RVTISVD TSKN QFSLLLNS VTAAD TAVYYC ARGQ VDITMMVVVFT GA FFWF DRWGQG TLVTVS S
IGHV4-31*11,SE TLSLTCAV SGGSLSSDGY FWSW IPQHKGKDL EWISYHY YTGM TYF TPSLK SRVSMSVD TSQN HFSLRLASVT AADT AIYYCASR FWSGSSSLD Y WGQG ALVTVS S
IGHV4-59*12,SE TLSLTCTV SGGSISG SYWSWIR QSPGKGL EWIAYISY GGT TYY NPSLNS RVTVSLD TSKN QFSLRLS PVTAADT AVYD CARAPFFSPNSRGW F DPWGQG TLVTV SS
IGHV4-39*01,SE TLSLTCTV SGGSIGS SNYYWSWIRQ APGKGL EWIGSVY SGGNSYYNPSLQ SRVSESVD TSRN QFSLRLNFVT AADT AVYYCA GSSCG IDCYI GGLRSWDYGM DV WGPGT TVTVS S
IGHV4-39*01,SE TLSLTCTV SGGSISSGS YYWSWIR QPAGKG LEWIGSIYS SGNSYYNPSLQ SRVRESV DTSKN QFSLRLSFVT AADT AVYYCA GSSCG IDCYI GGLRSWDYGMD V WGQ GITVTVS S
IGHV4-59*01,SE TLSLTCTV SGGSIS SYYWSWIR QPPGKGL EWIGYIYYS GSTNYNPSLK SRVTISVD TSKN QFSLKLSS VTAADT AVYYCART YAGGYYPSFDYWGQG TMVTV SS
IGHV4-61*02,SE TLTLTCTV SGGSISSGS YYWSWIR QPAGKG LEWIGRIYT SGSTNYNPSLK SRVTISVD TSKN QFSLKLSS VTAADT AVYYCA RDLSPS ITIFGVV PGYG MDVW GQG TTVTVS S
IGHV4-59*01,QV QLRE SGPGL V QPSE TLSLTCNV SGAA I SDY YWSWVR QSPETGQ QWIGYIFS NGDARYNPSLK SRVVMSVD TSKK RVSLNLTS VTAAD T AIYYC AT YGV TTLR TSRS FVYSYLDV WGNG TTVTVS S
IGHV4-31*03,SE TLSLTCTV SGGSISSG GYYWSWIRQ HPGKGL EWIGYIYY SGST Y YNPSLK SRVTISVD TSKN QFSLKLSS VTAA DTAVYYCARVLR EG ILRLT GPIDPWGQG TLVTVS S
IGHV4-30-4*01,SE TLSLTCTV SGDSISND DYYWSWLRQ SPGKGL EWIGYVYYIGRTY YNPSLQ SRVAISI DTPKS QFSLELSSVT AADTG VYYCARVHY CDRNT CYRLFDY WGQGAP VIVS S
IGHV4-34*01,SE LLSCNCSLQR ASLGG HCVSW GRHPPENV LEGIGEI SDRGR TTY NPSLT GRVTIST DTSKD QFSLQLTSVT AADT ALYYCA RGPHY TTKVSL R GILLLDF WSQGT PVTV SS
IGHV4-34*01,SE TLSLTCAVY GGSFM GYYWTWIR QPPGKGL EWIGEM NHSGCTSYNPSLT SRVTI PKDTSKN QLSLKL SSATAAD TAVYYCA RGPR ISMIVVVM PQG VFDIW GQG TTVTVS S
IGHV4-34*01,SE TLSLTCAVF GGSFSNY YWSWIR QPPGKGL EWIGEIN HSGSTNYNPSLK SRITISVD TSKN QFSLKLTSVT AADT AVYYCA RTGGFASGT Y YPFDYWGQG TLVTV SS
IGHV4-39*01,SE TLSLTCTVS GGSISNSN YYWVWIR QPPGKG LEWIGSIYS SGTTYKNPSLQ SRITKSID TSNN QFSLRLTSVT AADT AVYYCV GSSCGRDCYTGG FMSW DYGM DVW GQG TTVTVS S
IGHV4-31*03,SE TLSLTCS ASGASIGRG YYWSWIRQ FPGKGL EWLGYVSY TGT TYY NSSLKS RLSISVD TSEN QFSLRLSS VTAAD TAVYYCA RDSGPTD VRAFEIW GRG TLVTVS S
IGHV4-4*07,SE TLSLTCSV SGGSIN HYYWICIR QPAGKG LEWIGRIS TSGSTNINTSL WSRVVMSVD TSKN QFSLTVTSVT AADT AVYFCA RDD LYI GGGNNWFDPWGQG TLVI V
IGHV4-39*01,ET LSLTCTVS GGSVSSSDYN WGWIR QPPGKGL EWIGTIYY SG NIYY SPSLES RVTISVD TSRN QFSLKVD S V TAAD TAVYFCA RPRPSLRPSARGY DFWIAYH TDAF DI WGQG TMVTVS S
IGHV4-39*01,SE TLSLTCTV SGGSISSSS YY WDW IR QPPGKGL EWIGSIYY SGS TY YNPSLKS RVTISVD TSKN QFSLKLSS VTAADT AVYYCARL HGDY WGYYGMDV WGQG TTVTVS S
IGHV4-59*11,SEPL SLTCIV SGRS I SG HYWSWIR QPPGKGL EWIGYIYYS GSTNYNPSVK SRVTISLD RSKN EISLKLS SATAADAG VYYCARLRA DCTNGI CQHHY FDGM DV WGQG TTVTVS S
IGHV4-39*01,SE TLSLTCTV SGGSISSSS YYWGWIR QPPGKGL EWIGSIYYS GS TY YNPSLKS RVTISVD TSKN QFSLKLSS VTAADT AVYYC ARH VTITIFGVVIR NGM DVW GQG TTVTVS S
IGHV4-59*08,QV QLQE SGPGL V KPSE TLSLTCTV SGGS I S SYYWSWIR QSPGKGL EWIGYIYD SGFTNYNPSLK SRVTISVD TSKN QYSLKLSS VTAADT AVYYCARR YSNG WCFDY WGQG TLVSV SS
IGHV4-59*11,SE TLSLTCSV SGGSIS SHYWSWIR QPPGKGL EWIGYIYYS GSTDYNPSLK SRVTISLD TSKN QFSLYLSS VTAADT AIYYCA RG VLW GGSAG FDVW GQG TMVTVS S
IGHV4-39*01,SE TLYLTCTVS G VSI SSSNY YWGWIR QPPGKGL EWIGSIYS SGSSYYNPSLQ SRVRGSVD TSKN QFSLRLSFVT AADT AVYYCA GSSCG IDCYI GGLRSWDYGM DV WGQG TTVTVS S
IGHV4-61*02,SE TLSLTCTV SGGSIGSGT HYWSWIR QPAGKGL EWIGRIFT TGRTNYSPSLEN RATISLD TSNN QFSLKLSS VTAADT AVYYC AG AWI GSG FLVWYFD LWGRG ALVTVS S
IGHV4-34*01,SE TLSLTCAVY GGSFSG YYWSWIR QPPGKGL EWIGEIN HSGSTNYNPSLK SRVTISVD TSKN QFSLKLSS VTAADT AVYYC ARGSWPYD YYFDY WGQG TLVTVS S
IGHV4-39*01,SE TLSLTRAV SGDSISST SYYWGWIR QPPGKGL EWIGNIFY DG ITYY NPSLKS RVTISVD TSKN QFSLKLSS VTAADT AVYYCT RGV EIF G EVVFYYY G LDV WGQG TTVTVS S
IGHV4-39*01,SE TLSLTCTVS GGSISSSN YYWGWIR QPPGKGL EWIGSIYS SGSSYYKPSLQ SRVSESVD TSKN QFSLSLSFVT AADT AVYYCA GSSCG IDCYI GGLR S WDYGMD V WGQ GITVTVS S
IGHV4-59*01,SE TLSLT CPVSGGS I S SYYWSWIR KPPGKGL EWIGYIYYS GSTNYNPSLK SRVTISVD TSKN QFSLKLTSVT AADT AVYFCA REGVG AIIKNWYFD LWGRG TLVTV AS
IGHV4-4*07,QL QLQ ESGPGL V KPSE TLSLICTV SGGSLN TFYWNWIR QPAGKG LEWIGRI YPSET TYY SPSLKS RVTMSVD TSKN QVSLNL NSVTAADT AVYFCARAHY YGDPYFDYWGQ GILVTVS S
IGHV4-39*01,SE TLSLTCTVS GDSVSSSS YFWGWIL QPPGKGLE RIGSIYY GG ITYY NPSLK SRATISVD TSKN QFSLQLTSV TAADT AMYYC ASTPV TMILVVITYYYFD LWGRG TLVTVS S
IGHV4-59*01,QV QLRE SGPG LV QPSG TLSLTCN VSGAA I S DY YWSWVR QSPETGL QWIGYIF SNGDARYNPSLKS RVVMSVD TSKK RSLNLTS VT AADTAIYYCAT YGV TTLRT SRS FVYSYLDVW GNGT TVTVS S
IGHV4-34*01,SE TLSLTCAVY GGSFSG YYWSWIR QPPGKGL EWIGEIN HSGSTNYNPSLK SRVTISVD TSKN QFSLKLSS VTAADT AVYYCAR AGPTSSWPA YYYYYGMDV WGQG TTVTVA S
IGHV4-59*01,Q VQLQE SGPGL V KPSE TLSLTCTV SGGSSSSD YWSCIR QPPGKGL EWIGYIYYS GNTNYNPSLK SRVTISVD TSKN QFSLKLRSV TAADT AVYYCA RGSRRG WSYGWI DPWGQG SLVTVS S
IGHV4-4*02,SE TLSLTCAV SGDSISDS YWWTWVR QPPGKGL EWIAEIYH SGSSNYNPSLK SRVTISVD KSKN QFSLKLTSVT AADT SVYYCARRVDVL TGSYD AFDI WGQG TMVTVS S
IGHV4-34*01,SE TLSLTCTV SGGSFS GYLWSWIS QPPGKGL EWIGEIN YNGE K TNYNPSLKS RVTMSVD TSTN QFSLKLSS VTAAD TAVYFCT RSGLTGMREYPRAD YYYYGMD VWGQG TAVTVS S
IGHV4-34*01,SE TLSLTCAVY GGSFSG YYWSWIR QPPGKGL EWIGEIN HSGSTNYNPSLK SRVTISVD TSKN QFSLKLSS VTAADT AVYYC ARGA TVTTFYYYYYY GMDVWGQG TTATVS S
IGHV4-4*07,SE TLSLTCSV SGGSMD SYYWNWVRQS AGKGL EWIGRIYT SGTTDYNPS LKIGVTMSVD TSRN QFFLSLFP VSAADTG VYYCVR APRT Y VGPGPSRDDF DIW GPGA RVIVS S
IGHV4-59*12,SEP LSLTCTV SGGSIS SYYWSWIR QPPGKGL EWIGYIHYS GYTNKKPSLK SRVTMSVD TSKS QFSLSLSS VTAADT AVYYCARVPI HDHGDSSGD YW GQ GTLVTVS S
IGHV4-39*01,SK TLSLTCTV SGGSISSSN YYWGWIR QAPGKGL EWIGSIYS SGNSYYSPSLQ SRVTESVD TSKN QFSLSLSFVT AADT AVYYCA GSSCG IDCYI GGLRSWDYGMD V WGQ GITVTVS S
IGHV4-59*01,QL QLQE SGPGL V KPSE TLSLTCTV SGG TISGYYWNWIR PFPGKGL EWIGYIYY SGT TIY NPSLE SRVTILK DTSKN QFSLKLSS VTAADT AVYYCA RDPGWFGELG R YY GMD V WGQG TTVTVS S
IGHV4-31*03,SE TLSLTCTVS GGSVTSGN VYWTWIRQ LPGKGL EWIGYIFYR GS AY YNPSLK SRLTISI DTPEN HFSLKLTSVTV ADT AVYFCARVDVATVSIDY WGQG TLVTVS S
IGHV4-39*01,SE TLSLTCTV SGGSISSSN YYWGWFR QPPGKGL EWIGSIYS SGSSYYNPSLQ SRVSESID TSKN QFSLRLSFVT AADT AVYYCA GSSCG IDCYI GGLRSWDYGM DV WGQG TTVTVS S
IGHV4-39*01,SE TLSLSCTV SGC SI SSSNY YWGWIR QAPGKGL EWIGSIYS SGNSYYSPSLQ SRVTESVD TSKN QFSLRLSFVT AADT AVYYCA GSSCG IDCYI GGLR S WDYGMDVWGQ GITVTVS S
IGHV4-59*08,QV QLQ ESGPGL V KPSE TLSLTCNV SGAS IESLYWSWVR QPPGKGL EWLGLVYYT GSTKYNPSLK SRLSISL DPSKS QVSLRVKSVT AADT AVYYCATQ YGDNA EK FQ H WGQG TLVTVS S
IGHV4-39*01,SE TLSLTCTVS GGSISSN TYYWGWIR QPPGNGL EWIGSIYYS GSTNYNPSLK SRVTMSVD TSKR QFSLRLTSVT AADT AVYNCA RHSGRPQ LKMFGVVF NPG IWF DPWGQG TLVTVS S
IGHV4-39*01,SE TLSLTCTV SGGSISSS REYWSW IR QPAGKGL EWIGSIYYS GS TY YNPSLKS RVTISVD TSKN QFSLKLSS VTAAD TA VYYC ARH IMASITIFGVVR AGNW F DPWGQG TLVTV SS
IGHV4-59*11,SE TLSLTCTV SGGSIS SHYWSWIR QPPGKGL EWIGYIYYS GSTKYNPSLK SRVTISVD TSKN QFSLKLSS VTAADT AVYYCA GDFDYWGQG TLVTV SS
IGHV4-39*01,SE TLSLTRSV SGGSISSSN YYWGWVR QPPGKGL EWIGSIYS SGNSYYNPSLQ SRVRAS ADTSKN QLSLRLSFVT AADT AVYYCA GSSCG IDCYI GGLRSWDYGM DV WGQG TTVTVS S
IGHV4-39*01,SE TLSLTCTV SGA SI SSTN YYWGWIR QPPGKGL EWIGSIYS SGSSYYNPSLQ SRVRGSVD TSKN QFSLRLSFVT AADT AVYYCV GSSCG IDCYI GGLRSWDYGM DV WGQG TTVTVS S
IGHV4-39*01,SE TLSLTCTVS GGSISSSN YYWGWIR QPPGKG LEWIGSFY SSGSSYYNPSFH SRVRASVD TSKN QFSLRLSFVTV ADT AVYYCA GSSCG IDCYI GGLRSWDYGM DV WGQG TTVTVS S
IGHV4-39*01,SE TLSLTCTV SGGSISSTN YYWGWVRQ SPGKG LEWIGSIY SSGT TYY TPSLH SRVTESVD TSKN QFSLRLSFVT AADT AVYYCA GSACG IDCYI GGLRSWDYGM DV WGQG TTVTVS S
IGHV4-39*01,SE TLSLTCAV SGDSISST SYYWGWI RPPTGKGL EWIGNIFY DG ITYY NPSLKS RVTISVD TSKN QFSLKLSS VTAADT AVYYCT RGV EIF G EVVFYYY G LDV WGKG TTVTVS S
IGHV4-34*01,SE TLSLTCAVY GGSFSG YYWSWIR QPPGKGL EWIGEIN HSGSTNYNPSLK SRVTISVD TSKN QFSLKLSS VTAAD TAVYYCA RGRS RITMIVVV TPFYD YAFAIW GQG TMVTVS S
IGHV4-39*01,SE TLSLTCTVT GGSIRSDN YYWGWIR QPPGKGL EWIASIYY SGSPYYNPSLK SRVRIFT DSSKN QFFLNLRSVT ASDT AVYFCA RPLKDH RIGYYYYGMD VWGQG ITVIVS S
IGHV4-38-2*02,SE TLSLTCAV SGY S ISSG YYWGWIR QPPGKGL EWIGSIYH SGS TYY NPSLKS RVTISVD TSKN QFSLKLSS VTAAD TAVYYCAR ESGG TISAFDI WGQG TMVTVS S
IGHV4-59*01,SEPLP LTCAV SGGS ISSYYWSWIRQ SPGKGL EWIGYIY DSGSTDYNPSLK SRVTISVD TSKN QFSLKLSYVT AADT AVYYCAR EDSSG YFVWF DPWGQ GTLVTVS S
IGHV4-39*01,SE TLSLTCTV SGGSISSSN YYWGWIR QAPGKGL EWIGSIYS SGSSYYSPSLQ SRVTESVD TSKN QFSLRLSFVT AADS AVYYCA GSSCG IDCYI GGLRSWDYGMD V WGQ GITVTVS S
IGHV4-39*01,SE TLSLTCSV SGDSMNTN KFYWAWLR QTPGKGL EWIGSFYY NGN TYY NPSLES RATIS ADTSKS QLFLRLSS VTAADTG VYYCGAY ATNH WYFDL WGRG TLVTV SS
IGHV4-61*02,SE TLSLTCTV SGGSISSGS YYWSWIR QPAGQGLD WIGRIYT SGSTNYNPSLQ SRVTISVD TSKN QFSLKLSS VTAADT AVYYCA REYY DFWSGA LSYYYY GMGDGGQGS RVTIS S
IGHV4-59*01,QV QLQE SGPGL V KPSE TLSLTCTV SGGSINN YFWSWIR QPPGKGL EWIGYIYN SGSTNYNHSLK SRVTISV DTPKN QFSLKLSS VTAADT AVYYCA RDQTPMAPFYG MDV WGQG TTVTVS S
IGHV4-59*01,SE TLSLTCTV SGCS ISSYYWSWIRK RPGKGL EWIGYIYYS GSTNYNPSLK SRVTISVD TSKN QFSLKLSS VTAADT AVYYCA RGLTGD YIGIYYYY GMDVWGQG TTVTVS S
IGHV4-61*02,SE TLSLTCTV SGA SI SSGS YFWSWIR QPAGKG LEWIGRI YPTGST YY NPSLKS RFTISRHI SEN TLYLHMN SLRSEDT AVYYCA RTSSY YY G MDV WGQG TLVTVS S
IGHV4-39*01,SET RSLTCTV SGGSISSSNYDW GWLR QPPGKGL EWIGSIYS SGSSYYNPSRQ SRVRASVD TSKN QFSLRLSFVT AADT AVYYCA GSSCG IDCYI GGLRSWDYGM DV WGQG TTVTVS S
IGHV4-39*01,SE TLSLTCTVS GGSISNSG FFWGWIR QPPGKGL EWIGTIYYSERIYY NPSLKS RVTISID TSRN QFSLELS SLTAADT AVYYCAR HDLDT TMLISSFD YWGQG TLVTVS S
IGHV4-59*08,SE TLSLTCTV SGGSISN YYWSWIR QPPGKGL EYIGYIYQT GDTNSNPS LKSRVTIP LDTSKN QISLKMRSV TAADT AVYYCA RHPFSEPFDYWGQ GILVTVS S
IGHV4-59*01,SE TLSLTCTV SGGY ISAYYWSWIR QPPGKGL EWIGYIYYTGI TNYNPSLK SRVTISVD TSKN QFSLKVSSFT AADT SVYYCAR AGCSSSNCW K RDYHYGSDVWGQG TTVTVS S
IGHV4-39*01,SE TLSLTCTV SGGSIS NIGYYWGWLL QSPGKGL EWIGTMY SGGNT Y YNPSLQ SRVTQSVD TSKN QFSLRLSS VTAADS AVYYC AGSSCG IDCYI GGLRSWDYGM DV WGQG TTVAVS S
IGHV4-39*01,SE TLSLTCTVS GDSMSSR RYYWGWIRQ TPGKGL EWIGTISYS GSTDYNPSLK SRVTISVD TSKR QFSLKLSS VTAADT AVYFCARQ IDS WHIVVVVS VPRGE PFYFESW GQG ALVTVS S
IGHV4-59*08,QM QLQ ESGPGL V KPSE TLSLTCNV SGA SIESFYWSWVR QPPGKGL EWLGLVYYT GSTKYNPSLK SRLSISL DPSKS QVSLRVKSVT AADT AVYYCATQ YGDNA EK FQ H WGQG TLVTVS S
IGHV4-59*08,SE TLSLTCTV SGGSIS SYYWSWIR QPPGKA LEWIGYIHYT GSTNYNPSLK SRVTISVD TSKN QFSLKL N S VTAADT AVYFCAIGIA SPGRPV W GQ GTLVTVS S
IGHV4-61*01,SETR SLTYTVS GGSVNTGS YFWTWIR QAPGKNPE CIGYVHYS GRANYNPSLK SRVYISID TSRN EFYLKLVSLT ASDT AVYFCTR HSRDDA LDIW GQG TMVTVS S
IGHV4-31*03,RASE TLSLTCTV SGGPISSGG YYWSW IR QHPGKGL EWIGYIYYS GST Y YNPSLK SRVTISVD TSKN QFSLKLSS VTAADT AVYYCA RGGPA AIRANWF DPWGQ GILVTVS S
IGHV4-39*01,LS LTCSV SGGSISSTN YYWGWIR QPPGKGL EWIGSIYS SGNSYYNPSLQ SRVSESV DTSKNQ FSLRLSFVT AADT AVYYC AGSSCG IDCYI GGLRSWDYGM DV WGQG TTVTVS S
IGHV4-38-2*02,QV QLQE SGPGL V KPSE TLSLTCVVS G FSI SSSG YYWGWIR QPPGKG LEWVG S TF HGGNKYYNPALK SRATISLD TSKN QMSLRLKSV TAADT AVYYCAR DRGGAADDYWGREPWSPFSQ
IGHV4-59*01,SE TLSLTCTV SGDS ITAYYWSWIR QPPGKG LEWIG HNSYSG ITRY NPSLE SRVTISVD TSSN QFSLQLTSV TAADR AVYYCA RGPRGDGS FDFW GQG TLVTV SS
IGHV4-4*07,T LSLTG A V SGAS ISSYYWSWIRQS AGRGL EWIGRIYA SGKTDYNPSLKN RVTMSVD TSKN QLSLEVRSVT ATDT AVYYC AGS LVIAA GLEGW L DPWGQG TVVTV SS
IGHV4-34*01,SE TLSLTCAVY GGSFSGS YWTWIR QPPGPGL EWIGEIN HSGSTNYNPSLK SRVTISVD TSKN QFSLKLSS VTAADT AVYYCA RGDYSGS YFVGFDY WGQG TLVTVS S
IGHV4-39*01,SE TLSLTCTV SGGSISSSN Y YWGWIR QAPGKG LEWIGSTY SSGNSYYSPSPQS RVTESV DTSKNPF SLTLSFVT AADT AVYYCA GSSCG IACYI GGLRSWDYGMDVWGQ EIT DTVSS
IGHV4-30-2*01,SE TLSLTCAV SGGA I SSGG YSWSWIR QPPGKGL EWIGYIYH SGST Y YNPSLKS RVTISVD RSKNQF PLKLSS VTAADT AVYYCA RSS YYY DSSGY YD YWGQG TLVTVS S
IGHV4-59*01,SE TLSLTCTV SGGSIS SYYWSWIR QPPGKGL EWIGYIYYS GSTNYNPSLK SRVTISVD TSKN QFSLKLSS VTAADT AVYYCVKALLF GGSNDWGPG TLVTVS S
IGHV4-61*02,SE TLSLTCTVS GDSISRSP YYWTWIR QPAGKGL EWIGRIHIT RGTNYNPSLR GRVAISLD TSKN QFSLKLNY MTAAD T AVYYCA RAGA VAGIGGYYF NNWGQG TLVTV SS
IGHV4-39*01,SE TLSLTCTV SGGSISSSS YYWGWIR QSPGKGL EWIGSIYS SGTSYYNPSLQ SRVRASVD TSKN QFSLRLSFVT AADT AVYYCA GSSCG IDCYI GGLRSWDYGM DV WGQG TTVTVS S
IGHV4-39*01,SES LSLTCTV SGGSISSSN YYWGWLR QAPGKGL EWIGSIY SSGN YYYS SSLQ SRVIESVD TSKN QFSLRLSFVT AADT AVYYCA GSSCG IDCYI GGLRSWDYGMD V WGQ GITVTVS S
IGHV4-30-4*08,SK TLSLTCTV SGGSISSG YHWNWIR QSPGKGL EWIGYLYY SGDT YY NPSLNSP VRISID TSKN QFSLNLS S VTV ADT AVYYCA RGDTSSWPN YYYYYGLDVW GQG TTVTVS S
IGHV4-34*01,SE TLSLTCAVY GGSFSG YYWSWIR QPPGKGL EWIGEIN HSGSTNYNPSLK SRVTISVD TSKN QFSLKLSS VTAADT AVYYCA R WRIWLLRL RPGYFDYWGQG TLVTVS S
IGHV4-59*01,SETLP LTCTV SGGSIS SSYWSWIRQ LPGPG LAWIGYIYYS GSTNYNPSLK SRVTISVD TSKN QFSLKLS SATAAD T AVYYCA REGARN YDIL TGYTRP YYFD YWGQG TLVTV SS
IGHV4-61*02,SE ALLLTCSVSC DSISSGTS HWSWSM QPAGKG LEWSGRI HPSGTTNSNPSL KTLVSIP VDTSKN QFSLRLSS VTAADT AVYYCA RGG LRYVV GG VEVWF DPWGQ GTLVTVS S
IGHV4-39*07,SEP LSLTCTVA GDSTSR ITNVNYFWGWIRL SPGKG LQWIGSVFH TGNTYYNPSLT GRVTISVD TSKN QFSLRLSS VTAADT ALYFCARTV AKYGA LYYFD SWGQGN LVTVS S
IGHV4-59*01,SE TLSLTCKV SGASINND YWSW LR QPPGKGL EWIGYTHY SGRTNYNPSLKS RIIISVD RSKK QFSLNLSS VTAADT AVYYCAR SRGDCSGGS CY SDYWGQG TLVTV SS
IGHV4-4*07,SE TLSLTCTV SGGSIS SYYWSWIR QPAGKGL EWIGRIYT SGSTNYNPSLK SRVTMLVD TSKS QFSLKLTSV TAADT AMYYCAR RNSGS WYFDL WGRG TLVTV SS
IGHV4-39*01,SE TLSLTCTV SGGS ITA SN YYWGWIL QPPGKG LEWIGTTY SSGGSYYNPSLQ SRVRSSVD TSKN QFSLRLSFVT TADT AIYYCA GSSCG IDCYI GG LRSW DYGMDGWGQG TTVTVS S
IGHV4-34*01,SE TLSLTCAVY GGSLSDYS WSWIR QAPGKGL EWIG D I DQSGT T KYNPSLR SRVAISL DRSKK QFSLKLS SATAAD TAVYYCA RGASGVD MILVVIGFSYYF DYWGQGTP VTV SS
IGHV4-39*01,SE TLSLTCSV SGGSISSSN YYWGWIR QPPGKGL EWIGSVF SSGNSYYNPSLQ SRVSESVD TSKN QFSLRLSFVT AADT AVYYCA GSSCG IDCYI GGLRSWDYG LDVW GQG TTVTVS S
IGHV4-34*01,QV HLQQW GAGLLKPSE TLSLTCAVY GGSLSDY HWTWIR QPPGKGL EWVGE IPHHGGTHYNPSLK SRVTISVD TSKN QVSLRLTSVT AADT AVYYCA RPDEGA VFTIW GQGT TVTGL F
IGHV4-59*01,SE TLSLTCTV SGGSIS SYYWSWIR QPPGKGL EWIGYIYYS GSTNYNPSLK SRVTISVD TSKN QFSLKLSS VTAADT AVYYC ARDR IAVA GA RFGWYFD LWGRG TLVTVS S
IGHV4-39*01,IRQPPGKGL EWI GS M YSSGSSYYNPSLQ SRVTESID TSKN QFSLRLSFVT ASDT AVYYCAVS SCGI DCYI GG LRCWH YGMD V WGQG TTVTVS S
IGHV4-39*01,SKS LSLTSKV SGGS I DSRSN YCGRLR QSPGKGLD WIGIIYH RGS IHY NPSLQ SRVTISLD TSKN QFSLKLRSV TAADT AVYCCA RRSQ LYY GSGPWGSWGQGN LVTV S
IGHV4-39*01,SE TLSLTCTV SGGSISSSN YYWGWIR QPPGKG LEWIGSVYS SGNSYYNPSLQ SRVRASVD TSKN QFSLRLTFVT AADT AVYYCA GSSCG IDCYI GGLRSWDYGM DV WGPGT TVTVS S
IGHV4-39*01,SEA LSLTCTVS GGS I SSSG YYWGWIR QPPGQG LEWIGSI SSGGST HY IPSLKS RVTISV DTPKN QFSLKLSS VTAADT AVYYCARR SYDGSG YYYVDY WGQG TLVTVS S
IGHV4-34*01,SE TLSLTCAVY GGSFTD YYWTWIR QPPGKA LEWIG D I DHRGSANYNPSLK SRVTISL DKSKS QFSLKLTSV TAADT AIYYC ARG VVTIFGVLIMI PARGWLDPWGQGTP VTV SS
IGHV4-34*01,SE TLSLTCAVY GESFSGY QWSWMR QPPGKGL EWIGEIN QSGSTNYNPSLKS RVTLSVD TSKN QFSLNL SSLTAADS AVYYCA RGRDSV NMILVVI G FTVYFD YWGQG TLVTVS S
IGHV4-39*01,A TLSLTGTVS GGSISSSN YYWGWIRQ APGKGL EWIGSIY SSGT TYY NPSLQG RVIESV DTTENQ FSLRLSFVT AADT AVYYC AGSSCG IDCYI GGLRSWDYGM DV WGQG TTVTVS S
IGHV4-59*08,CLWWPPGKA LEWIGYIYYT GTTNYNPSLKS RVTIAID TSKN QFSLKLS PVTAADT AVYYCAR HAR T CTNGVC QTYYYYALDV WGQG TTVTVS S
IGHV4-34*01,SETL SSTCAVY GGSFSDY HWTWIR QPPGKGL EWIGEIN QSGSIKNNPSLK SRVTISVD TSKN QFSLKLISLT AADT ALYYCA RS AVVVV PAPILGLGPF FYSYYMDV WGKG TTVTVS S
IGHV4-30-4*01,T LSLTCTVS GGSISSGN YYWSWIR QPPGKGL EWIGYIYYS GST Y YNPSLK TRVTISVD TSKN QFSLKLSS VTAADT AVYYCA RRNWAD YYAMDV WGQG TTVTVS S
IGHV4-39*01,SE TLSLTCTV SGGSISSSN YYWGWIR QAPGKGL EWIGSIYS SGNSYYSPSLQ SRVTESVD TSKN QFSLRLSFVT AADT AVYYCA GSSCG IDCYI GGLRSWDYGMD V WGQG ITVTVA S
IGHV4-39*01,SE TLSLTCTVS GDSMSSR RYYWGWIR QPPGKGL EWIGSISYS GSTNYNPSLK SRVTISVD TSKQ QFSLKLSS V TA VD TAVYFCAR QIDS WHIVVVVS VPRGE PFYFESW GQG ALVTVS S
IGHV4-34*01,SE TLSLTCVVY GGSFS GYYWTWIRQ SPEKGL EWVGEIN QSGSPNYNPSLKG RVTMSID TSKN QFSLKLTS LT A E DT AVYYC AR HGLGD WHFDL WGRG TLVTV SS
IGHV4-34*01,SE TLSLTCAVY GGSFS GYYWSCIR QPPGKGL EWIGEIN HSGSTNYNPSPKG RVTISVD TSKN QFSLKLSS VTAADT AVYYCA RDRGYNW NYYYYYGMDV WGQG TTVTVS S
IGHV4-31*03,SE TLSLTCSV SGASIGRG YYWSWIRQ FPGKGLE WLGYVYYTWTTYY NSSLK SRLSISVD TSEN QFSLRLSS VTAAD TAVYYCA RDSGPTD VRAFEIW GRG TLVTVS S
IGHV4-39*01,ET LSLTCTVS GGSISSSS YYWGWIR QPPGKGL EWIGSMY SSGSSYYNPSLQ SRVSESV DTSKNQ FSLRLSFVT AADT AVYYC AGSSCG IDCYI GGL RSW DYGMD V WGQ GITVTVS S
IGHV4-39*01,SEP LSLTCAV SGDSVS SASYYW GRLPQPPGQGLDWSGN IFYD ASTY Y SPSPHRP ATISVEM SKNQ FSLKLSS VTAADT AVYYCT RG VEI SG EVVLYYY G LDV WGQG TTVTVS S
IGHV4-59*08,SE TLSLTCIVS GGSNS FYYWSWIR QVPGKGL EWIGYIYYS GSTSYNPSLK SRVTISID TSKN QFSLKLNS VSAADT AVYYC A RHGRDCTNGI CQTYYYYGVDVW GQG TTVTVS S
IGHV4-59*08,SE TLSLTCTV TGGS LINYFCYW IR QSPGKGL EWIGHIYD TGTTKYNPSLK GRVSISA DKSKN QFSLQLRSVT AADT AVYYCA RQPQYSEPN LYFVSLVTW GRG TLVTVS A
IGHV4-4*07,QV QLQE SGPGL V KPSE TLSLTCSV SGDS I S SHFWSCIR QPAGKG LEWIGRIS TSGITNYNPSLK SRVTMSVD TSKN HFSLKLRSV TAADT ALYFCA RDLLGDYGA FDIW GQG TMVSVS S
IGHV4-34*01,SE TLSLTCSVY GGSFS GYYWSWIR QPPGKGL EWIGEIN HSGSTNYNPSLT SRVTISVD TSKN QFSLKLSS VTAADT AMYYCA RGR RRIVVL PAAKESNWFDPWGQG TLVTVS S
IGHV4-61*02,SE TLSLTCTV SGGSISSGS YYWSWIR QPAGKG LEWIGRIYT SGSTNYNPSLK SRVTISVD TSKN QFSLKLSS VTAADT AVYYCAIE QQLVPNWFDPWGQG TLVTVS S
IGHV4-34*01,SE TLSLTCAVY GGSFSG YYWSWIR QPPGKGL EWMGEIN HSGSTNYNPSLK SRVTISVD TSKN QFSLKLISLT AADT AVYYCA RASKLR YF DS LYY DY F DYWGQG TLVTVS S
IGHV4-39*01,SE TLSLTCTV SGGSISSSN YYWGWIR QAPGKGL EWIGSIYS SGNSYYSPSLQ SRVTESVD TSKN QFSLRLSFVT AADT AIYYCA GSSCG IDCYI GGLRSWDYGM DV WGQGT PVTVS S
IGHV4-34*01,SE TLSLTCAV FGEPLSGH HWSWIR QPPGKGL EWIGEI SEGGTTDYNPSLK SRVTISVD TSRK QFSLKMVSVT AADT AVYYCVRAELGVVM NPGGSE YTWF DPWGQG TLVTVS S
IGHV4-39*01,SE TLSLTCTV SGGPIDRSDY YWGWIRQ SPGKGL EWIASID YTGA TYY NPSLKN RVTISVD TYQN HFSLKL KSGTAPDT AVYYCAR HNDGGYKGY DQYYF DGWGE GILVT V
IGHV4-59*02,SE LLSLTCTV SEDTA YSVRNFNFTWIR QHPGKE LERIGNVYH SGSTNYYPYLKS QVTISL DTSKN LFSLKLSS ITAAD TAVYFCAR DAHSSDH YYYYGMDV WGPGT TVTVS S
IGHV4-39*01,SETLSP TFTVS GGS I SSSS YYWGWT RQPPGKGL EWIGRIYYS GSTYYNPS LKIRVTISA DTSKN QLSLKLSS VTAAD TVVNYCA EDGSGS Y YGD AFDI WGQG TMVTVS S
IGHV4-4*02,SE TLSLSCAV SGDSITGDS WWSWVR QSPEKGL EWIGEIHH NGNSNYNPSLE SRVTFLLD KSKN QFSLRLSS VTAADT AFYYCV SNG YYSLDY WSQG TLVTVS S
IGHV4-59*01,SSE TLSLTCTV SGGSM SHYCWNWIRQ SPGRGL EWIGYIYYR GGTNYNPSLR GRVTLSVD SSKN QLSLKLN S V TAADT AVYYCA SSDCRASGC QIF GSEPFDFWGPG TLVTVS S
IGHV4-34*01,SETLSPT CAVY GESFSGY QWSWIR QPPGKGL EWIGEIN QSGSTNYNPSLKS RVTLSVD TSKN QFSLNL SSLTAAD TAVYYCA RGRNSV NMILVVI G FTVYFD YWGQG TLVTVS S
IGHV4-34*01,SES LSLTCAVY GGSFS GYYWSWLRQ SPGKGL EWIGEIN HSGSTNYNPSLK SRVTISVD TSKN QFSLKLSS VTAADT AVYYC ARG TIVVVT AAEPY YYHY GM DV WGQG TTVTVS S
IGHV4-39*07,QL QLQE SGPGL V KPSE TLSLTCSV SGGSISSN YYYWAWIR QPPGKGL EWIGNIFYS GS TY YNPSLR SRVTISLD TSKN QFSLRLTSV TAAD TA VYYCARLHY ESGVD FW GPRNAGHR L L
IGHV4-39*01,SE TLSLTCTV SGGSISSSS YYWGWIR QPPGKGL EWIGSIYYS GS TY YNPSLKS RVTISVD TSKN QFSLKLSS VTAADT AVYYC ASNLLRYFA TGK Y WGQG TLVTVS S
IGHV4-39*01,SE TLSLTCAV SGDSISST SYYWGWIR QPPGKGL EWIGNIFY DG ITYY NPSLKS RVTISVD TSKN QFSLRLTSVT AADT AVYYCV GSSCGRD CYI GG LRS WDYGM DVW GQG TTVTVS S
IGHV4-39*01,SE TLSLTCSV SGGSISNSN YYWGWIR QPPGKGL EWIGSIYS SGSSYYNPSLQ SRVRASVD TSKN QFSLRLSFVT AADT AIYYCA GSSCG IDCYIGELRS WDYGM DVW GQG TTVTVS S
IGHV4-39*01,ETR SLTCSV SGGS I SSSNS YWGWIR QPPGKGL EWIGSMY SSGSSYYNPSLQ SRVTESID TSKNQ FSLRLSFVT AADT AVYFCA GSSCG IDCYI GGLRSWDYGM DV WGQG TTVTVS S
IGHV4-59*01,SE TLSLTCTV SGGSIS SYYWSWIR QPPGKGL EWIGYIYYS GSTNYNPSLK SRVTISVN TSKN QFSLNLISVT AADT AVYYCARVHH YGSGGR FDY WGQG TLVTV SS
IGHV4-39*01,SE TLSLTCTV SGGSISSSS YYWGWIR QPPGKGL EWIGSIYYS GS TY YNPSLK SRVTISVD TSKN QFSLTLSS VTAADT AVYYCAR WSS LYYD FW NRSGGFDPWGQG TLVTVS S
IGHV4-59*01,SE TLSLTCTV SGGSIS SYYWSWIR QPPGKGL EWIGYIYYS GSTNYNPSLK SRVTISVD TSKN QFSLKLSS VTAADT AVYYCA GPL WYY G MD LWGQGT TVP VSS
IGHV4-34*01,SEP LSLTCAV SGESLRGH HWSWI RQPP EKALE WI GE TSY RGR TTY NPSLT GRVSISI DTSK VHFSLQLTS VTAADT ALYYCA RGPHYTPK VSL R GILLLDVW SQGT PVTV SS
IGHV4-39*07,SE TLSLTCFV SGGSISSD FYYWAWIR QPPGKGL EWIGSIFS RGSGNYNPSLK SRVTISLD KSKN QFSLKLTSVT AADT AVYYC ARG VVTIFGVLIMI PARGWLDPWGQGTP VTV SS
IGHV4-31*03,SE TLSLTCSV SGASIGRG YY WSWIRQ FPGKGL EWLGYVYYT GT TYY NSSLKS RLSISVD TSENQ FSLMLSSV TAAD TAVYYCA RDSGPTD VRDFEIW GRG TLVTVS S
IGHV4-59*01,SE TLSLTCTV SGGSIS SYYWSWIR QPPGKGL EWIGYIYYS GSTNYNPSLK SQVTISVD TSKN QFSLKLSS VTAADT AVYYC ARD YTIYC SGGSC YGMDV WGQG TTVTVS S
IGHV4-39*01,SEP LSLTCAV SGDSISSTRD YWGWLL QPPGKGLD WIGNIFY DG ITYYN TSLKS RVTISVD TSKN QFSLKLSS VTAADT AVYYCT RG VEI SG EVVLYYY G LDV WGQG TTVTVS S
IGHV4-39*01,SE TLSLTCAV SGA S ISNTN YYWGWIR QPPGKGL EWIGSIYA SGNSYYNPSLQ SRVRGSVD TSKN QFSLRLSFVT AADT AVYYCA GSSCG IDCYI GGFRSWDY GIDVW GHG TTVTVS S
IGHV4-59*01,SE TLSLTCTV SGGSIS SYYWSWIR QPPGKGL EWIGYIYYS GSTNYNPSLK SRATISVD TSKN QFSLKLSS VTAADT AVYYC ARGQ LWLDY WGQG TLVTVS S
IGHV4-59*08,SE TLSLTCTVS GDSINNN YWSWIR QPPGKGL EWIGYIFYS GSTNYNPPLK SRVSMSVD TSKN QFSLNLKS VTAADT AVYYCAR RPMDGSGSY PLYFYYGM DVWGQG TTVIVS S
IGHV4-34*01,SE TLSLTCAVF GESLSGH HWSWIR QPPGKGL EWIGEI SEGGTTDYKPSLK SRVTISVD TSKK QFSLKMVSVT AADT AVYYCAR A ELGVVM NPGGSE YTWF DPWGQG TLVTVS S
IGHV4-39*01,SE TLSLTCTVS GGPFSSSS YYWGCIR QPQGKGLDWSGN LYYS G ITYY NPSLK SRVTMSID TSKN QFSLKLSS VTAADT AVYYC AG RLQYYF DDWGHG TLVTVS S
IGHV4-31*03,SE TLSLTCTV SGGSISSG GYYWSWIRQ HPGKGL EWIGYIYYS GST Y YNPSLK SRVTISVD TSKN QFSLKLSS VTAADT AVYYCA SGHSNGE SFDY WGQG TLVTV SS
IGHV4-31*03,SE TLSLTCSV SGASIGRG YY WSWIRQ FPGKGL EWLGYVYYT GT TYY NSSLKS RLSISVD TSEN QFSLRLSS VTGAD TAVYYCA RDSGPTD VRAFEIW GRG TLVTVS S
IGHV4-59*01,SE TLSLTCTV SGDSLS SYYWSWIR QPPGKG LVWIGWIYYS GSTNYNPSLE SRVSISVD TSKN QFSLKVRSVT AADT AVYYCAR GPNGY FDY WGQG TLVTV SS
IGHV4-39*01,SE TLSLTCTVS GGSISSSN YYWGWIR QPPGKGL EWIGSIYS SGSSYYNPSLQ SRVTESVD TSKN QFSLRLSFVT AADT AVYYCA GSSCG IDCYI GGLRSWDYGM DVW DQGT TVTVS S
IGHV4-34*01,SE TLSLTCAV SGESFS G YFWTWIR QSPEKGL EW NG QIYHGTVKY NPSLK SRVTISS DTSTN QFSLNFS SVTAADT ALYFCA RGL ERRF DPCGQG TLVTVS S
IGHV4-34*01,SE TLSLTCAVY GGSFSG YYWSWIR QPPGKGL EWIGEIN HSGSTNYNPSLK SRVTISVD TSKN QFSLKLSS VTAA DTAVYYCARRLYDF WSAPRG YYYYGMD VSGQG TTVTVS S
IGHV4-59*11,GS LRLSCA ASGF TLTNHVMSWIR QPPGKGL EWVAYVYYTVST KYNPSLK SRLTLSVD TSNN QVSLKLSS VTAADT AVYYCAR AKKG LLWF GD LLVGSY DSWGQ GILVTVS S
IGHV4-34*01,SE TLSLTCAV HGGS LISYYWSWVR QPPGTGL EWIGQIN HSGVTNYNPTLK SRVSISVD TSQN QFSLRLTYVT AADT AIYYCA RGA KVLEYW GQG TLVSVS S
IGHV4-39*01,SE TLSLTCTV SGAPISSSN YYWGWIR QPPGKGL EWIGSIYS SGSSYYNPSLQ SRVRGSVD TSKN QFSLRLSFVT AADT AVYYCA GSSCG IDCYI GGLRSWDYGM DV WGQG TTVTVS S
IGHV4-39*01,T LSLTCTVS GDSMSSR RYYWGWIR QPPGKGL EWIGSI PYSGSTNYNPSLK SRVTISVD TSKQ QFSLKLSS VTAADT AVYFCARQ IDS WHIVVVVS VPRGE PFYFESW GQG ALVTVS S
IGHV4-34*01,SEPL SLTCVV SGGS FREYYWTWIRQ SPGKGL EWIGEVN HRGSTNYNPSLK SRVTISVD TSEN QFSLKLTSV SAAD TAVFYCA RGRHGSGPFN WF DSWGQG TLVIVS S
IGHV4-34*01,SEP LSLTCAV NGGSFS HYYWTWIR QPPGKGL EWIGEIN HSGRTDYNPSLE SRVTISLD SSKN QFSLRLTSVT AADTG MYYCA RGL SVAATFSYYYYINVW GKG TTVTVS S
IGHV4-39*01,SE TLSLTCTVS GGSISSSN YYWGWIR QPPGKGL EWIGSIYS SGSSYYNPSLQ SRVRASVD TSQN QFSLRLSFVT AADT AVYYCA GSSCG IDCYI GGLRS WE YG MDVW GQG TTVTVS S
IGHV4-34*01,SE TLSLTCAV SGGPF SDYFWTWIRQ SPGKGL EWIAEI SPSGV TKY TPSLK SRVTMSLD TSKN QFSLGLTSVT AADT AVYYCAS LSPFCSRDNCYQNA FDI WGQG TMVTVS S
IGHV4-34*01,T LSLTCAVY GGSFSG YYWSWIR QPPGKGL EWIGEIN HSGSTNYNPSLK SRVTISVD TSKN QFSLKLSS VTAADT AVYYC ARGR V QP LLGYYGMDV WGQG TTVTVS S
IGHV4-61*02,LS LTCTVS GGSISSGS YYWSWIR QPAGKGL EWIGRIYT SGSTNYNPSLK SRVTISVD TSKN QFSLKLSS VTAADT AVYYCARE FQTGE LQYYYYGMDV WGQG TTVTVS S
IGHV4-30-4*02,SE TLSLTCSVS GG SV RSDDN YWIWIRQ SPGKGL EWMGYIYYT GT TYY TPSLR SRLSLSVD TSKN LFSLKL NSVTAAD AAIYFCA RER VT RG VL TRSQR SFFYYGIDVW GPGT TVTIS S
IGHV4-39*01,SE TLSLTCTVS GDSMSSR RYYWGWIHQ TPGKGL EWIGTISYS GSTDYNPSLK SRVTISVD TSKR QFSLKLSS VTAADT AVYFCARQ IDS WHIVVVVS VPRGE PFYFESW GQG ALVTVS S
IGHV4-34*01,SE TLTLTCTA YGWSFSPY YWTWIR QPPGKGL EWIGEIKQ SGS IN YNPSLKS RVTISVD TSKS EFSLK MPSVTAADT AMYFCA RGS MVRGAFFYW GQGT QVTVS S
IGHV4-4*01,L SLTCAVS GGSINSAN WWSWVR QPPGGG LEWIGEIFH TGNTKYNPSLE SRVSISLD KSKN QFSLKLT SGTAAD TAVYFCA REE AIF GLDPLPY CFD YWGQG TLVTV SS
IGHV4-59*01,ET LSLTCTV SGGSI SSYYWSWIR QPPGKGL EWIGYIYYS GSTNYNPSLK SRVTISVD TSKN QFSLKLSS VTAADT AVYYCAV GDCSSTSCTGYG MDV WGQG TTVTVS S
IGHV4-59*01,QV QLQE SGPGL V KPSE TLSLTCTV SGGS I TSD YWNWIR QPPGKGL EWIGHIH NSGSTDYNPSLR GRVTISVD TSKN QFSLILSSVV AADT AVYYCA RGYDHTGY YLGWWF HPWGQG TLVTVS S
IGHV4-39*01,SE TLSLTCTV SGGSISSSS YYWGWIR QPPGKGL EWIGSIYS SGSSYYNPSLQ SRVSESVD TSKN QFSLRLSYVT AADT AIYYCV GSSCG IDCYI GGLRSWDYGMD V WGQG TAVTVS S
IGHV4-34*01,ET LSLTCAVY GESF THYYWSWIR QAPGKGL EWIGEI NRGGSPTYNPSL LSRVAISV DSSK IQFSLRL NSVTAAD TAVYFCA RGG QYIKHGITLMV PKY HF DYWSPGS LVTVS S
IGHV4-34*01,SE TLSLTCAVY GGSFRGS YWSWIR QPPGKGL EWIGEIN HSGSTNYNPSLK SRVTISVD TSKN QFSLKLSS VTAADT AVYYC ARGR VLYYY GSGR VLDYY GM DV WGQG TTVTVS S
IGHV4-59*01,SE TLSLTCTV SSDSIS RYYWSWIR QPPGKGL EWIGFIYYS GSANYNPSLK SRVDMSID TSKN HFSLKLHSVT AADTAG YYCA RNSRD WLLFD YWGQG TLVTVS S
IGHV4-34*01,SE TLSLTCAVY GGSFSG YYWSWIR QPPGKGL EWIGEIN HSGSTNYNPSLK SRVTISVD TSKN QFSLKLSS VTAADT AVYYCAR EGGGPDYGGNSGV DY WGQG TLVTVS S
IGHV4-61*09,SE TLSLTCSV SGGSSTSGAD YWSWIR QPAGKGL EWIGHIHT SGSTNYNPSLKS RVNISI GTSKS HFSLKLSS VTAADT AVYYCARE RRGRTSGSS TWYRWF DPWGQ GTLVTVS S
IGHV4-39*01,SE TLSLTCTVS GGSISSSN YYWGWIR QPPGKGL EWIGSIYS SGNSYYNPSLQ SRVRASVD TSKN QISLRLTFVT AADT AVYYCA GSSCG IDCYI GGLRSWDYGM DVW GHG TTVTVS S
IGHV4-39*01,PET MSLTCTV SGGSIS SI KYYWGWLL QPPGRGL EWIGSIY SSGSTHYNP SLQSRLTESVD KSKNQ FSL RPS YVT AADT AVYYC AGSSCG IDCYI GGLRSWDYGM DV WGQG TTVIVS S
IGHV4-39*01,EN LSLTCTVS GGSISSSN YYWGWIR QPPGKGL EWIGSIYS SGSSYYNPSLQ SRVRASVD TSKNQ FSLRLSFVT AADT AVYYC AGSSCG IDCYI GGLRSWDYGM DV WGQG TTVTVS S
IGHV4-34*01,SEP LSLTCAVS GEFSSG YYWSWIR KPPGKG LEFIGEVYQ SGSTNYNPSLK SRVTISVG TSNN HFSLRLISVT AADT AVYYCARRR YTSPFDSWGQG ALVTVS S
IGHV4-39*01,SE TLSLTCSV SGGSIGSSN Y YWGWIR QAPGKGL EWIGSVY SGGNSYYNPSLQ SRVSESVD TSRN QFSLRLNFVT AADT AVYYCA GSSCG IDCYI GGLRSWDYGM DV WGPGT TVTVS S
IGHV4-30-2*01,SQ TLSLTCTVS GGS I NSDGY SWSWIR QPPERGL EWIAYIH HSGR T YSTPSLK SRVTMSVD RTQN HFSLRR S S VTAADT AVYYC ASSPWVSGVPAT TF KNWGH GILVTV AS
IGHV4-34*01,SES LSLTCAVY GGSFSGSPW SWI R QAPGKGL EWIGEL NERGAANYNPSLKS RISISVD TSKN QMSLKL NSVTAAD TAVYYCA RGQ VDFTMVVVVF TGA SFYL DPWGQG TRVTVS S
IGHV4-39*01,T LSLTCTVS GGSISSSN YYWGWIR QPPGKGL EWIGSIYS SGNSYYNPSLQ SRVSESVD TSKN QFSLRLSFVT AADT AVYYCA GSSCG IDCYI GGLRSWDYGM DV WGQG TTVTVS S
IGHV4-4*02,SE TLSLTCTV SG VS IGSS FWWAWVR QSPREGL QWIGEIAY NG ITK YNPSLKS RVIISA DTSKN QISLELTP VTAADT AVYYCA RET VREV G LFQYW GHG ALVTVS S
IGHV4-31*03,SE TLSLTCTV SGGSISSG GYYWSWIRQ HPGKGL EWIGYIYY SGST Y YNPSLK SRVTISVD TSKN QLSLKLSS VTAADT AVYYC ARGLVP AAIR G YF DYWGQG TLVTVS S
IGHV4-39*01,SE TLSLTCTV SGGSISSSS YYWGWIR QPPGKGLD WIGNIYYS G ITYY NPSLK SRVTMSID TSKN QFSLKLS SMT AADTAVYYCARRLQYYFD YWGHG TLVTV SS
IGHV4-34*01,SDPL SLMCAV HGEAFSG YYWRWLR KSPGKGL EWIGEIN QSGSTNYNPSLKS RVTLSVD TSKN QFSLNLRS LTAADT AVYYCA RGTNSV NMILVVI G FTVYFD YWGQG TLVTV SS
IGHV4-34*01,SE TLSLTCGV YGGSFS NYY WSWIR QPPGKGL EWIGEITH SGRTNYNPSLNS RVTISLD TSKN EFSLELISVT AADT AMYYCARVHVLQFL DWSGS TYYYAMDV WGQG TTVSV SS
IGHV4-30-4*01,SE TLSLTCTVS GGSISSGD YYWSWIR QPPGKGL EWIGYIYYS GST Y YNPSLK SRVTISVD TSKN QFSLKLSS VTAADT AVYYCA RDPHYDFWSGWLPPGGM DV WGQG TTVTV S
IGHV4-59*08,L SLTCTVS GGSV STYYWSWVR QPPGKPL EWIGSIFYT GNTYHNPSLKS RFTMSIDT YNDQ FFLRLTSV TAADT AVYYCAR HRDWGDDNWLDPWGQG TLVTVS S
IGHV4-61*01,ET LSLTCIVS GGSVSSGS YYWSWIR QPPGKGLD WIGEIN HRGSTNYNPSLKS RVTISVD TSKN QFSLKLSS VTAADT AVYYC ARGLS E WEVRLITMV RGAAS YF DYWGQG TLVTVS S
IGHV4-39*01,SE TLSLTCTV SGGSISSSS YYWGWIR QPPGKGL EWIGSIYYS GS TY YNPSLKS RVTISVD TSKN QFSLKLSS VTAADT AVYYCA STNYDFLGG WF DPWGQG TLVTVS S
IGHV4-39*01,SE TLYLTCSV SGDSISST SYYWGWLR QPPGKGL EWIGNIFY DG ITYY NPSLKS RVTISVEM SKNQ FSLKLSS VTAADT AVYYCT RG VEI SG EVVLYYY G LDV WGQG TTVTVS S
IGHV4-39*01,SE TLSLTCTVS GDSIRSP TYYWGWIR QPPGKGPE WIGSLY SGGK TYY NTSLK SRATISVD TSKN QFSLTVTSVT AADT AVYHCARLYVL GS FRYIDF WGQG TLVTVS S
IGHV4-34*01,PSE TLSLTCIVS GGSF SG YLWSWIR QPPGKGL EWIGEINY NGENTNYNPSLK SRVTMSVD TSTN QFSLKLSS VTAADT AVYFCT RSGLTGMRKYPRAD YYYYGMDV WGQG TAVTVS S
IGHV4-39*01,SES LSLTCVVS GDSVSSSS YYWGWLR QPPGKGLD WIGNIFY DG ITYY SPSLQS RVTISVEM SKNQ FSLILSS VTAADT AVYY CPRGVESSG EVVLYYY G LDVW GQG TTVTVS S
IGHV4-59*12,QV QLQE SGPGL V KPSE TLSLTCTV SGGSISSN YWSWIR QSPGKGL EWIGYIYYT GTTSYNPSSKS RVTISLD TSKK QLSLTLRSV TAADT AVYYCAR DVWSGEPD YHYYMDV WGQG TTVTVS S
IGHV4-59*08,L SLTCTV SGGSIS SY YWSWIR QPPGKGL EWIGYIYYS GSTNYNPSLK SRVTISVD TSKN HFSLKLSS VTAADT AVYYCT RG VEIF G EVVFYYY G LDV WGQG TTVTVS S
IGHV4-34*01,SATLGR TCAV HGE TF RGS YWSWIR QSPGPGL EWLGEI NQSGRANYNPSLKS RLTLSVD TSKN QFSLKLRS LTAADT AVYYCA RGTNS VKMILVVI G FTVYFD YWGQG TLVTVS S
IGHV4-59*01,SE TLSLTCTV SGGSISNS YWSWIR QPPGKGL EWVGYIQYT GNTNYNPSLK SRVTISVD TSKR QFSLKLTSVT AADT AVYYCA RS AVIRGVGYFD YWGQG TLVTVS S
IGHV4-39*01,SE TLTLTCTV SGGSISSS NYYWGWIRQA HGKGL EWIGSIY SSGNSYYSPSLQ SRVTESVD TSKN QFSLRLSFVT AADT AVYYCA GSSCG IDCYI GGLRSGDYG MDV WGQG ITVTVS S
IGHV4-31*03,SE TLSLACSV SGASIGRG YYWSWIRQ FPGKGL EWLGYVYS TGT TYY NSSLKS RLSISVD TSEN QFSLRLSS VTAAD TAVYYCA RDSGPTD VRAFEI GGR GTVVTVS S
IGHV4-39*01,SE TLSLTCTVS GGS I SSSG YYWGWIR QPPGKGL EWIGSMY SSGNT YY NPSLQ SRVTESVD TSKN QFSLRLSS VTAADS AVYYC AGSSCG IDCYI GG LRSW DYGMDGWGQG TTVAVS S
IGHV4-39*01,SE TLSLTCTV SDGSINN INYWWVWIR QSPGKGPE WIGSVYY NGN TW YNPSLKS RIFASV DTSKD QFSLKL NSVT AADTALYYCARQIA AGKW AFDL WGQG TMVSVS S
IGHV4-39*01,QL QLQ ESGPGL V KPSE TLSLNCTVSGVSI SNN FYYWGWIR QPPGKGL EWIGSIYYSWSTF YNPSLK SRVTISLD TSKN QVSLSL N S VTAAD T AVYYCA R H YD D FNRA FDV WGQG TMVTVS S
IGHV4-61*01,SE TLSLTCTVS GGSVSSG SYYWSWIR QPPGKGL EWIGYIYYS GSTHYNPSLK SRVTISVD TSKN QFSLKLSS VTAADT AVYYCA RGPPSYDSSGMTDYWGQG TLVTVS S
IGHV4-34*01,L SLTCAIY GGSF NDHFWTWLRQ SPEKGL EWIGEI SPGGV TK YNPSLKS RVTISLD TSKN QFSLGLTSV TAADT AVYYCA NLSPFC CF RNA FDI WGQG TMVTV SS
IGHV4-34*01,QV QIQQW GAGLLKPSE TLSLNCTF HGGSFS GYYWSWIR QSPREGVGSGL GKVSH TGSTSSHYSPSLKS RVTISFD TSTN HLSLNLRSV TAADT AVYYCT RGR RV SGG RVYYS NGMDDWGRRDHGH R LV
IGHV4-61*01,SE TLSLTCTV SGGS IHS Y NHYWTWIR QPPGKGL EYIGYIYFT GDTNYNPSLK SRVTISVD ASKN EFSLKVRSVA AADT AVYYCA RGSPGVGSTPG FYW GQG TLVTV SS
IGHV4-59*11,SE TLSLTCTV SGGSISSH YWSWIR QPPGKGL EWIGNIY NSGTTDYNPSLK SRVTISVD TSKK QFSLNLTSVT AADT AVYYCARD VRNGD YYFDFW GQG TLVTVS S
IGHV4-59*08,SE TLSLTCTVS SGSINDY HWSWIR QPPGKGL EWIGHIYY SGTTNYNA SL K GRVTISLD TSKS QFSLEVISVT AADT AMYYCA RHSL EWELL GNDA FDIW GQG TMVTVS S
IGHV4-30-4*02,SE TLSLTCTVS GGSISSGD YYWSWIR QPPGKGL EWIGYIYYS GST Y YNPSLK SRVTISVD TSKN QFSLKLSS VTAADT AVYYCA RA ALHLRVTF G GVIA GPSDID YW GQG TLVTVS S
IGHV4-39*01,SE TLSLTCTVS GGSISSNN YYWGWIR QPPGKGL EWIGSIYS SGSSYYNPSLQ SRVSESVD TSKN QFSLRLSFVT AADT AVYYCA GSSCG IDCYI GGLRSWDYGM DV WGQG TTVTVS S
IGHV4-59*01,SE TLSLTCTV SGGS IRSYYWSWIR QPPGKGL EWIGYIYYS GSTNYNPSLK SRVTISVD TSKN QFSLKLSS VTAADT AVYHCA RGPDLYDSSGYPD VLAWF DPWGQG TLVTVS S
IGHV4-39*01,SE TLSLTCAV SGDSVSSA SYYWGWIR QPPGKGL EWIGNIFY DGS TYY SPSLQS RVTISVEM SKNQ FSLKLSS VTAADT AVYYCT RG VEI SG EVVLYYYGL YGWGQG TTVTVS S
IGHV4-34*01,SE TLSLTCTV SGGSIG SYYWAWIR QPPGKGL EWVGEIN HSGTTNYNPSLK SRVTISVD TSKN QFSLKLTSV TAADT AMYYCA RERGSY FRRYFD YWGQG TLVTV SS
IGHV4-34*01,T LSLTCAVY GGAFMG YSWTWIR QPPGKG LEWIGEIN RSGNTNYNPSLK SRVTITVD TSKN QFSLRLYSV TGAD TAVYYC ARGS LQFLFTQRYFF DHWGQG TLVTVS S
IGHV4-59*08,Q VHLQE SGPG LV RPSE TLSLTCTV TGAS ISSFYWTWVR QPPWKGL EWIGYVFN SGTTNYSPSLR SRVSMSID TSER QFSLKLTSVT AADT AIYYCAR RSNRYGA HLDFW GQG TLVIVS S
IGHV4-31*03,SE TLSLTCTV SGGSISSG GYYWSWIRQ HPGKGL EWIGYIYYS GST Y YNPSLK SRVTISVD TSKN QFSLKLSS VTAADT AVYYCA RAPS ITIFGVVIIPVVGWF DPWGQ GTLVTVS S
IGHV4-39*01,LS LTFTVS GGSISSSN Y YWGWIR QAPGKGL EWIGSIYS SGNSYYSPSLQ SRVTESV DTSKNQ FSLSLSFVT AADT AVYYC AGSSCG IDCYI GGLRSWDYGMD V WGQ GITVTVS S
IGHV4-39*01,SE TLSLTCTVS GGSISSSN YYWGWIR QPPGKGL EWIGSIYY SGT TYY NPSLQ RRVTKSVD TSKN QFSLRLTSVT AADT AVYYCA GSSCGRD CYI GGLR S C HYGLDVW GQG TTVTVS S
IGHV4-39*01,SES LSLTCTV SGGSISSSR YYWGWLL QPPGKGL EWIGTIYYSRISYY NPSLK SRITISVD TTKN QFSLNLSS VTAADT AVYYCARRIA VDD WYFDL WGRG TLVTVS S
IGHV4-59*01,SE TLSLTCSV SGGS IRGYYWSWIR QPPGKG LEWIGYVYN SGNTNYNHSLK SRVTVSVD TSKNP LSLRLRSV NAADT ALYD CARGGD IL TGEPNLDNWGQG TLVAVS S
IGHV4-4*07,QAQ LQ ESGPGR V KPSE TLSLRCSV SGGS I S GHYWSWIR QPAGKGL EWIGHIYTT GSTEYNPSLK GRVTMSVD TSKN QFSLTLSS VTAADT AVYFCARW TGKDY FWGTYRYTRYSF DSWGRG TRVTVS S
IGHV4-39*01,SE TLSLTCAV SGA S ISNTN YYWGWIR QPPGKGL EWIGSIYA SGNSYYNPSLQ SRVRGSVD TSKN QFSLRLSFVT AADT AVYYCA GSSCG INCYI GGLRSWDYGM DVW GHG TTVTVS S
IGHV4-39*01,SE TLSLTCTVS G VS MRT TTFYWGWIR QPPGKGL EWIGSVYY SGS TYY NPSLDS RVTMSID TSKN QISLKVTSVT AADT AVYFCA RHGWSGY GEVTFF DSWGQ GTLVPV SS
IGHV4-39*01,SE TLSLTCTV SGGSISSSN FYWGWIR QAPGTG LEWIGSIYS SGSSYYNPSLQ SRVRASVD TSKN QISLRLSFVT AADT AVYYCA GSSCG IDCYIS GLRS W DYGMG VW GPGT TVTVA S
IGHV4-31*03,SE TLSLTCSV SGASIGRG YYCCWIRQ FPGEGLQ GRVYGYYT GT TYY NSSPNR RLSISVD TSENQ FSLRLRYVT AAD TAVYYCA RGSGPTD VRAFEIW GRG TLVTVS S
IGHV4-39*01,SE TLSLTCTV SGGSISSSTDY WGWTR QAPGKGLEG IGSIFS RGNSYYSPSLQ TRFTESV ATSRNPC SLSLSFVT AADT AVYD CAGSSCG IDCYI GG LRA CDYGMDVWGQ GITFTVS S
IGHV4-39*01,SE TLSLTCTVS GDSMSSR RYYWGWIRQ TPGKGL EWIGTISYS GSTDYNPSLK SRVTISVA TSKR QFSLKLSS VTAADT AVYFCARQ IDS WHIVVVVS VPRGE PFYFESW GQG ALVTVS S
IGHV4-39*01,QL QLQ ESGPGL V KPSE TLSLICTV SGDS I T S R SYYWGWIR QPPGKGL EWIGSIYY SGN TY YNPSLK SRVTISV DTSK IQFSLRLRS VTAADT AVYYCARALHY YGS IIYHMDV WGQG TTVTVS S
IGHV4-59*08,SE TLSLTCTV SGGSVSPD YWSWL RQPPGKGL EWLGYVHYS GSTNYNPSLR GRITISVD TSAN QFSLKL D S V T AADS AIYYCARH VPRGPETDY NFEYFFD YWGQG TLVTV SS
IGHV4-39*01,SE TLSLTCTVS GDSMSSR RYYWGWIR QPPGKGL EWIGSLSYS GSTNYNPSLK SRVTISV DTSKQP FSLKL SPVTAADT AVYFCARQ IDS WHIVVVVSV PRGGP FYFESW GQG ALVTVS S
IGHV4-31*03,T LSLTCFVS AASIGRGY SWSCIRQ FPGKGL EWLGYVN YTGT TYY NSSRKS RLSIS ADTPEH QFSLRLSS VTAAD TAVYYCA RDSGPTD VRAFEIW GRG TVVTVS S
IGHV4-59*11,SE TLSLTCTV SGGSIS SHYWSWIR QPPGKGL EWIGYIYYS GSTNYNPSLK SRVTISVD TSKN QFSLKLSS VT AADTAVYYCARAMRRWLQ LSPY YFYYW GQG TLVTVS S
IGHV4-39*01,SE TLSLTCTV SGGSISSSN YYWGWIR QPPGKGL EWIGSIYS RGSSYYNPSLQ SRVRASVD TSKN QISLRLSFVT AADT AVYYCA GSSCG IDCYI GGLR SL DYGM DVW GQG TTVTV S
IGHV4-34*01,SE TLSLSCAVY GGSLN GHFWSWIRQ APGKGL EWLGEI NPSGSSAKYNPSLKS RVTISVD TSRN QFTLKMSAV TGAD TAVYYCAK VGPY QL LPYG LFA QN WF DPWGQG TLVTV SS
IGHV4-59*01,SE TLSLTCTV SGDSIT SDYWSWVRQ APGKGL EWLAFIHF GGADAYNPSLK SRLAISL DTSK IRFSLTLTS VTAADT AVYYCA RG LYY GSGS LAYEIW GQG TMVTVS S
IGHV4-30-4*01,SE TLSLTCTV SGGSIS SVDYYWSWIR QPPGKGL EWIGYIYYT GST Y YSPSLK SRITISLD TSKS QFSLKLSS VTAADT AVYYC ARGR Y YGDYARP YYF DSWGQG TLVTVS S
IGHV4-39*01,SETR SLTCTV SGGSISSSNY C WGWLR QAPGKGR EWIS SNYSSGNSYYSPS LQS RLTES VDTSKNPF SLRLSFVT AADT AVYYCA GSSSGI DCYI GG LRAWD YG IDV WGR WITFTVY S
IGHV4-34*01,ET LSLTCAVR GGPFSG YYYNWVR QPPGRGL EWIGET DHSGSTDYNPSLKS RVTISVD TSKN HFFLNLTS VTAADT AVYYC ASRNWS YLRW GLG TMVTV SS
IGHV4-39*01,SE TLSLTCTV SGGS I TSSN YYWGWIR QPPGKGL EWIGSMY SSGSSYYNPSLQ SRVRASVD TSKN QVSLRLSFVT AADT AVYYCA GSSCG IDCYI GGLR S WDYGMD V WGQ GITVTVS S
IGHV4-39*01,SES LSLTCTV SGGSISSSS YYWGWLR QPPGKGL EWIGSIYYS GS TY YNPSLKS RVTISVD TSKN QFSLKLSS VTAADT AVYYC ARH LRVTIFGVVRTMGVMF DPWGQG TLVTVS S
IGHV4-31*03,SES LSLTCSV SGASIGR GYYWSWIRQ FPGT VLEWL GS VYYT GT TYY NSSLKS RLSLLVD TSENQ FSLRLSS VTAAD TAVYYCA RDSGPTD VRAFEIWG RG TFV NDSS
IGHV4-39*01,SE TLSLTCTVS GDSISST SYYWVWIR QPPGKGRE WIGNIFY DG ITYY NPSRKIP VTISVYT SKNQ FSLNLSS VTAADT AVSYC TRG VEIF G EVVFYYY GLDGWGQG TTVTVA S
IGHV4-34*01,QV HLRQW GAGLLKPSE TLSLTCGV FGGSFSD VYWSWIR QPPGKGL EWIGEIN HNGE TYY NPSLE TRVTISVD TSQS QFSLRLTSVT AADT AVYYCA RGK LW GS SV HPWGQG TLFTIS S
IGHV4-61*01,SE TLSLTCTVS GGSVSSGS YYWTWLLQ LPGKG LEWIGNVYYN WNTKYHPSLK SRVIISID TSKN QFSLKLSAVT AADT AVYYCA RE TIVGVTTF DNWGQGT PVTVS S
IGHV4-39*01,SE TLSLTCTV SGGSISSSS YYWGWIR QPPGKGL EWIGSIYYS GS TY YNPSLKS RVTISVD TSKN QFSLKLSS VTAADT AVYYCA RGGSRA TWIQLWF SPPV EY WGQG TLVNV SS
IGHV4-39*01,SE TLSLTCTV SGGS ISA THD YWTWIR LPPGKG LEWIG STHYGG TAFY SPSLK SRLAISA DTSKN QFFLKLTSVT AADT GIYYCARR CTSSNCD YALDVW GLG TMVTVS S
IGHV4-4*02,SE TLSLTCAV SGGSISSNN WWTWVR QPPGKGL EWIGEIFH SGTTNYNPSLKS RVRMSV DKHKN QVSLNL NSVTAADT AVYYCAREL RLGD LLVFDI WGQG TMVTVS S
IGHV4-39*01,SE TLSLTCTV SGDS VSSSCYFWGRL RQPPGKGL EWIGSIYS GG ITS YNPSLK SRATISVD TTKN QFSLQLTSVT AADT AMYYCA ATPV TMILVVSTYYYF DHWGRG TLVTVS S
IGHV4-39*01,QS IAITFSL DSIGRSNY SWGLLR QAPGKGL EWIGRVY SGGNSYYNPSLQS RVSESV DTSRN QFSLRLNFVT AADT AVYYC AGSSCG IDCYI GGLRSWDYGM DV WGPGT TVTVS S
IGHV4-39*07,QV QLQE SGPGL V KPSE TLSLTCTV SGDSISSSN YYWSWIR QPPGKGL EWIGNIFYT GSAGYNPSLQ SRVAMSL DTSKN LFSLKVTSVT AADT AVYYCA REW D IIL DQAFDV W GQGGNGH R LF
IGHV4-39*01,IL S LPCS V SGA SI SNTN YYWGWIR QPPGKGL EWIGSIYA SGNSYYNPSLQ SRVRGSVD TSKN QFSLRLSFVT AADT AVYYCA GSSCG IDCYI GGLRSWDYGM DVW GHG TTVTVS S
IGHV4-34*01,SEP LSLTCAVY GGSFSG YYWSWIR QPPGKGL EWIGEIN HSGSTNYNPSLK SRVTISVD TSKN QFSLKLSS VTAADT AVYYCA RGPYSSSWYGRRG WF DPWGQG TLVTVS S
IGHV4-39*01,SQ TLSLTCTVS GGSISNSN YYWGWIR QPPGKGL EWIGSIYS SGSSYYNPSLQ SRVSESVD TSKN QFSLRLSFVS AADT AVYYCA GSSCG IDCYI GGLRSWDYGM DV WGPGT TVTVS S
IGHV4-4*02,SE TLSLTCAV SGGSISSSN WWSWVR QPPGKGL EWIGEIYH SGSTSYNPSLK SRVSISV DKSKS QFSLKLTSV TA ADTALYYCAKR IV GG IV PFDSWGQG TLVTV SS
IGHV4-34*01,T LSLTCAVY GGSFSG Y YWNWIR QPPGKGL EWIGEIN HSGSTNYNPSLK SRVTISVD TSKN QFSLKLSS VTAADT AVYYCA RG ILH GS YYYGMDV WGQG TTVTVS S
IGHV4-34*01,SN TLYLICAV YGESFR GYYWSW M RKPPGKGL EWIGEIN HSGSTNYNASLKS RVTLSVD TSKN QFFLKLS SLTAAD T AVYYRA RGRNS VNMILVVI G FTVYFD YWGQG TLVTV SS
IGHV4-39*01,SE TLSLTCTV SGGS I TSSN YYWGWIR QPPGKGL EWIGSIYS SGSSYYNPSLQ SRVSESVD TSKN QFSLRLSFVS AADT AVYYCA GSSCG IDCYI GGLRSWDYGM DV WGPGT TVTVS S
IGHV4-39*01,SE TLSLTCSV SGGSISSSN YYWGWIR QPPGKGL EWIWSIYS SGSSYYNPSLQ SRVTESID TSKN QFALRLSLVT AADT AVYFCA GSSCG IDCYI GGLRSWDYGM DVW GQG TTVTV S
IGHV4-39*01,SEALP LTCTVS GGSISSSNY YWGWIL QPPGKGL EWIGSIY SSGT TYY NPSLQ SRVTESV DTSKH QFSLRLSS VTAADT AVYYC AGSSCG IDCYI GGLRSWDYGM DVW GQG TTVIVS S
IGHV4-59*01,SE TLSLTCSV SGGSIT NYHWSWIR QPPVRGLE WLGYIYYT GSTKYNPSLK SRVTISVD TSKN HFSLKLSS VTAADT AVYYCARVVD YGYSDYWGQG TLVTVS S
IGHV4-34*01,SE TLSLTCAVY GGSFSG YYGTWIR HPPGKGL EWIGEIN HSGTTNYNPSLK SRVTISID TSKK QFSLKMRS VTAADT AMYYC AKGN YWGYYGLDVW GQG TTVTVS S
IGHV4-31*03,QV QLQE SGPGLVKPSQ TLSLTCTV SGGS I SGGG YYWSWIR QHPGKGLD WIGYIYYS GS TY YNPSLK SRITISVD TSKN TISLKLTCVT AAEK AVYYCARVVV SNRP YWF DPWGQG TLVTVS S
IGHV4-31*03,QM QLQE SGPGL V KPSE TLSLTCTV SGA SV NSGDS YWTWIR QHPGKGL EWIGQIYY SGST Y YNPSLK SRITSTLD TSKN QFSLRLTSV TAADT AVYYCA RGVAGALD YFDF WGPG TLVTVS S
IGHV4-4*07,SE TLSLTCTV SGDS ISGYLWTWIR QPAGR RLEWIGRIS TSGN TIY NPSLKS RVTMSLN TSKN QFSLKLSS VTAEDT AVYYCARF SRDSSA YYSYYF DHWGQG TLVTVS S
IGHV4-39*01,SSTLSPT CTV SGGS I RSSS YYWGWIR QPPGKE LEWIVSFY SSGST YY NPSLQ SRVTESVD TSKN QFSLRLSS VTAADT AVYYC AGSSCG IDCFI GGLRSWDYGM DVW GQG TTVTV S
IGHV4-39*01,SET LS LP CTV SGGSISSTN YYWGWIR QPPGKGL EWIASIY SSGNT Y YNPSLQ SRVRKSV DSSRN QFSLRLTSVT AADT AVYYCA GSSCGRD CYI GGLRSWDYGM DV WGQG TTVTVS S
IGHV4-31*03,SES LSLTCTV SGA AI SSGG FYWSWIR QPQGKGL EWIVYIYY SGR AYY NPSLKS RLAMSVD LSKN QVSLKLTSVT AADTA SYYCA SGYYPLWGSIDPPDSWGQ GILVSV AS
IGHV4-39*01,SEP LSLTCAV SGDSVSSA SYYWGWIR QPPGKGL EWIRKIFY DGS TYY SPSLQS RVTISVEM SKSQ FSLKLSS VTAADT AVYYCT RG VEISVEVVLYYY GL DVW GQG TTVTVS S
IGHV4-59*01,SE TLSLTCAV SGGSIS GYYWIWIR QPPGK RLEWIGYIH HSGT TTY NPSLKS RLTLSVD TSRN QFSLRLSS VTAADS AVYYCARV NTDYG FYYFGMDV WGQG TTVTA S
IGHV4-59*08,Q VLLQE SGPGL V KPSE TLSLTCTV SGAPIS SYYWNWIR QPPGK RLEWIGHVYYT GKTNYNPSLQ SRVTISV DPSKT QFSLNL SSVTAADT AVYYCA RSYCG FD CSRGE V EPWGQG TLVIVS S
IGHV4-39*01,SE TLSLTCSV SGGSIS SINYYWGWVL QPPGKGL EWIGSIYS SGNSYYNPSLQ SRVRAS ADTSKN QLSLRLSFVT AADT AVYYCA GSSCG IDCYI GGLRSWDYGM DV WGQG TTVTVS S
IGHV4-31*03,SE TLSLTRSV SGASIGRG YYWSWIR QFPGKGL EWLGYVYYT GT TYY NSSLKS RLSISVD TSEN QFSLRLSS VTAAD TAVYYCA RDSGPTD VRAFEIW GRG TLVTVS S
IGHV4-59*08,SES LSLTCTV SG VSI TYYYLTWIR QSPGKGL EWIWYICY SGDTT Y NASPKN RLTISR DTNTNPF SLNLKYVT AADTAVYYCARKLADA QGGGL DVW GHGTTG TV SS
IGHV4-34*01,SE TLSLTFAVY GGSFSG YYWSWIR QPPGKGL EWIGEIN HSGSTNYNPSLK SRVTISVD TSKN HFSLKLSS VTAAD TAVYYC ARGR TVTTFYYY NYGMD V WGQG TTVTVS S
IGHV4-59*01,QV QLQE SGPGL V KPSE TLSLTCTV SGGSF STYYWNWIR QTPGKGL EWIGNIYS SGSTNYNPSLK SRVTISVD TSRN QFSLNLRS VTAADT ALYYCVR DNGYDFWSGPY F DSWGQG TLVTVS S
IGHV4-61*08,SE TLSLTCIVS GGSVSSR GYYWSWIR QPPGK HLELIGYID YTGRTNYSPSFQS RVTISIQ TSKN QLSLRL G SVT AADT AIYYCT TQ HYY DDRGYHSHDYWGQG TLVIVS S
IGHV4-34*01,SQT LSRTCAV SGV SFMGYYWAWIR QSPGTG LEWIGEIN HSGSPT Y NASLK SRVTISVD SSKS QMSLKLTSVT AADT AVYYCA RGA RISTMIVVM PQAAFDFWGQG TMVTV SS
IGHV4-39*01,SE TLSLTCTV SGGSISSSN YYWGWIR QAPGKGL EWIGSIYS SGNSYYSPSLQ SRVTESVD TSKN QFSLRLSFVT AADT AVYYCA GSSCG IDCYI GGLRSWDYGM DVW GQ GITVTV PS
IGHV4-59*08,SE TLSLTCTV SGGS ISSYYWSWIRQ LPGKGL EWIGYIYYS GTTNYNPSLK SRVTISID TSKN QFSLKLSS VTAADT AVYYCA R HARDCTRGVCQ TYYYYAMD VWGQGT KVTVS S
IGHV4-39*01,SE TLSLTCAVS TGSIRGS HQYWGWT RQPPGKG LQWIGSVYS SGS TYY NPSLR TRVTISVD TSKN QFSLWLSS VTAAD TATYY CARIIR A TGYYSNPKSGS FDL WGQ GILVTV SS
IGHV4-30-4*01,SE TLSLTCSVS RDSISSGD YYWNWIR QPPGKGL EWIGYIYYS GTTYQNPSLK SRVTISID TSKN QFSLRLTS ATAAD TAVYFCA RGGGY SYGYYYGMDV WGQG TTVTVS S
IGHV4-39*01,SE TLSLTCTV SGA SI SSSN YYWGWIR QPPGKGL EWIGSIYS SGSSYYNPSLQ SRVRGSVD TSKN QFSLRLSFVT AADT AVYYCA GSSCG IDCYI GGLR S WDYGMD V WGQ GITVTVS S
IGHV4-59*08,SE TLSLTCTV SGGS FSYYYWSWIR QPPGKGPE WIGYVYYS GSADYNPSLK SRVTISVD RSKN QVSLNLRS VTAAD T AVYYC ARHL KSCNKGI CQTHYY YGMD VW GLG TTVTVS S
IGHV4-59*08,PSE TLSLTCTV SGGS IVGYYWSWIR QPPGKGL EWIAYIYS SGHTISNPSL LSRVTMSLD TSRN QFSLKLSS VTAAD TAVYYCA RHPYSDPFD V WGPG TMVTV SS
IGHV4-61*01,SE TLSLTCTVS GGSVSSG SYYWSWIR QPPGKGL EWIGYIYYS GSTNYNSSLK SRVTISVD TSKN QFSLKLSS VTAADT AVYYCA RDHDYDSSGY YYE G YYYYGMEVR GQGT TGTVS S
IGHV4-31*03,QM QLQE SGPGL V KPSE TLSLTCTV SGA SV NSGDS YWTWIR QHPGKGL EWIGQIYY SGST Y YNPSLK SRITSTLD TSKN QFSLRLTSVT AADT AVYSC ARGVA GALAYFDF WGPG TLVTVS S
IGHV4-4*07,PSE TLSLTCTV SGGSI SHYSWSWIR HPAGKGL EWIGRIYA SGSTNYNPSL KSRVTMS EDTSKN QLSLKLTSV TAADT AVYYCVSL ESGN RWSYDF WGQG TLVTV SS
IGHV4-59*01,Q VHLQ ESGPGL V KPSE TLSLTCFV SGGSIT NYHWSWIR QPPGKGL EWIGWVYYT GTTSYNPSLK SRVTISVD TSRN LFSLKL NSVTAADT AVYFCARY SNPPSCGPRDC YRYFEY WGQGTP VTV SS
IGHV4-39*01,SES LSLTCTVS SGSISNSN YYWGWLL QPPGKGL EWIGSIY SSGTTYKNPSLQ SRVTKSVD TSKN QFSLRLTSVT AADT AVYYCV GSSCGRD CYI GG LRS WDYGM DVW GQG TTVTVS S
IGHV4-39*01,SE TLSLTCTVS AGSISDT SFYWGWIR QSPEKGL EWIGSIYR SGR TYY NPSLNS RVTISVD TSNN QFSLELSS VTAAD T ALYYC GRHGYNDFWTN TIK SG YFDVW GQG TLVTV SS
IGHV4-4*02,SE TLSLTCAV SGGS IRTTHWWTWVR QPPGKGL EWIGESYH SGNTNYNPSLKS RVTISVD KSKN QFSLNLT SLTAAD TAVYYC ATGQ IVGAI NG LDVW GQG TTVSVS S
IGHV4-31*03,SE TLSLTCTV SGGSISSG GYYWSWIRQ HPGKGL EWIGYIYYS GST Y YNPSLK SRVTISVD TSKN QFSLKLSS VTAADT AVYYCAR AEPGDY Y DSSGY SLTEHFDL WGRG TLVTVS S
IGHV4-59*01,PSA TLSLTCTV SGDS ISSYYRSWIRQ SPENGL EWIGYIHYT GSTYYNPSLR SRVTISVD TSKN QFSLRLISVT AADT AMYYCAR SRGN LYFQH WGQG TLVTV SS
IGHV4-59*08,SE TLSLTCTV SGGSIS SYYWSWIR QPPGKGL EWIGYIYYS GSSNYNPSLK SRVTISVD TSKN QFSLKLSS VTAADT AVYYCA RHEG ITIFGVVK FPSGM DVW GQG TTVTVS S
IGHV4-34*01,ET LSLTCAVY GGSFSG YYWSWIR QPPGKGL EWIGEIN HSGSTNYNPSLKS RVTISVD TSKN QFSLKLSS VTAAD TAVYYCA RGSYSSSWYGTRNWFDPWGQG TLVTVS S
IGHV4-39*01,SE TLSLTCTVS GDSMNSR RYYWGWIR QPPGRG LEWIGSISYS GSTNYNPSLK SRVTISL DTSKK QFSLKL NSVTAADT AVYYCAR QIDS WHIVGVVSV PRGG AYYFED WGQG TLVTVS S
IGHV4-30-4*01,SE TLSLTCTV SGAS MK IGD KYWSWMR QSPGKGL EWIGHIH DTGT TYYN ESLSG RLTISI DPSKN QFSLRLTAVT AADT AVYFCARVY RGIFD YFYYYVLDV WGQGT TVIVS S
IGHV4-34*01,S LTCAVY GGAFMG YSWTWIR QPPGKGL EWIGEIN RSGNTNYNPSLK SRVTISVD TSKN QFSLRLYSV TGAD TAVYYC ARGS LQFLFTQRYFF DHWGQG TLVTVS S
IGHV4-34*01,SSE TLSLTCAVY GGS FGASYWSWIRQ SPGK RLEWIGEI NQGGSAKYNPSLEG RVTISVD TSNN RFTLKLSSV TAADT AVYYCARAFRW REG TAILS SNPKSHYN YYSAM DLWGQGA TVTVS S
IGHV4-39*01,SE TLSLTCTVS GGSINGG SYGWGWIR QPPGKGL EWIGTFYY SGN TYY NPSLK SRLTMSVD TSKN QFSLELRSV TAADT AVYYC SRPG VTMIR GPPR RLSYGMDV WGQG TTVTVS S
IGHV4-39*01,SE TLSLTCSV SGGSISSSN YYWGWVR QPLGKGL EWIGSIYS SGSSYYNTSL QSRVRAS ADTSKN QLSLRLSFVT AADT AVYYCA GSSCG IDCYI GGLRSWDYGM DV WGQG TTVTVS S
IGHV4-34*01,T LSLTCAVY GGSFSG YYWSWIR QPPGKGL EWIGEIN HSGSANYNPSLK SRVTISLD TSKN QFSLKLISVT AADT AVYFCAR GDGDAADHWGQG TLVTVS S
IGHV4-39*01,SE TLSLTCIV SGGSISSS NYYWG WIR QAPGKGL EWIGSIYS SGNSYYSPSLQ SRVTESVD TSKN QFSLSLSFVT AADT AVYYCA GSSCG IDCYI GGLRSWDYGMDVWGQ GITVTVS S
IGHV4-39*01,SE TLSLTCTV SGGSIS SINYYWGWL RQPPGKGL EWIGSIY SSG ISYY NPSLQ SRVSESVD TSKN QFSLRLSFVS AADT AVYYCA GSSCG IDCYI GGLRSWDYGM DV WGPGT TVTVS S
IGHV4-4*02,Q VQLQE SGPG LV RPSG TLSLTCD VSGDS I STNN WWSWVR QPPGKGL EWIGEIS HSGSTNYNPSLNS RVTISV DKPKN QISLRVTSV TAADT AVYYCVR EHDALTN YRMGVW GQG TTVTVS S
IGHV4-59*01,LS LTCTV SGRPIS SYYWSWIRQ SPGRGL EWIGYIYK GGKTGYNPSLKS RVTISID TSKT QFSLKLTS MTAAD TAVYYC AGNYDF WR TT HWFFD LWGRG ALVTVS S
IGHV4-39*01,QL QLQE SGPGL V KPSE TLSLTCIVS GGSISSG RYNWGWIR QPPGKGL EWIASIYY SGT TYY NPSLKS RVTIHVA TSKN RFSLKLSS VTAADT AVYYCAR QDGSGS FSE N FF DSWGQG TLVTVS A
IGHV4-39*01,SE TLSLTCTV SGGSISSSN YYWGWVRQ APGKG LEWIGSIYS SGNSYYSPSLQ SRVTESVD TSKN QFSLRLSFVT AADT AVYYCA GSSCG IDCYI GGLRSWDYGMD V WGQ GITVTVS S
IGHV4-4*07,SE TLSLTCSV SHGSING HYWSWIRQT AGKGL EWVGRVHS SGVMNENPSLE SRVTVSVD TSKN SFSLSLRSVT AADT AVYYCVRD YPEDGGNSFDHWGP GILVTV SS
IGHV4-59*01,SE TLSLTCSV SGDSIG GYYWSWIR QPPGKGL EWIGFIYYS GSTNYNPSLQ SRVTISVD TSKD QFSLKLSS VTAADT AVYYCA RTGTTSLTDFG RFDY WGQG TLVTV SS
IGHV4-34*01,SE TLSLTCAV SSGSFS GYYWSWIRQ TPGKGL EWIGEI NDSGSTKYNPALK RRVTIP VDPSKN QFSLKL NSVTAADT AVYYC ARGS AA V VSHFMLHFANWYFD LWGRG TLVTV SS
IGHV4-39*01,LS LTCTVS GGS IT SSN YYWGWIR QPPGKGL EWIGSMY SSGSSYYNPSLQ SRVRASVD TSKN QVSLRLSFVT AADT AVYYC AGSSCG IDCYI GGLRSWDYGM DV WGQG TTVTIS S
IGHV4-34*01,Q VQLLQWG A EVF KPSE TLSLTCSV SGGSFSN YYWNWIR QSPGRGWSGLG KV NHGGSA H YNPSLK SRVTISA DTSRN QFSLRLTS LTAADT AIYYCAT APNGGP WYYGLDVW GQG TTVTVS S
IGHV4-39*01,SES LSLTCTVS GDSVSSSS YFWGWLR QPPGKGL EWIGSIYY GG ITYY NPSLKS RATISVD TSKN QFSLQLTSVT AADT AMYYC ASTP VTMILVV SPY YYFDL WGRG TLITVS S
IGHV4-39*01,SE TLSLTCTV SGDS LSTIYDYWGWLLQ SPGKG LQWIGNF NSRGT TYY NPSLE SRVTITLD KSRH QFSLKLTSV TAAD TAVDYCAR L QWFIYYF DHWGQG ALVAV SS
IGHV4-39*01,SE TLSLTCGV SGDSVSSSS YYWGWLR QPPGQGL EWIGNIFY DGS TYY SPSLQ SLVTISVEM SKNQ FSLKLSS VTAADT AVYYCT RG VEI SG EVVLYYY G LDV WGQG TTVTVS S
IGHV4-39*01,SE TLSLTCTV SGGSISSSN YYWGWIR QAPGKGL EWIGSIYS SGNSYYNPSLQ SRVRGSVD TSKN QFSLRLSFVT AADT AVYYCA GSSCG IDCYI GGLRSWDYGM DV WGQG TTVTVS S
IGHV4-31*03,QV QLQE SGPGLVKPSQ TLSLTCTV SGGSINSG VYYWTWIR QHPAKGL EWIGYIF DSESTDYNPSL KSRVTT SGDTSKN QFSLRLSS VTAADT AVYYCAR AR Y CRGV SCYSRIAYW GQG TLFTVS S
IGHV4-39*01,SEP LSLTCTV SGGSISSTN YYWGWLR QPPGKGL EWIASIY SSGNT Y YNPS L Q S RVRKS VDSSRNQS SLRLTSVT AADT AVYYCA GSSCGRD CYI GGLRSWDYGM DV WGQG TTVTVS S
IGHV4-39*01,SE TLSLTCAV SGDSVSS ASYYWGRIR QPPGKGL EWIGNIFY DGS TYY SPSLQS RVTISVEM SKNQ FSLKLSS VTAADT AVYYCT RG VEI SG EVVLYYFGLDV WGQG TTVTVS S
IGHV4-4*02,SG TLSLTCAF SGGSFSSS TWWSFV RPPPGKGL E WP CEIYH SGGTNYNPSLK SRVTISVD KSKN QFSLKLTP VSAAD TAVYYCA RGTPPFRGYDWLDPWGQG TLVTVS S
IGHV4-38-2*01,QV QLQ ESGPGL V KPSE TLSLTCAVSAYS VSSG YYWGWIRQ SPGKGL DWVGSLSY RGNTSYNPSLK SRVTISVD TSKN QFSLKLTSV TAAD TAIYFCA RGNYGPL SWHYF DSWGQG TLVTIS S
IGHV4-30-4*01,T LSLTCTV SGGSISSGD YYWSWIR QPPGKA LEWIGYIYYS GSSYYNPSLK SRLTFSLD KSKN QFSLQLSS VTAAD TAVYYCAREFREVMAQ FDFWGQG ALVTVS S
IGHV4-59*01,SE TLSLTCTV SGGSIS SYYWSWIR QPPGKGLD WIGYIYYS GSTNYNPSLK SRVTISVD TSKN QFSLKLSS VTAADT AVYYCA RAGWPYCSGGS CYYYY G MD VWGQG TTVTVS S
IGHV4-39*01,SE TLSLTCAV SG VAIS SSSY Y WGWKGQAPGKGLEGSRSNDSSGSSYDNP V LQRLVMET ENTKKN QFYLRLRFVR AADT AVYYCA GLSCG IACYI GGV RSW DYGM DV WGQG TTVTVS S
IGHV4-31*03,SE TLSLTCTV SGA SI RSGGD YWTWIR QHPGKGL EWIGYIYY SGNTHYNPSLKSR TTISVD TSEN QFSLKLSS VTAADT AVYYC ARGT WIELWL GGNW F DPGGQG RLVTVS S
IGHV4-34*01,QV QLKQW GAGLLKPAE TLSLTCEL SSGSFH NYYWTWVRH FPWKGL EWIGEINH VGGTNNNPSLK SRVTVAFD TSKR QFSLTLTD VSAAD T AIYYCA R A CI TG LCYT Q AMD VWGQG TTVTVS S
IGHV4-34*01,ET LSLTCAVY GGSF SGYYWSWIRQ TPGKGL EWIGEM NHSGSTNYNPSLK SRVTISK DTSKN QLSLKLS SVTAAD TAVYYC ARGA RISMIVVVM PQAA FDIW GQG TMVTVS S
IGHV4-31*03,Q VQLQE SGPGLVKPSQ TLSLTCTV SGGS I SSGGH YWSWIR QHPGKGL EWIGYFYY SGR TYY NPSLKS RVTISVD TSKN QFSLKL N S VTAADT AVYYCA RDVGYCNSAS CYSYYMDV WGKG TTVTVS S
IGHV4-34*01,T LSLTCAVY GGSFSG YYWSWIR QPPGKGL EWIGEIN HSGSTNYNPSLK SRVTISVD TSKN QFSLKLSS VTAADT AVYYCA SSCSSTS CSLAFDY WGQG TLVTVS S
IGHV4-61*01,SE TLSLTCTV SGDS VSSVYNYWS WIR QPPGKGL EWIAYIYY NGSA TY NPSLKS RVTMSV DRSMH QLSLKL SSMT AAETAM YYCARV SSSCTDNDC YAFK HDTWGQ GVLVTVS S
IGHV4-39*01,SE TLSLTCTV SGGSISSSS YYWGWI RPPQGKGLD WIGNIYYS G INY YNPSLK SRVTMSID TSKN QFSLKLSS VTAA DTAVYYCARRLQYYFD YWGHG TLVTV SS
IGHV4-34*01,SKYLP LTCVFL GGS LRGFYWTWIR QGPEKGL EWI DEI NQSGRNNYNPSLKG RVTMSVD TSKN QFSLKLTSVT AADT AVYYCA KGGPYKWNNGL S WGQG TLVTVS S
IGHV4-39*02,SE TLSLTCTV SGGSISSSSS YWGWIR QPPGKGL EWIGTIYYT GST Y YNPSLK SRVTISVD TSKN HFSLRLTSVT AADT AVYYCA RAPP VAVA GMG LF DYWGQG TLVTV SS
IGHV4-4*07,SEP LSLTCYV SGDS ITNFYWSWIRQS AGRGL EWIGRFH TGGNT YY NPSLNG RVTMSVD MSTS QFSLKITSVT AADT AIYYCATARFV PAAG YFYMDVW DKGT TVTVS S
IGHV4-39*07,QL QLQ ESGPGL V KPSE TLSLTCD VSGGSINSRD YYWGWIR QTPGKGL ECL GN MLY GGS TYY NPSLK SRVTISLD TSKN QFSLKLTSVT AADT AIYYCAI TPEYFG WFDL WGQG TLVTV SS
IGHV4-61*02,SE TLSLTCTV SGGSISSGS YYWSWIR QPAGKG LEWIGRIYT SGSTNYNPSLK SRVTISVD TSKN QFSLKLSS VTAADT AVYYCA SVGAG IYGMDV WGQG TTVTVS S
IGHV4-59*08,Q VQLQ GSGPGL V KPSE TLSLTCTV SGGS I S SYYWSWIR QSPGK VLEWIGYIYD SGFTNYNPSLK SRVTISVD TSKN QFSLKLSS VTAADT AVYYCARR YSNG WCFDY WGQG TLVSV SS
IGHV4-34*01,SE TLSLTCAV DGT S LSGY SWSWIR QSPGKG LEWIGEFS QTGGTNYRPSLKS RVTISLD ASRN QFSLRLSS LTAADT AVYYC ATGH ILFS ST WFIS H HFAYW GQG TLVTV S
IGHV4-4*02,SE TLSLTCAV SGGSISSSN WWSWVR QPPGKGL EWIGEIYH SGSTNYNPSLK SRVTISVD KSKN QFSLKLSSV TAADT AVYYC ASSGLFGDGY NFDY WGQG TLVTVS S
IGHV4-31*03,SE TLSLTCSV SGASIGRG YYWSWI RQ FPGKGPE WLGYVYYT GT TYY NSSLKS RLSISVD TSEN QFSLRLSS VTAAD TAVYYCA RDSGPTD VRAFEIW GRG TLVTVS S
IGHV4-61*02,SE TLSLTCCL SGGSINSGS YYWAWIR KPAGKG LEWIGRVS TSGT TSY YPSLGS RVTMSA DASRN QFFLHLS SVTAADT ALYFCATVVVYAFDI WGQGT TVIV SS
IGHV4-59*01,SE TLSLTCTV SGGSIS SYYWSW IR QPLGKGL EWIGYIYYS GSTNYNPSLK SRVTISVD TSKN QFSLKLSS VTAADT AVYYCA RRSL RY DFWSG FYS A GWF DPWGQG TLVTVS S
IGHV4-61*01,SE TLSLTCTV SNGSVNSGSN YWSWIR QPPGKGL EWIGHMYYS GS ASY TNYNPSLK SRVIISVD KSKN QVSLKLTYVT SSDT AVYYCA RDSYYDFWSGYSGYWGQG TLVTVS S
IGHV4-34*01,SE TLSLTCAVY GGSFSG YYWSWIR QPPGKGL EWIGEIN HSGSTNYNPSLK SRVTISVD TSKN QFSLKLSS VTAADT AVYYCA RDS TVAAAGILLLYYYY GMDVWGQGT TVTV SS
IGHV4-59*08,PSE TLSLTCTV SGGS ITGYYWSWIR QPPGKGLEG I G DVFYT GRTAHSPSLRSG VTISVD TSRN KFSLKLS SVTAAA TAVYHCAR HATGGSNSA YW GQG TLITVS S
IGHV4-34*01,SE TLSLTCAV YGGSF SGYYWSWIRQ SPEKGL EWIGEI NDSGSTNYNPSLM SRVTMSVD TSKS QFSLKL NSVT AADTA VYYC ARLPR LVIHYYF DSWGQ GTLVTV SS
IGHV4-61*01,SE TLSLTCTVS GGSVSSG SYYWSWIR QPKGKGL EWIGYIYYS GSTNYNPSLK SRVTISVD TSKN QFSLKLSS VTAADT AVYYCARARC SSTSCHAGG VYYYY GMG VW GEGS T VPVSS
IGHV4-39*01,SE TLSLTCTVS GGSISSSN YYWGWIR QPPGKGL EWIGSMY SSGNSYYNPSLQ SRVRASVD TSKN QFSLRLSFVT AADT AVYYCA GSSCG IDCYI GGLRSWDY GMAVW GQG TTVTVS S
IGHV4-59*01,SE TLSLTCTV SGGSIS NFYWSWIR QPPGKG LEYIGYSYY SGSTNYSPSLK SRVTISL DTSKH QFSLKLSS VTTADT AVYYCARA KLAPLTN YYYYCYGMDV CGQGT TVP VSS
IGHV4-39*01,QL QLQE SGPGR V KPSE TLSLNCTV SGGSVSSSS YYWGWVR QPPGKGL EWIGSIYYT EST Y YNPSLTG RAAISVD TSKN QFSLKLSS VTA ADTAVYYCARKLLRYFD WWGG AFDIW GQGT KVTVS S
IGHV4-4*02,SE TLALTCAV SGGSIRSSN WWSWVR QSPGKGL EWIGEIFH TGTTNYNPSLK SRVTISL DKSKNQ FSLNLISVT AADT AVYYC APLGYCTGG VCYRAT WGQG ALVTVS S
IGHV4-39*01,ASE TLSLTCNV SGDSLKSG LYYWAWIR QPPGKGL EWIGTLY NSGS MYY NPPLKG RVIISVD TSKN QLSLKLTSV TAADT AVYYC AGC LEWL TGHQRRG WF DPWGQG TLVTVS S
IGHV4-39*01,SE TLSLTCSV SGGSISSSN YYWGWLR QPPGKGL EWIGSIYS SG ISYY NPSLQ SRVSESID TSKN QFSLRLSFVT AADT AVYYCA GSSCG IDCYI GGLRSWDYGM DV WGQG TTVTVS S
IGHV4-34*01,SE TLSLTCAVY GGSFS SYY W S WIR QPPGKGL EWIGEIN HGGSTNYNPSLK SRVALSLD TSKN QFSLKLSS VTAADT AVYYC ARGS AAVVTHFMLLFANWYFDLW GRG ALVTV SS
IGHV4-39*01,SES LSLTCTV AGSSISSSNY YWGWT RQAPGLGLD WL GSFNSGRSTNYNPSLK SRVTISAV TSKNE FSLTLTYVT AADT AVYYCT RGGS IAA GA H WGQG ALVTVS S
IGHV4-59*08,SE TLSLTCTVS GDSNK YYYWSWIR QPPGKGL EWVGYIYH SGSTNYNPSLK SRVTISID TSKS QFSLKLTSVT AADT AVYYCA RHGKYCNKGVCQ TYYYYALDV WGQG TTVTVS S
IGHV4-34*01,SE TLFLTCAVY GGSFSG YYWTWIR QPPGKGL EWIGEIN RSGSTHYNPSLK SRVTISVD TSRN QFSLRLTSVT AADT SVYARISVVVAQF GL SYNWF DPWGQG TLVTVS S
IGHV4-61*01,SE TLSLTCTV SGGSVNTG SYFWTWLRQ APGKNPE CIGYFHYS GRANYNPSLK SRVYISID TSRN EFYLKLVSLT ASDT AVYFCTR HSRDDA LDIW GQG TMVTVS S
IGHV4-39*01,SE TLSLTCSV SGDSINSA SYRWGWLR QAPGKG LEWIGSLS YGGN TYY TPSLR SRVTMS ADTSNT QFSLRLTSV TAADT AVYFCAKFKVL RHLDWSLS WLEYYSVSW GQG TLVTVS S
IGHV4-61*02,SE TLSLTCTV SGGSISSGS YYWSWIR QPAGKG LEWIGRIYT SGSTNYNPSLK SRVTISVD TSKN QFSLKLSS VTAADT AVYYCA RG YYD FWSGS LSYYYY G MDV WGQG TTVTV S
IGHV4-39*01,SEP LSLTCTVF GGSISTNS FYWGWLR QPPGKGL EWVGSMF HGGNT Y YNPSLK SRVTISLD TSNN EFSLKLSS VTAADT AVYYCARR DGGGS LTRFEYW GQG TLVTVS S
IGHV4-34*01,SE TLSLTCAVY GGSFR GYYWSWLR QPPGKGL EWIGEI DHSGSTHYNPSLSS RVTISVD TSKN QFSLKL NSVTAADT AVYYC ARGE VLF GESDYWGQG TLVTV SP
IGHV4-61*02,Q VQLQE SGPGLVKPSQ TLSLSCTV SGGSISSG FYYWSWIR QPAGKG LEWIGRMYT SGSTNYNPSLK SRVTISVD TSKN QFSLKLS SMTAADT AVYYCA RGFNSGN YHYAFDI WGQG TLVAVS S
IGHV4-30-4*01,QV QLQ ESGPGL V KPSE TLSLICTV SGGSINRGG YYWSWIR QSPEKGL EWIGYIYYT GST Y YNPALK SRVTISID TSQN QFSLKVTSVTV ADT ALYYCVRVTAVI NR KFVSW GQG TLVAVS S
IGHV4-4*07,PSE TLSLTCTVS RGSMSG FYWSWIR QPAGRGL EWIGRI FPSGISDFNPSLQS RVTMSID TSKN QFSLRLSSV SAAGT AIYYCA RGSQS LDYW GQG TLVIA SS
IGHV4-39*01,SE TLSLTCTVF GGSISTN YYWGWIR RPPGKGL EWIGSVYY SGS TYY NPSLKS RVTISVD TSKN QFSLKLRSV TAAD T AVYYC A RHGI VGATSVDY WGQG TLVTVS S
IGHV4-59*08,PSE TLSLTCTV SGGSISN YWSWIR QPPGKGL EWIGYLS HSGSTKYNPSLE SRITISV DTPKN QFSLILTS VTAADT AVYYCA RHHRDCRGT SCYVC DHWGQG MLVTVS S
IGHV4-59*01,SE TLSLTCIV SGG II TNDNW SWLR QPPGKE LEWIG NMSYPGDTNYNPSLK SRVTMSLD ASKN HFSLRL NSVTAADT AIYYCA RGPVLPTSNPYRSPVQNYFDPWGPG ILVTV AS
IGHV4-59*11,SE TLSLTCTV SGDSIS SHYWSWIR QPPGKGL EWIGHIFYT GSTNYNPSLK SRVTISVD TSKK QFSLKL N S VTAADT AVYYCARVRAS CTNGV CYHHYY DA MD VWGQGQG TTVTVS S
IGHV4-39*01,SE TLSLTCTVSS ASISNTN YYWGWIR QPPGKGL EWIGSIY SSGTTYKNPSLQSR VTKSVYT SKNQ FSLRLTSVT AADT AVYYCVG ASCGRD CYI GG VRSWDY GIDGGGQ GITVTA SS
IGHV4-39*01,SES LSLTCTVS GGSISNSN YYWGWLH QPPGKGL EWIGSIY SSGT TYY NPSLQ RRVTKSL DTSKN QFSLRLTSVT AADT AVYYCA GSSCGRD CYI GG L R S WDYGM DVW GQG TTVTVS S
IGHV4-4*09,SE TLSLTCIV SGGSLS RYSWNWIR QTPGKGL EWIGYIS KSGETNYNPSLKS RVTISVD MSKN QFSLRLNS VTAEDT AVYYCARR VDNE YFYWYFDL WGRG TLVTVS S
IGHV4-59*08,SE TLSLTCTV SGGSIS SYYWSWIR QPPGRGL EWIGYIYYS GSTNYNPSLK SRVTISVD TSKN QFSLKLSS VTAADT AIYYCA RHTRPSLD AFDI WGQG TMVTVS S
IGHV4-31*03,SETLP LTCTV SGGS I SSDGY YWSW IPQHKGKDL EWIGYIYYS GST Y YNPSLKS RITISVD TSKN QFSLKLSS VTAAA TAVYYC ARGGYSSGWYGRRNWFDPWGQG TLVTV AS
IGHV4-39*01,SK TLSLTCTV SGA SI SSSN YYWGWIR QPPGKGL EWIGSIYS SGSSYYNPSLQ SRVRASVD TSRN QFSLRLSFLT AADT AVYHC AGSSCG IDCYI GG WRFWD YGMG VW GQG TTVTVS S
IGHV4-39*01,SE TLSLTCTV SGGSISSSN YYWGWIR QAPGKGL EWIGSIY SSGNSYYSPSPQS RVTESVD TSKN QFLLSLSFVT AADPA VYYC AGSSCG IDCYI GG LWSW DYGMDVWGQ GITVTVS S
IGHV4-39*02,SE TLSLTCAV SGA S ISNTN YYWGWIR QPPGKGL EWIGSIYA SGNSYYNPSLK SRVTISA DTSKN QVSLRLSSVT ATDT AVYYCA RES RFLEWLTS YHFDYWGQG MLVIVS S
IGHV4-34*02,QV QLQQW GAGLLKPSE TLSLTCAV SDGA F S TYYWGWIR QPPGKGL GWIGEIN HSGSTNYNPSLK SRVTMSV DPSRN RFSLKLSSVT ATDS AIYFCA RGW V DNSNYGG LF DSWGQG TLLTVS S
IGHV4-38-2*02,Q VQLQE SGPGL V KPSE TLSLTCTV SG YSI RSGYD WGWIRQ SPGKGL EWIGSIYH RGS TYY NPSLKS RVTISVD TSKN QFSLKLTSV TAADT AVYYCAR HCGSGNYN WL DPWGQG TRVTVS S
IGHV4-59*08,SE TLSLTC SPSGGS VRYYYWSWIR QPPGKGL EWIGYIYS SGATNYNPSLK SRLTIS TDTPKNQPS LKLSTVTA VD TAV YYCV RHLK DCSNNGVC QTYYCYAMDV WGQG TTVTVS S
IGHV4-61*02,SE TLSLTCTVS GGSISSGD YYWSWLL QPAGKG LEWIGRI YPSGSTNYHPSLKS RVTISVD TSKN QFSLNL NSVTAADT AVYYCVG AQTDRHNTDW HSYFFYN WGQG ILVTVS S
IGHV4-34*01,SE TLSLTCAV SGGSFSGYD WSWIR QSPGKGL EWIGEIN QCGNTNYNPSLM SRVTISVD TSKN QISLKL N S VT AADTAAYFCS RGRGDM TMIVVVITALAYCVDYWR HGTLFT
IGHV4-34*01,PSE TLSLTC AGYGGS FSVYYWSWIR QPPGRGL EWIGEIS HSGSTNYNQSLK RRVSISVD TSKN QFSLKLTSV TAAD TAVYYC ARGS ISVLGAAYFD YWGQG SLVTV SS
IGHV4-39*01,SE TLSLTCAV SGDSVS SARYYWGWR RQPPGKGL EWIGNIFY DG ITYY SPSLQS RVTISVEM SKNQ FSLKLSS VTAADT AVYYCT RG VEI SG EVVLYYY G LDV WGQG TTVTVS S
IGHV4-34*01,SE TLSLTCAVY GGSFSG YYWSWIR QPPGKGL EWIGEIN HSGSTNYNPSLK SRVTISVD TSKN QFSLKLSS VTAADT AVYYCA RGG VAVAGTFWGYYYY G MDV WGQG TTVTVS S
IGHV4-34*01,SETLSPT CAVY GGSFSG YYWSWS RQSPGKGL EWIGEIN HSGSTNYNPSLKS RVSILID TSKN QFSLKLTSVT AADT AVYYCA RGNGQ DIVVVTS IPTS YYYYNMD VWGQG TTVTVS S
IGHV4-34*01,SE TLSLTCAVY GGSFSG YYWSWIR QPPGKGL EWIGEIN HSGSTNYNPSPKS RVTISVD TSKN QFSLKLSS VTAADT AVYYC AGGL QTVAGYY G MDV WGQG TTVTVS S
IGHV4-39*01,SE TLSLTCTV SGGSISSSN YYWGWIR QAPGKGL EWIGSIYS SGNSYYSPSLQ SRVTESVD TSKN QFSLRLSFVT AADT AIYYCA GSSCG IDCYIVGLRS WDYGMD VW GQ GITVTVS S
IGHV4-4*02,SE TLSLTCAV SGGSIS SANWWSWVRQ SPGKGL EWIGEIYH TGSTKYNPSL MTRVTISM DKSKS QFSLKLRSV TAADT AVYYCA REE AIF GVDPLPY YFD YWGQ GILVTVS S
IGHV4-34*12,SE TLSLTCAVY GGSFSG YYWSWIR QPPGKGL EWIGEIIH GGSSNYNPSLK SRVTISVD MSKA QLSLKLSS VTAADT AVYYCAV APPYYYGAGS YYN WGQG TLVTVS S
IGHV4-34*01,SE TLSLTCAVY GGSF SGYYRNWIRQ SPGRGL EWIGEIN HRGTTSYNPSLK SRVTISID TSKN QFSLKVVSVT AADT AIYYCA RG VIAE AGDYNHGM DV WGQG TTVTVS S
IGHV4-39*01,SEP LSLTCTV SGGSIRSSNF YWGWLLQ APGKGL EWIGSIYS SGNSYYSPSLQ SRVTESVD TSKN QFSLRLSFVT AADT AVYYCA GSSCG IDCYI GGLRSWDYGMD V WGQGI PVTVS S
IGHV4-34*01,SE TLSLTCAVY GGSFSG YYWSWIR QPPGKGL EWIGELN HSGSTNYNPSLK SRVTISVD TSKN QFSLKLSS VTAADTD VYYCA RGWGYS SSLHDRAYEYFQKW GQG TLVTV SS
IGHV4-39*01,SE TLSLTCTVS GGSISSSN YYWGWIR QPPGKGL EWIGSMY SSGNSYYNPSLQ SRVRASVD TSKN QFSLRLSFVT AADT EVYYCA GSSCG IDCYI GGLRSWDYGM DV WGQG TTVTVS S
IGHV4-31*03,SQ TLSLTCTV SGGSIRGGDY SWNWIRQH AGKGL EWIGYIYY SGST Y YNPSLT SRVTMSVD TSKN QFSLKLSS VTAADT AIYYCA RDHTGTSS LNF RN YYYYGMDI WGQG TTVIVS S
IGHV4-39*02,SE TLSLTCIVS GGSVSS SIHYWGWIR QPPGKG LEWIGSIYY RGN TYYTS SLKS RLTMSVD TSKN HFSLRLSS VTAADS AVYYCARL ESGYN YYYGMDV WGQG TTVTVS S
IGHV4-59*01,SE TLSLTCTVF GGSIS GYYWTWIR QPPGKE LEWIGYVSFT GNSRYSPSLE SRVTISLD RSKN QFSLNLKSV AAADS AVYYC ARGL TTVT SSPYFDHWGQG SMVTVS S
IGHV4-61*01,SEP LSLTCTV SGGS VIS G SYYWSW RPQPLGKGL EWIGYIFYS GSTNYDSSLK SRVTISVD TSKN QFSLQLSS VTAADT A VYYCV RALHATAFDY WGQGN LVIVS S
IGHV4-39*01,SE TLSLTCSV SGGSISSSN YYWGW NRQPNGKG LEWIGSIYS SGSSYYNPSLQ SRVTESID TSKN QLSLRLSFVT AADT AVYFCA GSSCG IDCYIGRL RSCDYGM DVW CPAT TVTVA S
IGHV4-34*01,L SLTCG VYGGLLN DDYWHWLRQ SPGKGL EWIGEVKHT GW T SYSPSLK TRVTISID TSKN QFSVSLS SMTAAD TAVYYCA RGD RYGI NDGF DVW GQG TAVTVS S
IGHV4-30-2*01,SE TLSLTCAV SGGSISSGD YSWSWIR QPPGKGL EWVGYIYH SEST Y YNPSLK SRVTISVD RSKN QFSLKLSS VTAADT AVYYCA RGAGD AITIFGVVIK GGA TYFDY WGQG TLVTV SS
IGHV4-34*01,SE TLSLTCAVY GGSFSG YYWSWIR QPPGKGL EWIGEIN HSGSTNYNPSLK SRVTISVD TSKN QFSLKLSS VTAADT AVYYCA RDS IA AAGMDYWGQG TLVTVS S
IGHV4-4*02,G TLSLTCAV SGGSIS SINWWSCVR QPPGKGL EWIGEIYH SGITNYNPSLK SRVTISVD KFKN QFSLKLSS VTAADT AVYYCA SRPPANWFDPWGQG TLVTVS S
IGHV4-4*07,SE TLSLTCTV SGAS ISSYYYNWIRQT AGRGL EWIGSLYIS GSTDYNPSLK SRVTISVD TSNN QFSLNL N S VTAADT AVYFCAR DLSGS LYFDY WGQ GVLVTV SS
IGHV4-59*01,SE TLSLTCS VPGCS ISYFYWNWIRQ TPGKG LAWICYIYYS RTTEYHPSLKSP VTISVD ASQN QVSLRL GSLT AADTAV YY CAR HGRDCSNGV CKTYYYYGLDV WGQGT TVTVS S
IGHV4-39*01,SE TLSLTRTV SGGSISSSS YYWFWIR PPPGKGL EWIWSIYYS GSNYYNPSLK SRVTISVD TSKN QFSLKLSS VTAADP AVYYC SRHA RITIFGVVII PSWFDPWGQ GTLVTVS S
IGHV4-39*01,SE TLSLTCTV SGGS I RSSN YYWGWIR QPPGKE LEWIGSMY SRGSSYYNPSLQ SRVSESVD TSKN QFSLRLSFVT AADT AVYYCA GSSCG IDCYI GGLRSWDYGM DVW GQG TTVTV S
IGHV4-34*01,QV QLQQW GAGLLKPSE TLSLTCAVY GGSFNN YYWSWIR QPPGRGL EWIGEIN HSGSTNYNPSLK SRVTMSV DTSKK WFSLKLSSVTV ADT ALYYCA RDR VA VPYGMD V WGQG ITVTVS S
IGHV4-34*01,SE TLSLTCAVY GGSFSG YYWSWIR QPPGKGL EWIGEIN HSGSTNYNPSLK SRVTISVD TSKN QFSLKLSS VTAAD T AVYYC ERGLIP RITIFGVVIR DPARSYGM DVW GQG TTVTVS S
IGHV4-39*01,SE TLSLTCTVS GDSMSSR RYYWGWIRQ TPGKGL EWIGTISYS GSTDYNPSLK SRVTISVD TSKR QFSLKLSS VTAADT AVYFCARQ IDS WHIVVVVS VPRGE PFYVES GGQG ALVTVS S
IGHV4-30-2*01,SDPL SLTCAV CGGS IR SCGH SWSWIL QPPGEGL EWIGYVYH SGST Y YNPSLK SRVTISVD RSKN QFSLKLSS VTAADT AVYYCARAYY DFWSGPPHGM DVW GQG TTVTVS S
IGHV4-59*11,SE TLSLTCSV SGR SISVHYWSWIR QPPVKGL EWIGYIYYS GSTNYNPSVK SRVTISLD RSKN EISLKLN SATAADAG VYYWARLRA DCTNGI CQHHY FDGM DV WGQG TTVTVS S
IGHV4-61*02,SE TLSLTCTV SGGSISSGS YYWSWIR QPAGKG LEWIGRIYT SGSTNYNPSLK SRVTISVD TSKN QFSLKLSS VTAADT AVYYC AGTTGT TWSWF DPWGQG TLVTVS S
IGHV4-59*01,SE TLSLTCTV SGGSIS SYYWSWIR QPPGKGL EWIGYIYYS GSTNYNPSLK SRVTISVD TSKN QFSLKLSS VTAADT AVYYCARLSL RGSHAGFDPWGQG TLVTV SS
IGHV4-31*03,QV QLQ ESGPGLVKPSQ TLSLICTV SGGSISTGD YY WSWIRQ HPGKGL EWIGYIYY SGNT Y YNPSLKS RVTISVD TSKN QFSLKLSS VTAADT AVYFCARFEVAYVDFD FSGQ GTMVTVS S
IGHV4-34*01,SEPLP LTCAVY GGA FM GYSG TWIRR RPGKGL EWIGEIN RSGNTNYNPSLK SRVTISVD TSKN QFSLRLYSV TGAD TAVYYC ARGS LQFLFTQRYFF DHWGQG TLVTVS S
IGHV4-39*01,DTL S LP CTV SGGS I SSSS YYWGWIR QPPGKGL EWIGSI YPSGN TYY NPSLQ SRVTESV DTSKNQ FSLRLSFVT AADT AVYYC AGSSCG IDCYI GGLRS W DYGM DV WGQGT TVTVF S
IGHV4-59*01,SES LSLTCTV SGGS IRTYYWSWLR QPPGQGL EWIGYIYFTGY TRHNPSLK SRVTMSVD TSKN LFSLNLRS VTAADT AVYYC ARDR IVGTL EG AFDIW GQG TVVTVS S
IGHV4-39*01,LS LTCTVS GA SI SSTN YYWGWIR QPPGKGL EWIGSIYS SGSSYYNPSLQ SRVRGSV DTSKDQ FSLRLSFVT AADT AVYYC AGSSCG IDCYI GGLRSWDYGM DV WGQG TTVTVS S
IGHV4-39*01,SE TLSLTRTV SGGSISSSNY YWGWIR QAPGKGL EWIGSIYS SGNSYYSPSLQ SRVTESV DTSKN QFSLRLSFVT AA YTAVYYC AGSSCG IDCYI GGLRSWDYGMDVWGQG ITFTVS S
IGHV4-34*01,SE TLSLTCAVY GGSLHDSS WSWI R QAPGPG LAWIG DITQSGSA KY NPSLGR RVTILLD TSKS QVSLKLSSVI AADT AVYYCA RGASGVD MILVVIGFSYYF DSWGQGTP VTV SS
IGHV4-4*07,SE TLSLTCTV SGGSIS SYYWSWIR QPAGKGL EWIGRIYT SGSTNYNPSLK SRVTMSVD TSKN QFSLKLSS VTAADT AVYYCA SDYNREGD YYGMDVW GQG TTVT DSS
IGHV4-59*01,SE TLSLTCAV SGDS ISSYYWNWIRQ TPGKGL EWIGHI DNSGNSKYNPSLR SRITISM DTSWN QFSLRLTSV TAADT AIYYCAKR RSMGGDPGGNWLDPWGQG TLVTVS S
IGHV4-39*01,T LSLTCTV SGD TIS TS TYYWTWIR QPPGKGL EWIGNIYYS G TAYY NPSLK SRLTMSV DRPTN QFSLTLTSV TAADT AVYYCARQ EARG FDF WSGSNTRG FYH G L DAWGKG TTVVVS A
IGHV4-34*01,E TLSLTCGV YGGS LRDYYW SWIR QPPGKGL EWMGEIS HRGA TIY NPSLKN RVTISVD TSKN QFSLKLSS VTAAD TAVYYCA RGSG YVWGR DADWGQG TLVTVS A
IGHV4-39*01,SE TLSLTCTVS GGSLSSSG YYWGWIR QPPGKGL EWIGSMH SSGSTYHNPSLKS RASISID TSKN QVFLRL NSMTAADT SVYYCV GSSCG IDCYI GGLRSWDYG MDIW GQG TTVTVS S
IGHV4-4*07,PSE TLSLTCTV SGVS ISDYYWSWIRQS AGKGL EWIGRVYVS ESTNYNPSLKG RVSMSID TSKK QFSLKL NS V TAAD TAVYYCA RGGSSG WYYWYFD LWGRG TLVTVS S
IGHV4-39*01,SE TLSLTCSV SGGSISDSN YYWGWMR QPPGQGR EWIGSIN SSRSSYYNPSLQ SRVRATVD TSKNQF PLRLSFVT TADT AIYYCA GSSGG IDCYI GGLRSWDYGM DVW GQGT TGTVS S
IGHV4-39*01,SES LSLTCTV SGGSISSSN YYWGWIR QAPGKG LEWIG S R YSSGS TYY NPSLQ SRVTESVD TSKN QFSLRLSFA TAADT AVYYCA GSSCG IDCYI GGLRSWDYGM DVW GQG TTVIVS S
IGHV4-59*11,SE TLSLTCTV SGGSING HYWSWIR QPPGKGL EWIGYMFYS ASSYYSGKTKYNPSLE SRVTISVD ASRK QFSLKLISVT TADT AVYYCARVS EAAAGTT EYF HPWGQGTP VTV SP
IGHV4-59*05,GS LRLSCAV SG FTVS SK YMNWVR QAPGKGL EWIGSIYF SGNT Y YNPSLQS RVSESV DTSKN QFSLRLSS VTAADT AVYYC AGSSCG IDCY LGGLRSWDYGM DV WGQG TTVTVS S
IGHV4-39*01,SE TLSLTCAV SGDSVGSA SYYWGWLR QPPGRGL EWIGDIFY DGS TYY SPSLQSP VTISVEM SKNQ FSLKLSS VTAADT AVYYCT RG VEI SG EVVLYYY G LDV WGQG TTVTVS S
IGHV4-39*01,SE TLSLTCTVS AD AISI SNSH WYYWGWIR QPPGKGL EWIGSLYY SGN TYY NPSLKS RATISVD TSKN QFSLRLTSV TSEDT AVYYCARLR RDGRFGPTAG YN YG MDV WGQG TTVIVA S
IGHV4-4*07,SE TLSLTCTV SGGSIS SYYWSWIR QPAGKGL EWIGRIYT SGSTNYNPSLK SRVTMSID TSKN QFSLKLSS VTAADT AVYYCARY SPAAIPSGY TRYYYGMDV WGQG TTVTVS S
IGHV4-34*01,SE TLSLTCAVF GGSFRS HYWTWIR QPPGRG LEWVGEIN HSGSSTYNPSLK SRVTMSV DTSKM QFSLKL S SVI AADT AVYYCA RGA SFGFLS G YS FGRGGPFDPWGQ GVLVTV AS
IGHV4-34*01,SE TLSLTCGV YGGSLNDD YWSWI SQPPGKGPE WIGEIN QSGSTNYNPSLK SRVTISVD TSKM QFSLKLRS VT AADRAVYYCARLVER RGLN MVRGVLRTASYY YGMDVWGQGT TVTVS S
IGHV4-39*01,EP LALTCTVS GDSVSSR SYFWGWIR HPPGKGL EWIGSIYS GG ITYY NPSLKS RATISVD TSKN QFSLQLTSV TAADT AMYYC ASTP VTMILVVITYYYFD LWGRG TLVTV SS
IGHV4-59*01,TLSLPC SV SGGSISP Y YWRWIR QPPEKGLE WIGFIYFS GSTNYNTSLK SRVTMSVD TSKN QFSLQLSS VTAADT AVYYCARVA RGGSYARNDFD F WGQ GILVTV SS
IGHV4-39*01,SE TLSLTCSV SGA SI SSSN YYWGWIR QPPGKGL EWIGSMY SSGSSYYNPSLQ SRVRGSVD TSKN QFSLRLSFVT AADT AVYYCA GSSCG IDCYI GGLRSWDYGM DV WGQG TTVTVS S
IGHV4-39*01,SE TLSLTCTV SGGSISSSS YYWGWIR QPPGKGL EWIGSIYYS GS TY YNPSLKS RVTISVD TSKN QFSLKLSS VTAADT AVYYCAR RHGG WYRYFDY WGQG TLVTV DS
IGHV4-39*01,SE TLSLTCTVS GGSINSSN YYWGWIR QPPGKGL EWIGSIYS SGSSYYNPSFQ SRVRASV DTPKNQ FSLRLSFVTV ADT AVYYCA GSSCG IDCYI GGLRSWDYGM DV WGQG TTVTVS S
IGHV4-39*01,QL QLQ ESGPG LVKF SE TLSLTCTV SGGSISST TYYWGWIR QPPGK WLEWI G GIYYS GS TYY NPSLKS RVTISVD TSKN HFSLKLSS VTAAD T AVYYC ARHVL TGLSNPFDYWGQG TLVTV SS
IGHV4-39*01,SE TLSLTCTV SGCSINS RAY YWGWLR QPPGKGL EWIATIY SGGSTY Y NPSLKS RV SPSGDTSKN QFSLQLS SVT A A DTAV Y YCARQ AGY TY GP YYF DHWGQG TLVTVS S
IGHV4-34*09,SE TLSLTCAVY GGSFS GYYWSWIRQ FPGKGL EWLGYVYYT GT TYY NSSLK SRLSISVD TSEN QFSLRLSS VTAADT AVYYCA RDSGPTD VRAFEIW GRG TLVTVS S
IGHV4-34*01,SE TLSLTCAVF GGSFSSH YWTWIR QPPGRG LEWVGEIN HSGSSTYNPSLT SRVTMSV DTSKM QFSLKL S SVI AADT AVYYCA RGA SFGFLS G YS FGRGGPFDPWGQ GVLVTV AS
IGHV4-39*01,QL QLQE SGPGL V KPSE TLFLTCTV SGGS VIRTNYYWGWIR QPPGKGL EWIGTIYYS GST Y YNSSLK SRVTISVD TSNN QFSLKLSS VTAAD T AVYYC ARHLEW LERPDAFDMWGQG TMVTVS S
IGHV4-39*01,SEP LSLTCTVS GGSISNSNY YWGWLL QPPGKGL EWIGSIY SSGT TYY NPSLQ RRVTKSL DTSKN QFSLRLTSVT AADT AVYYCA GSSCGRD CYI GG L RSWDYGM DVW GQG TTVTVS S
IGHV4-59*01,ET LSLTCTV SGGSIS PYYWTWLRQ SPDKGL EWIAYIYYT GNTNYNPSLKS RVTISVYT SENQ FSLKLTSV TAADT AIYYCARL DQANTGG HIMVHW GQG ILVTVS S
IGHV4-59*08,SE TLSLTCTV SGGSIS SYYWSWIR QPPGKGL EWIGYIYYS GSTNYNPSLK SRVTMSVD TSKN QLSLRLTSVT AADT AVYYCARH ALRGTEG IAMVQNWF DPWGQG TLVTVS S
IGHV4-39*01,SE TLSLTCTV SGGSISSSS YYWGWIR QPPGKGL EWIGSIYYS GS TY YNPSLKS RVTISVD TSKN QFSLKLSS VTAADT AVYYCA RPRR RFLEW SADA FDIW GQG TMVTVS S
IGHV4-34*01,SE TLSLTCGV YGGS FID YDW SWIR QPPGKGL EWIGHIN HSGDTNYNPSLK SRVTISVD TSRS QFSLKLTSV TAAD TAVYYCA RGTPG FITMIVVVI PHW YFD LWGRG TLVAV SS
IGHV4-34*01,SE TLSLTCAVY GGSFSGY QWSWIR QPPGKGL EWIGEIN HGGT TYY NPSLK SRVTMSVD TSKN QFSLKLRSV TAADT AVYFCA RSR VFYGFQIW GQG TMVTVS S
IGHV4-59*01,SE TLSLTRS VSGAS ISDYWS WIR QPPGKGL EWIGFIS STGTTNYDPSLK SRVTMSID TSKN HFSLNLYSV TSADT AMYFCA RGGASSR YFDF WGQ GVLVTVS S
IGHV4-39*01,QL QLQE SGPGL V KPSE TLSLTCSV SGGSVSSNNH YWGWIR QPPGKGL EWIVSLFYIE STDYNPSLE RRVTMSLD TSKN QFSLRLSSVT AADTG LYYCVGRV GPDGG LMESWYHF DHWGRG TLVAVS S
IGHV4-30-2*01,PSQ TLSLTCAV SGGSISSGG YSWSWIR QPPGKGL EWIGYIYH SGS TYY NPSLKS RVTISVD RSKDQ FSLKLSS VTAADT AVYYC ARGGS IW SGYPFDYWGQG TLVTVS S
IGHV4-59*01,AN LSLTCTVS GDSI T S NYWGWIR QPPGKGL EWIGDIYFT GRTNYNPSLKS RVTISVA TSKK VFSLNLRSV AAADT AVYYC ARG YAYYY DTTGNYP YVSFDVW GQG TTVTVS S
IGHV4-39*01,NL SLTCTVS GGSISSSS YYWGWIR QPPGKGL EWIGSIYYS GS TY YNPSLKS RVTISVD TSKN QFSLKLSS VTAADT AVYYCA RHGGWEGR EWDVLMVYA DEGAAAG KYYFDY WGQG TLVTVS S
IGHV4-34*01,SE TLSLTCAV SGESFS GYYWSWIR QPPGKGL EWLGEIN HSGSTNYNPSLKS RITLSVD TSKN QFSLKLSS LTAAD TA LYYC ARGSA A V VSHFMLLFANWY SDRWGRG TLVTV SS
IGHV4-39*01,SEP LSLTCTV SGA SI SSTNY YWGWLLQ SPGKG LEWIGSVYS SGNSYYNPSLQ SRVRASVD TSKN QFSLRLSFVT AADT AVYYCA GSSCG IDCYI GGLRSWDYGM DV WGQG TTVTVS S
IGHV4-39*01,SE TLSLTCSV SGGSISNSN YYWGWIR QPPGKGRE WIGSIYS SGSSYYNPSLQ SRVRASVD TSKN QFSLRLSFVT AADT AIYYCA GSSCG IDCYI GGLRSWDYGM DV WGQG TTVTVS S
IGHV4-39*01,SE TLSLTCTVS GDSMSSR RYYWGWIR QPPGKGL EWIGSISYS GSTNYNPSLK SRVTISVD TSKQ QFSLKLSS VTAADT AVYFCARQ IDS WHIVVVVS VPRGE PFYFECW GQG ALVTVS S
IGHV4-34*01,LS LTCAVY GGSLND YSWSWIRQ APGKGL EWIG D I TQSGSAKYNPSLGR LVTILLD TSKS QVSLKLSSVIA ADT AVYYCA RGASGVG MILVVIGFSYYF DSWGQGNP VTV SS
IGHV4-38-2*01,SEA LSLTCAVSAYS ISSG YYWGCIRQ SPGEGL EWLGSIYYT GT TYY NPSLES RLTISID RSKN QFSLRLNYVT AGD TAVYYC ASGKRG LSYSVDF WGQ GILVTVS S
IGHV4-4*02,SE TLSLTCAV SGGS I RTSN WWTWVR QPPGKGL EWIGEM HPSGSTNYNASLKS RLSISVD QSEN QFSLQLRSV TAADT AVYFCA RGGEYGGSGHGD YLDY WGQG TLVTV SS
IGHV4-34*01,PSE TLSLTCAVY GGSFSG YYWSWIR QPPGKGL EWIGEIN HSGSTNYNPSLK SRVTISVD KSKN QFSLKLTSVTV ADT AVYYCARV GG MTTI NNDPFDMWGQG TMVAVS S
IGHV4-39*01,SE TLSLTCSV SGDSINSA SYRWGWIRQ APGKGL EWIGSLS YGGNT YY NPSLK SRVTMSVD RYKN QFSLELRSV TAADT AVYYC SRPG VTMIR GPPR RLSYDM D V WGQG TTVIVS S
IGHV4-39*01,SE TLSLTCTV SGGSISSSS YYWGWIR QPPGKGL EWIGSIYYS GS TY YNPSLK SRVTISVD TSKN QFSLKLSFVT AADT AVYYCA GSSCG IDCYI GGLRSWDYGM DV WGQG TTVTVS S
IGHV4-39*01,SES LSLTCTV SGGSISSSN YYWGWLR QPPGKGL EWIGSIYS SGNSYYNPSLQ SRVRESV DTSKN QFSLRLSFVT AADT AVYYCA GSSCG IDCYI GGLRSWDYGM DV WGQG TTVTVS S
IGHV4-59*01,SS TLSLTCTV SGGSFS SYYWSWIR QPPGKGL EWIGYIYYS GSTNYNPSLK SRVTISVD TSKN QFSLKLSS VTAADT AVYYCA RGDTDYDRSG YMYCFD YWGQG TLVTVS S
IGHV4-59*01,Q VQLQE SGPGL V KPSE TLSLTCTV SGGSMG SYFWTWIR QPPGKGL EWIGYIYY NG VPL YNPSLKSP VTISVD TSTN QFSLRLTSV TAADT AVYFCVREV RSSPY YYMDV WGKGT PVTV SS
IGHV4-39*01,EH LALGCTVS RGSIGSSS YYWGWIR QPPEKGL EWL G GIHYT GS TYY NPSLKS RVTIFVD TSKN QFSLKLSS VTAADT AVYYCAAFV GEYNYG WF DSWGHG SLLTVS S
IGHV4-59*01,SE TLSLTCTV SGGSIS SYYWSWIR QPPGKGL EWIGYIYFMS RSTSYNPSLK SRITISVD TSKN QFSLKLS SATAAD TAVYYCA REGH IVGATVR PLGFDHWGLG TRVTVS S
IGHV4-39*01,LS LTCSV SGGS I SSSN YYWGWIR QPPGKGL EWIGSIYS SGSSYYNPSLQ SRVRASVD TSKNQ FSLRLSFVT AADT AMYYCA GSSCG IDCYI GGLRSWDYGM DV WGQG TTVTVT S
IGHV4-39*02,QL QLQE SGPGL V KPSE TLSLTCTVS GA S INNNN FYWVWIR QPPGKGL EWIWHIN YSGS TYY NPSLKS RVTVSI DPSNY RFSLRLTSV TAADT AVYYCARR SKTPGDN YYYSMDV WGKG TTVTVS S
IGHV4-34*01,EPL SLTYVVS GGTF SGFYCTWL RPAPGK RLEFIGNIYH TGSSYYNPSLR SRVSMSVD TSKN EVSLKMTS MTAAD T AVYYCARW SG IA VPGRSDDAY DVW GPGT KVTVS S
IGHV4-34*01,SE TLSLTCVF KGDSFT DF YWTWIR QAPGKGL EWIG ESNHRGT ARY NPSLT GRVTISVE TSEN QFSLTLRSVT AADT AVYYCA RGRTG IQRVLRF DSWGQG TLVTVS S
IGHV4-31*03,SE TLSLTCTV SGGSISSG GYYWSWIRQ HPGKGL EWIGYIYYS GST Y YNPSLK SRVTISVD TSKN QFSLKLSS VTAADT AVYFCATRKVV DGSDPGNNWLDPWGQG ALVTVS S
IGHV4-34*01,ET LSLTCAVY GGSLSG YYWTWIR QPPGKGL EWIGEI NQSGSPNYNPSLKG RATMSVD TSKN QFSLNLKSV TAADT ATYYC GKGGPYKWNKNFSWGQG TLVIVS S
IGHV4-39*01,SE TLSLTCTV SGGSMISS DYY WGWIR QSPGRGL EWIGSVYY SGS TYY SPSLKS RVSISVD TSKN QFSLKLS SAT AADTARYYCAR QRNW LS Y YGL DVW GRG TTVTVS S
IGHV4-59*01,SE TLSLTCSV SGASIGRG YY WSWIRQ FPGKGL EWLGYVYYT GT TYY NPSLKS RVTISLE TSKNQ FSLKLFSL TAADT AVYYC ASGPSA AVGYKY GS FDY WGQG TLVTVS S
IGHV4-39*01,QL QLQE SGPGR V KPSE TLSLNCTV SGGSVSSSS YYWGWVR QPPGKGL EWCGSIYYT EST Y YNPSLTG RAAISVD TSKN QFSLKLSS VT AADTAVYYCARQLLKYF DLWGG AFDIW GQGT KVTVS S
IGHV4-39*01,SE TLTLTCTV SGGSISSSS YYWGWIR QPPGKGL EWIGSIYYS GS TY YNPSLKS RVTISVD TSKN QFSLKLSS VTAADT AVYYCV GSSCGRD CYI GG LRS WDYGM DVW GQG ATVTVS S
IGHV4-59*08,SE TLSLTCTV SGGSIS SYYWSWIR QPPGKGL EWIGYIYYS GSTNYHPSLK SRVTISVD TSKN QFSLKMSS VTAADT AVYYCA RQRADYDCWSG YYR RGN WF DPWGQG TLVTV SS
IGHV4-39*01,SQ TLSLTCGV SGDSVSSA SYYWGWIR QPPGKGL EWIGNIFY DGS TYY SPSLQS RVTISVEM SKNQ FSLKLSS VTAADT AVYYCT RG VEI SG EVVLYYY G LDV WGQG TTVTVS S
IGHV4-39*01,SES LSLTCIV SGGS ISSINYYWGWL L QPPGKGL EWIGSMY SSGI SY YNPSLQ SRVTESID TSKN QFSLRLSFVT AADT AVYFCA GSSCG IDCYI GGLRSWDYGM DV WGQG TTVTVS S
IGHV4-39*01,ET LSLTCTVS GGSISSSN YYWGWIR QSPGKGL EWIGSIYS SGSSYYNPSLQ SRVSESI DTSKNQ FSLRLSFVT AADT AVYYC AGSSCG IDCYI GGLRSWDYGM DV WGQG TTVTVS S
IGHV4-34*01,SEA LSLTCAVY GESFSGY QWSWIR QPPGKGL EWIGEIN QRGSTNYNPSLK SRVTLSVD TSKN QFSLKLSS LTAADTG VYYCA RGRNSV NMILVVIGFAVYFD YWGQG TLVTV SS
IGHV4-39*01,SE TLSLTCTVS GDSMSSR RYYWGWIR QPPGKGL EWIGTISYS GSTNYNPSLR SRVTISVD TSKQ QFSLKLTSV TAADT AVYFCARQ IDS WHIVVVVS VPRGE PFYFESW GQG ALVTVS S
IGHV4-59*01,SEP LSLTCTV SGGSIS SYYWSWIR QPPGKGL EWIGYIYYS GSTNYNPSLK SRVTISVD TSKN QFSLKLSS VTAADT AVYYCA RGASGT A R GYYYYYMDV WGKG TTVTVS S
IGHV4-39*01,SE TLSLTCT VPGG FI SSTN YYWGWIR QAPGKGL EWIGSIYS SGNSYYSPSLQ TRVTESVD TSKN QFSLRRSFVT AADT AVYYC AGSSCG IDCYI GGLESWDSGMDVGGQ GITVTVS S
IGHV4-34*01,SE TLSLTCVVY GGS LRGFYWTWIRQ APEQGL EWIGEL NQSGRNHYNPSLKG RVTMSVD TSKN QFSLKLTSVT AADT AVYYCA KGGPYKWNNGL S WGQG TLVTVS S
IGHV4-39*01,SE TLSLTCAV SGGSISSSN YYWGWIR QPPGKGL EWIGSIYS SGST Y YNPSLQ SRITESVD TSKN QFSLRLSS VTAADT AVYYC AGSSCG IDCYI GGLRSWDYGM DV WGQG TTVTVS S
IGHV4-39*01,SE TLSLTCTVS GGSISSSN YYWGWIRQ VPGKGL EWIGSIY SSGT TYY NPSLQG RVIESVD TTEN QFSLRLSFVT AADT AVYYCA GSSCG IDCYI GGLRSWDYGM DV WGQG TTVTVS S
IGHV4-34*01,SE TLSLTCAVY GGSFSG YYWSWIH QPPGKGL EWIGEIN HSGSTNYNPSLM SRVAMSVD TSKN QFSLNLRS VTAADT AVYYCA RGG VTIFGVVI NE EYYFDY WGQG TLVTVS S
IGHV4-34*01,SE TLYLTCAVY GGSFSDY SWTWIR QPPGKGL EWVGEIN HSGS IQY NPSLKS RVTISVD TSKN QFSLKL G SVT AADT AVYYC ASER V RRILLQ NYFYG MDV WGQG TTVTVS S
IGHV4-30-2*01,SE TLSLTCAV SGGSISSDDY SWSWIR QPPGKGL EWIGYIYQ SGT TYY NPSLK RRVTISL DRSKS HFSLNL SSVTAADT AMYYC ARGT LT SR ATYYFD YWGQG TLVTVS S
IGHV4-34*01,SE TLSLTCAVY SGSFS GYYWSWIR QTPGKGL EWIGEI NDSGSTKYNPALKS RVTISV DPSKN QFSLKL N S VTAADT AVYYC ARGS AAVVSHFLLLFANWYF DRWGRG TLVTV SS
IGHV4-39*01,SE TLSLTCTV SGGSISSSS YYWGWIR QPPGKGL EWIGSIYYS GS TY YNPSLKS RVTISVD TSKN QFSLKLSS VTAADT AVYYCAR LSDI LTG YWYGMDV WGQG TTVTVS S
IGHV4-39*01,T LSLTCTVS SGSISNSN YYWGWIR QPPGKGL EWIGSIY SSGTTYKNPSLQ SRVTKSVD TSKN QFSLRLTSVT AADT AVYYCV GSSCGRD CYI GGLRSWDYGM DVW GQG TTVIVS S
IGHV4-39*01,SE TLSLTCTVS SGSISNSN YYWGWIR QPPGKGL EWIGSIY SSGTTYKNPSLQ SRVTKSVD TSKN QFSLRLTSVT AADT AVYYCV GSSCGRD CYI GG L R S WNYGM DVW GQG TTVTV S
IGHV4-4*02,SEA LSLTCAVF GDSMTDDNW WSCVR QPPGKGL EWIGEI DRDGR T NYNPSLKS RVTISL DKSNS QLSLQLN SVNAADT AVYYCA RAG YYCLDL WGPG ILVTVS S
IGHV4-61*02,T LSLTCTVS GGSISSGS YYWSWIR QPAGKGL EWIGRIYT SGSTNYNPSLK SRVTISVD TSKN QFSLKLSS VTAADT AVYYCAR DTSRG AALYSS GW YN W F DPWGQG TLVTVS S
IGHV4-31*03,SE TLSLTCTV SGGSISSGG Y YWSWIL QHPGKGL EWIGYIYYS GST Y YNPSLK SRVTISVD TSKN QFSLKLSS VTAADT AVYYCARW SAAGH FDY WGQG TLVTVS S
IGHV4-34*01,SE TLSLTCAVY SGSFS GYYWSWIR QTPGKGL EWIGEI NDSGSTKYNPALKS RVTISV DPSKN QFSLKL N S VTAADT AVYYC ARGS AAVVSHFMLLFANWYFDL WGRG TLVTV S
IGHV4-39*01,SE TLSLTCTV SGGSISSSN YYWGWIR QPPGKG LEWIVSIYS SGSSYYNPSLQ SRVSESVD TSKN QFSLRLSFVT AADT AVYYCA GSSCG IDCYI GGLRSWDYGM DV WGQG TTVTVS S
IGHV4-31*03,SE TLSLTCTV SGGSVTSGN VYWTWIRQ LPGKGL EWIGYIFYR GS AY YNPPLKS RLTISI DTPEN HFSLKLTSVTV ADT AVYYCARVDVATVSIDY WGQG TLVTVS S
IGHV4-39*01,SES LSLTCTV SGGSIN S VLYFWGWLL QPPGKG LEWIASIS NSGSGSTYHNPSLKS RLTIFID TSKN QFSLKLESV AAADT AVYYCA RHPL Y CSGGDCPFDYWGQG TLVTV SS
IGHV4-59*01,SE TLSLTCTV SGGSIS SYYWSWIR QPPGKGL EWIGYIYYS GSTNYNPSLK SRVTISVD TSKN QFSLKLSS VTAADT AVYYCARV GG Y DFWSGYPLGN YYYYGMDV WGQG TTVTVS S
IGHV4-59*08,ET LSLTCTVS GGSNK YYYWSWIR QPPGKGL EWIGYIYH SGSPNYNPSLK SRVTISID TSKN QFSLKLN S V TAADT AIYYCA RHAKSCTNGVC QTYYYYAL DGGGKGN TVS V
IGHV4-31*03,SE TLSLTCTV SGGSISSG GYYWSWIRQ HPGKGL EWIGYIYY SGS TYY SPSLK SRVTISVD TSKN QFSLKLSS VTAADT AVYYCARATF AGF K TAAGP LYYYYGMDV WGQG TTVTVS S
IGHV4-39*01,SE TLSLTCTVS GGSISSSN YYWGWIR QPPGKGL EWIGSIYS SGSSYYNPSLQ SRVRASVD TSKN QFSLRLSYVT AADT AVYYCA GSSCG IDCYI GGLRSWDYGM DVW GHG TTVTVS S
IGHV4-31*03,T LSLTCSV SGAS IGRAYYWSWIRQ FPGKGL EWLGYVYYT GT TYY NSSLKS RLTISVD TSEN QFSLRLSS VTAAD TAVYYCA RDSGPTD VRAFEIW GRG TLVTVS S
IGHV4-38-2*02,LQESGPG VV KPSE TLSLTCSVS GDSVGS GYYWGWIR QPPGQG LEWVGSL YPGGTPFYNPSLKG RVTISMV TSTN QFFLNL SSVTAADT AVYYCE RGSGYDYPST F DAWGQ GILVTV SS
IGHV4-59*01,SE TLSLTCTV SGGSIS SYYWSWIR QPPGKGL EWIGYIYYS GSTNYNPSLK SRVTISVD TSKN QFSLKL SSVTAA YTAVYYCARV QTH TIFGVVT SPASFD Y WGQG TLVTV SS
IGHV4-39*07,SE TLYLTCTV SGGSISSSS YYWGWIR QPPGKGL EWIGSIYY SGT TYY NSSLK SRLSISVD TSEN QFSLRLSS VTAADT AVYYCA RDSGPTD VRAFEIW GRG TLVTVS S
IGHV4-34*01,SDT LARTCA VY GASLSGP YLTWIR QTPGQG LAWIGEVN QSGDTNSIPPLKS RVTISV APSKN QFSLKLRSVT AADS AVYFCA RGVGDSGG FVGF DSWGQG ALVTVS S
IGHV4-39*01,SG TLSLTCTVS GGSIRNSN YYWGWIR QPPGKGL EWIGSIC SSGSA Y YNPSLQ SRVTESVD TSKN QFSLRLSFA TAADT AVYYCA GSSCG IDCYI GGLRSWDYGM DVW GQG TTVIVS S
IGHV4-39*01,SEP LSLTCTV SGGS I TSSN YYWGWIR QPPGKGL EWIGSIYS SGSSYYNPSLQ SRVRASVD TSKN QFSLRLSFVT AADT AVYYCA GSSCG IDCYI GGLRSWDYGM DV WGQG TTVTVS S
IGHV4-31*03,SQ TLSLTCTV SG VSIF SSDS YWSWIRQ HPGGGL EWIGYIFY SGT TYY NPSLKS RLSLSVD TSKE QFSLNLRSV TAADT AVYYCAR DYAGNSRTSPH F DYWGQ GILVTV SS
IGHV4-39*01,SE TLSLTCTV SGGSISSSS YYWGWIR QPPGKGL EWIGSIYYS GS TYY NPSHKS RVTISVD TSKN QFSLKLSS VTAA DTAVYYCARHMVR AGGMD V WGQG TTVTVS S
IGHV4-39*01,SG TLSLTCTV SGGSISSNN YYWGWIR QSPGMG LEWIGTIYYTKTIYY NPSLKS RVTISVN TSKN QFSLSL S SVTAAVTAVYYCAIRY SGYD MFN WCDSWGKGA LIP VAS
IGHV4-39*01,SEA LHLTCTV CGDSMSSR RYYWGWLR QTPGKGL EWIGTISY SGSTDYNPSLK SRVTISVD TSKR QFSLKLSS VTAADT AVYFCARQ IDS WHIVVVVS VPRGE PFYFESW GQG ALVTVS S
IGHV4-59*01,ET LSLTRIVS GGS FSLYYWTWI RPPPGKGL EWIGYKY STGT TTY NPSHKS RVTLSVD TSKS QVSLKL NSVTAAD TAVYYCA RGENISSHDYWGQG TLVTVS A
IGHV4-39*01,EPL SFTYAVAVD SVSSAS YYWGCIR QPPGKGL EWIGSVFY DGSTHYSPSLQS RVTISVEM SKNQ FSLKLSSV TAADT AVYYCT RG VEI SG EVVLYYY G LDVW GQG TTVIVS S
IGHV4-39*01,SE TLSLTCAV SGA S ISNTN YYWGWIR QPPGKGL EWIVSIYA SGNSYYNPSLQ SRVRGSVD TSKN QFSLRLSFVT AAA TAVYYC AGSSCG IDCYI GGLRSWDYGM DVWS HGT TVTVS S
IGHV4-30-4*01,SES LSLTCTV SGGSISSSDY YWSWLL QPPGKGL EWIGHIYYS GS TF YNPSLQ SRLIISLD TSKN QFSLKLRSV TAADT AVYYCA RDAWELPDY YYYMDV WGKG TTVTVS S
IGHV4-31*03,Q VQLHE SGPGLVKPSQ TLSLTCTVSV DSLSST GYYWTLIRQ HPEKGL EWIGYIYY SGN TYYK SSLKS RVTMSVD TSTT QFSLK LPSVTAADPA V YAREVSIFGVVD YWGQG TLVTVS S
IGHV4-39*01,SEP LSLTCTVS GDSVSSSS YFRGWIR QPPGKGL EWIGSIYS GG ITYY NPSLKS RATISVD TSKN QFSLQLTSV TAADT AMYYC ASTPV TMILVVITYYYFD LWGRG TLVTVS S
IGHV4-59*08,SE TLSLTCTV SGGS ITYS YRTWIRQ FPGPGL EWIGYIYYS GETNYNPSLKN RLTISR DTSTN QFSLNLKS VT AADTAVYYCARKLADA QGGG LDVW GQGT TVTVS S
IGHV4-34*01,SE TLSLTCAVY GGSFSG YYWSWIR QPPGKGL EWIGEIN HSGSTNYNPSLK SRVTISVD TSKN QFSLKLSS VTAADT AVYYCARY RAGA TFYYY SGKDVWGQGS TITVS S
IGHV4-39*01,QL QLQE SGPG LV TPSE TLSLTCTV SGA SI S SMSYYWGLIR QPPGRGL EWIGTIFYS GS TF YNPSLKS RVTISVD TSKN QFSLKLNSVT AADT SVYYCARHY REDGS VSW GQ GTLVTVS S
IGHV4-59*01,LS LTCTVS GGSISN YYWTWIR QPPGKGL EWIGYVLYS GSTNYNPSLK SRVTVSVD TSKN HFSLKLS SVTAAD AAVYYCA RGDSTGT YTW GQG ALVTVS S
IGHV4-39*01,SE TLSLTCAV SGDSISST SYYWGWIR QPPGKGL EWIGNIFY DG ITYY NPSLKS RATISID TSKN QVSLRLTS MTAADT AVYYCV GSSCG IDCYI GGLRSWDYG MDIW GQG TTVTVS S
IGHV4-34*01,SE TLSLTCAV SGGSFS GYYWNWIR QPPGKGL EWIGEI DDSGSANYNPSLKS RVSISLD TSNR HFFLKLSS VTAADT ATYYCA RGLGRGGGN LGLDFW GQG TLVAVS S
IGHV4-39*01,SE TLSLTCSV SGGS I TSTN YYWGWIR QAPGKGL EWIGSIYS SGSSYYNPSLQ SRVSESVD TSKN QFSLRLSFVT AADT AVYYCA GSSCG IDCYI GGLRSWDYG MDIW GQG TTVTVS S
IGHV4-39*01,SE TLSLTCAV SGA S ISNTN YYWGWLR QPPGKGL EWIGSIYT SGNSYYNPSLQ SRVRGSVD TSKN QFSLRLSFVT AADT AVYYCA GSSCG IDCYI GGLRSWDYGM DV WGQG TTVTVS S
IGHV4-39*01,SE TLSLTCTF SGGS I RSS SYYWGWIR QPPGKGL EWIGSIYYS GSTYYNPSL KIRVTISVD TSKN QFSLKLSS VTAADT AVYYCA RHA RITIFGVVII PSWFDPWGQ GTLVTVS S
IGHV4-31*01,SE TLSLTCTV SGGSSG DYYWSWIRQ HPGQGL EWIGCFYS RGSSSYNPSLK SLVSISLD TSKN QFYLKLSS VTAADT AVYYCA RG VYSY DTLTG YYGLKL DSWGQ GIHVTVS S
IGHV4-31*03,T LSLTCTV SGASVSS GAYFWTWIRQ HPGKGL EWMGYIYYSWGTY YNPSLK SRITISLD TSKN QFSLKL NSLTAADT AVYYCVLA GPSSMSTR TF DHWGQG TLVTVS S
IGHV4-59*11,QV QLQ ESGP RLV KPSE TLSLTCTV SGAPIS GLYWSWIR QPPGKGLE HIGYIYD SGSTNHSPSLK SRLTLSVD TSKN HFSLRLTSV TAADT AMYFCA RGGGA YRRYF DSWGQ GILVTVS S
IGHV4-34*01,T LSLTCAVY GGSFSDY SWTWIR QPPGKGL EWIGEIN HSGSTQYNPSLKS RVTISVD TSKN QFSLKL G SVT AADT AVYYC ASE RVR KILLQSY FYGM D VWGQG TTVTVS S
IGHV4-59*01,SE TLSLTCTV SGGS IYSYYWAWIR QPPGKG LECIGYIYN SGRTNFNPSLK SRVTISVD TSKN QFSLKLRSV TAADT AVYYCVRE A S CSKG VCVGNWF DPWGQ GTLVTVS S
IGHV4-39*01,SE TLSLTCAV SGDSVSSA SYYWGWIR QPPGKGL EWIGNIFY DGS TYY SPSLQS RVTISVEM SKNQ FSLKLSS VTAADT AVNYC TRG VEI SG EVVLYYY G LDV WGQG TTVTVS S
IGHV4-39*01,SY TLTRTCTV SGGSISSSS YYWGWIR QPQGKG LEWIGSIYYS GS TY YNPSLKS RVTISVD TSKN QFSLKLSS VTAADT AVYYCA RGGYGD YEWYFD LCGR CTLVTF SS
IGHV4-39*01,SEP LSLTCTVS GGSISSSS YYWGWLL QPPGKGL EWIGSIYYS GS TY YNPSLKS RVTISVD TSKN QFSLKLSS VTAADT AVYYCAR HGD RWVTIFGVVVIGWF DPWGQ GTLVTVS S
IGHV4-39*01,SE TLSLTCTV SGGSISSSS YYWGWIR QPPGKGL EWIGSFY AGGT TYY NPSLQ SRVTKSVD TSKN QFSLRLSFVT TADT AIYYCA GSSCG IDCYI GGLRSWDYGM DV WGQG TTVTVS S
IGHV4-31*03,SE TLSLSCTVS GY SI SSG GYYWSWLRQ HPGKGL EWIGHIFY GGNT Y FNPSLK SRVTISVD TSKN QFSLRLTSVT AADT AMYFCA RGGYSYGPLG YFD YWGQG TLVTVS S
IGHV4-59*08,SE TLTLTCTV SGA SIRFSYWNWIR QPPGQG LAWIGYIYY SGST Y YNPSLK SRVTISVD TSKN QFSLKLRS VT AADTAVYYCARRLA GAAPTDF DL WGRG TLVTV SS
IGHV4-31*03,SEP LSLTCTV SGGSISSGG Y YWSWILQ HPGKGL EWIGYIYYS GST Y YNPSLKS RVTISVD TSKN QFSLKLSS VTAADT AVYYCA RADT MIVVVTAFD IWGQG TMVTVS S
IGHV4-4*07,QV QLQQ SGPGL V KPSE TLSLMCTV SGD FI SNH FWSWVR QPAGQG LEWIGRIH KDGY THY NPSLQ SRITMSID TSKG QFSLKLRS VSAAD TAIYYCA RDEV LTTLRYYF DSWGQG V LGH RL L
IGHV4-59*01,SE TLSLTCTV SGGSIS SYYWSWIR QPPGQGL EWIGYINY SGSTNYNPSLK SRVTLTVD TSKN QFSLKLSS VTAADT AVYYC ARG VWTYYD FWSGSPHD YYYGMDV WGQG TTVTVS S
IGHV4-39*01,SE TLSLTCAV SGA S ISNTN YYWGWIR QPPGKGL EWIGSIYA SGNSYYNPSLQ SRVRGSVD TSKN QFSLRLSFVT AADT AVYYCA GSSCG IDCYI GGLGSWDYG MDVW GHG TTVTVS S
IGHV4-34*01,QV QLQQW GAG LV KPSE TLSLTCAVY GGSLS GYYWSWIR QPPGKGL EWIGEIN HSGASNFNPSLKS RVTISVD MSKN QISLKLSS VTAADT AVYYCVRGVYS DSSGY RYYFD HWGREPWSPSPQ
IGHV4-59*01,SE TLYLTCTV SGGSIS SY YWSWIR QPPGKGL EWIGYIYYS GSTNYNPSLK SRVTISVD TSKN QFSLKLSS VTAADT AVYYCA RGFDYWGQG TLVTV SS
IGHV4-39*01,SE TLSLTCTVS G VSI SSNS YWGLIR QPPGKGL EWIGTLYY RGS TYY NPSLDSRS TLSVYT SRNQ FSLKLTAVT APDT AVYYCAR LGRGGHQ HYYGIDVW GKGTTDTGS
IGHV4-39*01,SE TLSLTCTVS GGSISSSN YYWGWIR QPPGKGL EWIGSIYS SGSSYYNPSLQ SRVRASVD TSKN QISLRLSFVT AADT AVYYCA GSSCG IDCYI GGWRSCDYGM DV WGQG TTVTVS S
IGHV4-34*01,SE TLSLTCAVY SGSFS GYYWSWIRQ TPGKGL EWIGEI NDIGSTKYNPALKSP VTISV DPSKN QFSLKL NSVTAAD T AVYYC ARGS AAVVSHFMLLFANWYFDL WGRG TLVTV SS
IGHV4-39*01,SE TLSLTCTV SGGS I RSSN YYWGWIR QPPGKGL EWIGSIYS SGS AY YNPSLQ SRVTVSVD TSKN QFSLRLSFA TAADT AVYYCA GSSCG IDCYI GGLG YWA SGMDVGGQG TTVIVS S
IGHV4-4*02,SEPL SLTCAV SG VSI NSHN WWSWVR QPPGKGL EWIGEIYH SGSTNYNPSLK SRVSISVD KSKN QLSLKLISVT AADT AFYYCAR NRYDNGDRSPFDSWGPG ALVTV SS
IGHV4-39*01,SE TLSLTCTV SGA SI SSSNC YWGWIR QPPGKGL EWIGTISY GES TFY SPSLM GRLTISVD TSKN QFSLKL N S VTAA DTA VYYC AR HGLYDSAIPGDW F DPWGQG TLVTVS S
IGHV4-34*01,SEPL SLTCAVY SGSFS GYYWSWIRQ TPGKGL EWIGEI NDSGSTKYNPALKS RVTISV DPSKN QFSLKL N S VTAAD T AVYYC ARGS AAVVSHFMLLFANWYFDLW GRGTP VTV SS
IGHV4-59*01,SEPLP LTCTF AGGS I T S S YWSWIR QPPGKGL EWIGYVYHI GTTSYNPSLK SRVTIS RGTSNT QFSLKLKS VTAADT ALYYCA RDPG LFFTGS FDSWGPG TLVTV SS
IGHV4-39*01,SE TLSLTCTVS GDSMNSR RYYWGWIR QPPGRG LEWIGSISY SGSTNYNPSPKS RVTISL DTSKK QFSLKL NSVTAADT AVYYCAR QIDS WHIVVVVSV PRGG AYYFEYW GQG TLVTVS S
IGHV4-39*01,SE TLSLTCTVS SGSISNNN YYWGWIP QPNGKG LEWIGSIY SSGTTYKNPSLQ SRVTKSVD TSKN QFSLRLTSVT AADT AVYYCV GSSCGRD CYI GG LRS WDYGM DVW GQG TTVTVS S
IGHV4-61*02,SE TLSLTCSVS GSSISSDS YYWTWIR QPAGKG LEWIGRIYS SGSTDYNPSLK SRVTMSVD TSKN HFSLKLSS VTAADT AVYYCA RDPAPL YY DKTG YYF DSWGQG TLVTVS S
IGHV4-31*03,SE TLSLTRSV SGA S IGRG YYWSWN RQFPGKGL EWLGYVYYT GT TYY NSSLKS RLSISVD TSEN QFSLRLSS VTAAD TAVYYCA RDSGPTD VRAFEIW GRG TLVTVS S
IGHV4-39*01,SE TLSLTRTV SGA SI SSSNY YWGWIR QPPGKGL EWIGSIYS SGSSYYNPSLQ SRVRGSVD TSRN QFSLRLSFVT AADT AVYHC AGSSCG IDCYI GGLR S WDYGM DV WGQG TTVTVS S
IGHV4-39*01,SE TLSLTCSVSGVSI NSN YYYWGWIR QPPGKG LEWIG SGF Y GGG TFY NPSLR SRVTISLD TSKS QFSLKLSS VTAADT AIYYCARTTYRAF DPWGQ GTLVTVS S
IGHV4-34*01,SE TLSLTCAVY GGSFSG YYWSWIR QPPGKGL EWIGEIN HSGSTNYDPSLK SRVTISVD TSKN QFSLKLSS LTAAD TA VYY CATKYYDILT G Y YNGE LS WGQG TLVTVS S
IGHV4-61*02,SEP LSLTCTV SGGSISSGS LYWGWLR QPAGKG LEWIGRIS TSGTTSYNPSLQ SRVTISVD TSKN QFSLMLSS VTAADT AVYYCVRVVQ DSYGSGIYPQ YY DWWGQG TLVTVS S
IGHV4-59*08,SE TLSLTCTV SGGS I S SYSWSWIR QPPGKGL EWIGYVYYT GNTNYNPSPKS RVTMSVD TFKN HLSLRLTSV TAADT AVYFCARH ALRGTEG IAMVQNWF DPWGQG TLVTVS S
IGHV4-39*07,SE TLSLTCTV SGDS IVHARYYWGWIR QPPGKGL EWIGNIYYT GK TYY NPSLNS RVTISVD RSKN QFSLKLSS VTAADT AVYYC GG YYRVGWYGMDV WGQG TTVTVS S
IGHV4-59*01,SE TLSLTCTV SGGSIS SYYWSWIR QPPGKGL EWIGYIYYS GSTNYNPSLK SRVTISVD TSKN QFSLKLSS VTAAD TAVYYCARVLTMV RGVKTPGADWFDPWGQG TLVTV SS
IGHV4-59*01,A TLYLTRTV SGGSI STYYWNWI RPPPGKGL EWIGYMYY NGI T NYNPSLKS RVTLSLD TSKN QFSLKVSSV T AADM AVYYC ARGVVPAATD VRVRLALEIW GQGT MATV SS
IGHV4-39*01,SE TLSLTCTVS GGSISNSN YYWGWIR QPPGKGL EWIGSIYS SGSSYYNPSPQS RVSESID TSKN QFSLRLSFVT AADT AVYYCA GSSCG IDCYI GGLRSWDYGM DVW GQGT TGTVS S
IGHV4-39*01,SE TLSLTCTV SGGSISGSNYGS GWIR QPPGKGL EWIGTFYY SGN TYY KPSLKS RVTMSVD TSRN QFSLELRSV TAADT AVYYC SRPG VIMIR GPPR RLSYGMDV WGQG TTVTVS S
IGHV4-59*08,SE TLSLTCTV SGGSIS NYYWSWIR QPPGKGL EWIAYIYYS GSTNYNPSLK SRVSITFD TSKN HFSLKLRSV TAADT AVYYCA RHPYNEANWFDPWGQG TLVTVS S
IGHV4-34*01,L SLTCAVY GGSFSG YYWSWIR QPPGKGL EWIGEIN HSGSTNYNPSLKS RVTISVD TSKN QFSLKLSS VTAAD TAVYYCAR AGRG WRFLYYFD YWGQG TLVTVS S
IGHV4-59*12,SE TLSLTCTV SGGS I S GYYWSWIR QPPGKGL EWIGSIYS SGSTNYKSSLKS RVTMSID TSKN QFSLKLNS VSAADT AVYYCA RDNLLGE Y ENTG YAFD YWGQG TLGTV SS
IGHV4-61*02,SE TLSLTCTVS GDSVSGG SI SSGS HYWIWIR QPAGRG LEWVGRIYS SGSTNYNPSLKS RVTLSVD TSKNQHP LKLSSV TASDT AVYYCARVVAIAA RSSG YYY GMDGWGQG TTVSV SS
IGHV4-31*03,SE TLSLTCTV SGGSISSG GYYWSWIRQ HPGKGL EWIGYIYYS GST Y YNPSLK SRVTISVD TSKN QFSLKLSS VTAADT AVYYCAR DSWGTGT Y E GFYYYYGMDV WGQG TTVTVS S
IGHV4-59*08,SE TLYLTCTV SGGSI SSYYWS WIR QPPGKGL EWIGYIYYS GSTNYHPSLK SRVTISVD TSKN QFSLKLSS VTAADT AVYYCA RQRADYDF W SG YYR RGN WF DPWGQG TLVTV SS
IGHV4-59*01,QV QLQ ESGPG LVK ASE TLSLTCNV SGA SITSYYWTWIR QPPGKGL EWVGYVFHR GSTNYNPSLK SRLTMSLD TSNN QFSLRLSS VTAADT AIYYCAKIVTT GTTGDWFDPWGQG ALVTVS S
IGHV4-31*03,T LSLTCTV SGGSISSG GYYWSWIRQ HPGKGL EWIGYIYYS GST Y YNPSLKS RVTISVD TSKN QFSLKLSS VTAADT AVYYCAR APRGG IFGVVVAGMD VWGQ ETTVTVS S
IGHV4-39*01,SEP LSLTCTV SGGSISSTN YYWGWLLQ APGKGL EWIGSIYS SGSSYYNPSLQ SRVSESVD TSKN QFSLRLSFVT AADT AVYYCA GSSCG IDCYI GGLRSWDYGM DV WGQG TTVTVS S
IGHV4-30-4*01,SE TLSLTCTVS GGSISSGD YYWSWIR QPPGKGL EWIGYIYYS GST Y YNPSLK SRVTISVD TSKN QFSLKLSS VTAADT AVYYCARMTTVTT LSDWFDPWGQG TLVTVS S
IGHV4-39*01,QL QLQE SGPGL V KPWE TLSLTCTV SGDS I SSSG YYWGWIR QPPRKGL EWVATIFR SGS TFY NPSLKS RATISVD TSKN QFSLGLRSV TAADT AVYYCARHYF DISVPDR FQYW GKG TLVSV S
IGHV4-34*01,SE TLSLTCAVY GESFSGS QWSWMR QPPGKGL EWIGEIN QSGSTNYNPSLKS RVTLSVD TSKN QFSLNL SSLTAADS AVYYCA RGRDSV NMILVVI G FTVYFD YWGQG TLVTVS S
IGHV4-34*01,SE TLSLTCAVY GGSFG AYYWSWIR QPPGKGL EWIGEVSYR G I TNYNPSLAS RLTISVD AGKN QFFLNLR SSTAADT AVSYCVR GRG RIAGRY NWFDPWCQGT RVTVY S
IGHV4-61*02,SE TLSLTCSV SGGSISSDNS YWSWIR QPAGKG LEWIGRVS TSGI TS YDPSLEG RVTMSA DAYKN QFFLHL GSVTAADT ALYYCARVVH DYSGSGTYPH YFDY WGQG TLVTVS S
IGHV4-4*02,ET LSLTCAV SGGSLSDDD W WSWVR QPPGKG LQWIGEIHH TGSTNYNPSLK SRVSFSVD NSKN QFSLSLSS VTAEDT ATYYCV SNG YYSLDFW GQG TLITVS S
IGHV4-4*02,SE TLSLTCAV SGGPISSNN WWSWVR QPPGKGL EWIGEIYH SGGTNYNPSLR SRVTISVD KSKN QFSLKLSFVT AADT AIYYCAR VPGGYEPFHDWGQG TLVTVS S
IGHV4-39*01,LS LTCTVS GGSISSSS YYWGWIR QPPGKGL EWIGSIYY SGS TY YNPSLKS RVTISVD TSKN QFSLKLSS VTAADT AVYYCARL RGQK WL RGLYDPDAF DIW GQG TMVTVS S
IGHV4-59*01,SE TLSLTCTV SGGSIR NYYWNWIR QPPGKGL EWIGYIYD SGSTNYNPSLK SRVTMSVD TSKN QFSLKVTSVT AAD T AVYYC AR QRGL SFDFW GQG TLVTV AS
IGHV4-61*02,SE TLSLTCTV SGGPITRGD YYWTWIRQ TAGK RLEWIGRI DTSGTTNYNPSLKG RVAISID RSKN QFSLELTS ATAAD TAIFFCA RSPPPSGL AF DSWGQG TLVTVS S
IGHV4-4*02,ET LSLTCAV SGGSISSSN WWSWVR QPPGKGL EWIGEIYH SGSTNYSPSLK SRVTISVD KSKN QFSLKLSS VTAADT AVYYCARL TPGAKPFD Y WGQG TLVTV SS
IGHV4-39*01,SE TLSLTCTV SGGS ITSTSFYWGWVR QPPGKGL EWIATIYY SGST YY HPSLKS RVTISVD TSKN QFSLRLSS VTAADT AVYYCA RQDPVNW F DPWGQG TLVTVS S
IGHV4-34*01,SE TLSLTCAV HGEAFSG YYWSWIR QSPGKGL EWIGEIN QSGSTNYNPSLKS RVTLSVD TSKN QFSLNLRS LTAADT AVYYCA RGTNSV NMILVVI G FTVYFDYW AQG TLVTV SS
IGHV4-39*01,SE TLSLTCTV SGGSISSSN YYWGWIR QAPGKG LEWIVSTY SSGNT YY NPSLQ SRVSKSV DSSKN QFSLRLTSVT AADT AVYYCA GSSCGRD CYI GG LRSW DYGMD V WGQ GITVTVS S
IGHV4-39*01,SE TLSLTCAV SGDSVSSA SYYWGWIR QPPGKGL EWIGNIFY DGS TYY SPSLQS RVTISVEM SKNQFSPKLS S V T AADT AVYYCT RG VEI SG EVVLYYFGLDV WGQG TTVTVS S
IGHV4-34*01,SEP LSLTCAVF GGSFSSH YWTWIR QPPGRG LEWVGEIN HSGSSTYNPSLK SRVTMSV DTSKM QFSLKL S SVI AADT AVYYCA RGA SFGFLS G YS FGRGGPFDPWGQ GVLVTV AS
IGHV4-39*01,SETLP LTCTVS GDSVSSSS YFWGWIR QPPGKGL EWIGSIYS GG ITYY NPSLKS RATISVD TSKN QFSLQLTSV TAADT AMYYC ASTPV TMILVVITYYYFD LWGRG TLVTVS S
IGHV4-34*01,SE TLSLTCAVY GGSFR G YY WSWIR QSPGKGL EWIGEM DHSGSTTDNPSLR SRVSISVD TSKN QFSLRLRSV TAADT AMYYCA RGA RISMILVV MPQA VFDIW GQG TMVTV SS
IGHV4-59*08,PSK TLSLTCN VSGGSIS NY YWSWIR QPPGKGL EYIGYISY SGSTNYNPSLES RVNISVD TSKN QFSLNL NSVTAADT AVYYCARA RRDGYNNDVRSKSPG YCFDY WGQG TLVTV SS
IGHV4-39*01,SE TLSLTCTV SGGSISSSN YYWGWIR QAPGKGL EWIGSIYS SGNSYYSPSLQ SRVTESVD TSKN QFSLRLIFVT AADT AVYYCA GSSCG IDCYI GGLRSWDYGMD V WGQ GITVTVS S
IGHV4-30-2*01,SE TLSLTCAVY GGSISSGG YSWSWIR QPPGKGL EWIGYIYH SGST Y YNPSLK SRVTISVD RSKN QFSLKLSS VTAADT AVYYCA S SYY YGSGSYPGS VAW GQG TLVTVS S
IGHV4-34*01,SE TLSLTCAVS SGSFS GYYWSWIR QPPGKGL EWIGEI NDSGSTKYNPDLKS RVTISV DPSKN QFSLKL N S VTAADT AVYYC SRGSA AVVSHFM LPFAN WYFELW GRG TLVT DSS
IGHV4-39*07,QL QLQE SGPGL V KPSE TLSLTCSV SNGSLSRG TYYWVWIR QPPGKG LEWIGSISY SGK TYY NPSLK SRVTVSLD TSKS QFSLRLSS VTAADT AIYYCA REQT TIFSHF DYWGQGPSSPSPQ
IGHV4-4*02,SE TLSLTCTV SGGSITNPNGW SWVR QPPGKGL EWI GE SY HSGSTNYNPSPKS RVTISVD KSKN QFSLKLN SVT AADTAMYFCAS L LVRPY YYYAMDV WGQG TTVTVS S
IGHV4-39*01,SE TLSLTCTV SSGSISN INYYWGWLL QPPGKGL EWIGSIY SSGTTYKKPSLQ SRVTKSVD TSKN QFSLRLTSVT AADT AVYYCV GSSCGRD CYI GG LR SWDYGM DV WGQG TTVTVS S
IGHV4-39*01,SEA LSLTCTVS GGSISSSS YYWGWRL QPPGKGL EWIGSIYYS GS TY YNPSLKS RVTISVD TSKN QFSLKLSS VTAAD T AVYYCARR VGWELPLDWGM DV WGQG TTVTVS S
IGHV4-61*02,SE TLSLTCTV SGGPITRGD YFWTWIR Q TAGS RLEWIGRI DTSGTTNYNPSLQG RVAISID RSKN QFSLDL TSATAADT AMYFCA RSPPPSGL AF DSWGQ GILVTVS S
IGHV4-39*02,SE TLSLTCAV SGDSISST SYYWGWVR QPPGKGL EWIGSIFY DG IT YDNPSLK SRVAISVD ASKN HFSLKLSS VTAADT AVYFCT RGV EIF G EVVFYYY G LDV WGQG TTVTVS S
IGHV4-31*03,QV QLQ EPGPGLVKPSQ TLSLTCTV SGGS I SSGGH YWSWIR QHPGKGL EWIGYIYY SG RTYY NPSLKS RVTISVD TSKN QFALKL NSVTAAE TAVYYCA RDVGYCNSAS CYSYYMDV WGKG TTVTVS S
IGHV4-31*03,SE TLSLTCSV SGASIGRG YY WSWIRQ FPGKGL EWLGYVYYTRTTYY NSSLK SRLSISVD TSEN QFSLRLSS VTAAD TAVYYCA RDSGPTD VRAFEIW GRG TLVTVS S
IGHV4-39*01,ET LSLTCTVS GGSISSR TYYWGWIR QPPGKGL EWIGSINY SGT TYY NPSLKS RVTITVD TSKN QFSLKLSS VTAADT AVYYC ARHY AVLRILEW HPSGGM DVW GQG TLVTVS S
IGHV4-59*03,QV QLQ ESGPGL V KPSDT LSFNRS VSGDSINS HFWTWIR QPPGKGL EWIGNVFYT GTT H YNPSFK SRLTMSVD RSKK RFSLKLASVT AADT ALYFCA GSTS AVSWL APWGH GIQVIVS S
IGHV4-61*05,SE TLSLTCTV SGGSISSSN YYWGWLR QPPGKGL EWIGYIYYS GSTNYNPSLK SRVTISVD TSKN QFSLKLSS VTAADT AVYYCARR ARRG Y CSGGS CYSVYNWF DPWGQG TLVTVS S
IGHV4-39*01,QV QLQ ESGP RLV KPSE TLSLSCSV SGD SIIS GRGAS YYWGWIR QPPGKGL EWFGFIYYT GSTYYNPSLKS RVTLSVD TSKN QFSLNL NSVT AADTALYYCARRMQL E RRGG YAFDF WGQG TMVTVS S
IGHV4-59*01,SE TLSLTCTVS GDSIG GYYWSWIR QPPGKGL EWIGFIYYT GSTNYNPSLK SRLTISVD TSKN QFSLKLSS VTAADT AIYYCA RTGT TSLTAFGHFD YWGQG TLVTVS S
IGHV4-59*08,SE TLSLTCSV SDAS I S GYYWSWIR QPPGKGL EWIGYIYYL GST F YSPALK SRVTISVD TSKN QFSLKLASVT AADT AVYYCARHRI RGSDW FRSRVDF DYWGQ ATMVTVS S
IGHV4-39*01,SE TLSLTCTV SGGSISSSN YYWGWIR QAPGKGL EWIGSIY SSGT TYY NPSLQG RVTESV DAAKNQ FSLRLSFVS AADT AVYYCA GSSCG IDCYI GGLRSWDYGM DV WGQG TTVTVS S
IGHV4-39*01,SE TLSLTCTVS GGSISSN TYYWGWIR QPPGKGL EWIGRIYYS GSTNYNPSLK SRVTMSVD TSKS QFSLRLTSVT AADT AVYNCA RHSGRPQ LKMFGVVF NPG IWF DPWGQG TLVTVS S
IGHV4-31*03,SE TLSLTCTV SGGSISSG GYYWSWIRQ HPGRGL EWIGYT SNSGN AYF HPSLKS RVTISVD TSKN QFSLRLSS LTAAD TAVYYCA RDNIPYADTAAAGT WSYGMDV WGQG TTVTVS S
IGHV4-34*01,DTPS HICGV SSGSFSGH YWSWIR QTPGKGL EWIGEIN HSGSTKYNPSLKS RVTISVD TSKND FSLKMSSV TAAD TAVYYCT RGGHGF TY G HYYFGMDI WGQG TTVTVS S
IGHV4-39*01,SEPLP LTCTV SGGSISSSS YYWGWLL QPPGKGL EWIGSIYYS GS TY YNPSLKS RVTISVD TSKN QFSLKLSS VTAAD TA VYYC ARH IMASITIFGVVR AGNW F DPWGQG TLVTV SS
IGHV4-39*01,SE TLSLTCAV SGDSVSSA SYYWGWIR QPPGKGL EWIGNIFYDVSTY YSPSLHS RVTISVEM SKNQ FSLKLSS VTAADT AVYYCT RG VEI SG EVVLYYY G LDV WGQG TTVTVS S
IGHV4-39*01,ET LSLT CPV SVCSIR RRN YYWVW PPHPRER ALVCIVCIS SSGRSHH NLSLRARH RDSVDTSKN QFSLRLSFVT AADT AVYYC AGSSCG IDCYI GGLRSWDYGM DV WGQG TTVAVY S
IGHV4-34*01,PSE TLSLTCTIS SGSF SGYLWSWIR QPPGKGL EWIGEINY NGEDTNYNPSLK SRVTLSVD RSTN QFSLKLSS VTAADT AVYFCT RSGLTGMRKYPRAD YYYYGMDV WGQG TAVTVS S
IGHV4-39*01,SE TLSLTCTV SGGSISSS TYYWGWIR QSPGKG LEWIGSFY GSGT TYY NPSLQG RITKSVD TSKN QFSLRLSS VTAADT AVYYCV GSSCG VDCYI GGLRSWDYGM DV WGQG TTVTVS S
IGHV4-61*01,SE TLSLTCTV SG VSV SSA RYYWSWLL QPPGMG LEWIWYSYY SGITNYNPSLK SRVTISVD TSKN QFSLKLSS VTAADT AVYYCA RDQVPANRDYDFWSGSN YYYYGMDV WGQG TTVTVS S
IGHV4-39*01,SE TLSLTCAV SGDSVSS ARYYWGWIR QPPGKGL EWIGNIFY DGS TYY SPSLQS RVTISVEI SKNQ FSLNLSS VTAADT AVYYCT RGVG I SG EVVVYYF GLG VW GQGT TGTIS S
IGHV4-59*01,PE TLSLTCTVS GDSIG GYYWSWIR QPPGKGL EWIGFIYYT GSTNYNPSLK SRLTISVD TSKN QFSLKLSS VTAADT AIYYCA RTGTTS L TDFGHFDHWGQG TLVTV SS
IGHV4-4*07,SEP LSLTCTV SGGSIS SYYWSWIR QPAGKGL EWIGRIYT SGSTNYNPSLK SRVTMSVD TSKN QFSLKLSS VTAADT AVYYC ARDR YYYFD YWGQG TLVTVS S
IGHV4-4*07,ET LSLTCTVS GGSIKN HYWSWIR QPAGKGL EWIGRFYMS GSTNYNPSFR SRVTMSVD TSKN QLSLKVRSM TAADTG VYYCARVA AGPFFDYWGQG SLVTV SS
IGHV4-34*01,SE TLSLTCAVY GGSFSG YYWSWIR QPPGKGL EWMGEIN HSGSTNYNPSLK SRVTISVD TSKN QISLKLRAVT AADT AVYYCAR IPRWQRGL GVYYYYGMD VWGQG TTVTVS S
IGHV4-30-4*01,SE TLSLTCTV SGGSISRDDY YWSWLR QPPGKGL EWIGYIYY SGST Y YNPSLKS RAAISVD TSKN QFSLKLSS VTAADT AVYYCA RDSHCSGGRCEAGA ALFD YWGQG TLVTVS S
IGHV4-4*07,SE TLSLTCTVS GGSISGND YFYWSWIR QPVGKGL EWIGRC S T VERSMYSPSLGS RVTMSA DTSKR QFSLKLASV TAADT AVYFCARLY SHGGEDY F DAWGQG SLVIVS S
IGHV4-59*01,SE TLSLTCAV SGGSIN SYFWSWIR QPPGKGL EWIGYIYFS GRTNYNPSLK SRVTISVD TSKN QFSLKLSS VTAADT AVYYCAR DRSGGWP YYYYGMDV WGQG TTVTVS S
IGHV4-39*01,T LSLTGTV SGGS I SSSS YYWGWIR QPPGKGLD WIGNIYYS G ITYY NPSLK SRVTMSID TSKN QFSLKLSS VTAAD TAVYYCARRLQYY F D YWGHG TLVTV SS
IGHV4-28*01,SY TLSLTCAVSAYS ISSGP WWGWIR QPPGKGL EWIGYIYYR G ITHF NPSLKS RVTMSVD TSKN QFSLNLTSVTA VDT AVYYC AKSST IFDAFDI WGRG TMVTVS S
IGHV4-4*02,Q VQLQE SGPG LV KPSG TLSLTCVVS GA S ISDNN WWTWVR QPPGKGLEG IGKIYH SGTNNYNPSLK TRVAISV DKSKS HVSLNLTSV TAAD T AVYFC ARA LGF A R QY DYWGQ GILVTVS S
IGHV4-31*03,Q VLLQK SGP RLV KPSQ TLSLTCTV SGGS VRSFSHYWGWVRQ HPGEGL EWIGYIYYS GST F YNPSLK SRVTISLD TSGD QFSLELTSVT TADT AVYFCARM DSGSGYRPK ASYYF DSWGQG SLVTVS S
IGHV4-39*01,SE TLSLTCTVS SGSISNSN YYWGWIR QPPGQG LEWIGSIY SSGTTYKNPSLQ SRVTKSVD TSKN QFSLRLTSVT AADT AVYYCV GSSCGRD CYI GG LRS WDYGM DVW GQG TTVTVS S
IGHV4-34*01,SE TLSLTCAVY GGSFSG YYWSWIR QPPGKGL EWIGEIN HSGSTNYNPSLK SRVTISVD TSKN QFSLKL N S VTAADT AVYYCAR VGK ITIFGVVIN RLS TWF APGGRGPLSPVPS
IGHV4-39*01,ET LSLTCTVS GGSISSSN FYWGWIR QAPGKGL EWIGSIYS SGNSYYSPSLQ SRVTESVD TSKNQ FSLRLSFVT AADT AVYYC AGSSCG IDCYI GGLRSWDYGMD V WGQGI PVTV SS
IGHV4-39*01,SEP LSLTCTV SGGSISSS NYYWGWLR QAPGKGL EWIGSIY SGGNSYYSPSLQ SRVTESVD TSKN QFSLRLSFVT AADT AVYYCA GSSCG IDCYI GGLRSWDYGMD V WGQ GITVTVS S
IGHV4-39*01,SE TLSLTCTV SGGSISSSN YYWGWIR QPPGKGL EWIGSIYS SG ISY YNPSLQS RVKASVD TSKN QLSLRL NSVTAADT AVYYC AGSSCG IDCYI GGLRSWDYGM DVW GHG TTVTVS S
IGHV4-39*01,SE TLSLTCSV SGGSISNSN YYWGWIH QPPGKGL EWIGSIYS SGSSYYNPSLQ SRVSASVD TSKN QFSLRLSFVT AADT AIYYCA GSSCG IDCYI GGLRSWDYGM DV WGQG TTVTVS S
IGHV4-39*01,SA TLSLTCTV SGA SI SSNN YYWGWIR QPTGKGL EWIGSIYS SGSSYYNPSLQ SRVRGSVD TSKN QFSLRLSFVT AADT AVYYCA GSSCG IDCYI GGLRSWDYGM DV WGQG TTVTVS S
IGHV4-39*07,SE TLSLTCTV SGGSISSSS YYWGWIR QSPGKG LEWIGEIN QRGRTNYNPSLKS RVTLSVD TSKS QFSLNLRS LTAADT AVYYCA RGTNSV NMILVVI G FTVYFD YWGQG TLVTV SS
IGHV4-59*01,SE TLSLTCTV SGGS ISNYYWSWIRQ SPGKGL EWIGYLYY GGS TIY NPSLK RRVTIS GDTTKN QYSLKLTSV TAADT AVYYCARE RYGAN YFDF WGQG TLVTV SS
IGHV4-39*01,SE TLSLTCTV SGA SI SSSNY YWGWIRQ LPGKGL EWIGSLY SSGNSYYNPSLQ SRVRGSVD TSKN QFSLRLSFVT AADT AVYYCA GSSCG IDCYI GGLRSWDYGM DV WGQG TTVTVS S
IGHV4-4*07,SE TLSLTCTV SGGSIS SYYWSWIR QPAGKGL EWIGRIYT SGSTNYNPSLK SRVTMSVD TSKN QFSLKLSS VTAADT AVYYCAR DSQGR FGYIAAATF DA FDI WGQG TMVTVS S
IGHV4-59*01,SE TLSLTCTVS AGSLR SYYWSWIR QPPGKGL EYIGYISY SGSTNYKPSLK SRVTISA DTSKN QFSLKMSS VTAANT DVYYCA RDSGG LVFW GQG TLITVS S
IGHV4-34*01,SQ TLSLTCVVY GGSLS GY YWSWIR QPPGE WLEWIGEIN HSGSTNYNPSLTSRVP ISV DTSKN QFSLKLSS VTAADT AVYYCA RGI WKREWL SSRSVGGP YYYYGMDV WGQG TTVTVS S
IGHV4-59*01,SE TLSLTCSV SGGS ISGNYLSWIRQ APGRK LEWIGYIHY SGTTNFNPSLKS RVTISID TSKN QFSLNL N S VTAEDT ALYYCA RGHNLPGV HS SRLGES RYYFDY WGR GILVTVS S
IGHV4-39*01,SEP LSLTCTVS GGSISSSNY YWGWIL QPPGKGL EWIGSIYS SGSSYYNPSLQ SRVRGSVD TSKN QFSLRLSFVT AADT AVYYCA GSSCG IDCYI GGLRSWDYGM DV WGQG TTVTVS S
IGHV4-39*01,SEP LSLTCTV SGA SI SSTNY YWGWLL QPPGKGL EWIGSIY SSGMS Y YNPSLQ SRVRGSVD TSKN QFSLRLSFVT AADT AVYYCA GSSCG IDCYI GGLRSWDYGM DV WGQG TTVTVS S
IGHV4-39*01,SE TLSLTCAV SGDSISST SYYWGWIR QPPGKGL EWIGNIFY DG ITYY NPSLKS RVTISVD TSKN QFSLKLSS VTAADT AVYYCT RG VEIF G EVVFYYY G FDF WGQG TTVTVS S
IGHV4-59*08,SE TLSLTFTV SGGS I S SHFWSWIR QPPGKGL EWIGYILYS GSTNYSPSLK SRVTISIN TSKK HFSLRLSS VTAADT AIYYCA GNNYDSGSPAYWGQG TLVTV SS
IGHV4-34*01,SEP LSLTCAVY GGSFSG YYWSWIR QPPGKGL EWIGEIN HSGSTNYNPSLK SRVTISVD TSKN QFSLKLSS VTAADT AVYYCA RARS YQLLFFMV SDAFD IW GQG TMVTVS S
IGHV4-39*01,SE TLSLTCTV SGGSISSSN YYWGWIR QAPGKGLE GIGSIYS SGNSYYSPSLQ SRVTEFVD TSRN QFSLRLSFVT AADT AVYYCA GSSCG IDCYI GGLRSWDYGMD V WGQ GITVTVS S
IGHV4-34*01,SEA LSLTCAVY GGSFSGSSW SWF RQPPGMG LEWIGEL DESGGANYNPSLKS RVSISVD TSRN QFSLRL NSATAAD TAVYYC ARGQ VDITMVLVVF TGAS YYYYYGMDV WGQG TTVTVS S
IGHV4-61*01,SEP LSLTCNV SGGSVS SV T Y Y WS WLL QPPGKGL EWIGYISY SGLPNYNPSFK SRVTISID TSKN QFSLKLTS VTPADT AVYLCASL EYSGYD YYF DNWGQG TLVP VSS
IGHV4-34*01,T LSLTCAVY GGSFSG YYWSWIR QPPGKGL EWIGEIN HSGSTNYNPSLK SRVTISVD TSKN QFSLKLSS VTAADT AVYYCARFVVV PAAMG IDY WGQG TLVTV SS
IGHV4-34*01,PSE TLSLTCAVY GGSF SAYYWSWIR QPPGKGL EWIGEIN HSGSTNYNPSLKS RVTISVD TSKN QFSLKLSS VTAADT AMYYCARSAIR RDGN VWG Q GTLVTVS S
IGHV4-31*03,SE TLSLTCSV SGASIGRG YY WSWIRQ FPGKGL EWLGYVYYT GT TYY NSSLKS RLSISVD TSEN QFSLRLSS VTAAD TAVYYCA RDSGPTD VRAFEIW GQG TTVTVS S
IGHV4-34*01,SE TLSLTCAVY GGSFGG YYWSWIR QPPGKGL EWIGEIN HSGSTNYNPSLK SRVTISVD TSKN QFSLKLSS VTAADT AVYYCA KGVP VTTFYN YYGM DV WGQG TTVTVS S
IGHV4-39*01,ASE TLSITCIV SGGSIST AS CYWGWIR QPPGKGL EWIGSISY SGSTYNSPSL KSRVTMSVD TSKN QFSLKLSS VTAADT AVYYCA R HFLY GYSDYAGGFDPWGQG TLVTV SS
IGHV4-59*08,SA TLSLT CPVSGGS ISRYYWSWIRQ SPGKGL EWIGYIH HSGNTKYNPSLK SRVRFSVD TSKN QFSLKVTSVT AADT AVYYCARL KTLPKA LFGVV SNPSH LDVW GQGT TVTV SS
IGHV4-59*08,SE TLSLTCIV SGGSLS PYY WTWIR QPPGKAPE WIGYIYYN AESKYSGETNYNPSLKS RVTISVD MSKG RFSLNLSS VT AADTAVYYCARKIADAR GGGMD VW GLGT TVIL SS
IGHV4-39*01,SE TLSLTCSV SGGSISSSN YYWGWIR QPPGKG LGWIGSMY SSGSSYYNPSLQ SRVTESID TSKN QFSLRLSFVT AADT AVYFCA GSSCG IDCYI GGLRSWDYGM DV WGQG TTVTVS S
IGHV4-31*03,SE TLSLTCTV SGGSISSG GYYWSWIRQ HPGKGL EWIGYIYYS GST Y YNPSLK SRVTISVD TSKN QFSLKLSS VTAADT AVYYCA RTAA MVTWYFD YWGQG TLVTVS S
IGHV4-59*08,Q VQLQE SGPGL V KPSE TLSLTCTV SSGS I S GHYWGWIR QPPGKG LEFIGHVD YSGFTNYNPSLK SRVSI PMDTPRN QFSLKVTSVT AADT AVYYCA RRGT F CAGG QCEFDY WGQG ALVTVS S
IGHV4-59*01,SQ TLSLTCIV SGGS I N YYYWSWIR QPPGKGL EWIGYIQ DSGSTSYNPSLK SRVTMSMD MSKN QLSLKLSS VTAADT AVYYCARE YSSFDHWGQ GVLVTVS S
IGHV4-59*01,HV QLQQ SGPGL V KPSE TLSLSCNV SGAS IRHYYWSWVR QPPGKGL EWIGYIYYS GNTENNPSL RSRVTISVD TSKD QFSLKLKSV TAADT AIYYCAG RRDGHNYHG HYYELDVW GQG TTVTVS S
IGHV4-59*08,SE TLSLTCTV SGGSIS SYYWSWIR QPPGKGL EWIGYIYYS GSTNYNPSLK SRVTISVD TSKN QFSLKLSS VTAADT AVYYCARLV GYSSGQ LDY WGQG TLVTVS S
IGHV4-39*01,SE TLSLTCTV SGGSISSSN YYWGWIR QSPGKG LEWIGSVYS SGNSYYNPSLQ SRVRASVD TSKN QFSLRLSFVT AADT AVYYCA GSSCG IDCYI GGLRSWDYGM DV WGQG TTVTVS S
IGHV4-61*02,SE TLSLTCTV SSGS ISV G SYYWTWIR QPAGK RLEWIGRIHIS GSTNYNHSHKG RVSLSVD TSRN QFSLDLNFVT AADT AVYYCTRQ VDPYWYNG FDVW GPGT TVTV S
IGHV4-39*01,SE TLSLTCSV SG VSII SNSH YWAWH RQPPGMG LEWI GSGY YSGSVSY NPSLK RRVSISVD TSRN QFSLDLWSVT ATDT AIYYCAR NASLPKGDKRGH YF DHWGQGT QVTA SA
IGHV4-31*03,SQ TLSLTCTV SGGS I RSGDY SW N W IR QHPGKGL EWIGYIYY SGST Y YNPSLA SRVTMSVD TSKN QFSLKLSS VTAADT AIYYCA RDHTETSS LN FRN YYYYGMDI WGQG TTVIVS S
IGHV4-39*01,SE TLSLTCTV SGC SI SSSNY YWGWIR QAPGQG LEWIGSIYS SGNSSYSPSLQ SRVTESVA TSKNQ FSLRLSFVT AADT AVYYCA GSSCGL DCYI GGLRSWDYGMD V WGQ GITVTVS S
IGHV4-61*01,SE TLSLTCSV SGA S VSSRP FYWTWIR QPPGKGL EWIGYISY SGNTKYNPSLQ SRVAISMD TSRN QFSLGLSS VTAADT AIYYCVSY HDFWSGYPYASDIWGQG TMVTVS S
IGHV4-59*08,QV QLQE SGPGL V KPSE TLSLTCNV SGGS I S SHYWSWIR QPPGKGL EWIGHMF HSGATNQNPSLNS RVSLSID TSKS QFSLKLTSVT AADT AIYYCA SGMGRYSNQPLDNWGQG TLVTV S
IGHV4-39*01,SEP LSLTCAV SGDSISSTS YYWGWHL QPPGKGL EWIS N IFYDVITYY NPSLKSP VTISVD TSKN QFSLKLSS VTAADT AVYYCT RG VAIF GE VVIYYY G LDV WGQG TTVTVS S
IGHV4-59*01,SE TLSLTCTV SGGSIS SYYWSWIR QPPGKGL EWIGYIYYS GSTNYNPSLK SRVTISVD TSKN QFSLKLSS VTTADT AVYYCA RGLTGD YIGIYYYY GM DVWC KG TTVTVS S
IGHV4-30-2*01,SE TLSLTCAV SGGSLSSGG YSWSWIR QPPGKGL EWIGYIYH SGR TYY NPSLKS RVTISVD RSRT QFSLKLSS VTAADT AVYYCA RGGADSRG YLYYFD YWGQG TLVTVS S
IGHV4-39*01,SE TLSLTCTVS GGSISGS TYGWGWIR QPPGKGL EWIATLYY SGH TYY SPSLK SRVTVSVD KNKN QISLELRSV TAADT AVYYCW RPGV TTIR GPPR RLSYGMDV WGQG TTVTVS S
IGHV4-59*01,SE TLSLTCTV SGGSIS SYYWSWIR QPPGKGL GWIGYIYYS GSTNYNPSLK SRVTISVD TSKN QFSLKLSS VTAADT AVYYC ARGRP TVFSRTLVFD YWGQG TLVTVS S
IGHV4-39*01,SE TLYLTCSV SGGSISSSN YYWGWVR QPPGKGL EWIGSIYS SGNSYYNPSLQ SRVRAS ADTSKN QLSLRLSFVT AADT AVYYCA GSSCG IDCYI GGLRSWDYGM DV WGQG TTVTVS S
IGHV4-34*01,SES LSLTCAVY GGSFSG YYWSWIR QPPGKGL EWIGEIN HSGSTNYNPSLK SRVTISVD TSKN QFSLKLSS VTAADT AVYYCA RGPQKG ITIFGVVIINAVF DPGGQ GTLVTVS S
IGHV4-34*01,ET LSLTCAVY SDSFSG HFWTWTR QPPGQGL EWIGEIN HSGSTNSNPSL KRRVSLSVD ASKR QFSLKLRSV TAADT AVYYCA RGLGHLGDFKG FDLW GQGS LVTIS S
IGHV4-59*08,SE TLSLTCAV SGDSIN SFYWSWIR QPPGKGL EWIGYVFHT GDTNFNPSLK SRVTVSLD TSTS QVSLRLTSVT AADT AVYYCA RHPFATPFDHWGR GILVTVS S
IGHV4-39*01,SE TLSLTCTVS GGSISSSN YYWGWIR QPPGKGL EWIGSIYS SGSSYYNPSLQ SRVRASVD TSKN QISLRLSFVT AADT AVYYCA GSSW GIDCYI GGLR S WDYGM DV WGQG TTVTVS S
IGHV4-39*01,SE TLSLTCAV SGA S ISNTN YYWGWIR QPPGKGL EWIGSIYA SGNSYYNPSLQ SRVRGSVD TSKN QFSLRLSFVT AADT AVYYC GWSSC GIYCYI GGLR SW DYGMDGWGNGT TGTVS S
IGHV4-34*02,QV QLQQW GAGLLKPSE TVSLTCAVY GGSFS GYYWSWIR QPPGKGL EWIGEIN HSGNTNYTPALK SRVTISVD TSKK QVSLNLTSV TAGDT AVYYCA RCHPG RIEVA GGGG YYYYYMDV WGKG TTVAVS S
IGHV4-59*01,SE TLSLTRTV SGGS I S SYYWSWIR QPPGKGL EWIGYIYYS GSTNYNPSLK SRVTISVD TSKN QFSLKLSS VTAADT AVYYCARV G VW GSYRP YYFD YWGQG TLVTV SS
IGHV4-39*01,SE TLSLTCTV SGGSISSS NYYWGWIRQA TGKGL EWIGSIY SSGNSYYSPSLQ SRVTESVD TSKN QFSLRLSFVT AADT AVYYCA GSSCG IDCYI GGLRSWDYGMDVWGQ GITITVS S
IGHV4-39*01,SE TLSLTCAV SGDSISST SYYWGWIR KPPGKGL EWIGNIFY DG ITYY NPSLKS RVTISVD TSKN QFYLKLSS VTAADT AVYYCT RGV EM FG EVVFYYYGLYVW GQGT PVTF SS
IGHV4-39*01,SE TLSLTCTV SGGSISSSS YYWGWIR QPPGKG LEWIVSFY SSGST YY NPSLQ SRVTESVD TSKN QFSLRLSS VTAADT AVYYC AGSSCG IDCFI GGLR SW DYGMDVGGEG TTVTVS A
IGHV4-39*01,T LSLTCTV SGGS I RSSS YYWGWIR QPPGKGL EWIGSIYYS GS TY YNPSLKS RVTISVD TSKN QFSLKLSS VTAADT AVYYCA RGGYGD YEWYFD LWGRG TLVTV SS
IGHV4-34*01,SE TLSLTCAVY GGSFSG YYWSWIR QPPGKGL EWIGEIN HSGSTNYNPSLK SRVTISVD TSKN QFSLKLSS VTAADT AVYYCA RGFP YAITF G GVIVKR NG MDVW GQG TTVTVS S
IGHV4-34*01,SETLP LTCAVY GGSFNR YYWSWIR QPPGKGL EWIGEISH SGITNSNPSLK SRVTISVA SSKS QFSLKL DSVTAADT AVYYCARL QSVPG LFYVSWQY QG LDVW GQG TTVTVS S
IGHV4-34*01,QV QLHQW GAGLLKPSE TLFLTCAV TGA TFSGYYWSWIR QPPGQGL EWIGEIN LAGSTK Y SPSLNG RVTMALD TSKN QFSLD LN SVIA ADT AVYYCA RGPRISSGN Y EFPTK FW SHG TLVTVS S
IGHV4-59*01,SSE TLSLTCTVS GGSSSS YYWSWIR QPPGKGL EWIGYIYYS GTTNYNPSLKS RVTILID TSKN QFSLRLSS VTAAD TAVYYCA RSGGDR VE MP TLIDY WGQG TLITVS S
IGHV4-31*03,QM QLQE SGPGL V KPSE TLSLTCTVS GGSVNSGDS YWTWIR QHPGKGL EWIGQIYY SGST F YNPSLK SRVSSS LDTSQN QFSLRLTSV TAADT AVYFCA RGVAG SLAYFD FSGPG TRVTVS S
IGHV4-4*02,HV QLQE SGPG LV KPSG TLSLTCAV SGGSVNDDNW WSWVR QPPGKGL EWIGEIYHS RSTNYNPSLK SLVTVSV DTSRDQ FSLYLTSV TAAA TAVYYC AKNF FYSMDV WGQG TTVTVS S
IGHV4-59*01,HV QLQQ SGPGL V KPSE TLSLSCNV SGAS IRHYYWSWVR QPPGKGL EWIGYIYYS GNTENNPSL RSRVTISVD TSKD QFSLKLKSV TAADT AIYYCA GRRDGHNCHG HYYALDV WGKG TTVTVS S
IGHV4-39*01,SE TLSLTCTV SGGSISSSN YYWGWIR QAPGKGL EWIGSIYS SGNSYYSPSLQ SRVTESVD TSKN QLSLRLSFVT AADT AVYYCA GSSCG IDCYI GGLRSWDYGMD V WGQ GITVTVS S
IGHV4-34*01,SE TLYLTCTV NGA SL RGN YWTWIR QPPGKG LEWIGEV DHSGDTSYNPSLKS RVIISA ATSEN QFSLRMTSVT AADT AMYYCARVTMKY QLPRH FDL WGQG TLVTVS S
IGHV4-39*01,SES LSLTCTV SGA SI SSSNY YWGWLL QPPGKGL EWIGSIYS SGSSYYNPSLQ SRVRGSVD TSRN QFSLRLSFVT AADT AVYHC AGSSCG IDCYI GGLRSWDYGM DV WGQG TTVTVS S
IGHV4-31*03,SE TLSLTCTV SGDSISSGG YYWGWIR QHPGKGL EWIGYIYYS GST Y YNPSLE SRVTISLD TSKN QFYLKLTSV TAADT AVYYCA RNLYQADA FDIW GQG TMVTVS S
IGHV4-39*01,SE TLYLTCTV SGGSIS SSNFYWGWLRQ APGKGL EWIGSIY SSGNSYYSPSLQ SRVTESVD TSKN QFSLRLSFVT AADT AVYYCA GSSCG IDCYI GGLRSWDYGMD V WGQGI PVTV SS
IGHV4-39*01,SE TLSLTCTV SGGSITSPN YYWGWIR QAPGKGL EWMEWIGSFYY SGG TYY NPSLKS RLTMSVD TSKT QFSLRLT SATAAD TAVYYCARL SPLRDAYPPADSWGQ GILVTV SS
IGHV4-34*01,SE TLSLTCAVY GGSFSG YYWSWIR QPPGKGL EWIGEIN HSGSTNYNPSLK SRVTISVD TSKN QFSLKLSS VTAADT AVYYCA RGR Y SSSWYGLNHPFDYWGQG TLVTVS S
IGHV4-39*01,SE TLSLTCTVS GGSISSTN YYWGWIR QPPGKG LEWIASFY SSGNT YY NPSLQ SRVTKSV DSSKN QFSLRLTSVT AADT AVYYCA GSSCGRD CYI GG L R S WDYGM DVW GQG ATVTVS S
IGHV4-34*01,SE TLSLTCAVY GGSFSSH YWSWIR QPPGRG LEWVVEIN HSGSSTYNPSLK SRVTLSVD TSKM QFSLKLTS LNAAD MAVYYCA RGA SFGFLSAYS FGRGGPFDPWGR GVLVNV AS
IGHV4-59*01,SE TLSLTCSV SGAS ISTYYWSWIR QPPGKGL EWIGYMYYS GSTNYNPSLK SRVTISVN TAKN QFSLNLSS VTAADT AVYYCARLIFW SGHSEEKDQSW F APWGQG TLVTV SS
IGHV4-59*08,PSE TLSLTCTV SGGSI SGYFWSWIR QPPGKE LEWIGYIYYIG TTNYNPSPQN RVTMSVD TSKN QLSLRLTSVT ATDT AVYFCAR HNSPPRYADGDDA FHLW GQG TMVTVS S
IGHV4-39*01,T LSLTCTVS GGSISSSN YYWGWIR QPPGKGL EWIGSMYSI GSSYYNPSLQ SRVSESVD TSKN QFSLRLSFVT AADPA VYYCA GSYCG IDCYI GGLR SWE YG MDVW GQG TTVTVS S
IGHV4-39*01,SEP LSLTCTV SGA SI SSSNY YWGWLR QPPGKGL EWIGSMY SSGSSYYNPSLQ SRVRGSVD TSKN QFSLRLSFVT AADT AVYYCA GSSCG IDCYI GGLRSWDYGM DV WGQG TTVTVS S
IGHV4-39*01,LSRTDTVSGGS I RSSNY FWGLH RQPPGKGL EWLGSIY SSGNSY YNWSLQSRVRASVD TSKNQ FSLRLSFVT AADT AVYYC AGSSCG IDCYI GGLRSWDYGM DV WGQG TSVTVS S
IGHV4-39*01,T LTFTCTV SGGSISSSN YYWGWIR QAPGTG LEWIGSIYS SGTSSYSPSLQ SRVTESVD TSKN QFSLRLSFVT AADT AVYYCA GSSCG IDCYI GGLRSWDYGMD V WGQ GITVTV S
IGHV4-39*07,SE TLSLTCTV SGGSINTT SYYWGWLR QPPGKGL EWIGSIYY SGH TYY NPSLK SRVTIPV DTSKN QVSLKVKSVT AADT AMYYCA RD MVVV PG AIVLE PQNNYFDPWGQ GTLVTVS S
IGHV4-39*01,SE TLSLTCTVS GGSISSSN YYWGWIR QPPGKGL EWIGSIYS SGSSYYNPSLQ SRVTESID TSKN QFSLRLSFVT AADT AVYYCA GSSCG IDCYI GG LRSW DYGMDGWGQG TTVTVS S
IGHV4-31*03,SE TLSLTCSV SGASIGRG YY WSWIRQ FPGKGL EWLGYVYYT GT TYY NSSLKS RFSISVD TSEN QFSLRLSS VTAAD TAVYYCA RDSGPTD VRAFEIW GRG TLVTVS S
IGHV4-39*01,T LSLTCTV SGAPISSSN YYWGWIR QPPGKGL EWIGSIYS SGSSYYNPSLQ SRVRGSVD TSKN QFSLRLSFVT AADT AVYYCA GSSCG IDCYI GGLRSWDYGM DV WGQG TTVTVS S
IGHV4-39*01,SE TLSLTCTV SGGSISSSS YYWGWIR QPPGKGL EWIGSIYYS GS TY YNPSLKS RVTISVD TSKN QFSLKLSS VTAADT AVYYCA RQRES ITMIVVVQN W F DPWGQ GTLVTVS S
IGHV4-34*01,SE TLTLSYAIYGRF RGG YYWTWILQ SPGEGR EWIAEFN HSENTNYNPSPRS RVTISVD TSKN QFSLELRSV AAADT AVYYCARAAY DAGGY YGLDY WGQG TLVTVS S
IGHV4-34*01,SE TLSLTCAVY GGSFSSH YWAWIR QPPGKGL EWVGEIN HSGSSTYNPSLK SRVTMSVD TSKM QFSLKLTS VNAADT AVYYCA RGA SFGFLS G YS FGRGGPFDPWGQ GVLVTV AS
IGHV4-59*01,T LSLTCTV SGGSIS SYYWSWIR QPPGKGL EWIGYIYYS GSTNYNPSLK SRVTISVD TSKN QFSLKLSS VTAADT AVYYC ARGL TTVT TDYGM DVW GQG TTVTVS S
IGHV4-34*01,SE TLSLTCAV SGGSFS GYYWGWIR QPPGKGL EWIGEIN HAGSTNYNPSLK SRVTISLD KSKN QFSLKVTS MTAAD TA LYYCMM SKATRTDLWGQG ALVTV SS
IGHV4-39*01,SES LSLTCTV SGA SI SSSNY YWGWLR QPPGKGL EWIGSMY STGSSYYNPSLQS RVR G SV DTSRN QFSLLLTFL TAADT AVYYC AGSSCG IDCYI GGLRSWDYGM DV WGQG TTVTVS S
IGHV4-59*08,SE TLSLTCTV SGGSIS SYYWSWIR QPPGKGL EWIGYIYYS GSTNYNPSLK SRVTISVD TSKN QFSLKLSS VTAADT AVYYCA RGRG VWDY WGQG TLVTVS S
IGHV4-39*01,SETLP LTCTVS GDSMSSR RYYWGWIR QPPGKGRD WIGSISYS ASTNYTPSLKSRV PISV DTSKQ QFSLKLRSV TAADT AVYFCARQ IDS WHIVVVVS VPRGE PFYFESW GQG ALVTVS S
IGHV4-39*01,SE TLSLTCTV SGGSISSSS YYWGWIR QPPGQG LEWIGSIYS SGSSYYNPSLQ SRVSESID TSKN QFSLRLS SVTAAA TAVYYC AGSSCG IDCYI GGLRSWDYGM DV WGQG TTVTVS S
IGHV4-34*01,T LSLTCAVY GGSFSG YYWSWIR QPPGKGL EWIGEIN HSGSTNYNPSLK SRVTISVD TSKN QFSLKLSS VTAADT AVYYC ARG YVVVVA DTTE YYYYYGMD VWGQG TTVTVS S
IGHV4-59*04,SE TLSLTCAVY SGSFSG YYWSWIR QTPGKG LEWIG S R YSSGST YY NPSLQ SRVTESVD TSKN QFSLRLSFA TAADT AVYYC AGSSCG IDCYI GGLRSWDYGM DV WGQG TTVIVS S
IGHV4-61*02,Q VQLQE SGPGL V KPSE TLSLTCTV SGGSISSG TYYWSWIR QPAGKGL EWIGRIYIT GSTNYNPSLK SRVTISVD TSKN QFSLKLSSVT ASDT AVYWCA RDGRNDHG VLGF DPVGPREPWSPSPQ
IGHV4-61*02,SE TLSLTCTVS AGS I YSG SYYCSWLR QPAGKG LEWIGRT YPSGSTNYNPSLKSP VTISVD TSKN QFSLKLSTVT AADT AVYYCAR EG YY DDSGS YLEVLDY WGQGS LVTVS S
IGHV4-39*01,SE TLSLTCTVS SGSISNSND YWGWIR QPPGKGL EWIGSIY SSGTTYKNPSLQ SRVTKSVD TSKN QFSLRLTSVT AADT AVYYCV GSSCGRD CYI GG LRS WDYGM DVW GQG TTVTVS S
IGHV4-4*02,SET RSLTCTL SGASFSSRNWWGG V RQPPGQ RLQWIGAIYR TGRPTYNTSLE SRLTISL DKPRSQS SLTLTSVT AADT AVYYCMRV GSTWKTG AFEIW GQG TMVTVS S
IGHV4-39*07,SE TLSLTCTV SGGSISSSS YYWGWIR QPPGKGL EWIGSIYYS GS TY YNPSLKS RVTISVD TSKN QFSLKLSS VTAADT AVYYCA RDRGYNW NYYYYYGMDV WGQG TTVTVS S
IGHV4-30-4*01,SE TLSLTCTVS GGSISSGD YYWSWIR QPPGKGL EWIGYIYYS GST Y YNPSLK SRVTISVD TSKN QFSLKLSS VTAADT AVYYC A R E IFAITIFGVVTRWF DPWGQG TLVTVA S
IGHV4-61*01,SE TLSLTCAV SGY S ISSG YYWGWIR QPPGR TLEWIG STNYNPSLKS RVTISVD TSKN QFSLKL NSVTAAD MAVYYC AGGD IVA GTFPP LYYFAYW GQG TLVAVT S
IGHV4-39*01,SE TLSLTRAV SGDSISSTS YYWGWIR QPPGKGL EWI GN IFY G GITYY NPSLK SRVTISVD TSKN QFSLKLSS VTAADT AVYYCT RGV EIF G EVVFYYY G LDVW GQGT TVP VSS
IGHV4-39*07,QL QLQE SGPG LV KPSG TLSLTCTVS GDSLSRR SCFWGWIR QPPGKGL EWIGNICY GGT TYY NPSLNS RVTLSLD ASKN QFSLRLTSVT AADT AIYYCARD ITSSSG YYWGYW GQG TLVTVS S
IGHV4-39*01,SE TLSLTCTV SGGSISSSS YYWGWIR QPPGKGL EWIGSIYYS GS TY YNPSLKS RVTISVD TSKN QFSLKLSS VTAADT AVYYCA RHRPG FLGWLSFF DYWG QVTLVTV SS
IGHV4-39*01,SE TLSLTCTV SGGSISSSN YYWGWIR QAPGKGLD WIGSIY SSGYS Y YSPSLQ SRVTESVD TSKN QFSLRLSFVT AADT AVYYCA GSSCG IDCYI GGLRSWDYGMD V WGQ GITVTVS S
IGHV4-59*08,SE TLSLTCTV SGGSISPY YWSWIR QPPGRGL EWIAYIYS SGHTNYNPSLKG RVTISVD TSKN QFSLKL N S VTAADT AVYYCA RHPYSDGF DIW GQG TMVTIS S
IGHV4-39*01,SE TLSLTCTVS GGSISSSN YYWGWIR QPPGKGL EWIGSIYS SG ISYY NPSLQ SRVSESVD TSKN QFSLRLSFVS AADT AVYYCA GSSCG IDCYI GGLRSWDYGM DV WGPGT TVTVS S
IGHV4-4*07,Q VQLWE SGPGL V KPSE TLSLTCNV SG VSVSTFYWHWIR QSAGKGL EWIGRIYK TGTTDYNPSLK SRVSMSID TSRN QFSLRINSV TAADT ALYFCAR ASY GVYWF DHWGQGNPGPPSPQ
IGHV4-39*01,SETLSPT CTV SGGPISTSN YYWAWIR QTPAKGLD WLGRISY RGNSLYNPSLE RRVTIFE DTSTN HFSLTLTSVT ATDT AVYFCA SPPYDF WS VHPEYWGQG ALVSV SS
IGHV4-61*02,SE TLSLTCTV SGGSISSGS YYWSWIR QPAGKG LEWIGRIYT SGSTNYNPSLK SRVTISVD TSKN QFSLKLSS VTAADT AVYYCAR AAG RYY DSSGY YYLHWC DPGGQ GTLVTVS S
IGHV4-59*08,ET LSLTCTVS GDSNK YYYWSWIR QPPGKGL EWIGYIYYS GSTNYNPSLK SRVTISID KSKN QFSLKLSS VTAAD TA VYY CARQF RGLLRPNWFDPWGQG TLVP VST
IGHV4-39*07,QL QLQE SGPGL V KPSE TLSLTCTV SGGSISSSD YYWGWIR QSPGKGL EWIGSIHY RGS TY YNSSLK SRVTISVD TSKN QFSLKLSS VTAADT AMYYC ARG WYIDY WGQG TLVAVS S
IGHV4-34*01,SE TLSLTCAVY GGSFS GYYWNWIR QPPGKGL EWIGEIN HSGSTNYNPSLK SRVTISVD TSKN QFSLKLSS VTAADT AVYYCA RDSCSGGT CYT NW F DPWGQG TLVTVS S
IGHV4-39*01,SE TLSLTCTV SGGSISSSS YYWGWIR QPPGKGL EWIGSLYY SGS TY YNPSLKS RVTISVD TSKN QFSLKLSSVT AADT TVYYCARSVYC SGGR CYS S HYF DYWGQG TLVTVS S
IGHV4-34*01,SE TLSLTCAVY SGSFS GYYWSWIRQ TPGKGL EWIGEI NDSGSTKYNPALKS RVTISV APSKN QFSLKL NSVTAAD T AVYYC ARCS AAVVSHFMLLFANWYFDL WGRG TLVTV SS
IGHV4-39*01,SE TLSLTCAV SG VSVS SASHNWGWNRQPPGQGL EWIGNIFY DGS TYY SPSLQS RVTISVEM SKNQ FSLKLSS VTAADT AVYYCT RG VEI SG EVVLYYY G LDV WGQG TTVTVS S
IGHV4-59*06,NPSE TLSLTCTV SGGSIS SYYWSWIR QPPGKGL EWIGFIFY SGST Y YNPSLQ SRVSISVD TSKN LLSLKLASVT AADT AVYYCA RGGVNNWN YMGYFQIW GQG TVVTVS S
IGHV4-30-2*01,SE TLSLTCAV SGGSISSGG YSWSWIR QPPGKGL EWIGYIYH SGS TYY NPSSKS RVTISVD RSKN QFSLKLSS VTAADT AVYYCS GTDRYGDNH F D Y WGQG TLVTVS S
IGHV4-59*01,PSE TLSLTCTV SGGS ITSYSWTWIR QSPGKGL EWIGSFFYT GNTNYNPSLES RATISVD TSKN QFSLRLSS VTAAD TAVY Y CARR L Y SSGW SFWF DPWGQG TLVIVS S
IGHV4-39*01,SE TLSLTCTVS GGSISSSS YYWAWIR QPPGKGRE WIGSIFY TGR TYY RPSLQS RVALSVA TSKN QFSLRLSS VTAADT AVYYCLAEY SGS SLSIW GQG TLVTVS S
IGHV4-30-4*01,SET RCLTCTVS CGSISSGD YYWSWIR QPPGKGL EWIGYIYYS GST Y YNPSLK SRVTISVD TSKN QFSLKLSS VTAADT AVYYCARV MG RITIFGVVIIGWF DPWGQ GTLVTVS S
IGHV4-34*01,SE TLSLTCAVY NGSFK TYYWSWVR QSPGKG LEWIGEI NDGGIPHYNPSLES RVTISAD MSKN QFSLRLSS VTAADT AVYYCA RGI RGTIN ANS YYYGLDVW GQGT TATVS S
IGHV4-34*02,QV QLQQL GAGLLKPSE TLSLTCAV SDGAFS TYYWGWIR QPPGKGL EWIGEIN HSGSTNYNPSLK SRVTMSVD TSRN RFSLKLSCVT AADS AIYFCA RGGVDNSNYGG LF DSWGQG TLLTVS S
IGHV4-59*11,ET LSLTCTV SGGSISS HYWSWIR QPPGKGL EWIGYIYYS GSTNYNPSLK SRVTISVD TSKN QFSLKLSS VTAAD TAVYYCARLTRRWLQLHY Y YGMDVWGQG TTVTVS S
IGHV4-39*01,SES LSLTCTV SGGSISSSN YYWGWIR QSPGKGL EWIGSIYS SGSSYYNPSLQ SRVSESVD TSKN QFSLRLSFVTV ADT AVYYCA GSSCG IDCYI GGLR SW DYGMDVGGEG TTVTVA S
IGHV4-59*08,SE TLSLTCTV SGGSIS SYYWSWIR QPPGKGL EWIGYIYYS GSTNYNPSLK SRVTISVD TSKN QFSLKLSS VTAADT AVYYC AGSSCG IDCYI GGLRSWDYGM DVW GQG ATVTVS S
IGHV4-39*01,SE TLSLTCAV SGDSVSSA SYYWGWIR QPPGKG LEWIGNVFY DGS TYYTS SLQS RVTISVEM SKNQ FSLKLSS VTAADT AVYYCT RG VEI SG EVVLYYY G LDV WGQG TTVTVS S
IGHV4-61*02,SE TLSLTCSV SGGSINGE S YYWNWLRQS AGKGL EWIGRF SPW KITHY SPSLKS RVIISID TSKN QFSLELTSVT AADT AIYYCA RAPAYCSPAICPPEGA FDIW GQ GILVTV SS
IGHV4-39*01,SE TLSLTCTVS GGSINSSS YYWGWIR QPPGKGL EWIGSVYY SGS TY YNPSLKS RVTISVD TSKN QFFLKLTS VTAAH TAVYYC SRHGI YGGFGF DPWGQG TLVTVS S
IGHV4-39*01,SE TLSLTCTV SGGS I SSTSN YWGWLR QPPGPGL EWLGSFYS SGT ASF NPSLK SRVTISA DTSKN QFSLKL NSVTAADT AVYYCAR QDSSTK LQSW NRK TYYYGMDV RDQGT TVTVS S
IGHV4-39*01,SE TLSLTCTV SGA SV SSSS YFWGRI RPPPGKGL EWIVSIY SGG ITYY NPSLNSR ATISVD TSKK QFSLQLTS VTAAD T AMYYF ASTPV TMILVVITYYYFD LWGRG TLVTVS S
IGHV4-39*01,SE TLSLTRTV SGA SI SSSNY YWGWIR QPPGKGL EWIGSLY SSGNSYYNPSLQ SRVRGSVD TSKN QFSLRLSFVT AADT AVYYCA GSSCG IDCYI GGLRSWDYGM DV WGQG TTVTVS S
IGHV4-34*01,SE TLSLTCGV RGGSFSG YYWSWIR QPPGPGL EWIGEV NHDGS T HYNPSLKS RLTMSVD TYKN QVSLRLRS VTAADT AVYYCALRIQ SW FGFDYWGQG TLVTV SS
IGHV4-39*01,ET LSLTCTVS GDSMSSR RYYWGWIR QPPGKGL EWIGSISY SGSTNYNPSLK SRVTISVD TSKQ QFSLKLS SVTAAD TAVYFCAR QIDS WHIGVVVS VPRGEP FYFESW GQG ALVTVS S
IGHV4-31*03,SE TLSLTCTV SGGS I RSGDY SWNW IR QHPGKGL EWIGYIYY SGST Y YNPSLT SRVTTSVD TSKN QFSLKLSS VTAADT AIYYCA RDHTETSS LN FRN YYYYGMDI WGQG TTVIVS S
IGHV4-59*08,SE TLSLTCTV SGGSIS SYYWSWIR QPPGKGL EWIGYIYYS GSTNYNPSLK SRVTVSVD TSKN QFSLKLSS VTAADT AVYYCAR LGT F DCSSTSCYPR F DYWGQG TLVTVS S
IGHV4-59*01,PSE TLSLTCTV SGGSI SSYYWSWIR QPPGKGL EWIGYIYYS GSTNYNPSLK SRVTISVD TSKN QFSLKLSS VTAADT AVYYCARVE ETAM GILDY WGQG TLVTV SS
IGHV4-31*03,SE TLSLTCTV SGGSISSG GYYWSWIRQ HPGKGL EWIGYIYYS GST Y YNPSLK SRVTISVD TSKN QFSLKLSS VTAAD TVVYYCAR VPSK ITMIVVVI DGA FDIW GQG TMVTVS S
IGHV4-31*03,SE TLSLTCTV SGGSISSG GYYWSWIRQ HPGKGL EWIGYID YSGS TYY NPSLKS RVTISVD TSKN QFSLKLSS VTAADT AVYYCA RGG TIFGVVI RPPDYW R QG TLVTV SS
IGHV4-59*01,SE TLSLTCSV SGGSINNS YWTWIR QPPGKA LEWIGYIYFT GSTNYNPSLH SRVTISLD TSKN QFSLRLS SATAAD TAVYYCA SSPSEEDW GFFD YWGQ GILVTV SS
IGHV4-39*01,SE TLSLTCTVS GGSLSSSN YYWGWIR QPPGKGL EWIGSMY NRGSTYHNPSLKS RATISID TSSN QVSLRL DSMTAADT AVYYCV GSSCG IDCYI GGSRSWDYG MDIW GQG TTVTVS S
IGHV4-61*01,SE TLSLTCSV SGGY V N SVSYYWSWIR QPPGMG LQWIGYIFYS GSTSYNPSLK SRVTISV DTSKY QFSLKLTS MAAADT AVYYCARLAY CGGDCYSGFDSWGQG TLVTV SS
IGHV4-59*01,SE TLSLTCTV SGGSISSN Y WSWVR QSPGRGL EWIGYIYYR GSTNYNPSLE SRVTISVD TSKS QFSLRLSS VTAADT AVYYCARE TTNNWFDPWGPG TLVTVS S
IGHV4-31*03,SE TLSLTCSV SGTSIGRG YYWS WIRQ FPGKGL EWLGYVYYT GT TYY NSSLKS RLSISVD TSEN QFSLRLSS VTAAD TAVYYCA RDSGPTD VRAFEIW GRG TLVTVT S
IGHV4-59*02,SSE TLSLTCTVS AGS VSDFYWNWIRQ SPGKGL EWIGYVS DTGNTKYNPSLT SRLSLSVD TSRN RFSLRLSSVT TADSG VYYCATMSY DMLTGYRPLDFWGRG TLVTVS S
IGHV4-34*01,ET LSLTCAVY GGSFSG YYWSWIR QPPGKGL EWIGEIN HSGSTNYNPSLKS RVTISVD TSKN QFSLKLSS VTAAD TAVYYC ARGQKSSG WYV P YYY GM DV WGQG TTVTVS S
IGHV4-34*01,SE TLSLTCDF YGGSFR GYYWSWIR QPPGKGL EWIGELN HSGSTNYNPSLK SRVTISVD SSKN QFSLKL NSVTAAD TAVYYCA RGA RISMIVVVM PQAA FDIW GQG TTVTVS S
IGHV4-4*02,SE TLSLTCAV SGDSLRSSDW WSWVR QPPGKGL EWIGEIYH SGGPNYNPSLK SRVTISV DKSMN QFSLNL DSVTAADT AVYYCVC NG YYSLDY WGQG TLVTVS S
IGHV4-39*01,SE TLSLTCTV SGGSISSSS YYWGWIR QPPGKGL EWIGSIYY SGS TYY NPSPKS RVTISVD TSKN QFSLKLSS VTAADT AVYYCA RRGV LRYFDWLL DSGGMD V WGQG TTVTVS S
IGHV4-59*01,SE TLSLTCS MSGGS IRSYYWTWIR QTPGKGL EWIGYIYY NG IT NYSPSLKS RVTISIE TSEN QFSLKLN SMTGADT AVYYCA G LY SSSPS I D Y WGQG KLVIV SS
IGHV4-39*01,SE TLSLTCTV SGGSLW S SS HFWGWVR QPPGKGL EWIGSIYVYH GGS TFY NPSLK SRVTIS EDTPKN QFSLMLTSVT AADT AVYYCA RSGPGV QL DR RFVFDV WGQG TMVP VSS
IGHV4-59*11,SES LSLTCTV SGGSIS SHYWSWIR QPPGKGL EWIGYIYYS GSTNYNPSLK GRVTISLD TSKN QFSLKL N S VTAADT AVYYC ASTSPY YY DSSGY YLNYY G MDV WGQG TTVTVS S
IGHV4-4*07,PSE TLSLTCTVS GDSI SSYYWSWIR QPAGKGL EWIGRI YPTGSTNYNSSLK SRVTMSV DPSKNQ FSLNLIPV TAADT AVYFCA RGRTTLPR SYYLDL WGQ GILVTVS S
IGHV4-39*01,QL QLQE SGSG LV KPSE TLSLTCTV SGA SI SSSN YYWGWIS QPPGKGL EWIGTIY SGGT TYY NPSLKS RVTISVD TSKN QFSLMLNS VTAADT AVYYCA KTSSWYG AY WGQG TLVTVS S
IGHV4-59*08,QV QLQE SGPG VV KPSE TLSLTCSV SGGS IRSYYWSWIR QPPGKGL QWIGYVHYT GSTNYTPSLK SRVTMSVD TSKN QFFLKLNSVT ATDT AVYYCAR HTPSPGYYGSG TYTFEYW GQG VLVAVS S
IGHV4-39*01,SE TLSLTCSV SGGSISSSN YYWGWVR QPPGKGL EWIGSIYS SGNSYYNPSLQ SRVRA SADTSKNPSS LRLSFVT AADT AVYYCA GSSCG IGCYI GGLRSWDYGM DVW GQG TTVTVS S
IGHV4-39*01,SES LSLTCAV SGDTFS SASYYWGR LAPPPGQGRE SYSNIFY DGSTYDGPAL HSRVTISVEM SKSQ FSLKLSS VTAADT AVDY CTGGA EI SG EVVLYYF G LDVWAQ RN TVTVS S
IGHV4-39*01,SE TLSLTCSV SGA SI SSNNS YWGWVR QPPAMGL EWIGSISY NG NIYY NPSLKS RITISVD TSKR QFFLKFHS VTAADT AVYYCT KPAPWLGG IES WGQG TLVTVS S
IGHV4-31*03,SE TLSLTCSV SGASIGRG YYWSWIRQ FPGKGL EWLGYVYYT GT TYY NSSLKS RLSISVD TSEN QFSLRLSS VTAAD TAVYYCA RNSGPTD VRAFES WGRG TLVTVT S
IGHV4-39*01,SETR SLTCTV AGGSISRSN YYWGWIR QDPGKGL EWMGSIYS RGNSYYSPSLQ SRVTESVD TSKN QCSLRLSFVT AADT AVDYC AGSSG VIDCYI GG LRAWD YGMDVWGQ RLTVTVS S
IGHV4-39*01,SE TLSLTCTV SGGSISSSN Y YWGWIRQ APGKGL EWIWIIYS SGNSYYSPSLQ SRVTESVD TSKN QFSLSLSFVT AADT AVYYCA GSSCG IDCYI GGLRSWDYGMD V WGQ GITVTVS S
IGHV4-39*07,SE TLCLNCTV SGGS I SSGG YYWSWT RKPPGKGL EWIGEIN HSGSTNYNPSLK SRVTISVD TSKN QFSLKLSYV NAADT AVYYCA RDK IL SGRSA YYYGMVVWGRVTTVTV SS
IGHV4-61*02,SE TLSLTCTV SGGSISSGS YYWSWIR QPAGKG LEWIGRIYT SGSTNYNPSLK SRVTISVD TSKN QFSLKLSS VTAADT AVYYCA RDGAAGRRD FDLW GRG TLVTVS S
IGHV4-34*01,SE TLSLTCAVY GGSFSG YYWSWIR QPPGKGL EWIGEIN HSGSTNYNPSLK SRVTISVD TSKN QFSLKLSS VTAADT AVYYCASY DFWGQG TTVTVS S
IGHV4-39*01,SEA LSLTCTVS GGSISSSNY YWGWLL QPPGKGL EWIGSMY SSGSSYYNPSLQ SRVSESVD TSKN QFSLRLSFVT AADT AVYYCA GSSCG IDCYI GGLRSWDYGM DV WGQG TTVTVS S
IGHV4-39*01,SE TLYLTCTV SGGSISSSS YYW G W TRQPPGKGL EWI GS TYY SGS TYY NPSLKS RVTISVD TSKNQS SLKLSS VT AADTAVYYCARHLYQLL SGMDVWGQGT TVTVS S
IGHV4-59*01,SE TLSLTCTV SNGS ISSYFWSWIR QPPGKGL EWIGYVSH RGSTNYNPSLK SRVTISVD TSKN QFFLKLSS VTAADT AIYYC ASDRT V G KI RPWGQGH WF DPWGQG TLVTVS S
IGHV4-61*01,SE TLSLTCTV SGGS IHS Y NHYWTWIR QPPGKGL EYIGYIYFT GDTNYNPSLK SRVTISVD ASKN EFSLKVRSVA AADT AVYYCA RGSPGVGSTPG FYW GQG TLVTV SS
IGHV4-34*01,SE TLSVTCAVY GGSFS GYYWSWIR QPPGKGL EWIGEIN HSGSTNYNPSLK SRVTISVD TSKN QFSLKLSS VTAADT AVYYCA RGSYSSSWYGTRNWFDPWGQG TLVTVS S
IGHV4-39*01,SE TLSLTCTVS GGSISSSN YYWGWIR QPPGKGL EWIGSIYS SGSSYYNPSLQ SRVSESVD TSKN QFSLRLSFVT AADM AVYYCA GSSCG IGCYI GGLRSWDYGM DVW GQG TTVTVS S
IGHV4-39*01,SES LSLTCTV SGGSISG VTYYWGWLL QPPGQGL EWLGSISY SGDTHFNPSLK SRLTLSVD TSKS QFSLELSS VTAA DTA VYY CAR RGYSANSA A LD YWGQG TLVTV SS
IGHV4-38-2*02,Q VRLQ ESGPGL V KPSE TLSLTCAV SGY SISTAYYWGWIR QSPGKGL EWIGSI HPHSG LFYY NPSLE SRVTISLD TSNN QFSLRLTSVT AADT ATYYCA REGYSGYDFGGDFD Y WGQG TLVTV SS
IGHV4-39*01,SEP LSLTCTVS GDSMSSR RYYWGWLR QPPGKGL EWIGSISYS GTTNYNPSLK SRVTISVD TSKQ QFSLKLSS VTAADT AVYFCARQ IDSW HMVVVVS VPRGE PFYFES WGQG ALVTVS S
IGHV4-61*02,Q VQLQE SGPGLVKPSQ TLSLTCTV SGGSVSS SLYYWSWIR QPAGK RLEWIGRGYIS GTTDYNPSLE SRVTISL DTSKN LFSLKL N S VTAADT AVYYCARVHR RDGGS FDYW GRGTRGH RL L
IGHV4-39*01,SE TLSLTCTV SGGSISSSS YYWGWIR QPPGKGL EWIGSIYYS GS TY YNPSLKS RVTISVD TSKN QFSLKLSS VTAADT AVYYCATQIVVV PAAAP VLRYF DSLKGA WF DPWGQG TLVTVS S
IGHV4-30-2*01,QL QLQE SGSG LV KPSQ TLSLTCVVS GDSINSGG YSWSWIR RPPGKGL EWIGYAYH SGS TF YNPSLKS RVTISVD RSKN VFSLNLTS VTAADT AVYYCA RAGLGTPP YYIDVW GQGT TVTVS S
IGHV4-39*01,SE TLSLTCTVS GGSISGSNY GWGWIR QPPGKGL EWIGTFYY SGN TYY NPSLK RRITMSVD TSKN QFSLELRSV TAADT AVYYC SRPG FTVIR GPPR RLSYGVDVW GQGT TGTVS S
IGHV4-39*01,SE TLSLTCTV SGGSISSSS YYWGWIR QPPGKGL EWIGSIYY SGS TY YNPSLKS RVTISVD KYKN QFSLKLSS VT AADTAV Y YCAR LGL GLYLVYD FWRGYSS VTYGMDV WGQG TTVTVS S
IGHV4-39*01,LS LTCTVS GGSISDCTNY WGWIR QPPGKGL EWIGGMCY SGNTYHNPSLE SRVTMSVD TSKN QLSLKLSSV TATDT ALYYCAR HSDSSSW SAAFDI WGQG TMVTV SS
IGHV4-59*01,SE TLSLTCTV SGA SI SSS FWTWIR QPPGKGL EWIGYIFH SGGTNYNTNYNPSLKS RLTMSI DPSKS QFSLKL NSMTAADT AVYYCA RGAAMGPFDYWGQG ALVIVS S
IGHV4-34*01,T LSLTCAV NGGS FNDYFWTWIRQ SPGKGL EWIGEI SPGGV TK YNPSLKS RVTISLD TSKN QFSLGLTSVT AADT AVYYCA SLSPF CCY RNA FDI WGQG AMVTVS S
IGHV4-31*03,SEP LSLTCTV SGGPITRGG YHWTWLR QRPGQGL EWIGCIYYT GDT YY NTSLKSR TTISVD TVKN QFSLKLTS MTAAD TAVYYCA RGPGSFDSFWGPG ILVTV SS
IGHV4-34*01,SE TLSLTCAVY GGSFSDY SWTWIR QPPGKGL EWVGEIN HSGS IQY NPSLK SRVTISVD TSKN QFSLKLTSV TAADT AVYYCARLWL NRY YYYYAMDV WGHG TAVTV SS
IGHV4-59*01,Q VQLQE SGPGLVNPSE TLSLTCTV SGGS I S SYYWTWIR QSPVKGL EWIGYVYH TGTTNYNPSLK SRVTISID TSKN QFSLNLTS V T AADT AVYYCAR DLAGRSAPGA AVAMT SPNYD YYGLDVW GQG TTVSI SS
IGHV4-31*03,L SLTCSV SGASIGR GYYWSWIRQ FPGKGL EWLGYVYYT GT TYY NSSLK SRLSISVD TSEN QFSLRLSS VTAADT AVYYCA RDSGPTD VRAFEIW GRG TLVTVS S
IGHV4-4*02,SK TLSVTCAV SGDSISNN YWWTWVR QPPGKGL EWIGEIYH SGSSNYNPSLK SRVTISVD KSKN QFSLKLASV TAADT AVYYCARRVDVL TGSYD AFDI WGQG TMVTVS S
IGHV4-61*01,SE TLSLTCTVS GGSVSSG SYYWSWIR QPPGKGL EWIGYIYYS GSTNYNPSLK SRVTISVD TSKN QFSLKLSS VTAADT AVYYCA RDHLTQTGYSSG WAYFD YWGQG TLVTVS S
IGHV4-39*01,SE TLTLTCTV SGA SI RSSN YYWVWIP QPPGKGL EWIGSLY SSGNSYYNPSLQ SRVRGSVD TSKN QFSLRLSFVT AADT AVYYCA GSSCG IDCYI GGLRSWDYGM DV WGQG TTVTVS S
IGHV4-34*01,SE TLSVTFAV SGGSSSGYS WSWIRH FPGKG LAWIG DINHTGITNYNPSLR RRVTISVD TSKN QFSLKLSS VTAADT AVYYCVMS SGWLTRPFDHWGQG TLVTVS S
IGHV4-59*11,ETLS TSCTVS GGSISSH SWTWIR QPPGQ ALEWIGHIFYT GTTKSNPSL KSRVTISV DPSKK EFSLD LNSLT AADTAMYYCAGML CGNI GC YAGGRSNWFDPWGQG TLITV SS
IGHV4-39*01,SE TLSLTCTV SGGSISSTN YYWGWIR QPPGKGL EWIGSIYS SGSSYYNPSLQ SRVSESVD TSKN QFSLRLSFVT AADT AVYYCA GSSCG IDCYI GGLRSCDYG MDV WGQG TTVTVS S
IGHV4-39*01,SE TLSLTCTVS GGSISNTN YYWGWIR QPPGKGL EWIGSIYA SGNSYYNPSLQ SRVRGSVD TSKN QFSLRLSFVS AADT AVYYCA GSSCG IDCYI GGLRSWDYGM DVW GHG TTVTVS S
IGHV4-39*01,LS LTCSV SGGS I TTR SYYWAWIR QPPGKGL EWIGSVYY SGDT YY NPSLES RVTISV DPPKNQ FSLNLS SVTAADT AVYYC ARHPVR AEFD QWGLG TLLIV SS
IGHV4-59*01,SE TLSLTCTV SGDSIT DYYWSWIR QPPGKGL EWVGYVS HSGI TS YNPALQ SRVTISVD SSKK KFSLTLTSVT AADT GVYYCA RDRDPLPRGVPRGS YHYYYGMDV WGQG TTVAV SS
IGHV4-34*01,QV QLQQW GTGLLKPSE TLSLTCAVY GES FSFIT GAGF A SPHGKG LEWIGEITH TGRPNYNPSLK SRVTMSVD TSKN QFSLKLKS LT AADTAVYYCAR LGVEGD YVDVW GQGN TVTVS S
IGHV4-30-2*01,SETLSPT CV VPGC SI SSGGY SWSWIR QPLGRDL EWIGFVYQ SGR TYY NPSLKS RLTMSVD RSKN QLFLKLSS VTAADT AVYYC ASGAYSQTSPWFDTWGQG TLVTV SS
IGHV4-59*08,SE TLSLTCTV SGGF I S SYYWSWIR QPPGKGL EWIGYIYYS GSTNYNPSLK SRVTISVD TSKN QFSLKLSS VTAADT AVYYCARL EGY Y DFWSGY W APYGM DV WGQG TTVTVS S
IGHV4-59*01,QV QLQE SGPGL V KPSE TLSLTCTV SGGSISD YYWSWIR HAPREGTGVAW PHLLQWAT NYNPALR SRVTISVD TSKN QFSLKLTSV TAADA ATYYCAR TGDGE IFVFD YWGQG TLVSVS S
IGHV5-51*01,GE SLKISC KGSGYS FTSYWIGWVRQ MPGKGL EWMGII YPGDSDTRYSPSFQG RVTIS ADKS ISTAYLQWS SLKASDT A MYYCARFRINVVV PAAIPRNWFDPWGQG TLVTVS S
IGHV5-51*01,GE SLKISC EGSGYS FTSYWIGWVRQ MPGKGL EWMGII YPGDSDTRYSPSFQG QVTIS ADKS ISTAYLQWS SLKASDT AMYYCAR HKGSSWN YYGMDV WGQGT TVTVS S
IGHV5-51*01,GESL KS SCKGSGDS VTRYWIGWVRQ MPGKGL EWMGII YPGDSDTRYSPSFQG QVTIS ADKS ISTAYLQWS SLKASDT AMYYCA RHGPSSG WFYMFD YWGQG TLVTVS S
IGHV5-51*01,GE SLKISCKVS GYSFSN YWIGWVRQ MPGKGL EWMGII YPGDSET RY SPSFQG QVTIS ADKS ISTTYLQWSS LKASDT AMYYCAR QDYYGSGSYGTGG MDV WGQG TTVTVS S
IGHV5-10-1*01,GE SLKISC KGSGYS FTSYWISWVRQ MPGKGL EWMGR IDPSDSYTNYSPSFQG HVTIS ADKS ISTAYLQWS SLKASDT AMYYCAR HEGYSSSWGLGG YYYY GMDGWGEG TTVTVS S
IGHV5-10-1*01,GE SLKISC KGSGYS FTYYWISWVRQ MPGKGL EWMGR IDPGDSSTDYNPSFQG HVTMS ADKSIN TAYLHW SSLKASDT AIYYCVT RG FCI GGD CYSFGLDF WGQG TTVSVS S
IGHV5-51*01,GE SLKISC EGSGYS FTSHWIAWVRQ MPGKGL EWMGTI YPGDSDTRYSPSFEG QVTIS ADKSIN TAYLQWSS LKASDT AIYYCA RPEVYSGY ET WGQG TLVTV SS
IGHV5-51*01,GG SLKISC KGSG YI FTNYWIGWVRQ MPGKGL EWMGII YPGDSDTRYSPSFQG QVTI PADKS ISTAYLQWS SLKASDT A TYYC A RH QDLIDYY AGGG YAWF DPWGQG TLVTVS S
IGHV5-51*01,GEP LKISC KGSGY RFT TY W IGWVR QMPGKGL EWMGII YPGDSDI RY RPSFRG QVTIS ADKS ISTAYLQWS SLRASDT A MYYCARLIS RGTGYNYLDDWGQG TLVTV SS
IGHV5-10-1*01,GG YLKIP CKGSGY SLTCYWLRR VRPIPGKGPEWKGRNDPRE SYTKYRQ SFEG HVTIS ADKS ISTAYLQWS SLKASDT AMYYC ARD ITIFCE LGGMDVWGQG TTFTV SS
IGHV5-10-1*01,GE SLKISC KGSGYS FTSYWISWVRQ MPGKGL EWMGR IDPSDSYTNYSPSFQG HVTIS ADKS ISTAYLQWS SLKASDT AMYYCARTY DFWSGY Y TGMWGSDNYYG MDV WGQGT TVTV SS
IGHV5-51*01,GA YLKISC HGSGYS FSTYWIAWVR R IPGKG LEWMGTI YPDDSDTRYSPSFEG QVTIS ADKSI GTAYLQWNSLRV SDSA TYYCAR GVGSGS YLEFW GQG TLVSVS S
IGHV5-51*01,GE SLKISC KGSGYS FTSYWIGWVRQ MPGKGL EWMGII YPGDSDTRYSPSFQG QVTIS ADKS ISTAYLQWS SLKASDT A MYYCA R HVSFY GSALGYWGQG TLVTV SS
IGHV5-51*01,GE SLKISCK SSGYN FISYWIGWVR QMPGGG LEWMGIL YPGDSDTRYNPSFE RHVTIS ADKSIN TAYLQWN SLKASDT AIYYCA RRQSSFYGSGSVP HTVFDL WGRG TLVTVS S
IGHV5-51*01,ES LKISC KGSGY SFTTNWIAWVRQ MPGKGL EWMGII YPGDSDTRYGPSFR GQVTISA DTSTG TAFLQW DNLKASD TAVYYCARN LG FLAR FGDS YHFDFW GRG TLVTV SS
IGHV5-51*01,GCPKLSPKRSRYSSTR YWIGWVLP MPGKGL EWMGLI FPDDSDARYSPSFEG QVTISA DKSNSS AYLQWS NLKASDS AIYFCAR LNQPANIG AFD YWGQG TLVTV SS
IGHV5-51*01,GE SLKISC QGSGYS FTNYWIGWVRQ MPGKGL EWMGIIY PNDSNSRYSPSFQG QVTFSV DKSIN TAYLQWRSL KASDT AMYFCAR PIGDCYRG TCYSEF DYWGQEN LVSVA S
IGHV5-51*01,ES LKISCQ ASGY R FS SSWIAWVRQ MPGKGLE SMGMI FPGDSDTRYSPSFQG QVTIS ADKS I N TAYLQWNT LKASDT AMYFCTRLTAV SGGGYNGM DV WGQG TTVIVS S
IGHV5-51*01,GE SLKISCQ ASGY TFTSYWIGWVRQ MPGKGL EWMGIVY PADSNTKYSPSFR GQVTMSA DKSTG TAYLQWSS LKASDT AIYYCA RHE RYYT SRGYYPMQWGQG TLVTVS S
IGHV5-51*01,GE SLKISC KGSRY R FSAYWIAWMRQ TPGKGL EWMGVI YPGDSDTRYSPSFKG QVTIS ADKS ITTAYLQW SSLKASD SAIYYCAILGI LVE PIESWGQG TLVTVS S
IGHV5-51*01,GE SLKISC KGSGYS FTSYWIGWVRQ MPGKGL EWMGII YPGDSDTRYSPSFQG QVTIS ADKS ISTAYLQWS SLKASDT AMYYC AGTGYSPYSGY DV WGQG TLVTV SS
IGHV5-51*01,GESL KS SCKGSGYS FTRYWIGWVR PMPGKGL EWMGII YPGDSDTRYSPSFQG QVTIS ADKS ISTAYLQWSS LKASDT AMYYCA RPRSSWDYGM DV WGQG TTVTVS S
IGHV5-51*01,GE SLKISCRA SGYSFT NYWIIWVRQ MPGKG LECVGIIY PDDSDTRYSPSFQG QVTIS ADKS ITTAYLEWSR LKASDT ATYFCAR HRALDGID Y WGQG TLVTV SS
IGHV5-51*01,GE SLKIP CKGSGY SFTSYWIGRVRQ MPGKGL EWMGII HPGDSD TIY SPSFQG QVTIS ADKS ISTAYLQWS SLKASDT AMYYCAR DSYGFGG WYYYYGMDV WGQG TTVTVS S
IGHV5-51*01,GE SLKISCQ ASGY TFSTHWIGWVRQ TPGTG LEWVSII YPGDSD IRY SPSFQGQ ATMSLD WSSS TIYLEWSS LEASDT GIYYCVK SDGS SWIFGLAEY FPDWGQG TLVTVY S
IGHV5-51*01,GE SLKISC QGPG YIF N TYWIGWVRQ RPGKG LEWIGIF RPADSDI RY SPPLRG QVTMSA DKSTN TAYLQWSS LRASDT AIYYCAS RKDAVGAPFDDWGQG TLVTV SS
IGHV5-51*01,GE SLKISCE ASGYS F T SH WIAWVR QMPGKGL EWMGTI YPGDSDTRYSPSFEG QVTIS ADKS ISTAYLQWS SLKASDT AIYY GARPE IY SGYENWGQG TLVTV SS
IGHV5-51*01,GE SLKISC KGSGYS FTSYWIGWVRQ MPGKGL EWMGII YPGDSDTRYSPSFQG QVTI PADKS ISTAYLQWS SLKASDT AMYYCARH DYDSSGY YYGYYYYGMD VWGQG TTVTVS S
IGHV5-10-1*01,GA SLKISC KGSGYS FTRYWISWVR PMPGKGL EWMGRI DPSDSYTNYSPSFQG HVTIS ADKS ISTAYLQWS SLKASD TA MYY CARQ HL L ADWFDPWGQG TLVTVS S
IGHV5-51*01,GE SLKISC KGSGYS FTSYWIGWVRQ MPGKGL EWMGII YPGDSDTRYSPSFQG QVTIS ADKS ISTAYLQWS SLKASD TAMYYCARLI GG YYY DSSGY WWVGYFD YWGQG TLVTVS S
IGHV5-51*06,E VQLVQ SGA EVK KPGE SLKISC KGSGY RF S SYWIAWVR QMPGKGL EYMGIIF PGDSDTR Y IPSFEG QVTFSV DKSID TAFLQWTS LETSDT AMYYCARLY SNSSYNWFD PWAREL WSPSPQ
IGHV5-51*01,GE SLKISC KGSGYR FTTYWIAWVRQ MPGKGL EWMGII YPGDSETR Y SPSFEG QVTIS ADNSI NTAYLQWS SLKASDT AMYYCARR VKDFDTTGYYSPY SYYFD YWGQG TLLTVS S
IGHV5-51*01,GE SLKISC KGSGY SFTAYWIGWVRQ MPGKGL EWMGIIFAG ESDTRDSPSL QGHVTIS ADTSIN TAYLQWSSLR VSDTA TYYCARMWR YGAGYGM DF WGQGT TVSV S
IGHV5-51*01,GEP MTLSC RGSGYT FTNSWIAWVRQM SGSGL ECMGII SPLDSI TR YSPSFQG QVTMSV DKSIN TAYLQW SSLEAS DTAMYYCAR QGCDTTSC HTIDY WGQG TLVAV SS
IGHV5-51*01,GE SLKISC KGSGYS FTSYWIGWVRQ MPGKGL EWMGII YPGDSDTRYSPSFQG QVTIS ADKS ISTAYLQWS SLKASDT AMYYCA RHEW RY SYG YYYYGMDV WGQG TTVTVS S
IGHV5-10-1*01,GE SLKISC KGSGYS FTSYWISWVRQ MPGKGL EWMGR IDPSDSYTNYSPSFQG HVTIS ADKS ISTAYLQWS SLKASDT AMYYCARRIAVA DTGGDYWGQG TLVTV SS
IGHV5-51*01,GE SLKISCK ASGYSFT N YWIGWVR QMPGKGL EYMGII YPGDSDTRYSPSFQG QVTIS ADKA INTAYLHWS SLRASDT AMYYCA SSVHQ L G YYY G MDV WGQGT TVTVS S
IGHV5-51*01,GE SLKISCK SSGYS FTRYWIVWMR QRPGKGL ECLGIIY PGDSDTRYNPPFQG QVTISV DGPT RTTYLQWSS LKASDT ATYYC GRHD ILTATD VWGQG TTVTVS S
IGHV5-10-1*01,GE SLKISC KGSG YNFISYWITWVRQ MPGKGL EWMGR IDPSDSYSNYSPSFQG HVTLS ADKSI NTVYLQWS SLKASDT AMYYCARHVVGVS ANT WF DPWGQG TLVTV SS
IGHV5-51*01,GE SLKISCK ASGY TFTDYWIGWVRQ MPGKGL EWMAII NPGDSAT RY SPSFRG QVTISV DKSIS TTYLQWN SLKASDT AMYFCA RQSPI HLGY WGQG TLVTVS S
IGHV5-51*01,GE SLKISC RGSGYT FTNSWIAWVRQMS GRGL ECMGII SPLDSIT R YSPSFQG QVTMSV DKSIN TAYLQW SSLEAS DTAMYYCAR QGCDTTSGH TIDY WGQG TLVAV SS
IGHV5-51*01,GE SLKISCK ASGY SF TSN WIGWVRQ MPGKGL EWMGII YPGDSDTRYSPSFQG QVTM SAGK SISTAYLQWS SLKASDT AMYYC ARGPM YYD FWSG YLVDY WGQG TLVSV SS
IGHV5-51*01,GE SLKISC QGFGYS FTSYWIGWVR QMPGKGL EWMGII YPGDYDTTYSPSLQG QVTISV DKSI STAYLQWSR LKASDT AMYYCARR TNSGTS WF DTWGQG TLVTV SS
IGHV5-51*01,S LKISC KGSGYK F T NY WIGWVR QMPGKGL EWMGII WPDDSDTRYSPSFQG QVTIS ADKS ISTAYLQWSS LKASDS AIYYCA TPGIETTPW GFVFW GQG TLVTVS S
IGHV5-51*01,E VQLVQ SGA EVK KPGE SLKISC KGSGYNFKN YWIGWVRQ MPGKGL EWMAIIY PTDSETKYSPSFQG HVTIS ADRS VSTAYLHW SSLEASD T AIYYC ARQLRE FQGSE WYYYYYMDV WGQG TTVTVS S
IGHV5-51*01,GE SLKLSC KGSGYS FTTYWIAWVRQ MPGKGL EWMGII YPGDSDI RY SPSFQG QVTMS TDKSFS TAYLQWS SLKASDT AMYYCA RHGGSGWH GYYYGMDV WGQGT TVTVS S
IGHV5-51*01,ES LKIS GKVPGYS FSTFWIGW GRQMPGKGL EWMGII YPDDSDTRYSPSFQG QVTISV DKSIS TAYLQWRS LKASDT AMYYCARR AGGG ISWF DPWGQG TLVTVS S
IGHV5-10-1*01,GE SLKISC KGSGYS FTSYWISWVRQ MPGKGL EWMGR IDPSDSYTNYNPSFQG HVTIS ADKS ISTAYLQW SSLKASD TAMYYCARHL EGYCSGGSCLN WF DPWGQG TLVTV SS
IGHV5-51*03,E VQLVQ SGA EM KKPGE SLKISC KGSGYSFPN YWIGWVRQ MPGKGL EWMGII YPGDSDTR Y IPSFQG QVTFS ADKS ISTAYLQWS SLKASDT AIYYC ARGNTVP HFW GQG TLVTV SS
IGHV5-51*01,ESLKIPFKGSGY SLTSYWIGWVRQ IPGKG LELMGIIYHCYS YTRYSPYFQG QVTIS AGK SISTTYLQWSS LKASDT AMYYCARFD LGSGW YGSFDY WGQG TLVTVS S
IGHV5-10-1*01,GAC LK NSRKGSGYS FTRYWISWVR PIPGKGL EWMGRI DPSDSYTNYSPSFQG HVTIS ADKS ISTAYLQWSS LKASDT AMYYCA SPNHVDKSY YGMDV WGQG TTVTVS S
IGHV5-10-1*01,GA SLKIS GKGSGY SFTSYWISWVRQ MPGKGL EWMGR IDPSDSYTNYSPSFQG HVTIS ADKS ISTAYLQW SSLKAS DTAMYYCAR HLD IVLMVSLVNWF DPWGQG TLVTVS S
IGHV5-51*01,GE SLKISC KGSGYA F T NFWIVWVR QRPGKG LEWMGSI YPGDSDSRISPS FE D QAT V S AD RSISTAFLQL NGLKASDS AVYYCA RRNYFDSSGYTGEDA FDI WGQG TIFTV SS
IGHV5-10-1*01,GE SLKISC QGFGY TF TD YWITWVR QMPGKG LEWMGRI DPSASDSPS FQGHVTIS ADKS I N TVYLQWSS LKASDSG IYYCAR RGSWSSGRN FYYH G MDV WGQG TTVTVS S
IGHV5-51*01,GE SLKISC KGSGYS FTSYWIGWVRQ MPGKGL EWMGII YPGDSDTRYSPSFQG QVTIS ADKS ISTAYLQWS SLKASDT AMYYCAR SASGV SYWKRYFQ HWGQG TLVTVS S
IGHV5-10-1*01,GA SLKISC KGSGY SFTRYWISWVRQ MPGKGL EWMGR IDPSDSYTNYSPSFQG HVTIS ADKS ISTAYLQWS SLKASDT AMYYCA RHSA Y CSGGS CYQLF DPWGLG TLVTVS S
IGHV5-51*01,GE SLKISC KGSGYS FTSYWIGWVRQ MPGKGL EWMGII YPGDSDTRYSPSFQG QVTIS ADKS ISTAYLQW SSLKASD TAMYYCAR HGMLST AMVTVYYYY GIDGWGHGP TVTV SS
IGHV5-51*01,GE SLKISCK ASG YIFT D YWIGWVRQ VPGKGL EWMGIIY PSDSDDRYSPSFQG QVTISV DK SIAT AYLQ W SGLRASD TAIYYCARAV LIYHFEY WGQG TLVTV SS
IGHV5-51*01,GESPK ISCE ASGYSFT SH WIAWVR QMPGKGL EWIGTI YPGDSDTRYSPSFEG QVTIS ADKS ISTAYLQWS SLKASDT AIYYCA RPE I YSGYENWGQG TLVTV SS
IGHV5-51*01,GE SLQISC KGSGY TFT SH WIGWVRQ LPGKGL EWMALI YPGDS RIIY SPSFQG QVTIS ADKS IS TADL QW S S LKASD SAM YY CAR RGVG VTT DYWGQG TLVTV SS
IGHV5-51*01,GE SLKISC KGSGYS FTSYWIGWVRQ MPGKGL EWMGII YPGDSDTRYSPSFQG QVTIS ADKS ISTAYLQWS SLKASDT AMYYCAR RS TVT TGEFDPWGQG TLVTV SS
IGHV5-51*01,GA SLKISR KGSGYSLN QYWIAWVR PMPGKGL EWMGII YPGDSET RY SPSFQG QVTIS ADKS ISTAYLQWS SLKASD IAMYYCA RP LV ADGDDA FDIW DPGT MVTVS S
IGHV5-51*01,GES RKISC KGSGYS FTSYWIGWVR QMPGKGL EWMGII YPGDPDTRYSPSFQG QVTIS ADKS ISTAYMEL SGLGSGD TAVYYCAR VGP FYYYMDV WGKG TTVAVS S
IGHV5-51*01,GE SLKISC KGSGYRFT NNWIGWVRQMS GKGL EWVGII NPGDSETRYGPSFQG QVTISV DTS IR TAFLQ W SSLKASD SAMYYCA TQGCT SISC N TVDF WGQG TLVTV SS
IGHV5-51*01,GE SLKISCE ASGYS F TS H WIAWVR QMPGNGLD WMGTI YPGDSDTRYSPSFEG QVTIS ADKS ISTAYLQWSS LKASDT AIYYCA RPE I YSGYENWGQG TLVTV SS
IGHV5-51*01,GE SLKISC KGSGY TFTSYWIGWVR QMPGRGL EWMAIIY PGDSDTKYSPSFQG QVTIS ADKSIN TAYLQWSS LKASDT AMYYCA RPGSDGSAW G Q GTLVTVS S
IGHV5-51*01,S LKISCE ASGYSFP SHW IAWV R QMPGKGL EWMGTI YPGDSDTRYSPSFEG QVTIS ADKS ISTAYLQWSS LKASDT AIYYCA RPE I YSGYENWGQG TLVTV SS
IGHV5-51*01,GE SLKISCKV SGY TFTNYCIAWVRQ VPGKGL EYLGIIY PDDSDTSYSPSFQG QVTIS ADKSINTAFSQW SS LRASDT AIYYCAR TTSGPWNWFDHWGQG TLVTV SS
IGHV5-51*01,GAP LKISC KGSGYS FTSYWIGWVR PMPGKGL EWMGII YPGDSDTRYSPSFQG QVTIS ADKS ISTAYLQWS SLKASDT AMYYCATVLTF GG VIVYFD YWGQG TLVTVS S
IGHV5-51*01,GA SLKSS CEGSGY TITHYWIGWVR PIPGKGL EWLGFIY PADSDTRYSPSFQG QVTFS ADK SIGIAYLQWS SLKAPDTA TYYCARLQY DSGS FDFW GQG TLVTVS S
IGHV5-51*01,GE SLKISCK ASGYR F T D YWIAWVR QMPGKGL EWMGLI YPGDSDTRYSPSFKG HVTL SGDKA INTAYLQWSSV RASDT AIYYCA RHSAPYFENNR FDVW GQG TTVTVS S
IGHV5-51*01,GE SLNLSCKA SGYS FSTYWIGWVRQ MPGTGL EWMGII YPGDPDTRYSPSFQG QVTISA DKSTS TAYLQWRS LKASDS A MYYCA R YGAYDYGP I DYWGQG TLVTV SS
IGHV5-51*01,GE SLKISCK ASGY TF SN YWIGWVRQ MPGKGL EWMGVI YPGDSDTRYNPPFQG QVTLS ADK TITTAYLQWS SLKASDT AMYYCVR HPTNDCTSGS CHRVGVW GQG TAVTVS S
IGHV5-51*01,GE SLKISCKA SGYDFPSH WIGWVRQ LPGKGL EWMGVI YPGDSDTRYSPPFQG QVTIS ADKSIN TAYLQW SGLQASDT AMYFCA RGH AYNYRSLNY CGQGT QVTVS S
IGHV5-51*01,GE SLKISCR TSGYT F TNYWI AW VRQ MPGKGL EWMGII YPGDSDTRYSPSFQG QVTISA DKSTS TAYLQWSS LKASDT AMYYCAR QDLARDCSSTS CRFYYGMDV WGQG TTVTVS S
IGHV5-51*01,E VQLVQ SGA EVK KPGD SLKISC KGSGYSFT N YWIAWVR QMPGTGL EWMGFV YPGDSDTRYSPSFQS QVTISV DKSI STAYLQWS SLKASD TAMYYCAR VGLAPE VYYYYYYMDV WGKGT PVTV SS
IGHV5-51*01,GE SLKISC QGSGYT FSTYWIHWVRQ MPGKGL EWMGII YPGDSDTRYSPSFQGQFPISVDKSIN TAYLQWS SLKASDT AIYYCARL KQPAAGT YYYYAMDV WGQG TTVTVS S
IGHV5-10-1*01,GG SLKISC NGSGYS FTHYWISWVR HIPGKGL E WL GKIDPSDSYINDSPSFQG HVSMSV DTSI STAYLQWS SLKASD TA MYY CAR LGGSGSYDG FDL WGQG TLVTVS S
IGHV5-51*01,GE SLKISCK ASGY TFTSYWIAWVR QMPGKGL EWMGVI YPGDSDTRYSPSLQG QVTIS ADKS ISTTFLQWS SLEASDT AMYYCA RTNY Y ETSG WAVG LSPFDLWGRG TMVTVS A
IGHV5-51*01,GE SLKISC KGSGYGFTTN WIGWVR QTPGKGL EWMGIV YPGDFDNRYSPSFQG HVTISV DNSI STAYLQWS SLRASDT AMYYCAR LGGGASG WY EGRGDFD C WGQG TLVTV S
IGHV5-10-1*01,ES LKISC KGSGYSF NSYWISWVRQ MPGRGREGV GRI DPSDSYTNYSPSFQG HVTIS ADKS ISTAYLQW NSLKASDT AMYYCARL DESSGY GTYYFDY WGQG TLVTL SS
IGHV5-51*01,GA SLKISCE ASGYSF TSHWIAWVRQ MPGKGL EWIGTI YPGDSDTRYSPSFEG QVTIS ADKS ISTAYLQWS SLKASDT AIYYCA RPE I YSGYENWGQG TLVTV SS
IGHV5-10-1*01,GE SLKISC KGSGYS FTSYWISWVRQ MPGKGL EWMGRI DPSDSYTNYSPS FQVNVTI PADKS ISTAYLQWS SLKASDT AMYYCA SARKYSSG WYVL DG MDV WGQG TTVTVS S
IGHV5-51*01,GE SLKISCK TSGY TFKKYWIGWVRQ MPGKGL EWMGII YPGDSDA TYSS SFEG QVTISV DESSS TAYLQWSS LKASD TALY YCVR LSMIG YL G I DPWGQG TLVTV SS
IGHV5-51*01,GE SLKISC KGSG YSFISYWIGWVRQ MPGKGL EWMGII YPGDSDTRYSPSFQG QVTIS ADKPI STAYLQWS SLKASDT AMYYCAR RGSSWYAPDYWGQG TLVTVS S
IGHV5-10-1*01,GE SLKISC KGSGYS FTSYWISWVRQ MPGKGL EWMGR IDPSDSYTNYSPSFQG HVTIS ADKS ISTAYLQW SSLKASD TA MYYC AR HGGDG ITIFGVVIIGWF DPWGK GTLVTVS S
IGHV5-51*01,GE SLKISCK ASGY SF TSN WIGWVRQ MPGKGL EWMGII YPGDSDT RV SPSFQG RVTMSV DKSIN TAYLQWRS LKASD TAIFYCA RPGIGGAG FDY WGQG TLVTVS S
IGHV5-10-1*01,GE SLKISC QGSGYT FSTYWIEWVRQ MP E KGL EWMGRI DPSDSYTNNSPSFQG HVTISV DKSI ATAYLQWSS LRASDSA TYFCA RR RIAVA GN YYHY G MDV WGQG TTVTVS S
IGHV5-51*01,GE SLKISC KGSGY R FTSYWIGWVRQ MPGTGL EWVGII YPGDSDTRYSPSFQG QVSIS ADKA ISTAYLQW SSLKASD TA IYYCARIVAVQV R GVITTHY YDGM DVW GQG TTVTV S
IGHV5-51*01,GE SLKISC QGSGYT FSTYWIDWVRQ MPGKGL EWMGII YPGDSDTRYSPSFQG QVTISV DKSIN TAYLQWSS LKASDT AIYYCARL KQPAAGT YYYYGMDV WGQG TTVTVS S
IGHV5-51*01,GE SLKISCKA SG YVF SDK WIGWVRQ MPGKGL EWMGS VFPGDSDTR YS SSFQG QVTIAV DKSIS TAYLQWRS LKASDT AIYYCS RSISSST WSYAMDV WGQG TTVIVS S
IGHV5-51*01,GE SLKISCK ASGYS F S SYWIGWVRQ MPGKGLE SMGII YPGDSN IIY SPSFQG QVTISV DRSI TTAYLQWSR LKASDTA TYYCA RG Y CPGG ICYFY PSHAFDSWGQG TMVTVS S
IGHV5-51*01,GE SLKISC KGSGYS FTNYWIGWMRQ MPGKGL EWMGII YPGDSDTTYSPSFQG QVTIS ADKS ISTAYLQWS SLKASDT AIYYCAR HEGGFD Y WGQG TLVTV SS
IGHV5-51*01,GE SLKISC KSS VYNFISYCIG WVRQ IPGGC LEWLGIL YPGDSDTRYNPS FVVHVTI SSDKS INTAYLQWN SLKASDT AIYYCAR RQSSFYGSGSVP HTVFDL WGRG TLVTVS S
IGHV5-51*01,GG SLKISC KGSGYSFTN SWIGWVR QMPGKS LEWMAIIY PGDSDTKYSPSFQG QVTVS ADKS ISTAYLQLTS LKASDT AMYYCA RLPSVVAPRMRG TFDIW GQG TMVTVS S
IGHV5-51*01,K ISC KGSGYS FTSYWIGWVRQ MPGKGL EWMGII YPGDSDTRYSPSFQG QVTIS ADKS ISTAYLQWS SLKASDT A MYYC A RSLT AFSV VP AAW LGWF DPWGQG TLVTVS S
IGHV5-10-1*01,GE SLKISC KGSGYS FTSYWISWVR QMPVKGL EWMGR IDPSDSYTNYSPSFQG HVTIS ADKS ISTAYLQW SSLKASD TAMYYCARLM TTVT TDWFDPWGQG TLVTVS S
IGHV5-51*01,GE SLKISC KGSGYS FTSYWIGWVRQ MPGKG LAWMGII HPGDSDTRYSPSFQG QVTIS ADKS ISTAYLQWS SLKASDT AMYYCAR RGGN SLLYYFD YWGQG TLVTVS S
IGHV5-51*01,GE SLKISCK GSGRNFNN FWIAWVR QTPGKGL EWMG G I YPDYSYSRYSSSYQG QVTFSA DSSTS TVYLQWN SLTASD TAIYYFA RQGT EVSTKVSYL YPMDVWGQG TTVIVS S
IGHV5-51*01,GE SLKISC KGSGYS FTSYWIGWVRQ MPGKGL EWMGII YPGDSDTRYSPSFQG QVTIS ADKS ISTAYLQWS SLKASDT AMYYCA RQPGI AAAYW GQG TLVTVS S
IGHV5-51*01,GE SLKISF KGSGYS FTSYWIGWVRQ MPGKGL EWMGII YPGDSDTRYSPSFQG QVTIS ADKS ISTAYLQWS SLKASD TAMYYCARQ RGYSYGYG AFDI WGQG TMVTV SS
IGHV5-51*01,GE SLKISC KGSGYS F TSY WIGWVR KMPGKGL EWMGII YPGDSDTTYSPSFQG QVTIS ADKS ISTAYLQWS SLKASDT AMYYCAR HDN VAL SNGR YYWYGLDV WGQG TTVTVS S
IGHV5-10-1*01,GE SLKISC KGSGYS FTTYWITWVRQ MPGKGL EWMGK IDPGNSNTKYNPSFEG HVTFL ADKSID TAYLQWST LQSSDT A MYY CAR HRN LLPLL NSFDFWGQG TMVTV SS
IGHV5-51*01,GE SLKISC KGSGYS FSDYWIGWVRQ LPGKGL EWMGII YPDDSETKYSPSFQG QVTMSV DTSI STAYLQWS SLKASDT A MYYCA R QSIGA RI G NL GVNSGW F DPWGQG TLVTV SS
IGHV5-51*01,GE SLKISCE ASGYS F T SHW IAWV R QMPGKGL EWMGTI YPGDSDTRYSPSFEG QVTIS ADKS ISTAYLQWS SLKASDT AIYYCA RPGICSGYENWGQG TLVT V
IGHV5-51*01,GESR K LSGKGSGYSFSN YWIGWVRQ MPGKGLD WMGII YPGDSDTRYSPSFQG QVTISV DKT ISTAYLEWTS LKAAD TAVYYCARR RETSGWSRES HFNY WGQG TLVTV SS
IGHV5-51*01,GG CLKIS GKGSGY RF S RYWIAWVR PMPGKG LEWMGII HPGDSDTRYSPSFQG QVTIS ADKS ITTAYLQWS SLKASDT AMYYCAR QGGDDN YFYGMDVW GHG TTVIVS S
IGHV5-51*01,GE SLKISC QGSGYT FTNYWIGWVRQ MPGKGL EWMGIIY PSDSDPKYSPSFQG QVTFSL DKSIN TAYLQWS SLKASD T AIYY CAR HGHWP YYYF DSWGQG TLVTV SS
IGHV5-51*01,GE SLQISC KGSGYS FTNYWIGWVRQ MPGKGLD WMGII YPGDSDTRYSPSFQG QVTISV DKT ISTAYLQWTS LKAAD TAVYYCARR RETSGWSRESH FNY WGQG TLVTV SS
IGHV5-51*01,E VQLVQ SGA EVKK LGD SLKISC KGSGYSFT N YWIAWVR QMPGTGL EWMGFV YPGDSDTRYSPSFQS QVTISV DKSI STAYLQWS SLKASD TAM YYC AR VGLTPEG YYYYYYM DGWGKGT PVTVS S
IGHV5-10-1*01,GA YLKISR KGSGY SFTRYWISWVR PIPGKGL EWMGRI DPSDSYTNYSPSFQG HVTIS ADKS ISTAYLQWS SLKASDT AMYYCA RHE WIFGVD YGM DV WGQG TTVTVS S
IGHV5-10-1*01,GE SLKISC KGSGYS FTSYWISWVRQ MPGKGL EWMGR IDPSDSYTNYSPSFQG HVTIS ADKS ISTAYLQWS SLKASDT AMYYCAR QNYYDSSGYPPPLDYWGQG TLVTV SS
IGHV5-51*01,GE SLKISC KGSGYS FTSYWIGWVRQ MPGKGL EWMGII YPGDSDTRYSPSFQG QVTIS ADKSL STAYLQWS SLKASDT AMYYCA RSGTSNWFDPWGRG TLVTVS A
IGHV5-51*01,GE SLKISC KGSGYS FTSYWIGWVRQ MPGKGL EWMGII YPGDSDTRYSPSFQG QVTIS ADKS ISTAYLQWS SLKASDT AMYYCA RHHTLGTGW DLYYFD YWGQG TLVTVS S
IGHV5-51*01,CKGSGY SLTSYWIGWVRQ MPGNGL EWMGII YPGDSDTRYSPSFQG QVTIS ADKS ISTAYLQWSS LKASDT AMYYCA RHSMYSSSWNPGY YYGMDV WGQGT TVTVS S
IGHV5-51*01,GA SLKISCKV SGY TFTTYWIGWVRQ TPGKG LEWMGIIY PPDSDSRYSPSFEG QVTISV DKSI STVYLQWS SLKASDT AMYYCVR PRRG YYGV GSYFPWFDSWGQG TLVTVS S
IGHV5-51*01,ES LKISC KGSGY SFTSYWIGWVRQ MPGKGL EWMGII YPGDSDTRYSPSFQG QVTIS ADKS ISTAYLQW SSLKAS DTAMYYCARQ RGYSYGYG AFDI WGQG TMVTVS S
IGHV5-51*01,ES LKISY EGSGYSF TSHWIAWVRQ MPGKGL EWMGTI YPGDSDTRYSPSFEG QVTIS ADKSIN TAYLQWSS LKASDT AIYYCA RPE V YSGYENWGQG TLVTVS S
IGHV5-10-1*01,GE SLKISC KDSGYS F TNYWINWVRQ MPGKGL EWMGRI HPSDSYTNYSPSFQG HVTISV DKSI STAYLQWSS LKASDT AMYYCAS FPYGD YSVDFW GQG TLVTVS S
IGHV5-51*01,GE SLKISC KGSGY SFASHWIAWVRQ MPGKGL EWMGII YPGDSD IIY SPSFQG QVTIS ADKS ISTAYLQWS SLKASDT AMYFCA RRGLGATSRW F DPWGQGTP VTVF S
IGHV5-51*01,GE SLKISC QGSGYS FADYWIGWLRQ MPGKGL EWMGVI HPGDSDTRYSPSFQG QVTISV DKSI STAYLQWS SLKDSD TAMYYCARA AHVKG YYGMDV WGQGT TVTVS S
IGHV5-10-1*01,E VQLVQ SGA EVK KPGE SLRISCAA TSNTFPN YWIAWVRQ MPGKGLE WLGKI DPSDSH INY NPSFEG HVTISV DKSIN TAYLQWNS LKASDTA SYYCARI LPTKC LGAFYIW GQG TLVTVS S
IGHV5-51*01,GE SLKISCK TSGYSFT D YWIGWVRQ MPGKGL EWMRFIY PSDSGTRYSPSFQG QVTIS ADKS ISTVYLYWS SLRASDT AIYYCVR AEDY LWE KHR YSYHFDF WGQG TLVTVS S
IGHV5-51*01,GE SLKISC KGSGYS FTSYWIGWVRQ MPGKGL EWMGII YPGDSDTRYSPSFQG QVTIS ADKS ISTAYLQW SSLKASD TAMYYWARH KGYSSS WYGY WGQG TLVTV SS
IGHV5-51*01,GE SLKISC KGSGYS FTSYWIGWVRQ MPGKGL EWMGII YPGDSDTRYSPSFQG QVTIS ADKS ISTAYLQW SSLKA SDTAMYYCAR RGI TF GGVGEDYWGQG TLVTVS S
IGHV5-51*01,GA SLKISC KGSGYS FTSYWIGWVRQ MPGKGLE SMGII YPGDSDTRYSPSFQG QVTIS ADKS ISTAYLQW SSLKASD TAMYYCAR HGY YYYGMDV WGQG TTVTVS S
IGHV5-51*01,GE SLKLSC KGSGYS FTSYWIGWVR QMPGKGL EWMGII YPGDSDTRYSPSFQG QVTIS ADKS ISTAYLQWS SLKASDT AMYYC ARGP IAA AG LF DYWGQG TLVTV SS
IGHV5-51*01,GG SLKISCE ASGYS F TS HWIAWVRQ IPGQG LEWMGTI YPGDSDSRYSPSFEG QVTIS ADKS ISTAYLQWS SLKASDT AIDYC ARPE IY SGYENWGQG TLVTV SS
IGHV5-10-1*01,GG SLKISCKA SGYSFPD LWIIWVR PVPGKGL EYLGR IDPADS FID YSPAFQG HVTFSV DKSI STAYLQWS SLKSS DTAMYFCARL GLQ R R F DHWGQG TLVTV SS
IGHV5-51*01,GE SLKISCQ ASGYSFTD YWIGWVRQ VPGGGLD WMGIV YPGDSTTRYGPSFQ GHVTISA DESTT TAYLQWTTLQ ASDT AIYYCAIHD YGDMTG YW GQG TLVTVS A
IGHV5-51*01,GES RKISC KTSGFD FRNYWIGWVRQMA GKGL EWMGVI FPGDPDIKYSPSFQG QVTIS ADTSI NTAYVQW NSLQAPDT AIYYCA RAPTFGVEP YYFDY WGPG TVVTV SS
IGHV5-51*01,GE SLKISC KGSGYS FTSYWIGWVRQ MPGKGL EWMGII YPGDSDTRSSPSFQG QVTIS ADKS ISTAYLQWS SLKASD TAMYYCARQ RGYSYGYG AFDI WGQG TMVTV SS
IGHV5-51*01,GE SLKISC KGSAYNF TTYWIGWVR QMPGKGL EWMGII YPGDSDTRYSPSFQG QVTIS ADKS ISTACLQWS SLKASDS AMYYCAR FPDYWGQG TLVTVS S
IGHV5-51*01,GE SLKISC KGSGYS FTTYWIGWVRQ MPGKGL ECLGVI HPGDSDTRYSPSFQG QVTIS ADKS ISTAYLQWS SLKASDT AMYYCA RYPKNYY DVTGYFDL WGQG TLVTVS S
IGHV5-51*01,GEP LKISC KDSGHR F S TKWIGWVRH MPGRGL EWMGIIY PGNSDTRYSPSFQG QVTIS ADTS ITTAYLQWS SLKASDT ATYYC PSPDRRR TSLYIFDV WGQGT KVTVS S
IGHV5-51*01,GE SLTISC KGSGYS FTSYWIGWVR QMPGTGL EWMGII YPGDSDTRYSPSFQG QVTIS ADKS ISTAYLQWS SLKASDT AMYSCARQEVV GG KVDYW GQG TLVTVS S
IGHV5-51*01,GGCL K SSSQAPGY TL THD WIRWVR PISGKGL EWMGISYR GDSSSTYSPSFQG QVTIS ADKS ISTAYLQWS SLKASDT AMYFCA RGA AVVYFY G M DVWGQGT PVTVS S
IGHV5-51*01,GE SLMISC QGSGYR FSTYWIGWVRQ MPGKGL EWMGII YPGDSDTRYSPSFQG QVTIT ADQSIN TAYLQW TGLKASDT AIYFCARRF FDYDENER AYHFDY WGQG TLVTVS S
IGHV5-10-1*01,GAC LK SSSKASGYNISPY WISWVR PIPGKGLESMG R IDPSDSY LN YSPSFQG HVTISV DKSVS TAYLQWS SLQASDT AIYYCA RHVPTS I WGQG TVVTVS S
IGHV5-51*01,GE SLMISC KGSGYRFS DYW IGW VR Q LPGKGL EWMGVI YPDDSDARYSPSFQG QVAFSV DKS IGVAYLHW SSLKTSDT AIYYC ARRP MLV GA RHFDL WGRG TLVTVS S
IGHV5-51*01,GE SLKISC KGSGYS FTNYWIGWVRQ MPGKGL EWMGVI YPGDSDTRYSPSFEG QVIIS TENSIN TAYLQWSS LRASDT AMYYCA RKPWGYD IRTSY YNGNSGGSFDPWGQG TLVTVS S
IGHV5-51*01,E VQLVQ SGA EVK KPGD SLKISC KGSGYSF TNY WIAW VR QMPGTGL EWMGFV YPGDSDTRYSPSFQS QVTISV DKSI STAYLQ WSSLKASVTAMYYCARV GLTPEGY YYYYYMDV WGKGT PVTVS S
IGHV5-51*01,GE SLKISCK ASGYS FVSYWIGWVR QMPGKGL EWMGII YPGDSETR Y SPSFQG QVTISV DKSI STAYLQW NSLRASDT A MYFC ASFA TMV PYY YG LDV WGQGT TVTV SS
IGHV5-10-1*01,GSR KMSC KGSGYS FTSYWISWVRQ MPGKGL EWMGRI DPSDSYTNYSPSFQG HVTIS ADKS ISTAYLQWSS LKASDT AMYYCA SRVDT AYYYYGMDV WGQG TTVTVS S
IGHV5-51*01,GE SLKISC KGSGYS FTSYWIGWVRQ MPGKGL EWMGII YPGDSDTRYSPSFQG QVTIS ADKS ISTAYLQWS SLKASDT AMYYC A RHDA VF DTAMARP YYYYGMDV WGQG TTVTVS S
IGHV5-51*01,GE SLKISC KGSGYS FTSYWIGWVRQ MPGKGL EWMGII YPGDSDTRYSPSFQG QVTIS ADKS ISTAYLQWS SLKASDT AMYYCAR LPGSYD YVWGSYRF AN F DYWGQG TLVTV S
IGHV5-51*01,GE SLKISCT ASGYSFS KYWIGWVRQ TPGKGL EWMGFIY SDES LIRY SPSFEG QVTIS ADNS ISTAYLQWS SLKASDT AIYYC GRYGLSGNG FLSYLYY GMDFWGQG TAVTVS S
IGHV5-51*01,GE SLKISC KGSGYS FTSYWIGWVRQ MPGKGL EWMGII YPGDSDTRYSPSFQG QVTIS ADKS ISTAYLQ WSSL KALDTAMYYCAR FRT LRDFW NLGG YYYYGMDV WGQGT TVTVS S
IGHV5-51*01,GA SLKISC KGSGYS FTSYWIGWVRQ MPGKGL EWMGII YPGDSDTRYSPSFQG QVTIS ADKS ISTAYLQWS SLKASDT AMYYC ASGGYSSYN WF DPWGQG TLVTV SS
IGHV5-51*01,GA CLKISC NGSGYS FTRY WIGWV RPMPGKGL EWLGII YPGDSDTRYSPSFQG QVTIS ADKS ISTAYLQWS SLKASD TAMYYCAATLLWFGEL SNWGQG TLVTVS S
IGHV5-10-1*01,GE SLKISC KGSGYS FTSYWISWVRQ MPGKGL EWMGR IDPSDSYTNYSPSFQG HVTIS ADKS ISTAYLQWS SLKASD TA MYY CA RHSLP WYFD LWGRG TLVTV SS
IGHV5-51*01,GE SLKISC KGSGYS FTSYWIGWVRQ MPGKGL EWMGII YPGDSDTRYSPSFQG QVTIS ADKS ISTAYLQWS SLKASDT AMYYCA RDRPSSSWYGWSE YYYYGMDV WGQG TTVTVS S
IGHV5-51*01,G VYLKISCQ TSGFNFAP HWIAWVR PVPGKG LEYVGSI YPDDSDSRYNPTFQD HVAIS ADKSTS TAYLQWSTL KASDS AVYYCAR LGQ TVWGLFD HWGPG TLIAV SS
IGHV5-51*01,GE SLKISC KGSGYSFDT HWIGWVRQ MPGKGL EWMGSI YPGDSDTRYSPSFQG QVTIS ADKSISN AYLQWRS LKASDT AMYYCARLET VGGSLGG MDV WGQGT TVNV SS
IGHV5-10-1*01,GA SLKISC KGSGYS FTSYWISWVRQ MPGKGL EWMGR IDPSDSYTNYSPSFQG HVTIS ADKS ISTAYLQW SSLKASD TA MYYCAR ISNL QLLFT GYNW F DPWGQG TLVTVS S
IGHV5-51*01,GE SLTLSC KGFG YT FGN YWIGWVRQ IPGTGL EWLGII SPSDS VARY RPSFQG QVTIS ADTSI NTAYLQW SGLKASDT ALYYCVRQ YSSAFDYWGQG TLVTVS S
IGHV5-51*01,GE SLQISC QGSGY RFSIHCFGWVR QAPGKG LEWMGGI CPGDSDGR Y SPSFQG RVRVSV DKSF STVYVQWN NLKTSDT AMYYCAR HPMGGYYGSTGTPMD A FD LWGQG TLVFV SS
IGHV5-51*01,GGSL KSS CKRSGYN FISYWIGWVRQ MPGGG LEWMGIL YPGDSDTRYNPSFEG HVTIS ADKSIN TAYLQW NSLKASDT AIYYCA RRQSSFYGSGSVPH TVFDL WGRG TLVTVS S
IGHV5-51*01,GE YLKISCS ASGYDFSRH WIGWVRQ IPGKG LEWMGIV YPGDSDTRYSPSFQG RVTIS ADKS IATAYLQWS SLKASDT AMYYCARATVY SDYGSWGQ GTLVTVS S
IGHV5-51*01,GE SLKISC KGSGYR FTSYWIGWVRQ MPGKGL EWVGII YPGDSDTRYSPAFQG QVTIS ADKA ISTAYLQW SSLKASD TA IYY C ARIVAVQV R GVITTHY YDGM DVW GQG TTVTV S
IGHV5-51*01,GE SLKISC KGSGYS FTNQWIAWVRQ MPGKGL EWMGII YPGDSESTYSPSFQG QVTFS ADKS ISTVYLQWS SLKASDT A MYYCA R QAT RQDAFDIW GQG TLVNV SS
IGHV5-51*01,GEP LKIYC KGLGYS FTSYWIGWVRQ MPGKG LVWMGII YPGDSDTTYSPSFQGPVTLPAEKSIS TAYLQ W SSLKASDT AMYYCA RHDN VAL SNGR YYWYGLDV WGQG TTVTVS S
IGHV5-51*01,GES RKISC QGSGY KFSTYWIGWVRQ MPGRGL EWMGAI YPGDSDTT Y SPSFQG QVTIS ADESI NTAYLQW NTLGAADS AIYYCA RHPQSY C VPGT CYSTWYID LWGRG TLVTVS S
IGHV5-51*01,GE SLKISC KGSGYS FTSYWIGWVRQ MPGKGL EWMGII YPGDSDTRYSPSFQG QVTIS ADKS ISTAYLQW SSLKAS DTAMYYCARQAL SGYSY GLSWYFD LWGR STLVTVS S
IGHV5-51*03,E VQLVQ SGT EVK KPGE SLKISC KGAGY SFTTHWIGWVRQ MPGKGL EWLGIIY PDDSDT RIRLSF RG QVTISV DTS ITTAYLRW DSLKASDT AMYYCVSSV VGPPR FLD WHADYWGQG TLVTV SS
IGHV5-10-1*01,GE SLKISC KGSGYS FTSYWISWVRQ MPGKGL EWMGR IDPSDSYTNYSPSFQG HVTIS ADKS ISTAYLQWS SLKASDT AMYYCA SAG FY CSGGSC YSLFD YWGQG TLVTVS S
IGHV5-51*01,GE SLKISC KGSGYS FTSYWIGWVRQ MPGKGL EWMGII YPGDSDTRYSPSFQG QVTIS ADKS ISTAYLQWS SLKASDT AMYYCA RSSPYPPVW SWF DPWGQG TLVTV SS
IGHV5-51*01,GE SLKISC KGSGY R FSN YWIGWVRQ MPGKGL EWMGII YPGDSH TMY SPSFQG QVTISA DKSTS TAFLQWRS LKASDT AMYYCARHVV GREN VVVSMDV WGQG TTVTVS S
IGHV5-51*01,GE SLKISC KGSGYS FTSYWIGWVRQ MPGKGLD WMGII YPGDSTTR Y SPSFQ GLVTISA DKSTS TAYLQWSS LKASDS AIYYCVRH DPGGTTSLG ELLVFD YWGQG TLVTVS S
IGHV5-51*01,GE SLKISC KGFGYNFTN YWIGWVRQ MPGTGL EWMGII YPGDSNTKYSPSFQG QVSIS ADKS ISTAYLQWS SLKASDT AMYYCAR HDYFSNYDHAN YYYYYYMDV WGKG TTVTVS S
IGHV5-51*01,GE SLKISC KGSGYS FTSYWIGWVRQ MPGKGL EWMGII YPGDSDTRYSPSFQG QVTIS ADKS ISTAYLQW SSLKASD TAMYYCARQTAMVLGIYYYYAMDV WGQGT TVTVS S
IGHV5-51*01,GA SLKISC QGSGYSFS TSW IAWVR QKPGKGL DWMGII YPGDSDTTYSPTFQG QVTIS ADKSIN TAYLQWSS LKASDT AVYYCAR HDALGG WYFDL WGRG TLVTV SS
IGHV5-51*01,GE SLKISCK ASG YIFT NY WLGWVR QLPGKGL EWMGTI FPSDSDTRYSPSFRG QVTISVD KFNN VAYVQFN SLKASDT AMYFC GRRAT TTTFID HWGQG TQVTV SP
IGHV5-51*01,GE SLKISC KGSGYS FTSYWIGWVRQ MPGKGL EWMGII YPGDSDTRYSPSFQG QVTIS ADKS ISTAYLQW SSLKAS DTAMYYCAR ANVP AAIVSAF DPWGQG TLVTV SS
IGHV5-51*01,GE SLKISC EAF GYD FIGYWI G WV R QLPGKGL EWMGIM YPNESDI R YNPAFEG HVTM SADKS INTAYLQWISQ KTSD SAMYYCVRA GL SA AGW EFQ DRWGQG TLVTV SS
IGHV5-51*01,GE SLKISC KGSGYS FTSYWIGWVRQ MPGKGL EWMGLI YPGDSDTRYSPSFQG QVTIS ADQS ISTAYLQWSS LKASDTS MYYCAMLS TSGPGWFDPWGQG TRVTVT S
IGHV5-10-1*01,GESPKSSCKGSGYS VTNYWISWVRQ MPGKGLE WM GKIDPSDSYINDSPSFQG HVSMSV DTSI STAYLQWS SLKASD TAMYYCAR LGGSGSYDG FDL WGQG TLVTVS S
IGHV5-51*01,GE SLKISCK ASGY RLTNYWIAWVR QTPGRG LEWMGII YPGDSDTRYSPSIQG QVTIS ADKS ISTAYMQW NSLKASDTA TYYC GRCRSGHGFD AFDV WGQGT KVIVS S
IGHV5-51*01,GE SLKISC KGSGDT FYKNW IGWVRR MPGKGL EWMGIIY PADSDTRYSPSFR GQVTISA DRSTS TAYLQWSS LKASDT AMYYCA RGVPG IAFDV WGQG TMVTVS S
IGHV5-51*01,GE SLIISC KGSGYSS TSYWTGCVRQ MPGKG LAWMGII YPGDSDTRYSPSFQG QVTIS ADKS ISTAYLQW SSLKA SDTAMYYCARRLAA AGV MDVW GQGT TVTVS S
IGHV5-51*01,GG YLKISC KGSGYK F TSHWIGWVRQ MPGKGL EWMGIIY GGDSDTRYNPSFQG QVTMS ADKS ISTAYLQW NSLKAPDTA MYYCAIWR YFDW VPI DYWGQG TLVTV SS
IGHV5-51*01,GE SLKISC KGSGYS FTNYWIAWVRQ MPGKGL EWMGII YPGDSETRYSPSFQG QATI SGDKS ISTVYLQW NSLKASDT AMYYCAR SSRVGAPTPLANWGQG TLVIVS S
IGHV5-10-1*01,GE SLKISC KGSGYS FTNYWNSWVRQ MPGKGL EWM GKIDPSDSYINDSPSFQG HVSMSV DTSI STAYLQWS SLKASD TAMYYCAR LGGSGSYDG FDL WGQG TLVTVS S
IGHV5-51*01,GE SLKISC KGSGYS FTSYWIGWVRQ MPGKGL EWMGII YPGDSDTRYSPSFQG QVTIS ADKS ISTAYLQWSS LKASDT AMYYCVR PTLNAGGA F D Y WGQG TLVTV SS
IGHV5-10-1*01,GE SLKISC KGSGYS FTSYWISWVRQ MPGKGL EWMGR IDPSDSYTNYSPSFQG HVTIS ADKS ISTAYLQW SSLKAS DTAMYYCARLHTIF GVNYGMDVWGQ RTTVTI SS
IGHV5-51*01,ES LKISCK GSGNS FTTYWIGWVRQ MPGKGL EWMGVI YPGDSDTRYSPSFQG QVTIS ADKS ISTAYLQWSS LKASDT AMYYCARL KTGGDYG YEYYGMDV WGQG TTVTVS S
IGHV5-51*01,GE SLKISC NGSGY SFTSYWIGWVRQ MPGKGL EWMGII YPGDSDTRYSPSFQG QVTIS ADKS ISTAYLQWS SLKASD TAMYYCASLSSWYERFFDYW GQG TLVTV SS
IGHV5-51*01,GE SLKISC KDSGHR FSTKWIGWVRH MPGRG LEWMGIIY PGNSDT RYSLSF QG QVTIS ADTS ITTAYLQWSS LKASDT ATYYCA SPDRRR TSLYIFDV WGQGT KVTVS S
IGHV5-51*01,GE SLKISC KGSGYS LTSYWIGWVRQ MPGKGL EWMGII YPGDSDTRYSPSFQG QVTIS ADKS ISTAYLQWS SLKASDT A MYYCARLTYY YGSGSYYNGGM DV WGQGT TVTV SS
IGHV5-51*01,GE SLKISC KGSGYS FTSYWIGWVRQ MPGKGL EWMGII YPGDSDTRYSPSFQG QVTIS ADKS ISTAYLQWS SLKASDT AMYYFA RHPPYYGSGSPPPDYWGQG TLVTVS S
IGHV5-51*01,E VQLVQ SGA EVK KPGE SLKISC KGSGY SFTSYWIGWVRQ MPGKGL EWMGII YPGDSDTRYSPSFQG QVTIS ADKS ISTAYLQWS SLKASDT AMYYCAR QNEYGD YW AGQDA FDI WGQG TMVTVS S
IGHV5-51*01,GE SLKISCK ASGYSLTNN WIGWVRQ LPGKGL EWMGII NPSDFET RY SPSFQG QVTIS ADRS ISTAYLQWS SLKASD TAIYYCA TQGC ISISCYTV DSWGQ GTLVTVS S
IGHV5-51*01,GE SLKISC KGSGYS FTSYWIGWVRQ MPGKGL EWMGTI YPGDPDTRYTPSFQG QVTIS ADKS ISTAYLQW SSLKAS DTAMYYCARQLFDGLQDY WGQG TLVTV SS
IGHV5-51*01,GE SLKISS KASGYSFSN YWIGWVRQ MPGKGL EWMGII YPGDSESRYSPSFQG QVTISA DKSMN TAYLQWSS LKASDT AMYYCAR SDTWANKN YYSLDVW GQG TTVIVS S
IGHV5-51*01,GA CLKISSK VSGYS F T RYWVVWVRP IPGKGL EWMGIIYR GDSDTRYSPSFQG QVTIS ADKS ISTAYLQWS SLKASDT AMYYCA RH RVV PAASWG YYYYGMDV WGQG TTVTVS S
IGHV5-51*01,GE SLKISC EGFGYD FIGYWIGWVRQ MPGKGL EWMGIV YPNESDI R YNPSFQG HVTIS ADKSIN TAYLQWRS LKASDT A MYYCVR AGLSAGG WELRD YWGQG TLVTV SS
IGHV5-51*01,GE SLKISC KGSGYSFT NHWIGWVR QMPGKGL EWMGVI YPGDSDTRYSPSFQG QVTIS ADTS ISTAYLQWS SLKASDT AMYYCA RR SLYYY DSRG FYF DSWGQG TLVTV SS
IGHV5-51*01,GE SLKISCK ASGYSFTNN WIGWVRQ MPGKGL EWMGII NP SD FETRYNPSFQG QVTIS ADRS ISTAYLQWS SLKASDT AMYYCA TQGCT SISCYTV DSWGQ GTLVTVS S
IGHV5-51*01,GE SLKISC KGSAYNFT TYWICWVRQ MPGKGL EWMGIIY PGDSDTRYSPSFQG QVTIS ADKS ISTAYLQW GS L KASDS AMYYCAR FPDYWGQG TLVTVS S
IGHV5-51*01,GE SLKLSC KGSGYS FTSYWIGWVR QMPGKGL EWMGII YPGDSDTRYSPSFQG QVTIS ADKS ISTAYLQWS SLKASDT AMYYCAR HREGSLGGGYSSGWYGQNDA FDIW GQG TMVTV SS
IGHV5-51*01,GG SLKISC KGSGYS FTTYWIGWVRQ MPGKGL EWMGIIY PADSDTKYSPTLQ GQVTIS ADKS ISTAYLQLS SLKASDT AIYYC AR HLRYSSS WYYYY G MDV WGQG TTVTVS S
IGHV5-51*01,GE SLKISC KGSGYS FTSYWIGWVRQ MPGKGL EWMGII YPGDSDTRYSPSFQG QVTIS ADKS ISTAYLQWS SLKASDT AMYYCA RTGY Y DSSGY YYL GG FD YWGQG TLVTV SS
IGHV5-51*01,GE SLKISC KGSGYS FTNYWIGWVRQ MPGKGL EWVGVIY PSDSDTR YSASF EG QVTISV DKSAN TAYLQWNS LKASDT AMYYC G R IGTTT ATSYF DTWGQG TLVTVS S
IGHV5-10-1*01,E VQLVQ SGA EVK KPGE SLRISCAA TSNTFPN YWIAWVRQ MPGKGLE WLGKI DPSDSH INY NPSFEG HVTISV DKSIN TAYLQWN SLKASDT AIYYCARI LPTKGL GAFYIW DKGT LVTV S
IGHV5-10-1*01,GE SLKISC KGSG YSFISYWISWVRQ MPGNGL EWMGR IDPSDSYTNYSPSFQG HVTIS ADKS ISTAYLQWS SLKASDT AMYYCA RQPRSFPTGYSSS WYFD YWGQGS LVTV SS
IGHV5-10-1*01,GE SLKISCK ASGYS F TS HWITWVR QMPGKGL ECMGKI DPDDSYT E YSPSFQG HVTIS TDRSIN TAYLQWSS LRASDS AIYYCARLKGIV ADGTKG MDVW GQG TTVTVS S
IGHV5-51*01,GG YLKISC KGSGYS FATY WIGWVR QKPGEGPE WMGIIY PRDSDTRYNPSFQG QVTISV DTSVN TAYLQWS SLKASDS A MYY CAR HGLYGSGS YLFYFD YWGQG TLITVS S
IGHV5-51*01,GAS LT NSSKGSGY SVTRYWIGWMR PMPGKGL EWMGII YPGDSDTRYSPSFQG QVTIS ADKS ISTAYLQWS SLKASD TAMY Y CARQA LSGY SYGLSWYV DRWGRG TLVTVS S
IGHV5-51*01,GE YLK SSGKGSGY RFTHYWIGWVR PIPGKGL DWMGII YPGDSDTRYSPSFQG QVTISV DKT ISTAYLQWTS LKAAD TAVYYCARR RETSGWSRES HFNY WGQG TLVTV SS
IGHV5-51*01,GE SLKISC KGSGYS FTSYWIGWVRQ MPGKGL EWMGII YPGDSDTRYSPSFQG QVTIS ADKS ISTAYLQWS SLKASDT AMYYCARRWEL HRESDYWGQG TLVTVS S
IGHV5-51*03,E VQLVQ SGA EVKK AGE SLKISC KGSGY SFSIYFIAWVR QMPGKGL EWMGTI FPHDS TVRY RPSFQG QVTISA DKSTN TAYLQWSS LKASDT AMYYCARLS RDYGDYDND YYYMAVW GQGT TVTVS S
IGHV5-51*01,GE SLKISC KGSGYS FTSYWIGWVRQ MPGKGL EWMGII YPGDSDTRYSPSFQG QVTIS ADKS ISTAYLQWS SLKASDT AMYYCARQV SDSSG WVYYYYY G MD VWGQG TTVTVS S
IGHV5-51*06,GD SLKISC EGSGYS F S TWWIGWVR QRPGKGL EWMGIIY PADSDTKYNPTLQ GQVTISA DKSTN TAYLQLS NLKASDT AIYYC AR HLRYSKS WFYYYGVDVW GQG TTVTVS S
IGHV5-51*01,GE SLQISC KGSGYSFT NYWIAWVR PMPGKGL EWMGIIY PGDSDTRCSPSFQG QVTIS ADKSIN TAYLQWSS LKASDT ATYYCA RRGWPQGRDGY KHFHN WGQG TLVTV SS
IGHV5-51*01,GAC LK NSSKGSGYDVS QYWIAWVR PIPGMG LEWMALIYS GDSDFR Y NPSFQG QVTVSV DKY I N TAFLQWTS LKASDS A MYFC ARLM RDWDLGSPLG WFDL WGQG TLVTVS S
IGHV5-51*01,GE SLKISC KGSGYS FTSYWIGWVRQ MPGKGL EWMGII YPGDSDTTYSPSFQG QVTIS ADKS ISTAYLQWS SLKASDT AMYYC AGHDN VAL SNGR YYWYG LDGWGQG TTVAVS S
IGHV5-10-1*01,GEP LKISCQ AHGYNF TEYWISWVRQ MPGKGL EWMGRI DPGDSETNCGPSFQG HVTISV DKSIST RYLQWSSL EASDTG MYYC SRESPIN YI SSSEI GVDFW GKGN LFAVS S
IGHV5-10-1*01,GA SLKISC ATSG YTFINSWISWVRQ MPGKGL EWVGMI DPSDSS VTY NPSFQG HVFISA DKSTGT AHLQWTTLK ASDT AMYYCA RHPIVPI HRL GP VWF DPWGQG TQVTVA S
IGHV5-51*01,GE SLKISCK SSGYN FISYWIGWVR QMPGGG LEWMGIL YPGDSDTRYNPSFEG HVTIS ADKSIN TAYLQW NSLKASDT AIYYCAR RQSSFYGSGSVP HTVFDL WGRG TLVTVS S
IGHV5-51*01,GE SLKISC KASR YIFASYWVGWVR QMPGKGL EWMGVI YPGDSDTRYSPSFPGP VTIS ADKS ISTAYLQWS SLKASDT AIYYCARI GSGNDSGGN YFDY WGQG TLVTVS S
IGHV5-51*01,GE SLQISC KGSGYS FTSYWIGWVRQ MPGKGL EWMGII YPGDSDTRYSPSFQG QVTIS ADKS ISTAYLQWS SLKASDT AMYYC ASGGYSSYN WF DPWGQG TLVTV SS
IGHV5-51*01,ES LKISCQ GFGYS FTNYWIGWVRQ MPGKGL EWMGTI YPGDSY TR YSPSFQGQ ATM SADKS ISTAYLQWTTL TASDT AIYYCARHTV AGSGA FFGMDI WGQGT TVTVS S
IGHV5-51*01,GE SLKISC KGSGYS F T TYWIGWVR QMPGKGL EWMGII YPDDSHTKYSPSFRG QVTISV DRSIS TAFLQWS SLKASDT AMYFCAR QPYGT SIARFDY WGQG TLVTVS S
IGHV5-51*01,GE SLKISC KGSGY SFTNYWIAWLRQ MPGKGL EWMGII YPGDSDTRYSPSFQG QVTISV DKSI STAYLQWS SLKASD TAIFYCAR QDGL QLYYFD YWGQG TLVTVS S
IGHV5-51*01,GE SLKISCE ASGY TFTNYWIGWVRQ MPGKGL EWMGII YPGDSET RY SPSFQG QVTISVD KSTNS AYLQWSS LKASDT AMYYCAR LNDF WRVYFY DGL DVW GQG TTVTVS S
IGHV5-51*01,GE SLKIYC KGSGYS FTSYWIGWVRQ MPGKGL EWMGII YPGDSDTRYSPSFQG QVTIS ADKS ISTAYLQWS SLKASDT A MYYCACLL SGSSSM DV WGQGT TVTVS S
IGHV5-51*01,GG SLKLSC KGSGYS FTSYWIGWVR QMPGKGL EWMGII YPGDSDTRYSPSFQG QVTIS ADKS ISTAYLQWS SLKASDT AMYYCAR HEAGGW HSYYYGMDV WGQG TTVTVS S
IGHV5-51*01,GE SLNISC KGSGYS FTSYWIGWVR QMPGTGL EWMGII YPGDFDTRYSPSFQG QVTIS ADKS ISTAYLQWS SLKASDT AMYYCA RGR I HGSGWRD A FDI WGQG TMVTVS S
IGHV5-10-1*03,E VQLVQ SGT EVK KPGE SLRISCQA SGYSASG YYFTWVRQ MPGKG LEWMGRI NPSNSDSDYSPSFQG RVTFTF DNSI STAYLKWTTL EASDT AIYFCA RHGYSGH HAYFDY WGQG TLVTVS S
IGHV5-51*03,E VQLVQ SGT EVK KPGE SLKISC NGSGY TFTNYWVGWVRH MPGKGL EWMGII HPRDSETR Y SPSFQG RVTLSV DKSIN TAYLQWS SLKASDT AMYYCVRLLGVLL TPPGYWGQGT RVTVS S
IGHV5-51*01,GE ALKISCK SSGYN FISYWIGWVR QMPGGG LEWMGIL YPGDSDTRYNPSFEG HVTI PADKSIN TAYLQW NSLKASDT AIYYCA RRQSSFYGSGSVPH TVFDL WGRG TLVTVS S
IGHV5-51*01,GE SLKISC KGSGNS FT TYWIGWVR QMPGKGL EWMGVI YPGDSDTRYSPSFQG QVTIS ADKS ISTAYLQWS SLKASDT AMYYCARL KTGGDYG YEYYGMDV WGQG TTVTVS S
IGHV5-51*01,GA CLKS SGNGSGY SFTRYWIGWVR PIPGKG LEWMGII YPGDSDTRYSPSFQG QVTIS ADKS ISTAYLQWSS LKASDT AMYYCA RPYSSSWYGAHG AFDI WGQG TMVTVS A
IGHV5-51*01,GA SLKISC KGSGYT FTNYWIGWVRQ MPGKGL EWRGII YPGDSHTR Y SPSFQG QVTIS ADKSINT A YRR W SSLKASDT AMYYCA RNSSTA HR AGF DIW GQG TMVTVS S
IGHV5-51*01,GE SLKISR NGSGYSFGR YWIVWVRQ IPGKG LEWMGIIY PGDSDTRYSPSLQG QVTIS ADKS ISTAYLQWSS LKASDT AVYYCARLR QPAAGT YYYYGMDV WGQG TTVTVS S
IGHV5-51*01,GE SLKISC KGSGYSFNN YWIGWVR PVPGKG LAWMGII YPGDSET RY SPSFQG QVTFS ADKSIN TAYLQWRS LKASDT AMYYCA RQQ WEL LAPEDTPSG YFF DDWGQG TLVTV SS
IGHV5-51*01,GE SLKISC KGSGYS FTSYWIGWVRQ MPGKGL EWMGII YPGDSDTKYSPTFQG QVTIS ADKS ISTAYLQLS SLKASDT AIYYC ARH LRYSSS WYYYY G MDV WGQG TTVTVS S
IGHV5-51*01,ES LTLSCQ GSGY TFS T YWIHWVLQ MPGKGL EWMGLI YPGDSDTRYSPSFQG QVTISV DKSIN TAYLQWSS LKASDT ATYYCARL KQPAAGT YYYYGLDV WGRG TAVTVS S
IGHV5-51*01,S LNLSC KGSGYS F TSY WIGWVR QMPGTGL EWMGII YPGDSDTRYSPSFQG QVTIS ADKS ISTAYLQWS SLKASDT AMYYCA RRPLRGWGYG MDV WGQG TTVTVS S
IGHV5-51*01,GE SLKISCQ ASGY TFTSYWIAWVR QMPGKGL EWMGVI YPGDSDTRYSPSLQG QVTIS ADKS ISTTFLQWS SLEASDT AMYYCA RTNY Y ETSGW AVG LSPFDLWGRG TMVTVS S
IGHV5-51*01,GE SLKILC KGSGYS FTSHWFGWVRQ MPGKGL EWLGIIYP CDSDTRHSPSLQG QVTIS ADQS ISTAYLQW SSLKAS DTAMYYCA RHPG VVIGMDV WGQG TTVTVS S
IGHV5-51*01,GE SLKISC KGSGYS FTSYWIGWVRQ MPGKGL EWMGII YPGDSDTRYSPSFPG QVTIS ADKS ISTAYLQW SSLKA SDTAMYYCAR LNLPP IYYYGMD VWGQGT TVTV SS
IGHV5-51*01,GG SLKISCE ASGY RF S TSWIAWVRQ MPGKGL EWMGFIY PADSDSRYNPSFQG QISITV DKSI TTAYLQWN TLKASD TAIY Y CARAMNM WGLDYWGQGT HVTV SS
IGHV5-51*01,E VQLVQSRAEVR KPGE SLRISCE GSGDSFR KHWLAWVR QTPGKG LEWMGTI YPGDSATKYSPTFQG QVTMS ADKSIN TAYLQWS SLKASDT AIYYCARRAVWR DSDSS AFFYYMDV WGTG TTVTVS S
IGHV5-51*01,GE SLKISC KGSGYS FTSYWIGWVRQ MPGKGL EWMGII YPGDSDTRYSPSFQG QVTIS ADKS ISTAYLQW SSLKAS DTAMDYCARRY GS YAVDY WGQG TLVTV SS
IGHV5-51*01,GE SLKISC KGSGHT FTNNWIAWVRQ MPGKGL EWMG SIYPNAS YIN YSPAFQG QVTIS ADKSIN TAYLQWS SLKASDT A TYYC AKN LITVAA LSPFDYWGQGS LVTV SS
IGHV5-51*01,ES LKISCQ SSASNF TK YWIGWVRQ MPGKGL EWVGIIYP LTSDAKYNPSFR GLVTIS ADNS VTTAYLQWRS LRASDT AVYYCT TSL EWSATFET WGHG TLVTVS S
IGHV5-51*01,GE SLKISCEV SEY TFI D HWIAWVRQ VPGQG LEWMAVIY PGNSQT RY SPSFEG QVTLTV DKSIN TVYLQWASLKA SDNG IYYCA RGGSASTRGPFT ELDY WGQG TLVTVL S
IGHV5-51*01,GE SLKISC KGSGYS FTSYWIAWVRQ LPGEGL EWMGII YPGDSET TY SPSFEG QVTIS ADKSFN TAYLQWSS LKASDT AMYYCAR HSSNSA Y FGDA FDI WGD VTVVFVF S
IGHV5-51*01,GE SLKISC KGSGYNFP DFCIGWVRQM SGKGLE WMGIFCL GNADTRYSPSFQG QVIMS GDKS ITTAYLQW SSLKSSDS AMYYCAR VGSH WELDAFEFW GQGT RVTVS S
IGHV5-51*01,GA SLKISC KGSGYSFTP YWIGWVR PIPGKG LEWMGII YPGDSDTRYSPSFQG QVTIS ADKS ISTAYLQWS SLKASD TAMYYCARIHASVMADFFDY WGQG TLVTVS S
IGHV5-51*01,GE SLKISC KGSGYS FTSYWIGWVRQ MPGKGL EWMVIIY PGDSDTRYTPSFQG QVTIS ADKS ISTAYLQW SSLKA SDTAMYYCARRLAA AGV MDVW GQGT TVTVS S
IGHV5-51*01,GE SLKISC KGSGYS FTTY WIGWV R QMPGKGL EWMGII YPGDSDTRYSPSFQG QVTIS ADKS ISTAYLQWSS LKASDT AMYYCARRV DDSSGT FDYW GQ GTLVTV SP
IGHV5-51*01,GA YLKT SGQSSGYN LISYWIGWVR PIPGGG LEWMGIL YPGDSDTRYNPSFEG HVTIS ADKSIN TAYLQWN SLKASDT AIYYCAR RQSSFYGSGSVP HTVFDL WGRG TLVTVS S
IGHV5-51*01,GE SLKISC KGSGYS FTSYWIGWVR QMPGKGL EWMGTI YPGDSDTRYSPSFQG QVTIS ADKS ISTAYLQWSS LRASDT AMYYCA RPGWR GYYLNFDY WGQG TLVTVS S
IGHV5-10-1*01,E VQLVQ SGA EVK KPGE SLRISC KGSG YRFTSYSIHWVRQ MPGKGL EWMGTI DPSDSDTKYSPSFQG HVTIS ADHS ISTAYLQWS SLKASDT AMYYCA RRGCSTTSC W QRPAADYWGQG TLVTVS S
IGHV5-51*01,GE SLKISC KGSGYS FTSYWIGWVRQ MPGKGL EWMGII YPGDSDTRYSPSFQG QVTIS ADKS ISTAYLQWS SLKASD TAMYYCARHVI SSGWAN YY HY YGM DV WGQGT TVTVS S
IGHV5-10-1*01,GE SLKISCQ AHGY HFTAYWISWVR QMPGKGL EWMGRI DPGDSETNFGPSFQG HVTISV DKSI STVYLQWSS LKASDTG MYYCS RESPIN YIS SSE IGVDFW GQG TLVTVS S
IGHV5-51*01,GE SLKISCK ASGYN FIS H WIGWVR QMPGKGL EWMGII YPGDSDTRYSPSFQG QVTIS ADRS ISTAYLQWTSL KASDT AMYYCAR EDYDSSGRRG FDY WGQG TLVTV SS
IGHV5-51*01,GE SLKISC KGSGY SFTSYWIGLVRQ MPGKGL EWMGII YPGDSDTRYSPSFQG QVTI PADKS ISTAYLQW SSLKASD HA MYYCA R RRGA R YSSG WYHYYY G MD VWGQGT TVTV SS
IGHV5-51*01,GE SLKISCK ASGYSFT N YWIGWVR QMPGKGL EWMGII YPGDSDTRYSPSFQG QVTIS ADKS ITTAYLRW NSLKASDT AIYYCA RHHMGLNTGDNW F DPWGQG TLVTVS S
IGHV5-51*01,GE SLKISCK ASGYR F TNY FVAWVR QMPGKG LAWMGFV YPDDSDTRYSPSFQG RVTISA DKSTN SVYLQWSS LKASDS ALYYCARWR WDNWFDAWGQG TLVS V
IGHV5-51*01,GE SLKIS SKASGYS FAD YWIGWVRQ MPGKGL EWMGIIY PSKSDTKYGPSFQG KVTIS ADKS ISTAYLQWS SLEASDT AIYFC ARHQ WLGFLGYS YG MDV WGQG TTVTVS S
IGHV5-51*01,GE SLKISCE ASGYS F T SH WIAWVR QMPGKGL EWMGTI YPGDSDTRYSPSFEG QVTIS ADKS ISTAYLQW GS L KASDT AIYYCA RPE I YSGYENWGQG TLVTV SS
IGHV5-51*01,GE SLKISC KGSGNS F TTYWIGWVR QMPGKGL EWMGVI YPGDSDTRYSPSFQG QVTIS ADKS ISTAYLQWSS LKASDT ATYYCARLK TGGDYG YEYYGMDV WGQG TTVTVS S
IGHV5-10-1*01,GA SLKISCQ ASGYN FTAHWISWVR PMPGRGL EWLGRI DPGDSETNFGPSFQ GHVSISV DKSI STVYLEWRSL RASDTG MYYC S RESL IRYIS SSEIGPDYWGQG TLVTVS S
IGHV5-51*01,GE SLKIFYK APG Y AF IAHWIG W V R QRPGKGL EWMG N I YPGDSERKTSA SF QG QVTLSA DKSASTP YLQWNS LKAPDTG MYYCARL GPDSSGYS EY FQH WGQG TLVTVS S
IGHV5-51*01,GE SLTISC KGSGYS FTSYWIGWVRQ MPGKGL EWMGII YPGDSDTRYSPSFQG QVTIS ADKS ISTAYLQWS SLKASDT AMYYCA RQKT ELWF GE LHYYYYGMD VWGQG TTVTVS S
IGHV5-51*01,GA SLKIS SKGVGYSF TDY WIAWVR QRPGKGL EWMGSV YPEDSDTRYSPSFQG QVTISV DQSINPA YLQWSS LKASDT AMYFC GRSPGEQ WV RPYGMD V WGQG ATVTV S
IGHV5-51*01,GE SLKISC KGSG FLFTNYWIAWVRQ MPGRGL EWMGII YPGDSETRYNPSFRG HFN MSADKS ISTVYLQWS SLKASD TAIYFCA R QESRDLLASL DYWGQG TLVT VPS
IGHV5-51*01,GE SLKISCK ASGYS FTTYWIGWVRQ TPGRG LEWVGIIF PRDSDTRYSPSFQG QVTMSV DESIDT ACLQW SSLK ASDIAIYYCAR LGF YY DFTPPH F D L WGRG TLAIVS T
IGHV5-51*01,GE SLKISC KGSGYS FSTYWIDWVRQ MPGKGL EWMGII YPGDSDTRYSPSFQG QVTISV DKSIN TAYLQWSS LKASDT AIYYCARL KQPAAGT YYYYGMDV WGQG TTVTVS S
IGHV5-51*01,GE SLKISC KGSGYS FTSYWIGWVRQ MPGKG LAWMGSI YPGDSDTRYSPSFQG QVTISV DKSIS SAFLEWTS LKASDT AIYYCS LPYHYETSGYFDDVSPSNWGQG TLVTV SS
IGHV5-51*01,GE SLKISC MGSG YIFANYWIGWVRQ MPGKGL EWVGII YPGGSDTRYSPSFQG QVTIS ADKSIN TAYLQWS SLKASDT AMYYCA RERHFGYWGQG TLVTVS S
IGHV5-51*01,GE SLKISC KGSGYS FTSYWIGWVRQ MPGKGL EWMGII YPGDSDTRYSPSFQG QVTIS ADKS ISTAYLQWS SLKASDT AMYYCAR TTYD YVW G SYRFDY WGQG TLVTVS S
IGHV5-51*01,GE SLQISC KGSGYS FTSYWIGWVRQ MPGKGL EWMGII YPGDSDTRYSPSFQG QVTIS ADKS ISTAYLQWS SLKASDT AMYYCAR HEGG YAFGYW GQG TLVTV SS
IGHV5-51*01,GE SLKISC KGSGYS FTSYWIGWVRQ MPGKGL EWMGII YPGDSDTRYSPSFQG QVTIS ADKS ISTAYLQW SSLKAS DTAMYYCARL GTDYGM DV WGQGT TVTV SS
IGHV5-10-1*01,GE SLKISC KGSGYS FHDYWISWVRQ MPGKGL EWM GKIDPRDSYTNYSPSFQG HVTIS ADKSIN TAFLQWS SLRASDT AMYYCAR HSGNY GYVVFDF WGQG TLVTVS S
IGHV5-51*01,GEHL KSS CQGSGY SFTAYYIGWVRK MPGKGL EWMGII YPGDSDTKYSPSFQ GLVTIS ADKSI NAAYLQWSS LKASDTA TYYCARLH CSDGA CYLRNFFDI WGQG TMVTVS S
IGHV5-51*01,GEPLKSSCKGSGY SVTRFWIGWVR PMPGKGL EWMGII YPGDSDTRYSPSFQG QVTIS ADKS ITTAYLQWS SLKASDT AMYYCARH VRGVRGVSPYFDYWGQG TLVTVS S
IGHV5-51*01,GA CLKISCK ASGR TFTYYWIAWVR HNPGKG LEWMGIIY PDDSDTRYSPSFQG QVTIS ADKSIN TAFLQWS SLKASDS AIYYCA TYKR AVYFYGLDV WGQG TTVTVS S
IGHV5-51*01,GG SLKISR NGAG YSFTTYWLGWVR PIPGKG LEWMVVIY PGYSDT IY SPSFQGP VTI PVDTSI T TA YLQWISL KAADT AMYYCARLDVIQ GDMGGMDVWGQE TTVT V
IGHV5-51*01,GA SLKISC KGSG FTFTD YWT GWIRQ VPGKGL EWMGII YPGDSDTRYSPSFQG QVTIS ADKS ISTAYLQWS SLQASDT AMYYCA RGV RRFIGITRVAVAFF DNWGQG TLVTVS S
IGHV5-51*01,GE SLRISCK SSGYN FISYWIGWVR QMPGEGL EWMGIL YPGDSDTRYNPSFEG HVTIS ADKSIN TAYLQW NSLKASDT AIYYCA RRQSSFYGSGSVP HTVFDL WGRG TLVTVS S
IGHV5-10-1*01,GE SLKISCK ASGFSYT NYWINWVRQ MPGKGL EWMGRI DPSDS YINY SPSFQG HITIS ADKS ITTAYLN WSSLKASDT AMYYCAIR LPHDS FDIWAQ G TMVSV SS
IGHV5-10-1*01,GA SLKISC KGSGYS FTSYWISWVRQ MPGKGL EWMGR IDPSDSYTNYSPSFQG HVTIS ADKS ISTAYLQWS SLKASDT AMYYCAR LSPYYYGSGS YY KTDDY YYGMDV WGQGT TVTVS S
IGHV5-10-1*01,GG SLKISC KGSGYS FTNFWINWVRQ MPGKGL EWMGR IDPSDSYTNYSPSFQG HVTIS ADKS IRTAYLQWS SLKASD TAMY Y CAR LGNWAN YYYYMDV WGKGT TVTV SS
IGHV5-51*01,GE SLKISC KGSGYSFS NY WIGWVRQ MPGKGL EWMGIIYA GDSDTR Y TPSFQG QVTIS ADKS ISTAYLQWS SLKASDS AIYYC ARGA VGYNFGY DYWGQG TLVTV SS
IGHV5-51*01,V QLVQ SGA EVKK SGE SLKISC EGSGYDFSG YWIAWVRQ MPGTGL EWMALI YPGDSQT RY SPSFQG QVTLSV DKSIS TAYLHWSSLR VSDS AMYFCARF SGPL LE SNW F DPWGQG TLVTVS S
IGHV5-51*01,V QLVQ SG AVVK KPGE SLKISC KGSGY SFTSYWIGWVRQ MPGKGL EWMGTI YPGDSD IRY RPSFQG QLTIS ADKPI STAYLQW GSLKASDT AMYYW A GLNR VW SGHYPRPR YHFDY WGQG TLVTVF S
IGHV5-51*01,E VQLVQ SGA EVK KPGD SLKISR TGSGYS F TN YWIAWVR QMPGTGL EWMGFV YPGDSDTRYSPSFQS QVTISV DKSI STAYLQWS SLKASD TA MYYCAR VGLTPEGY YYYYYMDV WGKGT PVTVS S
IGHV5-51*01,GE SLKISC QGIGNS FSSYWIAWVRQMS GKGL EWMGII HPGDSDTRYSPSYQG QVTIS ADMSIN TVYLQWTS LKASDT AIYYCA RGGYGD SLSLLHA FGMDLWGQGT TVTV SS
IGHV5-51*01,GE SLKISC KGSGYS FTSYWIGWVRQ MPGKG LAWMGII YPGDSDTRYSPSFQG QVTIS ADKS ISTAYLQWS SLKASDT AMYYCARL RPDGN YYYYGMDV CGQG TTVTVS S
IGHV5-51*01,GE SLKISC KGSGYS FTSYWIGWVRQ MPGKGL EWMGII YPGDSDTRYSPSFQG QVTIS ADKS ISTAYLQWS SLKASDT AMYYCA RSGT RIGYYYYGMDV WGQG TTVTVS S
IGHV5-51*01,GES RKISC KGSGYS FTSYWIGWVRQ MPGKGL EWMGII YPGDSDTRYSPSFQG QVTIS ADKS ISTAYLQWS SLKASDT AMYYCAS S I VGATKS YYYYYGMD VWGQG TTVTVS S
IGHV5-51*01,GE SLKISC KGSGYS FTSYWIGWVRQ MPGKGL EWMGII YPGDSDTRYSPSFQG QVTIS ADKS ISTAYLQWS SLKASDT AMYYCA SSQAGIAPDY YYGMDV WGQG TTVTVS S
IGHV5-51*01,GE SLKISC KGSGYS FTSYWIGWVRQ MPGKGL EWMGII YPGDSDTRYSPSFQG QVTIS ADKS ISTAYLQWS SLKASD TAMYYCARK L RYSSGWYPFDYWGQG TLVTV SS
IGHV5-51*01,GES RTISC KGSGYS FTSYWIGWVR QMPGTGL EWMGII YPGDSDTRYSPSFQG QVTIS ADKS ISTAYLQWS SLKASDT AMYYCAR QS V MDGMD V WGQG TTVTVS S
IGHV5-51*01,GE SLKISC KGSGY SFTHYWIAWVRQ MPGKGLD MMGII DPNDSDTRYSPSFRG QVTIS ADKS ISTAYLQW NSLKASD TA V Y Y CAR LQTR YQILYGWF DSWGQ RALVTVS S
IGHV5-51*01,GE SLKISC KGSGYS FTSYWIGWVRQ MPGKGL EWMGII YPGDSDTRYSPSFQG QVTIS ADKS ISTAYLQWS SLKASDT A MYY CAR HCVAVA SGGE GVWF DPWGQG TLVTVS S
IGHV5-51*01,GE SLMISC KGSGYS FTSYWIGWVRQ MPGTGL EWMGII YPGDSDTRYSPSFQG QVTIS ADKS ISTAY LP WSS LKASD TAMYYCAR QGGG ITIFGVDIYYYY GMDGWGQG TTVTVS S
IGHV5-10-1*01,GE SLKISC KGSGYS FTSYWISWVRQ MPGKGL EWMGR IDPSDSYTNYSPSFQG HVTIS ADKS ISTAYLQWS SLKASDT AMYYC ASELR Y FDWLSPNWFDPWGQG TLVTV SS
IGHV5-51*01,GE SLKISCKA SGYRNS FTTYWIGWVRQ MPGKGL EWMGII RPGDSDTRYSPSFQG QVRMSV DESI STAYLQWS SLKASDT AMYYCAMR RDMVGAPFDYWGQG TLVSV SS
IGHV5-10-1*01,S LKISC KGSGYS FTNYWISWVRQ MPGKGL EWM GKIDPSDSYINDSPSFQG HVSMSV DTSI STAYLQW SSLKASD TAMYYCAR LGGSGSYDG FDL WGQG TLVTVS S
IGHV5-51*01,GE SLKISC KGSGYS VTSYWIGWVRQ MPGKGL EWMGII YPGDSDTRYSPSFQG QVTIS ADKS ISTAYLQWS SLKASDT AMYYCARSVT TNWFDPWGQG TLVTV SS
IGHV5-51*01,GE TMNVSC KGSGYSFS SYWIVWVRQ MPGTG LEWMGIIY PGDSDTRYSPSFQG QVTIS ADKS ISTAYLQWS SLKASDT AMYYCARRL DCSGGRCS QTF DHWGQG TLVTV SS
IGHV5-51*01,E VQLVQ SGA EVK KPGE SLRISC KGSGYTFP TFWIAWVR QMPGKGL EWMGII YPDDSDI RY SPSFQG QVTMSA DKSNN TVYLQWTSL KASDT AAYYCARH WFGQQ YYYHMDVVG RGDRRSPSP
IGHV5-51*01,GE YLKS SCNGSGYS FTRYWIGWVR HMPGKGL EWMGII YPGDSDTRYSPSFQG QVTIS ADKS ISTAYLQWS SLKASD TA MYYC ARL LTTPDYWGQG TLVTV SS
IGHV5-10-1*01,GY SLKISC KDSGNSLTG SWITWVRQ MPGKGL EWMGRI DPSDSYTNYSPSFQG HVTIS ADKS IRTAYLQWSS LKASDT AMYYCVS NRGSDY YGMDV WGQG TTVTV S
IGHV5-51*01,GE SLKISCR ASGY TFTSYWLAWVR PMPGKG LEWMGVI YPGDSDTRYSPSLQG HVTIS ADKS VTTAFLQW SSLEASDT AMYYCA RTNY YE ASGWAAGLSPFDMWGRG TMVTVS S
IGHV5-51*01,GE SLKISC QGSGY KFTNFRIGWVRQ MPGKGL EWMGLV YPGDIYPDDSPTRYNPSFQG QVTIS ADNSVN TAYLQWNS LRASDT AIYYCARVIV GDTHGA FFDY WGQG TLVTVS S
IGHV5-51*01,GE SLMISC EGSGYS FTSHWIAWVRQ MPGNGLD WMGTI YPGDSDTRYSPSFEG QVTIS ADKSIN TAYLQWSS LKASDT AIYYCA RPEVYSGYENWGQG TLVTV SS
IGHV5-51*01,GE SLKISC KGSDY TFTNYWIGWVR QMPGKGL EWMGII YPGDSDTKYSPSFQG RVTIS ADKSVN TAYLQWSS LKASDT AIYYCARRR YGDSGM DVWR QG TTVTVS S
IGHV5-51*01,GA SLKISCK ASGY SVTRYWIGWVR PIPGKG LEWMGIIY PGDSNTRYSPSFQG QVTIS ADKSIN TAYLQWSS LKASDT AMYYCAR LP IY HDSSGYSNWFDPWGQG TLVTVS S
IGHV5-51*01,GE SLKISC QGSGYD FATYW I GWVR QMPGKGL EWMGRI YPGDSDTKYSPSFQG QVTIS ADKPIGS AYLQWSS LKSSDT AMYYCAR LPQDY YY HG MDV WGQG TTVSV S
IGHV5-51*01,ES LKISC KGSGY SFTSYWIGWVRQ MPGKGL EWMGII YPGDSDTRYSPSFQG QVTIS ADKS ISTAYLQW SSLKAS DTAMYYCARLTIAAAGLYYY GMDVWGQGT TVTVS S
IGHV5-10-1*01,E VQLVQ SGA EVK KPGE SLRISCQ GSGYDFTN YYIIWVRQ VPGKG LEWMVKI DPKDSYYHNYSPSFQG HVTVS TDKSIN TAFLQW NSLQASDT AIYYC A RHGYSGHDS LYD YWGQG TLVTV SS
IGHV5-51*01,GE SLMISC TGSGYS FSTYWVGWVRQ LPGTGL EWMGII YPGNSKTMYSPSFQG QFTI SSDKS ISTAYLQW NSLKASDN AIYYC ARGRKPN FGVVD RSPGGA LDL WGQG TLVTV SS
IGHV5-51*01,GE SLKISC KGSGYS FTSYWIGWVRQ MPGKGL EWMGII YPGDSDTRYSPSFQG QVTIS ADKS ISTAYLQWS SLKASDT AMYYC GRRGE LFHHAFDI WGQG TMVTV SS
IGHV5-51*01,GE SLKIS CEA LGYD FIGYWIGWVR QLPGKGL EWIAIM YPNESDIRYNPSFEG HVTM SADKSI HTAYLQWISL KTSD SAMYYCVRA GL SA AGW ELE DRWGRG TLVTV SS
IGHV5-51*01,GA SLKISC KGSGYS FTRYWIGWVR PMPGKGL EWMGII YPGDSDTRYSPSFQG QVTIS ADKS ISTAYLQW SSLKASD TA MYY CAR HGV GLYYYGMDV WGQG TTVTVS S
IGHV5-51*01,GE SLKISC KGSDY TFTNYWIGWVRQ MPGKGL EWMGII YPGDSDTKYSPSFQG RVTIS ADKSVN TAYLQWSS LKASDT AVYYCA RGGSS HYYYYYGMDV WGQG TTVTVS S
IGHV5-51*01,GA SLKISC EGSGY RFTNYWIAWVRQ MPGKGL EWMGII YPGDSDTRYNPSFQG QFTIS ADKS ISTAYLQWS SLKASDT AIYYCARLYYY DSSGY L RPGY FD YWGQGS VVT GSS
IGHV5-51*01,GE SLKISCKA SGY S FTNN RIGWVRQ MPGKGREGM GII NPSDFETRYSPSFQG QVTIS ADRS ISTAYLQWS SLKASDT AMYYCA TQGCT SISCYTV DSWGQ GTLVTVS S
IGHV5-51*01,GA CLKISR KGSGY S FGG YWIVWVRP IPGKG LEWMGIIY PGDSDTRYSPSLQG QVTIS ADRS ISTAYLQWS SLNASDT AVYYCARLR QPAAGT YYYYGMDV WGQG TTVTVS S
IGHV5-51*01,GD SLKISCK ASGYR F T D YWIAWVR QMPGKGL EWMGLI YPGDSDTRYSPSFKG HVTL SGDKA INTAYLQWSSV RASDT AIYYCA RHSAPYFENNRFDPWGQG TVVTV SS
IGHV5-51*01,GE SLKISC KGSGYSF TSYRMAWVR QMPGKGL EWMGS IFPGDSDARYSPSFQ GLVTIS NDKS ISTAYLQWR SLQPSDT AMYYCARR LDFPGDSSS WFDALD MWGQG TMVIV SS
IGHV5-51*01,GE SLKLSCK ASGY SF ISY WIGWVR QMPGKGL EWMGII YPGDSDTRYSPSFQG QVTIS ADKS ISTAYLQWS SLKASD TA MYYC ARH LSGYSYANGMG VW GQGT TVTV SS
IGHV5-51*01,GE SLKISC KGSGY RF TSYWIGWVRQ MPGKGL EWMGII YPGDSDTRYSPSFQG QVTIS ADKS ISTAYLQWS SLKASD TAMYYCARHVGQLY GMDVWGQGT TVTVS S
IGHV5-51*01,GE SLKISC KGSGYS FTSYWIGWVRQ MPGKGL EWMGII YPGDSDTRYSPSFQG QVTIA ADKSI STAYLQWS SLKASDT A MYYC A R LGSFRSGYSSSW WKMGIDY WGQG TLVTV SS
IGHV5-51*01,S LKISC KGSGYS FTSYWIGWVRQ MPGKGL EWMGII YPGDSDTRYSPSFQG QVTIS ADKS ISTAYLQWS SLKASDT AMYYCAR MPALTPGH SLMFTTHYYY G MD VWGQG TTVTVS S
IGHV5-51*01,E VQLVQ SGA AM KKPGE SLKISCK ASGY IF N TYWIGWVRQ MPGKGL EWMGIIY PADSDSKYSPSFQG RVTFSV DKSI STAYLQWSS LKASDT TIYYCA RGGGSSN WFYFYMDV WGKG TAVTVS S
IGHV5-51*01,GE SLKISCK SSGYN FISYWIGWVR QMPGGG LEWMGIL YPGDSDTRYNPSFEG HVTI PADKSIN TAYLQWN SLKASDN AIYYCAR RQSSFYGSGGVP HTVFARW GRG TLVTVS S
IGHV5-51*01,GE SLKISC KGSGY RFATFWIGWVRQ MPGNGL EWMGIIY PRES EVRY SPSFQG HVTISV DKSI STAYLQWS SLKASDT AMYYCARTYYY GAGS YAL DRWGQG TLVTV SS
IGHV5-51*01,GE SLKISC EGSGYS FSTWWI GWVR QRPGKGL EWMGLIY PADSDTKYNPTLQ GQVTIS ADKS ISTAYLQLR NLKASD TAIYNCARH LRYSKS WFYYYGVDV WGQG TTVTVS S
IGHV5-51*01,E VQLVQ SGA EVK KPGE SLKISC KGSGYNFKN YWIGWVRQ MPGKGL EWMAIIY PTDSETKYSPSFQG HVTIS ADRS VSTAYLHWS SLEASDT AIYYCAR QSREFQGSD WYYYYYMDV WGQG TTVTVS S
IGHV5-51*01,GE SLKISC KGSGYS FTSYWIGWVRQ MPGKGL EWMGII YPGDSDTRYSPSFQG QVTIS ADKS ISTAYLQWS SLKASDT AMYYCA RPRF Y D YVWGSYLD WGQG TLVTV SS
IGHV5-51*01,GE SLKISC KGSGYS FTSYWIGWVRQ MPGKGL EWMGII YPGDSDTRYSPSFQG QVTIS ADKS ISTAYLQW SSLKASDT AMYYCA KGG AIAVAAWF DPWGQG TLVTVS S
IGHV5-51*01,PGE SLKISC KDSGDSFSS KWIGWVRQ MPGKGL EWMGII YPGNLDTRYSPSFQG HVTISV DKSIN TAYLQWSS LKASDT ARYYCA SPNTRRS SLYFFDI WGQG TMVTVS S
IGHV5-51*01,GE SLNLSC KGSGYS FTNYWIGWVR QMPGKGL ECMGII YPDDSDI RY SPSFEG QVTMS ADKS ISTAYLQWS SLKASDT A MYYCAR IGGSYTEG FF DYWGRG TLVTVS S
IGHV5-51*01,GE SLKISC KGSGYN FAKYWIGWVR QMPGKGL EWMGVI YPDYYDTRYRPPLQG QVRLFAD LSTDT AYLEW DNLKASDS AVYYCAR HANPAGVSGTK SYHYYYMDV WGQG TTVTVS S
IGHV5-51*01,E VQLVQ SGA EM KKPGE SLKISCK ASG YIFNTYWI GG VRQ LPGKGL EWRGIIY PAASDSKYSPSFKG RVTFP VDKSI STAYLQWSS LKASDT AIYYCA RGGGSSN WFYFYMDV WGKG TAVTVS S
IGHV5-51*01,GA SLKISCKV SGYN FTTY WIAWV R QMPGKGL EWMGII YPGDSDSRYSPSFQG QVTFT ADKS ISTAYLLWS SLKPSDT AMYYCARL DGWRDFWGQG TLVTV SS
IGHV5-51*01,GE SLKISCRVS GYSST SYWIVWVRQ VPGKG LECVGIVF PDDSDI KY TPSFQG QVTISA DKSSS TAYLQWSS LRASDT AIYFC GRQ SYSLDY WGQG TLVTVS S
IGHV5-51*01,GG SLKISC KG IGYTF SG YWIAWVR QMPGKG LEWVGIVY PGDSQ TTYSASF QG QVTLS ADKSIN TAYLQWSR LKASDTA TYYCARL TGDCSRLG CHFRSHWF DPWGQG TLVTVS A
IGHV5-51*01,GEPLKGSCKGSGY SFTSYW SG CVRQ MPGKGL QWMGII YPGDSDTRYSPSFQG QVTIS ADKS ISTAYLQWS SLKASDT AMYYCAR QNCGGDC SFDY WGQG TLVTV SS
IGHV5-51*01,SL NVSC KSSGYN FISYWIGWVR QMPGGG LEWMGIL YPGDSDTRYNPSFEG HVTIS ADKSIN TAYLQW NSLKASDT AIYYCAR RQSSFYGSGSVP HTVFDL WGRG TLVTVS S
IGHV5-51*01,GA SLKISC KGAG YIFTRYWIAWVR PMPGKGL EWMGMI YPGDSDSRYSPSFQG QVTFS ADKS ISTAYLQW SGLKAS DTAMYYCAR RGLTGD AFDIW GQG TMVTVS S
IGHV5-51*01,GE SLKISC KGSGYS FTSYWIGWVRQ MPGKGL EWMGII YPGDSDTTYSPSFQG QVTIS ADKS ISTAYLQWS SLKASDT AMYYCAR HDN VAL SNGR YYWYGLDV WGQG TTVTVY S
IGHV5-51*01,GE SLKISC KGSGYS FTSYWIGWVRQ MPGKGL EWMGII YPGDSDTRYSPSFQG QVTIS ADKS ISTAYLQWS SLKASDT AMYYCA RTDIAADFDYWGQG TLVTV SS
IGHV5-51*01,GE SLKISC KGSGYS FTSYWIGWVRQ MPGKGL EWMGII YPGDSDTRYSPSFQG QVTIS ADKS ISTAYLQWS SLKASDT AMYYCARRRYY DSSGY YYGYYYGMDV WGQG TTVTVS S
IGHV5-51*01,GE SLKISCK ASGY TFTNFWLGWVR QMPGKGL EWMGIT HPGDSNTRYSPSLQG QVTIS ADKS ISTAYLQWSS LKASDT AIYYCT RPLRRDGY NIFDY WGQG TLVTVS S
IGHV5-51*01,GA SLKISCEC SGDSF TSHWI AWV R QMPGKGL EWMGTI YPGDSDTRYSPSFEG QVTIS ADKS ISTAYLQWSS LKASDT AIYYCA RPE I YSGYENWGQG TLVTV SS
IGHV5-51*01,GE SLKISC KGSGYS FTSYWIGWVRQ MPGKGL EWMGII YPGDSDTRYSPSFQG QVTIS ADKS ISTAYLQWS SLKASD TAMYYCARQM IV AGPVDYWGQG TLVTVS S
IGHV5-51*01,GA TLKTSCK ASGYRNS FTTYWI GG ER QMPGKGL EWMGII RPGDSDTRYSPSFRG QVSMAVD MSTST AYLQWSS LKASDT AMYYCAMR RDVVGAPFDYWTQG TLVTV SS
IGHV5-51*01,GE SLKISC QGSGY KF HN YWIGWVRQ MPGEGL EWLGSIF AGDSETKYSPSLEG QVTIS ADTS ISTVYLQWN SLKTSDT AMYYCVR PKNAPLGDGF DYW GQGT RVIVT S
IGHV5-51*01,GE SLKISC KGFGYNFT NYWIGWVRQ MPGKGL EWKGIIY PGDSNTKYSPSFQG QVSIS ADKS ISTAYLQWSS LKASGT AMYYCA RHDYFSNYDHAN Y FYSYYLEVWC KGP TVTVS S
IGHV5-51*01,GE SLILSCK ASGYSFS NSWIGWVRQM SGTGL EWMGII YPGDSDI RY SPSFQG QVAISV DKSINT AYLQWISL KASDT A MYYCATLF CSS LCLV PHAFDRWGQG TMVIV SS
IGHV5-51*01,GE SLKISC KGSG YIF TSYWIGWVR QMPGKGL EWMGII YPGDSDTRYSPSFQG QVTIS ADKS ISTAYLQWS SLKASDT AMYYCA RPS FHY YGSGS YMGAID YWGQG TLVTV SS
IGHV5-51*01,GE SLQISC KGSGYS FTSYWIGWVRQMH GKGL EWMGII YPGDSDTSYSPSFQG QVTIS ADKS ISTAYLQW SSLKASD TA MYYC ARQTPI WF G EL N AFDI WGQG TMVTVS S
IGHV5-51*01,GE SLKISC TGSGY SFTSYWIGWVRQ MPGKGL EWMGT IPPGDSQT TY SPSFEG HVTIS ADKSI NTVYLQWS SLKAS DTAMYYCARR LRIP YYYGMDV WGQG TTVTVS S
IGHV5-51*01,GE SLKISC KGSGYS FTSYWIGWVRQ MPGKGL EWMGII YPGDSDTRYSPSFQG QVTIS ADKS ISTAYLQWS SLKASDT AMYYCARY SVKRS YYY G MDV WGQGT TVTV SS
IGHV5-51*01,GE SLKISC KGSGYS FTSYWIGWVRQ MPGKGL EWMGII YPGDSATRYSPSFQG QVTIT ADKS ISTAYLQW SSLKAS DTAMYYCAKYY GGNPNDAFD I WGEGT MV SGAS
IGHV5-51*01,GE CLKISC HGSEY RFTYYWIGWVR QMPGKGL EWMGIIY PADSDTR Y IPSFQG QVTISV DKSSS TAYLQWRSL KASDT AMYYC GRYGSYDYGPIDYWGQG TLVTV SS
IGHV5-51*01,GE SLKISC KGSGYS FTSYWIGWVRQ MPGKGL EWMGII YPGDSDTRYSPSFQG QVTIS ADKS ISTAYLQWS SLKASDT AM YYCARVVVVAA T VGMDVWGQGT TVTVS S
IGHV5-10-1*01,E VQLVQ SGA EM KKPGE SLRISC KGSGYS FTSYWITWVRQ IPGKGL EWMGMID LSDSY IN YSPSFQG HVIIS ADKS ISTAYLQWS SLTAS DTAMYYCARQVF RGVTNNK WF DPWGQG TLVTVS S
IGHV5-10-1*01,GG SLKITC KGSGYS FTNYWISWVRQ MPGKGL EWM G K IDPSDSYINDSPSFQG HVSMSV DTSI STAYLQWS SLKASD TAMYYCAR LGGSGSYDG FDL WGQG TLVTVS S
IGHV5-51*01,GES RKISC KDSGYN FTSYWIGWVRQ MPGKGL EWMGII YPGDSDTRYSPSFQG HVTIS ADKS ISTAYLQWS SLKASDT AMYYCAIYA GYCSGDS CYHLDY WGQG TLVTV SS
IGHV5-51*01,GE SLKISCKV SGYSFS TWWIGWVRQ RPGKGL EWMGIIY PADSDTKYNPPLQG QVTI PADKS ISTAYLQL SNLKAPDT AIYYCA RHLRYSKS WFYYYGVDVW GQGT TVTV S
IGHV5-51*01,GE SLKISC KGSGYS FTSYWIGWVRQ MPGKGL EWMGII YPGDSDTRYSPSFQG QVTIS ADKS ISTAYLQWS SLKASD TAMYYCARFL GRDGYNWFD A FDI WGQG TMVTV SS
IGHV5-51*01,GE SLKISC KGSGYS FTSYWIGWVRQ MPGKGL EWMGII YPGDSDTRYSPSFQG QVTIS ADKS ISTAYLQWS SLKASD TAMYYCARHRL LGGSPR DAF DI WGQGT KVTVS S
IGHV5-51*01,GE SLKISC KGSGYSFPN YWIGWVRQ MPGKGL EWMGIIW PGDSDTRYSPSFR GQVTIS ADKSIN TAYLQWSS LEASDT AMYYCA RSDSWANKNYYGMDGWGQG TTVTVS S
IGHV5-51*01,GE SLKISC RGSGYS F S NSWIGWVRQMS GKGL EWMGII YPGDSDTRYSPSFQG QVAISV DKSINT AYLQWISL KASD TAMYYCATLFCSTL CL VPHAF DV WGQG TMVSV SS
IGHV5-10-1*01,E VQLVQ SGA EVK KPGE SLRISC KGSGYN FTTYWISWVR QMPGKGL EWMGRI DPSDSYTNYSPSFQG HVTISV DKSI STAYLQWSS LKASDT AMYYCAT LNSPVPRSYYDGSGYPRSLKGD SFDIW GQG TMVTVS S
IGHV5-10-1*01,GG YLKTS RKASGYSFN HYWVSWVR PIPGK VLEWLGR IDPSDSYTNYSPSFQG HVTIS TDKS ITTAYLQW GS L KASDT AIYYCVRV PWGYSGSGS YSGYF DSWGQG TLVTVS S
IGHV5-51*01,GE SLKISC KGSGYS FTSYWIGWVRQ MPGKGL EWMGVI YPGDSDTRYSPSFQG QVTIS ADKS ISTAYLQWS SLKASDT AMYYCAR HTTRGYSSS WSYYYY G MD VWGQG TTVTVS S
IGHV5-51*01,GES LKI PCKGSGYS FTNYWIGWVRQ MPGKGL EWMGTI YPGDSDTRYSPSFQG QVTISA YKSISTA YLQ W SSLKASD TAMYYCARHVREDYDILT GYYPPLTPFDYWGQG TLVTV SS
IGHV5-51*01,GE SLKISC KGSGYS FTTYWIGCVRQ MPGKGL EWMGII YPGDSD IRY SPSFQG QVTIS ADKS ITTAYLQWS SLKASDS AIYFCARLS QAGGPGSHWGQG TLVTVS S
IGHV5-51*01,GE SLKISC KGSGYR FTNYWIAWVRQ MPGKGL EWMGIIY PTDSDTRYSPSFQG QVTIS ADKS ISTAYLQWS SLKASDT AMYYCA RPDDYSGYYP FHFDY WGQG TLVTVS S
IGHV5-51*01,E VQLVQ SGA EVK KPGE SLKISC KGSGY RFTNYWIGWVRQ VPGKGL EWMGIIY PGDSDTRYSPSFQG QVTISV DKSIN TAYLQWN SLKASDS AMYYCA RGTGYR DYVCWF DPWGRGNPGH R LL
IGHV5-10-1*03,E VQLVQ SGA EVK KPGE SLTISCQV SGYNF LNYWITWVRQ VPGKGL EWMGR LDPSDSY TTY SPAFEG HVTIS ADKS IITAYVKW GSLKSSDSG IYFCARRLCT MGSCGFDSWGQG TLVTVS S
IGHV5-51*01,GG SLKISCE TSGY TFSSYWIGWVRQ MPGKGL EWMAIIY PGDSN IRY NPSF QAHVTIS GDKS INTAYLHWS SLRASDT AIYSCAV GNSR YSFDY WGRG TLVTV SS
IGHV5-10-1*01,GE SLKISC RGSGYN FATYYISWVRQ IPGKGL EWMGMI YPSDSETKYSPSFHG HVTLS ADKSI NTAYLQWT DLRAS DTAMYYCARILL AGQ QV VPSSWGQG TLVTVS S
IGHV5-51*01,GE SLKISC KGSGYS FTSYWIGWVRQ MPGKGL EWMGII YPGDSDTTYSPSFQG QVTIS ADKS ISTAYLQWS SLKASDT AMYYCS RHDN VAL SNGR YYWYGLDV WGQG TTVTVS S
IGHV5-51*01,GA YLKTSC EGSGYS FTHYWIGWVR PMPGKGL EWMGII FPGDSDI RY NPSF QAQVTIS ADKS ITTAYLQWS SLKASDT AIYYCA AGPL RS YF DSWGQG TLVTV SS
IGHV5-51*01,GA SLKISC KGSGYS FTSYWIGWVRQ MPGKGL EWMGII YPGDSDTRYSPSFQG QVTIS ADKS ISTAYLQWS SLKASDT AMYYCA RQPAAHNDYWGQG TLVTVS S
IGHV5-51*01,GG SLKISC KGSGYG FSNFWLALVRQ MPGKGL EWMGTI YPGYSDTRYSPSFRG QVTIS ADKS I SAAYL Q WSA LKASDT AIYYCATATV DDRGA FDIW GQG TMVTV SS
IGHV5-51*01,GE SLKISCKA SGDSFT NYWIGWVRQ MPGKGL EWMGIIY PADSDARYSPSFQG QVTFSV DKSI STAYLQWS SLKASD TAMYYCARK QGLWD TQIYYH G MDV WGQG TTVTVS S
IGHV5-51*01,GA SLKISC KGSGYS FSTWW IGWVR QRPGKGL EWMGIIY PADSDTKYNPTLQ GQVTIS ADKS ISTAYLQL SNLKASDT AIYYC ARH LRYSKS WFYSY G VDVW GQGT TVTVS S
IGHV5-51*01,GE SLMISC EGSGYS FTSHWIAWVRQ MPGTGLD WMGTI YPGDSDTRYSPSFEG QVTIS ADKS ISTAYLQWS SLKASDT AIYYCA RPEIYSGYENWGQG TLVTV SS
IGHV5-51*01,GE SLKISC KGSG YSFSAFFLAWVRQ MPGKGL EWMGVI FPGDSYSRYSPSFQG QVTISV DKSLNNA SLQWS SLKPSDT AVYYCARV GGGDG YNLYLDY WGQG ALVTVS S
IGHV5-51*01,GE SLKISC KGSGY TF NN YWIGWVRQ MPGTGL EWMGII YPGDSHT RY SPSFQG QVTIS ADKSI NTAYLRLS SLKASDT AMYYCA RNSSTAHRAG FDIW GQG TMVTVS S
IGHV5-51*01,GA SLQISCKV SGSIFT NYWIAWVR PLPGKG LGFMGIIL PDDSDTNY STSF R GQVTISV DKSIN TAYLQWN SLKASDT AIYYCA RQGAGASH Y DATGLPRGA FDV WGQG TMLTVS S
IGHV5-51*01,GE SLKISC KGSGY RFT SYWIGWVR QMPGKG LELMGII YPGYSDTRYSPSFQG QVTIS ADKS ISTAYLQWS SLKASDT AMYYCARLSWD YYGSGSYHPHGM DV WGQG TTVTVS S
IGHV5-51*01,GE YLKS TRNGAGY S FAP YWIGWVRQ KPGEGPE WQGIIY PRDSDTRYNPSFQG QVTISV DTSVN TAYLQWSS LKASDS AMYYC A RHGLYGSGS YLFYFD FWGQG SLVTVS S
IGHV5-51*01,GE SLKLSCK SSGYN FISYWIGWVRQ MPGGG LEWMGIL YPGDSDTRYNPSFEG HVTIS ADKSIN TAYLQW NSLKASDT AIYYCAR RQSSFYGSGSVP HTVFDL WGRG TLVTVS S
IGHV5-51*01,ES LKFSC KGSGYNFASN WIGCVRQ MPGKGL EWMGII YPGDSDTRYSPSFKG QVTIS ADKS ISTAYLQW SSLKAS DSAMYYCAR QGYD YIWGS YSDKDFWGPG TLVTVS S
IGHV5-51*01,GAP LKVSC KGSGYS LTSYWIGWVR PMPGKGL EWMGII YPGDSDTRYSPSFQG QVTIS ADKS ISTAYLQWS SLKASDT AMYYCA RHPLRGAAAGR WWF DPWGQG TLVTVS S
IGHV5-51*01,GE SLKISCQ ASG YFF TSN WIGWAR QVPGRGL EWIGIIFP LYSDV K YSPSFQG QVTIS ADES ISTTYLQWSS LRASDS AIYFCTR QSASGFDSWGQ GTLITVS S
IGHV5-51*01,GESP TISC KSSGYN FISYWIGWVRQ MPGGG LEWMGIL YPGDSDTRYNPSFEG HVTIS ADKSIN TAYLQW NSLKASDT AIYYCA RRQSSFYGSGSVP HTVFDL WGRG TLVTVS S
IGHV5-10-1*01,GE SLKISC KGSGYS FTSYWISWVRQ MPGKGL EWMGR IDPSDSFTNYSPSFQG HVTIS ADKS ISTAYLQW SSLT ASDTAMYYCAR QNTGYD SI LD Y WGQG TLVTV SS
IGHV5-51*01,GA SLKISC KGSG YSFASHWIAWVRQ MPGKGL EWMGII YPGDSDNIYSPSFQG QVTIS ADKS ISTAYLQWS SLKASDT AMYFCAR RGLGSTSRW F DPWGQGTP VTVF S
IGHV5-51*01,GE SLKISCK ASGYS FSTYWIGWVRQ MPGKGL EWMGII YPGDPDTRYSPSFQG QVTISA DKSTS TAYLQWRS LKASDS A MYYC AR YGAYDYGP I DYWGQG TLVTV SS
IGHV5-51*01,GE SLKISC KGSGYS FTTHWIGWVR QTPGKG LEWMGIIY PGDSDTKYSPSFQG QVTIP FDKSIN TAYLQWSS LRASDT AMYY GASPSVAGG YYFAMDV WGQG TTVTVS S
IGHV5-51*01,GE SLKISC KGSGYS FTSYWIGWVRQ MPGKGL EWMGII YPGDSDTRYSPSFQG QVTIS ADKS ISTAYLQWS SLKASD TAMYYCARQYT D FW SGYESGW F DPWGQG TLVTVS S
IGHV5-51*01,GQP VTVSC KGSGYS FTSYWIGWVRQ MPGTGL EWMGII YPGDSDTRYSPSFQG QVTIS ADKS ISTAYLQW SSLKASD TAMYYCARF LRWPH YYFD YWGQG TLVP VSS
IGHV5-51*01,GE SLKISC KGSGYS FTSYWIGWVRQ MPGKGL EWMGII YPGDSDTRYSPSFQG QVTIS ADKS ISTAYLQWS SLKASDT AMYYCA R HAVV GSSW SYYYY G MDV WGQGT TVTVS S
IGHV5-10-1*01,GE SLKISC KGSGYS FTSYWISWVRQ MPGKGL EWMGR IDPSDSYTNYSPSFQG HVTIS ADKS ISTAYLQW SSLKAS DTAMYYCARLV GGWVDN YYYYGMDV WGQGT TVTVS S
IGHV5-51*01,GE SLKISC KGSGYS FTSYWIGWVRQ MPGKGL EWMGII YPGDSDTRYSPSFQG QVTIS ADKS ISTAYLQW SSLKAS DTAMYYCARQF GI AVA G TYKLLHWY F D LWGRG TLVTV SS
IGHV5-51*01,GE SLKISC KGSGYS FTSYWIAWVRQ MPGKGL EWMGMIY PYDSDTRYSPSFQG QVTMSV DKSSS IVYVQWS SLKASDT AMYYCA RPHSLGEHYGAG SYYYF DQWGQG TQVTVS S
IGHV5-51*01,GE SLKISC KGSGYS FTNYWIGWVRQ MPGKGL EWMGII GPGGSDTRHSPSFQG QVTIS ADKSVN TAYLQWS SLKAS DTAMYYCARQALL AGPPIDYWGQG TLVTV SS
IGHV5-51*01,GA SLKISR RASGY RFKTYWIAWVR QKPGKG LEWMGIIY PGDSD TIY SPSFQG QVTIS ADKS ISTAYLQW NSLKASDT AIYYCARQIY SNSSEDYWGQGT QVTVS S
IGHV5-51*06,E VHLAQ SGA EVK KPGD SLRISCK TSGYDFP TYWIAWVRQ MPGKG LELMGIIY PKDPERRYSPSFQG QVTMS ADTSI NTAYLQW RGLKVSDT AIYYCARH FNRGSGG FDFW GQG TVVTV SS
IGHV5-51*01,GE SLKISCE ASGYN F S AFWLAWVR QTPGKGL EWLGFIY PADSDTTYSPSFQG QVTIS ADKS VKTAYLQWNSL KASDSG VYYCARRR FNG YEF NSNY GYFDVW GPG TLVTVS S
IGHV5-10-1*01,GE SLKISF KGSGYS FTSYWISWVRQ MPGKGL EWMGRI DPSDSYTNYSPSFQG HVTIS ADKS ISTAYLQWS SLKASDT AMYYCA STGGDYP YYYYYGMDV WGQG TTVTVS S
IGHV5-51*01,GG SLKISCK ASGYS F T NYWIGWVRQ MPGKGL EWMGII YPGDSDSRYSPSFQG QVTISA DKSMN TAYLQWSS LKASDT AMYYCAR SDTWANKN YYSLDVW GQG TTVIVS S
IGHV5-51*01,S LKISC KGSGYS FTSYWIGWVRQ MPGKGL EWMGII YPGDSDTRYSPSFQG QVTIS ADKS ISTAYLQWS SLKASDT AMYYCA TPLNYYDSNAFDYWGQG TLVTVS S
IGHV5-51*01,GE SLTISC KGSRYS F TSY WIGWVR QMPGTGL EWMGII YPGDSDTRYSPSFQG QVTIS ADKS ISTAYLHW SSLKASDT AIYYCARRM SVAGTP HYYMDV WGKG TTVTVS S
IGHV5-51*01,GE SLKISC KGSGY RFTSYWIGWVR QMPGKGL EWMGII YPGDSDTRYSPSFQG QVTISV DKSI STAYLQWS SLKASDT AMYYCTR VDT ALE LGFDYWGQGTP VTV SS
IGHV5-51*01,GE SLKISC KGSGYS FTSYWIGWVRQ MPGKGL EWMGII YPGDSDTRYSPSFQG QVTIS ADKS ISTAYLQWS SLKASDT AMYYCA RGKG Y CSGGSCP VYYYYY GM D VWGQG TTVTVS S
IGHV5-51*01,GGYP MISR KGSGYSLN HYWIGWVR PMPGKG LEWTGII YPGDYDTRYSPSFQG QVTIS ADKS ISTAYLQWS SLKASDT AMYYCAR WGCSSTSCYPFDYWGQG TLVTV SS
IGHV5-51*01,GE SLKISC KGSGYS FTSYWIGWVRQ MPGKGL EWMGII YPGDSDTRYSPSFQG QVTIS ADKS ISTAYLQWS SLRASDT A MYYCARLTS YYGSGSDYFGG IDVW DQGT TVT V
IGHV5-51*01,GE ALKISCK ASGYTFT NDCIGWLRQMS GEGLG WNVLIYL DDSSRTYSPPFQG QVTIS ADKS ISTAYLQWS SLKASDT AMYFCA RGAA GVYFYGMDV WGQGT PVTVS S
IGHV5-51*01,ES LKISC KGSGY SFTSYLIGCVRQ MPGKGL EWMGII YPGYSDTRYSPSFQG QVTIS ADKS ISTAYLQWSS LKASDT AMYYCA RSPYSSSW YWGCF DPWGQG TLVTV SS
IGHV5-51*01,GE SLKISC SGSGYN FNTYWIAWVRQ MPGKGL EWMGIIF PGRS EIRY SPSFQG QVSFSV DTSIN TAYLQWSS LKASDT AIYYCARH LGSGYFDSNTY HYHFYAM DAWGQG TTVTVS S
IGHV5-51*01,GE SLKISC KGSGYS FTSYWIGWVRQ MPGKGL EWMGII YPGDSDTRYSPSFQG QVTIS ADKS ISTAYLQWS SLKASDT AMYYCARV DRYCSSTSCYTG YYGMDV WGQGT TVTVS S
IGHV5-51*01,GE SLKISC KGSGYS FTSYWIGWVRQ MPGKGL EWMGII YPGDSDTRYSPSFQG QVTIS ADKS ISTAYLQWS SLKASDT AMYYCAR RRGYGD YVTNWF DPWGQG TLVTVS S
IGHV5-51*01,GE SLKISC KGSGYS FTSYWIGWVRQ MPGKGL EWMGII YPGDSDTRYSPSFQG QVTIS ADKS ISTAYLQWS SLKASDT AMYYC ARHR WVYY GSGS YYYYGMDV WGQG TTVTVS S
IGHV5-10-1*01,S LKIS GNGSGYS FTSYWISWVRH MPGKGL EWMGR IDPSDSYTNYSPSFQG HVTIS ADKS ISTAYLQWS SLKASDT AMYYCA REGGYSSGWHPGWFDYWGQG TLVTV SS
IGHV5-51*01,GE SLKITWK GSGYSYS TWWIGWVR QRPGKG LEWMGSI YPGDSDTKYNPTLQ GQVTIS ADKS ISTAYLQL SNLKASDT AIYYC ASHLRYSKS WFYYYGVDVW GQG TTVTVS S
IGHV5-51*01,GA SLKISC KGSGYS FTSYWIGWVRQ MPGKGL EWMGII YPGDSDTRYSPSFQG QVTI PADKS ISTAYLQWS SLKASDT AMYYCAR SWYSSSW LGIG MDWFDPWGQG TLVTV SS
IGHV5-51*01,D VQLVQ SG AVVK KPGE SLKISCQ SSGYN FTSYWIGWVRH LPGKGL EWMAIIF PDDSDTRYSPSFQG QVTISA DKSTHS AHLQWRSL KASES AIYYCA RHSA Y HASGYPDA LDL WGPG TMVTV SS
IGHV5-51*01,GA SLKISC KGSGYS FTSYWIGWVRQ MPGKGL EWVGII YPGDSDTRYSPSLQG QVTIS ADKS ISTAYLQWS SLKASDT AMYYCA RK TVYYY GSGSYS W G MDV WGQG TTVTVS S
IGHV5-51*01,GS LKISC EGSGYS FTSHWIAWVRQ MPGKGL EWMGTI YPGDSDTRYSPSFEG QVTIS ADKS ISTAYLQWSS LKASDT AIYYCA RPE I YSGYENWGQG TLVTVS S
IGHV5-51*01,GE SLKISCK SSGYS FTRYWIGWVR QMPGKGL EWMGII YPGDSDTRYSPSFQG QVTIS ADKS ISTAYVQWSS LKASDT AMYYCAR SDYGSGS YVDY WGQG TLVTV SS
IGHV5-51*01,GE SLKISC KGSGYS FTSYWIGWVRQ MPGKGL EWMGII YPGDSDTRYSPSFQG QVTIS ADKS ISTAYLQWS SLNASDT AMYY CPRLPPGI AAA G YYYYGMDVW GQGN TVTVS S
IGHV5-51*01,GE SLKISC KGSGYS FTSYWIGWVRQ MPGKGL EWMGII YPGDSDTRYSPSFQG QVTIS ADKS ISTAYLQWS SLKASDT AMYYCA RHPLRGAAAGR WWF DPWGQG TLVTV SS
IGHV5-51*01,KSGE SLKISC KGSGYS FTTY WIG WVR QLPGKGL EWMGTI YPDDSDTRYSPSFQG QVTIS ADKS ISTAYLQWS SLKASD TAMYYCARHEISSWL EGIDYWGQG TLVTVS S
IGHV5-51*01,GE SLKISC KGSGYS FTSYWIGWVRQ MPGKGL EWLGII YPGDSDTRYSPSFQG QVTIS ADKS ISTAYLQWSS LKASDTA MYYCARVVIP LEH YYYYYYGMDV WGQG TTVTVS S
IGHV5-51*01,GQPVKG SC EGSGYS F T SHW IAWVR QMPGKGL EWMGTI YPGDSDTRYSPSFEG QVTIS ADKS ISTAYLQWS SLKASDT AIYYCA RPE I YSGYENWGQG TLVTV SS
IGHV5-51*01,ES LKISCK ASGYSLNS YWIAWVRQ VPGKGL EWMGIVYR GDSDANYSPAFQG QVAFT ADRS ISTAYLQWSR LKASDTG IYYCA GTNGYGDNPL YY WGQGTP VSV SS
IGHV5-51*01,GE SLKIP CKGSGNSF TTYWIGWVR QMPGKGL EWMGVI YPGDSDTRYSPSFQG QVTIS ADKS ISTAYLQWS SLKASDT AMYYCARL KTGGDYG YEYYGMDV WGQG TTVTVS S
IGHV5-51*01,GE SLKISCK GSASSFP TYWIAWVRQ MPGKG LECMGIIY PDDSDTRYRPSFQG QVTIS ADKS ISTAYLQWS SLKASDT AMYYCARIF SSGY VGALDI WGQG TMVTVS S
IGHV5-51*01,GA SLKISC KGSGYDFPN YW FAW VRQ MPGKGL EWMGII YPGDSDTRYSPSFQG QVTIS ADKS ISTAYVQW NNLKVSD TAMYYCARRTILD AGM VGFDY WGQG TLVTV SS
IGHV5-51*01,ES LKIS SKGSGY SFTSYWIGWVRQMT GKGL EWMGII YPGDSDTRYSPSFQGP VTIS ADKS ISTAYLQW SSLKAS DTAMYYCAR LGETTD FGVVIA GGYG MDV WGQGT TVTVS S
IGHV5-51*01,GE SLKISC KGSGYS FTSYWIGWVRQ MPGKGL EWMGII YPGDSDTRYSPSFQG QVTIS ADKS ISTAYLQM NSLRAEDT AVYYCAKV GNS RLGVQYYFDY WGQG TLVTVS S
IGHV5-51*01,E VQLVQ SGA EVK KPGE SLKISC KGSGYNFKN YWIGWVRQ MPGKGL EWMAIIY PSDSETKYSPSFQG HVTIS ADRS VSTAYLHW SSLEASD T AIYYC ARQLRE FQGSDW YYYYYMDV WGQG TTVTVS S
IGHV5-51*01,GE SLTISCQ GSGDSFS N YWIGWVRQ MPGKGL EWVGVMY PRDSDTRYSPSFQG QVTMS ADRS VSTAYLQWSS LKASDT ATYYCV GQPS FVH STGIDSWGQG TLVIVS S
IGHV5-51*01,S LNVSC KGSGYS FTSYWIGWVRQ MPGTGL EWMGII YPGDSDTRYSPSFQG QVTIS ADKS ISTAYLQW SSLKA SDTAMYYCARL GVPD LVYYGMD VWGQGT TVTV SS
IGHV5-51*01,GASR KISC KGSGYS FTRYWIGWVR PMPGKGL EWMGII YPGDSDTRYSPSFQGQG TI SADKS ISTAYLQWS SLKASDT AMYYCAR QDTSSSG WQVYYFD YWGQG TLVTVS S
IGHV5-51*01,GE SLKISC KGSGYS FTSYWIGWVRQ MPGKGL EWMGII YPGDSDTRYSPSFQG QVTIS ADKS ISTAYLQWS SLKASDT A MYYCAIGIV AGGATD FFGI WGQGT MTTV SS
IGHV5-51*01,GASLKSSSEA SVYSF TSH CIAWVR QMPGKGL EWMGTI YPGDSDTRYSPSFEG HVTIS ADKS ITTAYLQWS SLKASDT AIYYCA RPE I YSGYENWGQG TLVTV SS
IGHV5-51*01,GA YLKISGNV SGY S FTP YWIGWVR PIPGKG LEWMGVI YPGDSDTRYSPSFQG QVTIS ADKSID TAYLQWSS LKASDT AMYYCA KPSYAGNPDYWGQG TLVTV AS
IGHV5-51*01,GE SLKISC KGSGYS FTSYWIGWVRQ MPGKGL EWMGII YPGDSDTRYSPSFQG QVTIS ADKS ISTAYLQW SSLKASD TAMYYCAR HGY YY DSRGS FDY WGQG TLVTV SS
IGHV5-10-1*01,GEY LKS SCKGSGYS F TSY WIS WVR QMPGKGL EWMGRI DPSDSYTNYSPSFQG HVTIS ADKS ISTAYLQWS SLKASDT AMYYCAR RGSSGLEGDYWGQG TLVTVS S
IGHV5-51*01,E VQLVQ SGA EVK KPGD SLKISC KGSGYSFT N YWIAWVR QMPGTGL EWMGFV YPGDSDTRYSPSFQS QVTISV DKSI STAYLQWS SLKASD TA MYYCAR VGLTPEGY YYYYYYMDV WGKGT PVTV SS
IGHV5-10-1*01,E VQLVQ SGA EVK KPGE SLRIAC KGSGF SFTSYWITWVR QMPEKGL EWMGRI DPSDSYTNYSPSFQG HVTIS ADKS ISTAYLQWS SLKASDT AMYYCAR QQYCSSNSCYD YYYYY G MDV WGQG TTVTVS S
IGHV5-51*01,GAS LK NSSKGSGYN FTYFWIAWVR PMPGKGL EWMGSV FPGDSDARYSPSFQG RVTIS ADKSIN TAYLQWS SLKASDS AIYYC G TLV AG TYYFDY WGQG TLVTVS S
IGHV5-51*01,GE SLKISC QGFGYS FTSYWIG W VR QMPGKGL EWMGII YPGDSDTTYSPSLRG QVTISV DKSI STAYLQWSR LKASDT AMYYCARR TNSGTS WF DTWGQG TLVTV SS
IGHV5-51*01,GE SLKISCK GSAYNFDN YWIGWVRQ MPGKGL EWMGLVY PRDSETR Y SPSFEG QVSIS ADRS ITTAYLQWS SLSASDS AMYYCARMTSV VGPT HFDFW GQG TLVTVS S
IGHV5-51*01,GE SLKISC KGSGYN FINYWIVWVRQ MPGKGL EWMGIIY PSDSDTRYSPSVEG QVTISA DKSST TAYLQW SGLKASDT AMYYCARVV DGYNDCWGQG TLVTVS S
IGHV5-51*01,GE SLKISC KGSGYS FTSYWIGWVRQ MPGKGL EWMGII YPGDSDTRYSPSFQG QVTIS ADKS ISTAYLQWS SLKASDT AMYYCARQYYY DSSGYYGRG YYYGMDV WGQG TTVTVS S
IGHV5-51*01,GE SLKISC KGSGYS FTSYWIGWVRQ MPGKGL EWMGII YPGDSDTRYSPSFQG QVTIS ADKS ISTAYLQW SSLKASD TAMYYCARF LRWPH YYFD YWGQG TLVTV AS
IGHV5-51*01,GE SLKISC EGSGYS FSSHWIAWVRQ MPGRGL EWMGII YPGDSDTRYSPSFKG RVTISA DEST ATVYLQWS SLKTSDT AMYYCAR LPF KLIQL NPH MYF DSWGQG TLVTVT S
IGHV5-51*01,GA SLKISC KGSGYS FTSYWIGWVRQ MPGKGL EWMGII YPGDSDTRYSPSFQG QVTIS ADKS ISTAYLQWS SLKASDT AMYYCA RD WVQL ERGW GYYYYYGMD VWGQG TTVTVS S
IGHV5-51*01,GES RKISC KGSGYS F TSY WIGWVR QMPGKGL EWMGII YPGDSDTRYSPSFQG QVTIS ADKS ISTAYLQWS SLKASDT AMYYCAR HPLGNWFDPWGQG TLVTV SS
IGHV5-51*01,GA YLKISS SASGYS F TP YWIGWVR PIPGKGL EWMGIIY PADSETR Y SPSFQG QVTISV DKSI STAYLQWS SLKASDT AMYYCA RCRRG YYGV GS Y FPWFDPWGQG TLVTV SS
IGHV5-51*01,GA SLKT SSEGSGY SFT S HWIAWVR PMPGKG LEWSGTI YPGDYA TRYST SFEG QVTIS ADKS ISTAYLQWSSLK ASDNG IYYCSIPVIY SGYENWGQG TLVTVS S
IGHV5-51*01,GE SLKISC KGSGYS FTSYWIGWVRQ MPGKGL EWMGII YPGDSDTRYSPSFQG QVTIS ADKS ISTAYLQWS SLKASDT A MYYCA R HS LGIA AGGK YYYYYGMD VWGQG TTVTVS S
IGHV5-51*01,GE SLKISC KGSGHT FTNNWIAWVRQ MPGKGL EWMGSI YPGDSN IRY NPAFQG QVTIS ADKSIN TAYLQWS SLKASD TAMYYCAR N L ITV A A LSPFDYWDQGS LVTV SS
IGHV5-51*01,S LNLSC KGSEYS FYTYWIAWVR QMPGTGL EWMGII YPGDSDTRYSPSFQG QVTIS ADKSIN TAYLQWRS LKASDT AIYYCAR LRSG YYWF DSWGQG TLVTVS S
IGHV5-51*01,E VQLVQ SGA EVK KPGE SLKISC KGSGY SFTSYWIGWVRQ MPGKGL EWMGII YPGDSDTRYSPSFQG QVTIS ADKS ISTAYLQWS SLKASDT AMYYCA RQNDYCDYWAGQDA FDI WGQG TMFTVS S
IGHV5-10-1*01,GV SLKISCK ASGYS LTRYWISWVRQ MPGKGL ECM GRSDPGNS YTYY SPSFEG HVTISL EKSI STVYLQWS SLKASDT AIYYCA RQRYCSGASCLD A FDI WGQG TLVTV S
IGHV5-51*01,GG SLKISC KTSE YRFTSFWMAWLRQ MPGRG LELMGII YPDDSDIKYSPSFQGQ VT FSAAKSIATAYLHLS SLRASDSA TYYCARVVD HYDSSGY F DYWGQGT TIIV SS
IGHV5-51*01,GE SLKISC RGSG YIF NN YWIAWVR QMPGKGL EWMGII FPGDSDPRYSPSFQG QVTLS ADRSI GTAYLQWSS LKASDT AVYYCARV GAGHDWNYPDKY FKYGLDVW SQGT TVTV S
IGHV5-51*01,GE SLKISC KGSGYS F TSY WVGWVR QMPGKGL EWMGII YPGDSDTRYSPSFQG QVTIS ADKS ISTAYLQWS SLKASDT AMYYCA RGKGYCSGVSCP VYYYYY G MDV WGQG TTVTVS S
IGHV5-51*01,GA SLKISC KGSGY SFTSYWIGWVR PMPGKGL EWMGII YPGDSDTRYSPSFQG QVTIS ADKS ISTAYLQWS SLKASDT AMYYCARL RSSWYG WF DPWGQG TLVTV SS
IGHV5-51*01,GE SLKISC KGSGYS FTTYWIGRVR QMPGKGL ECLGVI YPGDSDTRYSPSFQG QVTIS ADKS ISTAYLQWS SLKASDT AIYYCA RYPKNYY DVTGYFDL WGQG TLVTVS S
IGHV5-10-1*01,ES LKISC KGSGY SFTNYWISWVRQ MPGKGL EWM GKIDPSDSYINDSPSFQG HVSMSV DTSIS TAYLQW SSLKASD TAMYYCAR LGGSGSYDG FDL WGQG TLVTV SS
IGHV5-51*01,GGFPKIPRKGSGY SLTSYWTGWVRQ MPGKGL EWTGII YPGDSDTRYSPPLQG QVTIS ADKS ISTAYLQWS SLKASDT AMYYSARC AG FLYGMDV WGQG TTVTVS S
IGHV5-51*01,GA SLKISCE ASGYS L T RHWIAWVR PIPGKG LEWMGII YPGDSET RY SPSFEG QVTIS ADES ITTAYLQWS SLKASDT AMYYCA RPE IY SGYENWGQG TLVTV SS
IGHV5-51*01,GE SLKISC KGSGYS FTSYWIGWVRQ MPGKGL EWMGII YPGDSDTRYSPSFQG QVTIS ADKS ISTAYLQWS SLKASDT AMYYCARLRFQY SSGW YNLL G MDV WGQGT TVTV SS
IGHV5-51*01,GE SLKITC RGSGYT FTNSWIAWVRQMS GRGL ECIGII NPPDSTTRYSPSFEG QVTMSV DKSIN TAYLQW SSLEASDT AIYYC A RQGCGTSSC HTIDY WGQG TLVAV SS
IGHV5-51*01,GA SLKISC KGSGYS FTRYWIGWVR PIPGKG LEWMGII YPGDSDTRYSPSFQG QVTIS ADKS ISTAYLQWSS LKASDTA MYYCARVMVR GAGT WWYYGMDV WGQG TTVTVS S
IGHV5-10-1*01,E VQLVQ SGA EVK KPGE SLRISCAA TSNTFPN YWIAWVRQ MPGKGLE WLGKI DPSDSH INY NPSFEG HVTISV DKSIN TAYLQWN SLKASDT AIYYCARIL PTNGL GAFYIW GQG TLVTVS S
IGHV5-10-1*01,GG SLSLSC KGSGYS F TSY WIS WVR QMPGNGL EWMGRI DPSDSYTNYSPSFQG HVTIS ADKS ISTAYLQWS SLKASDT AMYYCA TGRGT Y SNSYY GMDV WGQG TTVTVS S
IGHV5-51*01,GA CLKISC NGSGYS F T RYWIGWVR PIPGKG LEWMGII YPGDSDTRYSPSFQG QVTIS ADKS ISTAYLQWS SLKASDT A MYYC ARR AVV G A TLYYYY YGMDVWGQGT TVTV SS
IGHV5-51*01,GE SLKISC KGSGYS FTSYWIGWVRQ MPGKGL EWMGII YPGDSDTRYSPSFQG QVTIS ADKS ISTAYLQWS SLKASDT AMYYCA RRGS IY SSG WYYYGMDV WGQG TTVTVS S
IGHV5-51*01,GESPKTYRNGSGYNF TNYWLARVR QMPGKGLEGMGSNYPYDSDTRYRPSFQG QVTIST DKSNR TAHLAWLS QNASH TAMYYCAR HESSSWLEGKDYWGQG TLVTV S
IGHV5-51*01,GE SLKISC KGSGY RFTSYWIGWVR QMPGKGL EWMGII YPGDSDTRYSPSFQG QVTIS ADKS ISTAYLQWS SLKASDT AMYYCAR HTRGYSSGWYGP YYFD YWGQG TLVTV SS
IGHV5-51*01,GE SLKISC KGSGYS FTSYWIGCVRQ MPGKGL EWMGII YPGDSDTRYSPSFQG QVTIS ADKS ISTAYLQWSS LKASDT AMYYCA RPSFFSSSWYSS YYYYYGMDV WGQG TTVTVS S
IGHV5-51*01,GE SLKISC KGSGYS FTSYWIGWVRQMY GKGL EWMGII YPGDSDTRYSPSFQG QVTIS ADKS ISTAYLQW SSLKAS DTAMYYCARVYRLA ARPNY YYYGMDV WGQGT TVTV SS
IGHV5-51*01,GE SLKISC K GYVYSF SRS WIGWVRQ KPGKGL EWMGLI YPGDSDTRYSPAFEG QVTIS ADTSIN TAYLQWS SLKASDT AIYYC ARHFSMVRG VL RGMDVWGQGTP VTV SS
IGHV5-10-1*03,EL QLVQFGAEVK KPGE SLTISCKA SGYS FTTYWISWVR QMPGKGL EWMGRI DPIDSYTNYSPSFR GHVTMSV DNS ITTAYLQWTS LKASDT AIYYCA RHNM VAT IP YYVMDV WGKG TTVIVS S
IGHV5-51*01,GA CLKISC KGSGYS LTRYWIGWVR PIPGKGL EWLGII YPGDSDTRYSPSFQG QVTIS ADKS ISTAYLQWS SLKASD TA MYYC ARL LPAA TIFD YWGQG TLVTVS S
IGHV5-51*01,GE SLQISCK ASG YAFIAYWVG WGRRGPGKGLE GMGII YPGDSESKTSPSFQG QVTLSA DKSAS TAYLQWNS LKAPDTG MYYCARL GPDSSGYS E YFQH WGQG TLVTVS S
IGHV5-51*01,GE SLNISC KGSGYSFSNS WIGWVR QMPGTG LEFMGII YPGDSD IRY SPSFEG QVAISV DKSV RTAYLQWISL KASDT A MYY CAT LF CS T LCLV PHGFD L WGQG TMVVV SS
IGHV5-51*01,GE SLKISC KGSGYS FTNYWIAWVRQ MPGKGL EWMGTI YPGDSDTRYSPSFQG QVTIS ADKSIN TAYLQWS SLKASDT A TYYC AR RGWPQGRDGY KHFH NWGQG TLVTV SS
IGHV5-51*01,GE SLKISC KGSGYS FTSYWIGWVRQ MPGKGL EWMGII YPGDSDTRYSPSFQG QVTIS ADKS ISTAYLQWS SLKASDT AIYYCA RDVVGA TYFDL WGRG TLVTVS S
IGHV5-10-1*01,GE SLKISC KGSGYS FTSYWISWVRQ MPGKGL EWMGRI DPSDSYTNYSPSFQG HVTIS ADKS ISTAYLQWS SLKASDT AMYYCA RGE YQL LPDGM DVW GQG TTVTVS S
IGHV5-51*01,GEYLKSPCHGPGF SVTRYWIGWVR PIPGKGL EWLGII YPGDSDTRYSPSFQGRVPISADKS ISTAYLQWS SLKASDT AMYYCA RHDYD ILT GYSNH WF DPWGQG TLVTVS S
IGHV5-10-1*01,GE SLKISC KGSAYN FTSHWINWVRQ MPGKGL EWMGR VDPTDSQ IKY SPSFRG HVTISV DKSIG TAYLQWS SLKASDT A MYY CA RHPRAWHCSDI S CYLLYAMD VWGQG TTVTVS S
IGHV5-51*01,GE SLQISCK ASGY TFTSYWIAWVR QMPGKGL EWMGVI YPGDSDTRYSPSLQG HVTIS ADKS VTTAFLQW SSLEASDT AMYYCA RTNYYETSGWAAGLSPFDMWGRG TMVTVS S
IGHV5-51*01,GEY L K SSCKASGYSFS NSWIGWVRQM SGKGL EWMGII YPGDSDTRYSPSFQG QVAISV DTSINT AYLQWISL KASDT AM YY C ATLF CSS LCLV PHAFDRWGQG TLVTV SS
IGHV5-51*01,GE SLKISCK SSGYN FISYWIGWVR QMPGGG LEWMGIL YPGDSDTRYNPSFEG HVTIS ADKSIN TAYLQW NSLKASDT AIYYCAR RQSSFYGSGSVPH TVFDL WSRG TLVTVS S
IGHV5-51*01,ES LTISCT GSGYSFS PYWVGWVRQ LPGKGL EWMGII YPGNSKT M YSPSFQG QFTIS SDKS ISTAYLQW NSLKASDN AIYYCA RGRKPNF GVVD RSPRGA LDL WGQG TLVTVS S
IGHV5-10-1*01,GE SLKISCQ ASGYN FTAHWISWVR QIPGRG LELLGRI DPGYSETNFGPSFQ GHVSISV DNS ISTFYLEWRSL RASDTG MYYC S RESL IRYIS SSEIGPDYWGQG TLVTVS S
IGHV5-51*01,GE SLKISCKA SGDSFN TQWIGWVRQ MPGKGL EWMGII YPGDSDTRYSPSLQG HVTFSV DKSI STAYLQWTSL KASDT AMYYCAR LPKRA WFFD LWGRG TLVT VPS
IGHV5-51*01,E VQLVQ SGA EVK KPGD SLKISC KGSGYSFTN YWFAWVR QMPGPGL EWMGFV DPGDSDTRYSPSFQS QVTISV DKSI STAYLQWS SLKASD TA MYYCAR VGLTPEGY YYYYYMDV WGKGT PVTVS S
IGHV5-10-1*01,GE SLQISCRA SGNT LSGYWISWVRR LPGKG LQWMGRI DPSDSYTNYSPALEG HITISV DKSSS TAYLHWS SLKASDT AIYYCS TMTGT EVDFW GQG TLVTVS S
IGHV5-10-1*01,GE SLKISC KGSGYS FTNYWISWVRQ MPGKGL EWM GKIDPSDSYINDSPSFQG HVTM SADTS ISTAYLQWS SLKASD TAMYYCAR LGGSGSYDG FDL WGQG TLVTVS S
IGHV5-51*01,D VQLVQ SGA EVK KPGE SLRISCK GSGDSFSN YWIGWVR HMPGK RLEWMASI YPAHSEAKYNPSFQG QVTIS ADKSI NTAYLHW GSLKASDT AIYYCA RHGAAG YY DSRGAPGGTASDIWGQG TMVTVS S
IGHV5-51*01,ES LKISC KGLG YRFT S HWIGWVRQ TPGKGL EWMGII YPGDSATR Y SPSFQG QVTIS ADKS ISTAYLQWSS LRASDS AMYYCAIRQ CTTASCDGA AYF DNWGQG TLVTV S
IGHV5-51*01,GE SLKISCKV SGF RFTSYWIAWVR QMPGKGLE TM G SI YPGDSDTRYSPSLQG QVTFSV DKSIN TAYLKWS SLKASDT AIYYCARL KQPAAGT YYYYGMDV WGQG TTVTVS S
IGHV5-51*01,GE SLKISC KGSGYR FTTNWIAWVRQ MPGKGL EWMGII YPDDSDTRYGPS FRGHITI PADTSTS TAYLQW DSLKASD TAMYYCARNLGFLARF ADSY HFDF WGPG TLVTVS S
IGHV5-51*01,GE SLKISCK ASGYS FTTYWIGWVRQ MPGKGL EWMGII YPGDSDTKYSPSFQG QVTIS ADKS ISTAYLQWS SLKASDT AMYYCAR STGYCNNGA CSVDYFD FWGQG TLVSV SS
IGHV5-51*01,GA CLKS SCKGSGY SVTRYWIGWVR PIPGKGL EWLGIIY PGDSDTRYSPSFQG QVTIS ADKS ISTAYLQWS SLKASDT AMYYCAR AGEDI FGEINYYYYGMD VWGQG TTVTVS S
IGHV5-51*01,ES LKISC EGSGY NFHIQWIAWVRQ MPGKGL EWMGIIY PADSDTRYSPAFQG QVTISV DKSIN AAYLQWSS LKASDT AMYYCAR RGTGGWYDHYGL DV WGQGTP VTV SS
IGHV5-51*01,GE SLKISC KGSGY SF TG HWIGWVRQ MPGKG LECMGVIY PADSDTRYNPSFQG QVYIS TDNS IATAYLQW SSLMASDT AMYYCA RSWDLEHFD F WGQG TLVTV SS
IGHV5-51*01,GE SLKISCEC SGYSF TSHWIAWVRQ MPGKGL EWMGTI YPGDSDTRYSPSFEG QVTIS ADKS ISTAYLQWS SLKASDT AIYYCA RPE I YSGYENWGQG TLVTV SS
IGHV5-51*01,LGE SLKISC KGSGY SFTSYFIGWVRQ MPGRGL EWMAII NPTDSETRYGPS F Q GQVTISA DESTT TAYLHWTS LQASDT AMYYCAI HD YAEMARYW GQG TLVTVS S
IGHV5-51*01,GE SLKISC KGSGYD FTNYWIAWVRQ MPGKGLEHMGS I YPFDSDTRYSPSFQG QVTIS ADKSI NTAYLQWSS LEASDTA MYYCARFFIY DSDGFDPWGQ GTLVTV SS
IGHV5-10-1*01,ES LKISC KGSGY SFTSYWISWVRQ MPGKGL EWMGR IDPSDSYTNYSPSFQG HVTIS ADKS ISTAYLQW SSLKAS DTAMYYCARLESI FG VVII PSWFDPWGQG TLVTV SS
IGHV5-10-1*03,E VQLVQ SGA EVK KPGE SLRISC KGSGC RFTSYWISWVR QMPGEGL EWMWTI DPSDSYTNYSPSFQG HVTIS ADKS ISTAYLQWS SLKASDT AMYYCARRIAVA G TF DYWGQG TLVTVS S
IGHV5-51*01,GA SLKISC KGSGYS FTSYWIGWVRQ MPGKGL EWMGII YPGHSDTRYSPSFQG QVTIS ADKS ISTAYLQWS SLKASD TA MYYC ARQ YCGGDCPFDYWGQG TLVTV SS
IGHV5-51*01,GE SLKISC KGSGYS FTRL W IGWVRQ MPGKGL EWMGII YPGDSDTRYSPSYQG QVTIS ADKS ISTAYLQWS SLKASDT AMYYCAR VPYCSGG VCYYFD YWGQG TLVTVS S
IGHV5-10-1*01,GE SLKISCK ASGYSF STYWISWVRQ MPGKGL EWMGRI DPSNSY TT YNPSLEG HVIIS ADKS ISTAYLQW SSLEASD TA MYYCA R QEGL EWILYGV DAWGQG TTVTVS S
IGHV5-10-1*01,GE SLKISC KGSGYS FTSYWISWVRQ MPGKGL EWMGR IDPSDSYTNYSPSFQG HVTIS ADKS ISTAYLQWS SLKASDT AMYYCAR HTNPDE YRIFGVV NPSY YYYYY G MDV WGQG TTVTVS S
IGHV5-51*01,GE SLQISC KGSGYS FTSYWIGWVRQ MPGKGL EWMGII YPGDSDTRYSPSFQG QVTIS ADKS ISTAYLQWS SLKASDT AMYYCA RRPSLPYDAFDYWGQG TLVT AS
IGHV5-51*01,GE SLKISC EGSGYS FTSHWIAWVRQ MPGKGL EWMGTI YPGDSDTRYSPSFEG QVTIS ADKSIN TAYLQWSS LKASDT AIYYCA RPEVYSGYENWGQG TLVTI SS
IGHV5-51*01,GE SLKISC KGSGYS FTSYWIGWVRQ MPGKGL EWMGII YPGDSDTRYSPSFQG QVTIS ADKS ISTAYLQWS SLKASD TAMYYCARLSRQ YSSGWYGGN AFDI WGQG TMVTV SS
IGHV5-51*01,GE SLKISC KGSGYS FTSYWIGWVRQ MPGKDL EWMGII YPGDSDTRYSPSFQG QVTIS ADKS ISTAYLQWS SLKASDT A MYYC A R LQPLVPYQGW F DPWGQG TLVTV SS
IGHV5-51*01,GE SLKISC EGSGY TF S THW IAW VRQ MPGRGL EWMAIVY PFNGDTKYSPSFQG QVAVSA DTSSN TAYLHWS SLKASDT AMYYCAR HLSPGKIRTP KVLALW GQGT RVIVS S
IGHV5-51*01,GE SLKISC KGSGYN FSRFWINWVRQ MPGKGL EWMGII YPDDSDTRYSPSFQG QVTIS ADKSF STAYLHW SSLKASDT AMYFC G RMGFAPANPL HLFVFG AQGK RFTVS S
IGHV5-51*01,GE SLKISC KGSGYS FTSYWIGWVRQ MPGKGL EWMGII YPGDSDTRYSPSFQG QVTIS ADKS ISTAYLQWS SLKASDT AMYYCA RD WVQL ERGW GYYYYYGMD VWGQG TTVTVS S
IGHV5-10-1*01,GE SLKISC KGSGYS FHDYWISWVRQ MPGKGL EWM GKIDPRDSYTNYSPSFQGD VTIS ADKSIN TAFLQW SNLRASDT ATYYCAR HSGNY GYVVFDF WGQG ALVTVS S
IGHV5-51*01,GE SLKISCK ASGY RFTQYWIGWVRQ TPGKGL EWMGIIYAI DSDTRYSGPFE GQVTIS ADKSIN TVYLQWSS LKASDTG TYFCARQSSFY DSSGE H WGQ GTLVTVS S
IGHV5-51*01,GE SLKISC KGSGY RVANYWIGWVR PMPGKGL EWLGII FPGVSDTRYSPSFQG QVTIS ADKS ISTAYLQM DSL TV EDT AVYYCARID EVTGRDYWGQ GTLVTVS S
IGHV5-51*01,GE SLKISCE ASG YIF DN YWIGWVRQ MPGKGL EWMGVI YPGDSDTRYSPSFQG QVTISV DTSIS TAYLQWTSL RASDT AMYYCART IN D FW SGYYPYSFDHWGQG ALVTVT S
IGHV5-51*01,GE SLNLSC KGSGY SFYNSWIGWVRQ MPGKGL EWMGII YPGDSDTRYSPSFQG QVAISV DT SISTAFLQWISL KASD SAMYYCATLFCSTLC L VPH AFD LWGQG TMVIV SS
IGHV5-51*01,GG SLKISC KGSGYS FTSYWIGWVRQ MPGKGL EWMGII YPGDSDTRYSPSFQG QVTIS ADKS ISTAYLQWS SLKASDT AMYYCAR FPLYGSGSQNNW F DPWGQG TLVTV SS
IGHV5-51*01,GE SLKISC KGSGYS FTSYWIGWVRQ MPGKGL EWMGII YPGDSDTRYSPSFQG QVTIS ADKS ISTAYLQWS SLKASDT A MYYC A RSLT AFSV VPAA R LG WF DPWGQG TLVTVS S
IGHV5-51*01,GE SLKISC KGSGNS FTT YWIGWVR QMPGKGL EWMGVI YPGDSDTRYSPSFQG QVTIS ADKS IS TAYPQWSSLKASDT AMYYCARL KTGGDYG YEYYGMDV WGQG TTVTVS S
IGHV5-10-1*01,E VQLVQ SGA EVK KPGE SLRISCQ GSGYDFT NYYITWVRQ VPGKG LEWMVKI DPKDSYYHNYSPSFQG HVTVS TDKSIN TAFLQWNILQ ASDT AIYYCA SNGFSGHGSPYDYWGQG TLVTV SS
IGHV5-51*01,GE SLKISC KGSGY TFTTYWIAWVRQ MPGKGL EWMGII YPGDSDTRYSPSFQG QVTIS ADKS ITTAYLQWS SLKASDT AMYYCARL KQPAAGT YYYYGLDV WGQG TTVTVS S
IGHV5-10-1*01,GE SLKISC KGSGYS FTSYWISWVRQ MPGK VLEWM GRIDPSDSYTNYSPSFQG HVTIS ADKS ISTAYLQWS SLKASDT AMYYCA TGRGTYSNSYYG MDV WGQG TTVTVS S
IGHV5-51*01,GE SLKISC KGSGYS FTSYWIGWVRQ MPGKGL EWMGII YPGDSDTRYSPSFQG QVTIS ADKS ISTAYLQWS SLKASDT AMYYCA RHER YYYGMDV WGQG TTVTVS S
IGHV5-51*01,GE SLKISC KGSGYS FTSYWIGWVRQ MPGKGL EWMGII YPGDSDTRYSPSFQG QVTIS ADKS ISTAYLQWS SLKASDT AMYYCASVA SSGWSPHG YFDY WGQG TLVTVS S
IGHV5-51*01,GE SLKISC KGSGY TFTSYWIGWVR QMPGKGL EWMGIIYP VDSDTRYSPSFQG QVTIS ADKSIN TAYLQWSSL KASDTG MYYCVREID YGDDELD YWG Q GTLVTV SS
IGHV5-51*01,GD SLKISC KGSGNS FTT YWIGWVR QMPGKGL EWMGVI YPGDSDTRYSPSFQG QVTIS ADKS ISTAYLQWS SLKASDT AMYYCARL KTGGDYG YEYYGMDV WGQG TTVTVS S
IGHV5-51*01,GE SLKISCK ASGYS F T TH WIAWVR QMPGKG LGWMGII YPGDSDTRYSPSFQG QVTIS ADK SISVAYLQWS SLKTSDS AMYYCAR RSYSDY LYGLDVW GQGT TVIVS S
IGHV5-10-1*01,GA SLKISCE ASGYS LTNYWISWVRQ MPGKGL EWMGRI HPSDSYTNYSPSFQG HVTISV DKSI STAYLQW SSLKAS DTAIYYCARLAR RNLG YFYYGMDV WGQG TTVTV SS
IGHV5-51*01,GA YLKISGE ASGYS F T RHWIAWVR PMPGKG LEWMGTI YPGDSDTRYSPSFEG QVTIS ADKS ISTAYLQWSS LKASDT AIYYCA RPE I YSGYENWGQG TLVTV SS
IGHV5-51*01,GA TLKISCE ASGY TFTSYWIVWVGK IPGKG LEWMGMI YPGDSDTRYSPSFQ GLVTIS ADKS VSTAYLQWSS LKASDT AMYYCARLH CSTTNCQNW F DPWGQG TLVTVS S
IGHV5-51*01,GE SLKISC KGSGYS FTSYWIGWVRQ MPGKGL EWMGII YPGDF DIRY SPSFQG QVTIS ADKS ISTAFLQW SSLKASDT AMYYC ASGSGQ LLSHH YSDYWGQG TLVTV SS
IGHV5-51*01,GA SLKISC KGSGYS FTSYWIGWVR PMPGKG LECMGIIY PDDSDTRYSPSFEG QVTIS ADKSIN TAYLQWS SLRASD TA MYY CAR LGGSYTEG FFD YWGQG TLLTVS S
IGHV5-51*01,GE SLKISCK ASGYS FTTYWIGWVR QTPGR CLEWVGIIF PRDSDTRYSPSFQG QVTMSV DESID TAYLQWS SLKASD TAIYYCAR LGF YY DFTPPH F D L WGRG TLAIVS T
IGHV5-51*01,GA CLKISSKV AGNSFTP YWIGWVR PMPGKGL EWLGVI YPGDSDTRYSPSFQG QVTIS ADKS ISTAYLQWS SLKASDT AMYYCARLK TGGDYG YEYYGMDV WGQG TTVTVS S
IGHV5-10-1*01,GE SLKISC KGSGYS FTSYWISWVRQ MPGKGL EWMGR IDPSDSYTNYSPSFQG HVTIS ADKS ISTAYLQW SSLKAS DTAMYYCARLESIF G VV GGM D VWGQGT TVTV SS
IGHV5-51*01,GA SLQISCK ASG YIF TNY WIAW VR QMPGQGL EWMGIT YPGDSDTRYSPSFQG QVTIS ADKS ITTAYLQW NSLKASDTA TYYCARH VEGDW F DPWGQG TLVTV SS
IGHV5-51*01,GE SLNISC KGSGYS FSKYWIGWVRQ MPGKGL EWMGII YPGDSDTRYSPSFQG HVTISAVRS IN T AYLQW NSLKASDT AIYYC AR FGGGVQ GVL GDYWGQGS RVT V
IGHV5-51*01,GE SLKISC KGSGYSFSNS WIGWVRQ VPGKG LEWMGII YPGDFDTRYSPSFQG QVVISV DKSIS TAYLQWISL KASDT AIYYCATLF CST LCL VPHA FDV WGQGT KVIV SS
IGHV5-51*01,GE SLKISCKVS G YRF NN YWIGWVRQ MPGKGL EWMGII YPDDSDKRYSPSFQG QVTISV DKSI STAYLQWS SLKASDT AIYYCARL QGFNGS LREAF GYWGQG TLVTV S
IGHV5-10-1*01,E VQLVQ SGA EVK KPGEP LRISCQ GSGYDFTN YYITWVRQ VPGKG LEWMVKI DPKDSYYHNYSPSFQG HVTVS TDKSIN TAFLQW NSLQASDT AIYYCA RNGYSGHDS LYD YWGQG TLVTV SS
IGHV5-51*01,GE SLKISC QGSGYNFP TK WIAWV RQ MPGKGL EWIGII HPGASDI RY SPSFQG QVTIS ADKS ISTAYLQWS SLKASDT AMYYCA RSGES WVEGEIW GQG TLVTVS S
IGHV5-51*01,GG SLKISC KGSGY RFITYWIGWVR QMPGKGL EWMGII YPGDSDTRYSPSFQG QVTIS ADKS ISTAYLQWSS LKASDTA TYYCVA NPVTTS AFDIW GQG TTVTVS S
IGHV5-51*01,GE SLKISC KGSGYN FSRFWINWVRQ LPGKGL EWMGII YPDDSDTRYSPSFQG QVTIS ADKSF STAYLHW SSLKAS DTAMYFCARM GVAAANT LHAFD FWGQG TMVTVS S
IGHV5-10-1*01,GES RKISC RGSGYN FATYYISWVRQ IPGKGL EWMGMI YPSDSETKYSPSFHG HVTFS ADKSI NTAYLQW SDLKAS DTAMYYCARILL AGQ QV VPSSWGQG TLVTVS S
IGHV5-51*01,GA SLKISC KGSGYSFPK SWIVWVRQ MPGKGL EWMGLI YPGDSDTRYSPSFQG HVTIS ADES VSTAYLQWS SLKASDS ALYYC GRLGGGA YC STGGC Y SDSWGQG TLVTVS S
IGHV5-51*01,GE SLKISC KGSGYS FTSYWIGWVRQ MPGKGL EWMGII YPGGSDTRYSPSFQG QVTIS ADKS ISTAYLQWS SLKASDT AMYYC AGHE ALYS YGSSFDYWGQG TLVTV SS
IGHV5-51*01,GE SLKISC KGSGYS FTSYWIGWVRQ MPGKGL EWMGII YPGDSDTRYSPSFQG QVTIS ADKS ISTAYLQWS SLKASDT AMYYCA RHRSSMGA FDI WGQG TMVTVS S
IGHV5-51*01,GE SLKISC QGSGYSFS TSWIAWVL QKPGKGLD WMGII YPGDSDTTYSPTFQG QVTIS ADKSIN TAYLQWSS LKASDT AVYYCAR HDALGG WYFDL WGRG TLVTV SS
IGHV5-51*01,GES RTISC KGSGYNFNTS WIGWVRQ MPGTGL EWMGII YPDDSETKYSPSFQ SQVTIS ADKS ISTAYLQWS SLKASDT AVYYCA RHMAD IVIVRS AMDGMD VW GQG TTVTVS S
IGHV5-51*01,GE SLKISC KGSGYGFT T N WIGWVR QTPGKGL EWMGII YPGDFDNRYSPSFQG HVTISV DNSI STAYLQWS SLRASDT AMCYCAR LGGGASG WY EGRGDFD C WGQG TLVTV S
IGHV5-51*01,E VQLVQ SGA EVT QPGK SLKISCK ASGYSFPS YWIGWVRQ MPGKGL EWMGMI YPGDSETTYNPTLQ GQVTISA DKSTS TVYMQWS SLTASDT AIYFCA RHRAQT MALSYIYHYYYMDV WGNGT TVTV S
IGHV5-51*01,GE SLKISC KGSGY TFTTYWIGWVR QMPGKGLEGM GI NYPGDSDTRYSPSFQG QVTISV DKSIN TAYLQWSS LEASDT AMYYCAR HPSGD FYA SGP FELW GQG TLVSVS S
IGHV5-51*01,GE SLKISC KSSGF SFTS S WIGWVRQ MPGKGL EWMGSI YPGDSDTT Y SPSFQG QVTISV DKSIN TAYLQWSS LKASDT AMYYCAR RRDFG VVK D WF DPWGQG TLVTVS S
IGHV5-51*01,GE SLKISC QGSGY SFTTYWIGWLRQ MPGKGLE WMGIIYC GDSDV RY SPSFQG QVTISV DRSIS TAYLQWTHL QASDT A MYYCAR H VSGLPAPDHWGQG TLVTVS S
IGHV5-51*01,GE SLKISC KGSGYS F S TWWIGWVR QRPGTGL EWMGIIY PADSDTKYNPTLQ GQVTIS ADKS ISTAYLQL SNLKASDT AIYYC ARH LRYSKS WFYYYGVDVW GQG TTVTVS S
IGHV5-51*01,GA SLKISC KGYG YKV GN YWIGWVRQ MPGKGL EWMGIVF PGDSDTRYSPSFQG QVTIS ADKS ISTAYLQWS SLKASDT AMYYCA RQEPTTRGEKGFDPWGQG TLVTV SS
IGHV5-51*01,SLPISSDSSGY RFTSHWIAWVR QMPGKGL EWMGTI YPGDSDTRYSPSFEG QVTIS ADKS ISTAYLQWSS LKASDT AIYYCA RPE I YSGYENWGQG TLVTV SS
IGHV5-51*01,GES RKISC KGSGYS FTSYWIGWVRQ MPGKGL EWMGII YPGDSDTRYSPSFQG QVTIS ADKS ISTAYLQWS SLKASDT AMYYCAR RGYDGGTNDYWGQG TLVTVS S
IGHV5-51*01,GEF LN TSRKGSGY SLTSYWIGWVR PMSGKGPE WMVTIY PGDSDTRHSPSFQG QLTIS ADQS ISTAYLQWSS LKASDT AMYYCA GFPLYGSAGQNNWFDPWGQG ALVTV SS
IGHV5-51*01,GE SLKISC KGSGYS FTSYWIGWVRQ MPGKGL EWMGII YPGDSDTRYSPSFQG QVTIS ADKS ISTAYLQWS SLKASDT AMYYCAR HTAGGGFDYWGQG TLVTV SS
IGHV5-10-1*01,GE SLKISC KGSGYS FTSYWITWVRQ MPGKGL EWMGRI DPSDSYTNYSPSFQG HVTIS ADKS ISTAYLQWS SLKASDT AMYYCARH VNG VSY YPDA FDI WGQG TMVTVS S
IGHV5-10-1*01,E VQLVQ SGA EVK KPGE SLRISCQ GSGYDFT NYYITWVRQ VPGKG LEWMVKI DPKDSYYHNYSPSFQG HVTVS TDKSIN TAFLQW N R LQASDT AIYYC A RHGYSGHDS LYD YWGQG TLVTV SS
IGHV5-51*01,GA SLKISC KGSGYS FTSYWIAWVRQ LPGEGL EWMGII YPGDSETT Y SPSFEG QVTIS ADKSFN TAYLQWS SLKASDT AMYYCAR HSSNSAYFGDA FDIW GQG TVVFVS S
IGHV5-10-1*01,GE SLKIYC KGSGYS FTSYWISWVRQ MPGKGL EWMGR IDPSDSYTNYSPSFQG HVTIS ADKPI STAYLQW SSLK AADTAMYYCARLE VVFGVVT GMDVWGQG TTVTV SS
IGHV5-51*01,GE SLKISC QGSGYS FTNYWIGWVRQ MPGRGL EWMGMV YPGDSDTRFSPSFRG QVTIS ADRSIN TAYLQW GSLEASDT AMYFCVK LGVGYCSAT RCDILNRH FDSWGQG TLVTVS S
IGHV5-51*01,GE SLKISC KGSGYS FTSYWIGWVRQ MPGKGL EWMGII YPGDSDTRYSPSFQG QVTIS ADKS ISTAYLQWS SLKASDT A MYYC A R RVLIYD YVWGSYRPEGFDPWGQG TLVTV SS
IGHV5-51*01,GE SLKISC KGSGYS FTSYWIGWVRQ MPGKGL EWMGII YPGDSDTRYSPSFQG QVTIS ADKS ISTAYLQWRS LKGSD TAMYYCARLATVTRCLDV WGKGT TVTVS S
IGHV5-51*01,GASRKNSSKGSGY RFTRYWIGWVR PIPGKG LEWMGIIY PGDSDTRYSPSFQG QVTIS ADKS ISTAYLQWS SLKASDT AMYYCA REGT ARFKGYYYYYGMD VWGQG TTVTVS S
IGHV5-51*01,GS LKISCK ASGYS FTTYLIGWVRQ MPGKGL EWMGVI YPGDSDTKYSPTLQG QVTIS ADKS ISTAYLQL SSLKASD T AIYY CARH LRYSSS WYYYY G MD VWGQGT TVTV SS
IGHV5-51*01,GE SLKISC KGSGYS FTSYWIGWVRQ MPGKGL EWMGII YPGDSDTRYSPSFQG QVTIS ADKS ISTAYLQWS SLKASDT AMYYCAR LPLLTTGR IIYYYY GMDVWGQG TTVTVS S
IGHV5-51*01,GA SLKISC TGSGYSFSPY WVGWVR PLPGKGL EWLGIIY PGNSKT MY SPSFQG QFTIS SDKS ISTAYLQW NSLKASDN AIYYC ARGRKPN FGVVD RSPGGA LDL WGQG TLVTV SS
IGHV5-51*01,GEP LKISC KGSGYS FTSYWIGWVRQ MPGKGL EWMGII YPGDSDTTYSPSFQG QVTIS ADKS ISTAYLQWS SLKASDT AMYYCAR HDN VAL SNGR YYWYGLDV WGQG TTVTVS S
IGHV5-51*01,GA SLKTSC KGSGDSIS HSWIGWVR PIPGKG LEWMGII YPGDSDTRYSPSFQG QVAISV DKSIS TAYLQWISL KASDT A MYYCATLF CS T LCL VPHAFDLWGQG TMVIV SS
IGHV5-51*01,GE SLKISC KGSGYSFS NYWIGWVR QMPGKGLD WMGII YPGDSDTRYSPSFQD QVTISV DKT ISTAYLEWTS LKAAD TAVYYCARR RETSGWSRESH F N Y WGRGT LGTV SS
IGHV5-51*01,GE SLKISC KGSGYS FTSYWIGWVRQ MPGKGL EWMGII YPGDSDTTYSPSFQG QVTIS ADKS ISTAYLQWRS LKASDT AMYYCAR HDN VAL SDGR YYWYGMD VWGQG TTVTVS S
IGHV5-10-1*01,GE SLKISC KGSGYS FTSYWISWVRQ MPGKGL EWMGR IDPSDSYTNYSPSFQG HVTIS ADKS ISTAYLQWS SLKASDT AMYYCAS RVDT AYYYYGMDV WGQGT TVTV SS
IGHV5-51*01,GE SLTISC KGSGYS FTSYWIGWVRQ MPGTGL EWMGII YPGDSDTRYSPSFQG QVTIS ADKS ISTAYLQWS SLKASDT A MYYC AR QGY YY DSSSDVWGQG TTVTVS S
IGHV5-51*01,GE SLKISC KGSGYSFS NSWIGWVRQ MPGKGL EWMGII YPGDSDTRYSPSFQG QVAISV DTSF STAFLQWIS LKASDS AMYYCATLFCSTL CL VPH AF DLWGQG TMVIV SS
IGHV5-51*01,GG SLKISR KGSG YRLSTWWIGWVRQ RPGKGL EWMGIIY PADSDTKYNPTL QGQVTIS ADKS ISTAYLQL SNLKASDT AIYYC ARH LRYSKS WFYYYGVDVW GQG TTVTVS S
IGHV5-51*01,GASLKNSSKGSGY S FSPW WIGWVR PSPGKGL EWMGIIY PADSDTKYNPTL QGQVTIS ADKS ISTAYLQL SNLKASDT AIYYC GR HLRY SKS WFYYYGVDVW GQG TTVTVS S
IGHV5-51*01,GESL K SSCKGSGY SFTSYWIGWVRQ MPGKGL EWMGII YPGDSDTT Y SPSFQG QVTIS ADKS ISTAYLQWS SLKASDT AMYYCAR HDN VAL SNGR YYWYGLDV WGQG TTVTVS S
IGHV5-51*01,GA SLKIS GKGSGYS FTSYWIGWVRQ MPGKGL EWMGII YPGDSDTRYSPSFQG QVTI PADKS ISTAYLQWS SLKASDT A MYYCA R QRCGGD CAIDY WGQG TLVTV SS
IGHV5-51*01,GE SLKISC QGSGYT F D TYWIAWVRQ MPGKGL EWMGIIY PRDSGTKYNPSLQG QVTIS ADKS ITTAYLRW NSLRASDT AIYYCARTI SSRWYSDYNYYG MDV WGQGT TVIV SS
IGHV5-51*01,GE SLMISC KGSGYS LTTHWIGWVR QTPGKGL EWMGII YPGDSDSKYSPPFQG QVTISV DKSIN TAYLQWSS LRASDT AMYYCA RPSVAGG YYFAMDV WGQG TTVTVS S
IGHV5-51*01,GE SLKISC KGSGYS FTRYWIGWVR HMPAKGL EWMGII YPGDSDTRYSPSFQG QVTIS ADKS ISTAYLQWS SLKASDT AMYYCAR QGGDGYNYD YYGMDV WGQGT TVTVA S
IGHV5-51*01,GA SLKISC KGSGY TF SN YWIGWVR QMPGKGL EWMGII YPGDSDTRYSPSFQG QVIIS TDKSI STAYLQWS SLKASDT AMYYCAT SAVGD SFYFD HWGQG TLVTV SS
IGHV5-51*01,GE SLKISCE A FGYD FIGYWIGWVR QLPGKGL EWIAIM YPNESDIRYNPSFEG HVTM SADKSI HTAYLQWISL KTSD SAMYYCVR AGL SA AGW ELE DRWGQG TLVTV SS
IGHV5-51*01,GE SLKISC KGSGYS FTNFWIAWVRQ MPGKGL EWMGII YPGDSDTRYSPSFQG QVTIS ADKS ISTAYLQWS SLKASD TAMYYCARQ ARGSYSDFWSGYSTSSD YFYYMDV WGKGT TVTVS S
IGHV5-51*01,GE SLKISC KGSGYS FTSYWIGWVRQ MPGKGL EWMGII YPGDSDTRYSPSFQG QVTIS ADKS ISTAYLQWS SLKASD TA MYYC AR R MDYRFGEIPFDYWGQG TLVTV SS
IGHV5-51*01,GE SLKISCK ASG YIFI NN WIAWVR QMPGKGL EWMGTIYH GDSDTRYSPSFQG QVTVS ADKSI NTLYLQM NSLRAEDT AVYYCAREH YDSSGYGY GMDV WGQG TTVTVS S
IGHV5-51*01,GE SLKISC KSSGYN L I S Y WIGWVR QMPGGGL EWMGIL YPGYSDTRYNPSFEG HVTLS ADKSIN TAYLQW NSLKASDT AIYYCA RRQSSFYGSGSVPH TVFDL WGRG TLVTVS S
IGHV5-51*01,GE SLKISCK TSGYNFSNT WIGWVRQ MPGKGL EWMGII YPDDSDTKYSPSFQG QVTFS ADKS ITTAYLQW DSLRASDT AMYYCARL GTDGT KWIHALFW GQG TMVTVS S
IGHV5-51*01,E VQLVQ SGA EVK KPGE SLKISC KGSGY SFTSYWIGWVR QMPGKGL EWMGII YPGDSD IRY RPSFQG QVTIS ADKPI STAYLQW GSLKASDT A MYYCAR LNR VW SGHYSRPR YSFDY WGQG TLVSVF S
IGHV5-51*06,E VHLAQ SGA EVK KPGD SLRISCK TSGYDFP TYWIAWVRQ MPGKG LELMGIIY PKDPERRYSPSFQG QVTM SADTS INTAYLQW RGLKVSDT AIYYCARH FNRGSGG F D F WGQGDSGH R VF
IGHV5-51*01,GA CLKIS SNGSGY SVTRCWIGWVR PMPGKGL EWLGII YPGDSDTRYSPSFQG QVTIS ADKS ISTAYLQWS SLKASDT AMYYCAR RGSSWYAPDYWGQG TLVTVS S
IGHV5-51*01,GE SLTLSCK GSGDSFT N YWIGWVR QMPGTGL EWMGII YPGDSDTRYSPSFQG QVTIS ADKS ISTAYLQWS SLKASDT AMYYCARHIV TSS WYEWWL DPWGQG TLVTVS S
IGHV5-51*01,GE SLKISC KGSGYS FTSYWIGWVRQ MPGKGL EWMGII YPGDSDTRYSPSFQG QVTIS ADKS ISTAYLQWS SLKASDT AMYYCAMLS TSGPGWFDPWGQG TLVTV SS
IGHV5-51*01,GE FLKI PCKGSGYS LYNSWIGWVRQ MPGEGL EWMGIIYH GDSDTRYSPSFQG QVAISV DTSIN TAYLEW NSLKAS DTAMNHCATLFCSTLCLIPHAFDRW SQGK MVIV SS
IGHV5-10-1*01,GE SLKLSC KGSGYS FTSYWISWVRQ MPGKGL EWMGRI DPSDSYTNYSPSFQG HVTIS ADKS ISTAYLQWS SLKASDT AMYYCA TGRGT Y SNSYY GMDV WGQG TTVTVS S
IGHV5-51*01,E VQLVQ SGA EVK KPGD SLKISC KGSGYSFT N YWIAWVR QMPGTGL EWMGFV YPGDSDTRYSPSFQS QVTISV DQSI STAYLQWS SLKASD TA MYYCAR VGLTPEGY YYYYYMDV WGKGT PVTVS S
IGHV5-51*01,GE SLKISC KGSGYG FSNFWLAWVRQ MPGKGL EWMGTI YPGDSDTRYSPSFRG QVTIS ADKS ISAAYLQWRAL KASDT AIYYCATATV DDRGA FDIW GQG TMVTV SS
IGHV5-51*01,GE SLKISC KGSGYS FTSYWIGWVRQ MPGKGL EWMGII YPGDSDTRYSPSFQG QVTIS ADKS ISTAYLQW SSLKASD TAMYYCARH FGR ALVWGYTVVP LEGA FDIW GQG TMVTV SS
IGHV5-51*01,GE SLKISCKC SGNSF TTYWIGWVRQ MPGKGL EWMGVI YPGDSDTSYSPSFQG HVTIS ADKS ISTAYLQWS SLKASDT AMYYCARL KTGGDYG YEYYGMDV WGQG TTVTVS S
IGHV5-51*01,GE SLMISC KGSGY SFTSYWIGWVRQ MPGKGL EWMGII YPGDSDTRYSPSFQG QVTIS ADKS ISTAYLQW SSLKAS DTAMYYCARLLLRYF DWSQGDFDYWGQG TLVTV SS
IGHV5-51*01,GE SLKISCQ SSGYS F TSYWLGWV R QMPGTGL EWMGII FPGDSDTRYSPSFEG QVTISVD KSNN TAYLQWGSL KASDT AMYYC ARSRP LMATVSRAFDI WGQG TMVIVS S
IGHV5-51*01,GESL K SSCKGSGY SFTSYWIGWVRQ MPGKGL EWMGII YPGDSDTRYSPSFQG QVTIS ADKS ISTAYLQWS SLKASDT AMYYCA RRPLRGWGYG MDV WGQG TTVTVS S
IGHV5-51*01,GE SLTLSCKA SGYS F T NYWIGWVRQ MPGKGL EWMGII YPGDSDTRYSPSFQG QVTIS ADKS ISTAYLQWS SLKASDT AMYYCAR HTTRGYSSS WSYYYY G MDV WGQG TTVTVS S
IGHV5-51*01,GE SLKISC KGSGYS FTSYWIGWVRQ MPGKGL EWMGII YPGDSDTRYSPSFQG QVTIS ADKS ISTAYLQWS SLKASDT AMYYCA R RTVVV PAATKGV DYYYGMDV WGQG TTVTVS S
IGHV5-51*01,GE SLKISCE TSGYSFP TYWIAWVRQ MPGKGL EWMGII YPGDSDTRYSPSFQG QVIISV DKSTS TAYLQWNILK ASD TAMYYCAR RGYINALD AFEIW GQG TIVTVS S
IGHV5-51*01,GE SLKISCK ASGYS FTSYWIGWVRQ MPGKGL EWMGVI YPGDSDTRYSPSFQG QVTIS ADRSIG TAYLQWSS LKASDT AMYYC ARRT TVVTLF GPRGGR SFDFDY WGQG TLVTVS S
IGHV5-51*01,GE SLMISC KGSG YYFINYWIGWVRQ MPGKGL EWMGFI YPGDSDPTYSPSFR GQVTISA DKSTS TAYLQWSS LRASDT AIYYCA RSHGFHSSG WYA DSWGQG TLVTV SS
IGHV5-51*01,GA SLKISC KGSGYS FTSYWIGWVR Q IPGKGL EWMGII YPGDSDTRYSPSFQG QVTIS ADKS ISTAYLQWS SLKASD TAMYYCAR QGLRGGTPSGR FDY WGQG TLVTVS S
IGHV5-51*01,GGA LK IPWKSSGYGFS SYWI GG VRQM HGKGL GWMGII YPGDSDTT Y SPSFQG QVTIS ADKS ISTAYLQWS SLKASDT AMYYCAR HDN VAL SNGR YYWYGLDV WGQG TTVTVS S
IGHV5-51*01,GE SLKISC KGSGYS FTSYWIGWVRQ MPGKGL EWMGII YPGDSDTRYSPSFQG QVTIS ADKS ISTAYLQW SSLKASD TAMYYCAR QGGS FRD FWGG YYM GADYWGQG TLVTVS S
IGHV5-51*01,GES RKISC EGSGYK F TNF WIAW VR QLPGKGL EYMGII YPGDYDTRYSPSFQG QVTISVET SINT AYLQWSS LKASDSA KYFCAR AGSGITHPYH F D Y WGLG TLVTV SS
IGHV5-51*01,GA SLKISC KGSGY SFTSYWIAWVRQ MPGKGL EWMGII YPGDSDV RY CPSFQG QVTIS ADKS ISTAYLQWRS LKASD TAIHYCARR RGEPTARPT WL DPWGQG TLVTVS S
IGHV5-51*01,GE SLKISC QGSGYS FTNYWIAWVRQ MPGTGL EWMGVIY PRDSDTTYSPSFQG QVTIS ADKS ISTAYLQWS SLRASD T AIYYC ARR AGG TIV DPWGQG TLVTV SS
IGHV5-51*01,GE SLKISC KGSGYS FTSYWIGWVRQ MPGKGL EWMGII HPGDSDTRYSPSFQG QVTIS ADKS ISTAYLQWRS LKGSD TAMYYCARLATVTRCLDV WGKGT TVTVS S
IGHV5-51*01,GE SLKISC EGSGY NFTIYRIAWVRQ LPGKG LECMGIT SPGDSAPTYSPSFRG QVTISV DKSIN TAYLQWSS LKASDT AMYFCARRLYYYD VSGPR AFDIW GQGS MVTV SS
IGHV5-51*01,GE SLKISC KGSGYS FTSYWIGWVRQ MPGKGL EWMGII YPGDSDTRYSPSFQG QVTIS ADKS ISTAYLQWS SLKASD TAMY YCAR LQD IVVV PAAMPGWFDPWGQG TLVTV SS
IGHV5-51*01,GACL K NSSRGSRDSIYP YWIGWVR PTPGKGL EWMGIIY PADSDTRYSPPFQG QVTIS ADKS ISTAYLQWS SLKASDT AMYYCATF FG VQMARIT GNY F DYWGQG TLVTVS S
IGHV5-51*01,GG SLKISC KGSGYS FTSYWIGWVRQ MPGKGL EWRGII YPGDADPRHSPSFQG QVTIS SDKSISP AY LQW SSLKASD TAM Y YCAR HGGE WIQLWSEAYYY GM D VWGQGT TVTV SS
IGHV5-51*01,GE SLKISC KGSGYS FTSYWIGWVRQ MPGKGL EWMEII YPGDSDTRYSPSFQG QVTIS ADKS ISTAYLQWS SLKASDT AMYYCAV K NIVA MDDAFD I WGQG TMVTVS S
IGHV5-51*01,GE SLKISCK ASGF NFT GH GIGWVR PRPGKG LEWMGII YPDDSDTRHSPSFQG HVAIS ADRSIN TAYLQWS SLKASDT AIYYCA RHAP KIVVT GHPPDFWGQG TRVTVS S
IGHV5-51*01,GE SLKISC KGSGYS FTSYWIGWVRQ MPGKGL EWMGII YPGDSDTRYSPSFQG QVTIS ADKS ISTAYLQWS SLKASDT AMYYCA RG Y CSSTSCGPGDYWGQG TLVTV SS
IGHV5-51*01,GE SLKISC KGSGYS FTSYWIGWVRQ MPGKGL EWMGII YPGDSDTRYSPSFQG QVTISV DKSI STAYLQWS SLKASD TAMYYCAR QKLTGVDYWGQG TLVTVS S
IGHV5-51*01,GE YRK SSSKGSGDSL TSYWIGWVR PMPGKGL EWMGII YPGDSDTRYSPSFQG QVTIS ADKS ISTAYLQWS SLKASDT AMYYCARLR FGGLPPY YYYGMDV WGQG TTVTVS S
IGHV5-51*01,GE SLKISCKV SGYPFTN YWIAWVRQ VPGKGL EYLGIIY PDDSDTSYSPSFQG QVTIS ADKSIN TAFLQWSS LRASDT AIYYCAR TTSGPWNWFDHWGQG TLVTV SS
IGHV5-10-1*01,GA YLKISCKV SGY TFTSFWIIWVG PIPGKGL EWMGMI DPSDSYTKYRPSFQG HVTIS ADKS ISTAYLQWS SLKASDT AMYYCA RQSPHYYNSGS YYVHHY GMDVWGQG TTVTVS S
IGHV5-51*01,GE SLKISCRA SYSDFF GYWIAWVRQ VPGKGL EWMGIIY PDNSET RY SPSFKG QVTIS ADKS VSTAYLQW NDVRASDT AMYFCARR VGPLPAT WF DPWGQG TLVIG AS
IGHV5-51*01,GE SLKISC KGSGYS FTSYWIGWVRQ MPGKGL EWMGII YPGDSDTRYSPSFQG QVTIS ADKS ISTAYLQWS SLKASD TAM YYC ARQ RYFDN YYYYGMDV WGQGT TVTVA S
IGHV5-51*01,GE SLKISC KGSGYS FTSYWIGWVRQ MPGKGL EWMGII YPGDSDTRYSPSFQG QVTIS ADKS ISTAYLQWS SLKASD TAMYYCARLYDFWS G W ASNY YYYYGMDV WGQGT TVTVS S
IGHV5-51*01,GE SLKISCT GSGF SFSSYCVGW VPPLPGKG LELIVIIFP CNSKTMYSPSFQG QFTIS TDKS ISTAYLQW NSLKASDN AIYYC ARGRKPN FGVVD RSPGGA LDL WGQG TMVTV SS
IGHV5-51*01,E VQLVQ SGA EVK KPGE SLKISC KGSGYNFN NYWIDWVRQ MPGKGL EWMSII SPTDSENKYST SF QG HVTIS ADRS VSTAYLHW SSLEASD TA IYYC ARELRE CQGSDW YYYYYMDV RGKG TKVTV S
IGHV5-51*01,GE SLKISC KGSG YSFAKYWIGWVRQ MPGKGL EWMGII YPGDSETRYSPSFQG QVTFS ADTS ISAAYLQ W SSLKASD TAIYYCAR QGLDSGNS YYGMDV WGQG TTVTVS S
IGHV5-51*01,GAPVKG SC KGSGYS FTNYWIGWVRQ MPGKGL EWMGII YPGDSDTRYSPSFQG QVTIS ADKS ISTAYLQWS SLKASD TAMY Y CA R TILLVT GFDYWGQG TLVTVS S
IGHV5-51*01,GE SLQISC KGSGYSFPN YWIGWVRQ MPGKGL EWMGII YPGDSDTRYSPSFQG QVTISA DKSTN TAYLQWSTL KASDT AMYYCAR SDTWANKN YYGLDVW GQG TTVTVS S
IGHV5-51*01,GE SLKISCK ASGYSFTNN WI A WVR QMPGKGL EWVGNI YPDDSDTRYSPSFQG QVTIS ADKSL STAYLQWS SLKASDT AIYYC AKQD VYIYGYGYF DSWGQG TMVTVS S
IGHV5-51*01,GE SLKISC KGSGYS FTSYWIGWVRQ MPGKGL EWMGII YPGDSDTRYSPSFQG QVTIS ADKS ISTAYLQWS SLKASDT AMYYCA TGYCSSTSCDRGDW NYAFDY WGQG TLVTV SS
IGHV5-51*01,GE SLKISC KGPEY RF TKN WIGWVRQ KPGKGL EWVGVIYA GDSKTKYSPAFQG QVTISV DKSI STAYLQWSS LKASDS AMYFCS RHDDFFG MDV WGQG TTVTV S
IGHV5-51*01,GE SLKISCK ASGY KFTSSCIGWVRQ MPGKGL EWMGII YPGDSDTRYSPSFQG QVTISVD RSTT TAYLQWSS LKASDT AIYYCA RAID IILLVT SGGYG WHFDLW GRGT QVTVS S
IGHV5-51*01,GE SLKISC KGSGYS FTSYWIGWVRQ MPGKGL EWMGII YPGDSDTRYSPSFQG QVTIS ADKS ISTAYLQWS SLKASDT AMYYCA APSAHYDPYSSGWDDA FDIW GQG TMVTVS S
IGHV5-51*01,GE SLKISC KGSAYNF TTYWIGWVR QMPGKGL EWMGII YPGDSDTR Y SPSSQG QVTIS ADKS ISTAYLQWS SLKASDS AMYYCAR FPDYWGQG TLVTVS S
IGHV5-51*01,GE SLKISCK ASGYS F TSY WIAWVR QMPGKGL EWMGII YPGDSDTRYSPSFQG QVTIS ADKS ISTAYLQWS SLKASDT AMYYCAR EDSYG YEFYGMDV WGQG TTVTV S
IGHV5-51*01,GE SLKISC KGSGY TF TNYWI G WVR QMPGKGL EWMGIV YPGDSDTRYSPSLQG QVTFS ADKS ITTAYLQWS SLKASDS AMYYCAR HEPLGRGPFS AFDI WGQG TMVTVS S
IGHV5-51*01,E VQLVQ SGA EVK KPGE SLKISC KGSGYNFKN YWIGWVRQ MPGKGL EWMAIIY PTDSETKYSPSFQG HVTIS ADRS VSTAYLHW SSLEASDT AIYYC ERQLRE FQGSDW YYYYYMDV WGQGP TVTVS S
IGHV5-51*01,GE SLKISCK ASGY TFTNYWIGWVRQ MPGKGL EWMGII YPGDSDTRYSPSFQG QVTISA DKSMN TAYLQWSS LKASDT AMYYCA RSDTWANKN YYSLDVW GQG TTVTVS S
IGHV5-10-1*01,GE SLKISCQA HGYN FTTYWISWVR QMPGKGL EWMGRI DPGDSETNFGPSFQG HVTISV DKSI STVYLQWSS LKASDTG MYYCS RESPI NYIS SSEI GVDY WGQG TLVTVS S
IGHV5-51*01,GE SLKIP CQGSGYS FTNYYIAWVRQ MPGKGL EWMGVI WPGDSDV RYST SFRG QVTIS ADKS ISTVYLQW NSLRAS DTAMYYCARLVTTVRGYLDL WGRG TLVTL SS
IGHV5-10-1*01,GE SLKISC KGSGYS FTSYWISWVRQ MPGKGL EWMGR IDPSDSYTNYSPSFQG HVTIS ADKS ISTAYLQWS SLKASDT A MYYCARRY CSSTS CYLGWF DPWGQG TLVTV SS
IGHV5-51*01,E VQLVQ SGA EVK KPGE SLKISC KGSGY SFTSYWIGWVRQ MPGKGL EWMGII YPGDSDTRYSPSFQG QVTIS ADKS ISTAYLQWS SLKASDT AMYYCAR QNDYGDFWAGQD AFEIW GQG TMVTVS S
IGHV5-51*01,GE SLKISC KGSGYS FTSYWIGWVRQ MPGKGL EWMGII YPGDSDTRYSPSFQG QVTIS ADKS ISTAYLQWS SLKASDT AMYYCA RLPT ISYGMDV WGQG TTVTVS S
IGHV5-51*01,GE SLKISC KGSGYS FSSYWLGWVRQ MPGKGL EWMGII YPGDSDTRYSPSFEG QVTIS ADNS IKTAYLQWS SLKASDT AMYYCAR AGED IFGEINYYYYGMDV WGQG TTVTVS S
IGHV5-51*01,GE SLKISC EGSGY NFTIYRIAWVR PMPGKG LECMGII SPGDSAPTYSPSFRG QVTISV DKSIN TAYLQWSS LKASDT AMYFCARRLYYYD VSGPR AFDIW GQGS MVTV SS
IGHV5-51*01,GA YLKISC KGSGYS FTSYWIGWVRQ MPGKGL EWMGII YPGDSDTTYSPSFQG QVTIS ADKS ISTAYLQWS SLKASDT AMYYCAR HDN VAL SNGR YYWYGLDV WGQG TTVTVS S
IGHV5-51*01,GE SLQISC KGSGSS FTSYWIAWVRQ MPGKGL EWMGII YPGDSDTRYSPSFQG QVTIS ADKS ISTAYLQWS SLKASDT AMYYCARRRYY DSSGY YGLYYYGMD VWGQG TTVTVS S
IGHV5-51*01,GE SLKISCE ASGYS F T SH WIAWVR QMPGKGL EWMGTI YPGDSDTRYSPSFEG QVTIS ADKSISTD YLQWSS LKASDT AIYYCA RPE I YSGYENWGQG TLVTV SS
IGHV5-51*01,GE SLKISC EGSGY TF TNY WIAWVRQ VPGKGL EWMGMIF PRDSDTRYSPSFQG QVTISA DKSKT TAYLHWASL EASDT ALYYCAR IGQ WGVV PTDHWGQG TLVIVS S
IGHV5-51*01,GE SLKISC KGSGYS FTSYWIGWVRQ MPGKGL EWMGII YPGDSDTRYSPSFQG QVTIS ADKS ISTAYLQWS SLKASDT A MYYCAR LT YYDFWKWFDY WGQG TLVTVS S
IGHV5-51*01,GE SLKISCK ASGYS F S SYYIGWVRQ MPGKG LEWMAIVS PSDSDTRYCPSFRG QVTLS ADRS ISTVYLQWS SLEASDT AMYYCVRH RSDSSSPPID Y WGQG TLVTVS S
IGHV5-51*01,GE YLKS SCKGSGYS FTRYWIGWVR QMPGKGL EWLGII YPGDSDTRYSPSFQG QVTIS ADKS ISTAYLQWS SLKASDT AMYYCA RHPNNWN YVDYYYYY G MDV WGQG TTVTVS S
IGHV5-51*01,GE SLKISCK ASGYSFS NSWIGWVRQMS GKGL EWMGII YPGDSDTRYSPSFQGP VAISV DKSIN TAYLEWISL KASDT AMY Y CAT LF CSSL CL VPHAFDRWGQG TMVIV SS
IGHV5-51*01,GE SLKISC KGSGYS FTSYWIGWVRQML GKGL EWMGII YPGDSDTRYSPSFQG QVTIS ADKS IS TAYPQWSSLKASD TAMYYCAR QSYSYYGSGSYDNWFDPWGQG TLVTV SS
IGHV5-51*01,GE SLKISCKV SGYRF TNYWIAWVRQ MPGKGL DFMGII LPDDSDTRYSPSFRG RVTISV DKSIN TAYLQWN SLKASDT AIYYCA RQGAGASH Y DATGLPRGA FDV WGQGTMPTVSS
IGHV5-51*01,GE SLKISC KGSEYKFSN YWIAWVRQ MPGKGL EWMGIIF PGDSDTRYNPSFKG HVTIS ADKS ISTAYLQWTSL KASDT AMYYCGR HSDNGDSPGDYWGQG TLVTV SS
IGHV5-51*01,GA SLKISCKA SGR TFTYYWIAWVR QKPGKG LEWMGIIY PDDSDTRYSPSFQG QVTIS ADKSIN TAFLQWS SLKASDS AIYYCA TYKR AVYFYGLDV WGQG TTVTVS S
IGHV5-51*01,GE SLKISC KGSGYS FTSYWIGWVRQ MPGKGL EWMGII YPGDSDTRYSPSFQG QVTIS ADRSIG TAYLQWSS LKASDT AMYYC ARRT TVVTLF GPRGGR SFDFDY WGQG TLVTVS S
IGHV5-51*07,GA FLN TSGKGAGN SITC DWSGW VH PIPGKGRE WTGIS YPGDCDTRYSPSIQG HVTIS ADKS ITTAYLQWS SLKASDT AMYYCARRRI AG EYYFDY WGQG TLVTV SS
IGHV5-10-1*01,GE SLKISC KGSGYS FTSYWISWVRQ MPGKGL EWMGR IDPSDSYTNYSPSFQG HVTIS ADKS ISTAYLQW SSLKAS DTAMYYCARM GISSGW YRHYF DYWGQG TLVTVS S
IGHV5-51*01,ESLKNSCKGSGYS FATYWIGWVRQ MPGKGL EWMGII YPGDSQT TY SPSFQG QVTFS ADKS ISTAYLQWSS LQASDT AIYFCARQ YSGGSSK QFDFW GQG TLVTV SS
IGHV5-51*01,GE SLKISC KGSGYS FTSYWIGWVRQ MPGKGL EWMGIIYLS DSDTRYSPSFQG QVTIS ADKS ISTAYLQWSR LKASDT AMYYCA RGAA GVYFYGMDV WGQG TTVTVS S
IGHV5-51*01,GE SLKISC TGSGY RFSTYWVGWVRQ LPGKGL EWMGIIY PGHSNTMHSPSFQR QFTI PIDKSIS TAYLQW NSLKASDN AIYYC ARGRKPN FGVVD RSTGGA LDL WGQG TLVTV SS
IGHV5-51*01,GA SLKIS GKGSEYS FTSYWIGWVRQ MPGKGL EWMGII YPGDAETRYSPSFQG QVTIS ADKSIN TAYLQWS SLKAS DTAMYYCARLIRRIVAVT GAF DI WGQG TMVTVS S
IGHV5-51*01,GE SLKISC KGSGYS FTSYWIGWVRQ MPGKGL EWMGII YPGDSDTRYSPSFQG QVTIS ADKS ISTAYLQWS SLKASDT AMYYCARRRYY DSSGY YGLYYYGMD VWGQG TTVTVS S
IGHV5-51*01,GE YLK SSSKGSGY SFTSYWIGWE RPMPGKGM EWKGIIY PGDSDTRYSPSFQG QVTIS ADKS ISTAYLQWSS LKASDTS MYYC PA TFLL SDGM DVWCQ G TTVTVS S
IGHV5-51*01,GG SLKISCK ASGY YF T NSWIAWVRQ MPGKGL EWMGII YPGDSDTRYGPSFQG QVSIS ADRSIN TAYLQWS SLKASDT AMYYCAR QAGG Y CSGGGCYSDYWGQG TLVTV SS
IGHV5-51*01,GE SLKISC KGSGY TF SNS WIGWVRQ MPGKGL EWMGII YPGDSDTRYSPSFQG QVAISV DTSVST AYLQWISL KASDT A MYYCATLF CS T LCL VPHA FDV WGQG TMVIV SS
IGHV5-51*01,D VQLVQ SGA EVK KPGE SLRISCK GSGDSFSN YWIGWVR HMPGK RLEWMASI YPAHSEAKYNPSFQG QVTIS ADKSI NTAYLHW SSLKASDT AIYYCA RHGAA GYYES RGAPGGTASDIWGQG TMVTVS S
IGHV5-10-1*01,E VQLVQ SGA EVK KPGE SLRISCAA TSNTFPN YWIAWVRQ MPGKGLE WLGKI DPSDSH IN YNPSFEG HVTISV DKSIN TAYLQWN SLKASDT AIYYCARI LPTKC LGAFYIW GQG TLVTVS S
IGHV5-51*01,GE SLKISC KGSGYN YANYWIGWVRQ MPGKGLD WMGLI YPGDSH TLY SPYFQG HVTISA DKSSS TAYLQWSSL KASDTG IYYCARLE STK QREILHDAFDI WGQGK MVTVS S
IGHV5-51*01,GE SLKISC KGSGYN FTNYWIAWVRQ MPGKGL EWMGII YPDDSDTRYSPSFQG QVTIS ADKS ISTAYLQ WSGLKAS DTAMYYCARHEISSWL EGIDYWGQG TLVTVS S
IGHV5-51*01,GA SLKISC KGSGYS FSSYWIGWVRQ MPGKGL EWMGII YPGDSDTRYSPSFQG QVIIS ADKS ISTAYLQ WSSLK ASDIAMYYCARLRAH CSNGI C YPS YY YG MDV WGQGT TVTVS S
IGHV5-51*01,GE SLKISC KGSGYSFNN YWIGWVRQ MPGKGL EWMGII YPGDSETRYGPSFQG QVTFS ADKSI NTAYLQWS SLKASDT AMYYC AR QQ W EL LAPEDTPSG YFF DDWGQG TLVTV SS
IGHV5-51*01,ES LKISCK ASGYDFTN FWIGWVRQ MPGKGL EWMGIIY PADSDARYSPSFQG QVTFS ADKS ITTAYLHW SSLKASDT AMFYCA RPRARWHDAFDLWGQG TMVTVS S
IGHV5-51*01,E VQLVQ SGA EVK KPGE SLKISC KGSGY SFTSYWIGWVR QMPGKGL EWMGII YPGDSD IRY RPSFQG QVTIS ADKPI STAYLQW GSLKASDT A MYYCAR LNR VW SGHYSRP RYYFDY WGQG TLVT V
IGHV5-10-1*01,E VQLVQ SGA EVK KPGE SLRISCAA TSNTFPN YWIAWVRQ MPGKGL EWLAKI DPSDSH IN YNPSFEG HVTISV DKSIN TAYLQWN SLKASDT AIYYCARI LPTKGL GAFYIW GQG TLVTVS S
IGHV5-51*01,GE SLKISC QGSGY TFTTYWIGWVR QMPGKGL EWMGSI YPGDSDTRYSPSFQG QVTISA DKSNS TAYLQWSS LKASDT AMYYC AR HGGNFPR RWYFD LWGRG TLVTV SS
IGHV5-51*01,GE SLKISC KGSGYS FTSYWIGWVRQ MPGKGL EWMGII YPGDSDTTYSPSFQG QVTIS ADTS ISTAYLQWS SLKASDT AMYYCAR HDN VAL SNGR YYWYGLDV WGQG TTVTVS S
IGHV5-51*01,GE SLKISC KGSGYS FTSYWIGWVRQ MPGKGL EWMGII YPGDSDTRYSPSFQG QVTIS ADKS ISTAYLQWS SLKASDT A MYYCAR L ES E RQADH YYGMDV WGQGT TVTV SS
IGHV5-51*01,GE SLKISC RGSG YTFTRYWIAWVRQ MPGKGL EWVGIIY PGNSDTRYSPSFEG QVTISV DKT ISTAYLQWRS LKASDT ATFYCVR HRPYSSAWSLPEYWGQG TLVTV SS
IGHV5-51*01,GEP LKISC KGSGYS FTSYWIGWVRQ MPGQGL EWMGII YPDDSDTRYSPSFQG QVTIS ADKSIN TAYLQWS SLKASDT AMYYCAR LPSG WFFLED FWGPG ALVTV SS
IGHV5-51*01,GE SLKISC KGSGYS FTSYWIGWVRQ MPGKGL EWMGII YPGDSDTRYSPSFQG QVTIS ADKS ISTAYLQWS SLKASDT AMYYCAR HRFGTTG YYYYYGMDV WGQG TTVTVS S
IGHV5-51*01,GE SLKISC QGSGYD FATYWIGWVR QMPGKGL EWMGRI YPGDSDTKYSPSFQG QVTIS ADKSIG SAYLQWSS LKSSDT AMYYCAR LPQDY YY HG MDV WGQGT TVG VS
IGHV5-51*01,GE SLKISC KGSGNS FT TYWIGWVR QMPGKGL EWMGVI YPGDSDTRYSPSFQG QVTIS ADKS ISTAYLQWS SLKASDT AMYYCARL KTGGDYG YEYYGMDV WGQG TLVTVS S
IGHV5-51*01,GEC LK SSSKGSGY SV TP YWIGWVR PIPGKGL EWMGIIY PADSDTKYSPT L Q GQVTIS ADKS ISTAYLQLS SLKASDT AIYYCA RHLRYSSS WYYYYGMDV WGQG TTVTVS S
IGHV5-51*01,GE SLKISC KGSGYS FTSYWIGWVRQ MPGKGL EWMGII YPGDSDTRYSPSFQG QVTIS ADKS ISTAYLQWS SLKASDT AMYYCAR HSFGYSSG WYFYYGMD VWGQG TTVTVS S
IGHV5-51*01,GAP LKISC KGSGY SFTSYWIGWVRQ MPGKGL EWMGII YPGDSDTRYSPSFQG QVTIS ADKS ISTAYLQW SSLKAS DTAMYYCARLRDYY GSGS MLGYW GQG TLVTV SS
IGHV5-51*01,GES RKISC KGSGNSF TTYWIGWVR QMPGKGL EWMGVI YPGDSDTRYSPSFQG QVTIS ADKS ISTAYLQWS SLKASDT AMYYCARL KTGGDYG YEYYGMDV WGQG TTVTVS S
IGHV5-51*01,GE SLKISCK ASGY RFTTHWIGWVRQ MPGKGLESMG SI YPGDSDRRYSPSFEG QVTISV DKSTD TAYLQWSS LKASDT AIYYCAR NRDGYSDYWGQG TLVTVS S
IGHV5-51*01,GE SLKISC KGSGYS FTRYWIGWVR PIPGKG LEWMGII YPGDSDTRYSPSFQG QVTIS ADKS ISTAYLQWS SLKASDT AMYYCA RHGE ITMVRGVIIS DYYYG MDV WGQG TTVTVS S
IGHV5-51*01,GE SLKISCK GSGYSFGS YWIVWVRQ MPGKGL EWMGIIY PGDSDTRYSPSLQG QVTIS ADKSIN TAYLQWSS LKASDT AVYYCARLR QPAAGT YYYYGMDV WGQG TTVTVS S
IGHV5-10-1*01,GA SLKISCK ASGYS F TRY WISW V R QIPGKGL EWM GRSDPGNS YTYY SPSFEG HVTISL EKSI STVYLQWS SLKASDT AIYYCA RQRYCSGASCLD AFDI WGQG TLVTV S
IGHV5-51*01,GE SLKISCK ASGYSFA NYWIGWVRQ TPGKG LEWMGII YPDDSDVKHSPSFQG QVTISA DRSFN TAYLQWRS LKASDT AMYYCARVY DAWSGFS QYYFDY WGQG TLVTV SS
IGHV5-51*01,GA SLKISC KGSGYS FTSYWIGWVRQ MPGKGL EWMGII YPGDSDTRYSPSFQG QVTIS ADKS ISTAYLQWS SLKASDT AMYYCA RPTGY Y DSSGY YVAEYFQH WGQG TLVTVS S
IGHV5-51*01,GE SLKISC KGSGYS FTSYWIGWVRQ MPGKGL EWMGII HPGDSDTRYSPSFQG QVTIS ADKS ISTAYLQWS SLKASD TAMYYCARH LGYCSSNSC YHYYYY G MDV WGQG TTVTVS S
IGHV5-51*01,GE SLKISCE ASGYCFT SHWIAWVRQ MPGKGL EWMGTI YPGDSDTRYSPSFEG QVTIS ADKS ISTAYLQWS SLKASDT AIYYCA RPE I YSGYENWGQG TLVTV SS
IGHV5-51*01,GA SLKISC EGSGYSSTR HWIAWVR PMPGKGL EWLGT TYPGDSDTT Y TPSFEG QVTLS ADKSIN TAYLQWSS LKASDT AIYYCA RPEVYSGYENWGQG TLVTV SS
IGHV5-51*01,GPCL K TSRNVSGY TVTRYWFGWVLP LPGNGL EWLVLIYPVI SDTSYSPS FHAQLTIS ADK SISIAYLQW SSLKASDT AIYYCA RQGA I SSGWSNYH H Y GMDV WGQG TTVTVS S
IGHV5-51*01,GASLKSSSHVSR YSFI S HWIVWVRQ MPGKGL EWM GG V YPADSD IRY SPSFQG QVIIS GDKSSG TAYLQWSS LKASDTG IYYCAT QTGS YLED WGQG TLVTVS S
IGHV5-51*01,GE SLTLSCK GSGNS FTTYWIGWVR QMPGKGL EWMGVI YPGDSDTRYSPSFQG QVTIS ADKS ISTAYLQWS SLKASDT AMYYCARL KTGGDYG YEYYGMDV WGQG TTVTVS S
IGHV5-10-1*01,GA SLKISC KGSGY SLTSYWISWVRQ MPGKGL EWMGR IDPSDSYTNYSPSFQG HVTIS ADKS ISTAYLQW SSLKAS DTAIYYCARLARR NLG YFYYGMDV WGQGT TVTV SS
IGHV5-10-1*01,GE SLKISC KGSGYS FTSYWISWVRQ MPGKGL EWMG RIDPS D YYTDYSPSFQG HVTIS ADKSI NTAYLHW SSLKASD TAMYYCART LDVDPTM TF DSWGQG TLVTV S
IGHV5-51*01,S LKISC KGSGYS FTSYWIGWVRQ MPGKGL EWMGII YPGDSDTRYSPSFQG QVTIS ADKS ISTAYLQWS SLKASDT AMYYC ATS EETIAA AGYDAFDTWGQG TMVTV SS
IGHV5-10-1*01,GG SLNISCK ASGYNF T T Y WIN WVR QMPGTGL EWMGRI DPSDSY IN YSPAFQG HVTIS ADRS ITTAYLQWS SLKASDT AMYFCAR RGVGPRWDFDYGMD V WGQG TAVTV SS
IGHV5-51*01,GE SLKISC KGFGYS FTSFWIGWVRQ MPGKGL EWMGIF YPGDSDARYSPSFQG QVTIS ADKSIN TAYLQW SSLKAS DTALYYCARLW GLPRST RYF DHWGQG TLVTV SS
IGHV5-51*01,GE SLKISC KGSGYS FTSYWIGWVRQ MPGKGL EWMGII YPGDSDTRYSPSFQG QVTIS ADKS ISTAYLQWS SLKASDT AMYYCARL SCGGDC AFD YWGQG TLVTV SS
IGHV5-51*01,GE SLKISC KGSGYS FTSYWIGWVRQ MPGKGL EWMGII YPGDSDTRYSPSFQG QVTIS ADKS ISTAYLQW SSLKASD TAMYYCAR WGLGALGY GMDV WGQGT TVTVS S
IGHV5-51*01,GE SLNISC EGSGYS FTSHWIAWVRQ MPGKGL EWM GTSYPGDSETKYSPSFEG QVTFS ADKS ISTAYLQWS SLKASDT AIYYCA RPE I YSGYENWGQG TLVTV SS
IGHV5-10-1*01,SW I RQHPGKGL EWIGRI DPSDSYTNYSPSFQG HVTIS ADKS ISTAYLQWS SLKASDT AMYYCA TGRGT Y SNSYY GMDV WGQG TTVTVS S
IGHV5-51*01,GE SLKISC QGSGY RFSTYWIGWVRQ LPGKGL EWMGII YPGDSDTRYSPSFQG QVTIT ADQSIN TAYLQW TGLKASDT AIYFCARRFF DYDENER AYHFDY WGQG TLVTVS S
IGHV5-51*01,V SLKISC KGS VYRFTIYWIGWVR QMPGKGL EWMGLI YPGDSDTRYSPSFQGQ L TNSADKS ISTAYLQW S S LKASDT AMYYWARMTW GYSSG WYYYYGMDV WGQG TTVTVS S
IGHV5-51*01,GE SLKISCK ASGYS FSQY WIGWVR Q MPGKGL EWMGVV YPGDSGT R YSPSFQG QVTMST DKSTD TVYLQWTS LKASD TATYYCARQ AGI TIRAYHFDF WGQGT PVTV SS
IGHV5-51*01,GE SLKISCK ASG YAFIAYWIG W V R QRPGKGL EWRGIIY PGYSESKTSPSFQG QVTLSA DKSAS TAYLQWNS LKAPDTG MYYCARL GPDSSGY SEY FQH WGQG TLVTVS S
IGHV5-51*01,GE SLKISC SGSGY TF SN YWIGWVRQ VPGKG LEWMGII HPGDSET RY SPSFEG QVTIS ADRSIG TAYLQWSR LKASDS AIFYCARL APVMSREPYGM DVW GQGT AVTV S
IGHV5-51*01,GES RKLSC KGSGYS FTSYWIGWVRQ MPGKGL EWMGII YPGDSDTRYSPSFQG QVTIS ADKS ISTAYLQWS SLKAS DTAMYYCARQLWS SGWDD A F DI WGQG TMVTV SS
IGHV5-51*01,GE SLKISC KGSGYS FTSYWIGWVRQ MPGKGL EWMGII YPGDSDTRYSPSFQG QVTIS ADKS ISTAYLQWSS LKASDTA MYYCARVYY DSSGY HTKI GD Y WGQG TLVTV SS
IGHV5-51*01,GE SLTISC NSSDNNF N YWLGWVRQ LPGKGL EWMGIIFLL DSDTRYSPSFQ GQVTISA DTSTR TAHLQWSS LRASDT AMYFCVKVQL GRPFDSWGQGT PVTVS S
IGHV5-51*01,GE SLKISC KGSGYS FTSYWIGWVRQ MPGKGL EWMGII YPGDSDTRYSPSFQG QVTIS ADKS ISTAYLQWS SLKASDT AMYYCA SGFDGDY ETW GQG TLVTV SP
IGHV5-51*01,GES LKI PCKGSG YRF TNS WIGWVRQ MPGKS LEWIAIIY PGDSDTKYSPSFQG QVTV PADKS ISTAYLQLTS LKASDT AMYYCA RLPSVVAPRMRG TFDIW GQG TMVTV SS
IGHV5-51*01,GE SLKISCEVS GYDFPS YYIAWVRQ VPGKAPE WMGIIYLR DSNV KY SPSFQG QVSISV DKSMT TAYLQWGSLK ASDTG IYYCAR ASNLPV W CGDC VDFDY WGQG TLVTVS S
IGHV5-10-1*03,E VQLVQ SGA EL KKPGE SLRLSC KGSGYS FSTYWISWVR QQPGKGL EWMGMI DPSDSNTNYSPSFQG HVTMSV DRSI KTVYLQWS SLGASD TAVYYCA RG VYE SWSGDYPFDWFEPWGQGT RVTVT S
IGHV5-51*01,GPP LKISCR ASGET FTNKWMAWVRQ MPGKGL EWMGIIDI GDSDTRYSPSFEG QVSISV DKSI KTAYLQWSS LKASDTG TYYCAR LGS YLYYQ KGMD VW GQG TTVTVT S
IGHV5-51*01,GE SLKISC KGSGYS FTTYWIAWVRQ VPGKGL EWMGSI YPGDSDTTYSPSFQG QVTISV DKSIS TAFLQ CSSLRA SDTAMYYCARL GRP VLCTSVSC YSDDDYGM DVW GKGT TVIVS S
IGHV5-51*01,GE SLKISC KGSGYS FTSYWIGWVRQ MPGKGL EWMGII YPGDSDTRYSPSFQG QVTI PADKS ISTAYLQWS SLKASDT AMYYCAR HSGGSSSWYGG VVDYYY GM D VWGQG TTVTV SS
IGHV5-51*01,GT TLKA SG KV SG YSVTSY WGG WVGK MPGKGL EWMGIIYR GDSDTRYSPSFQG QVTIS ADKS ISTAYLQWS SLKASDT AMYYCAS LSPGYNWNYGWN Y WGQG TLVTV SS
IGHV5-51*01,GES LKT SGNGAGY SFTRYWIGWVRQ MPGKGL EWLGII YPGDSDTRYSPSFQG QVTIS ADKS ISTAYLQWS SLKASD TAMYYCARQEIAAAT EGFDYWGQG TLVTVS S
IGHV5-51*01,GE SLKISC QGSGYS FTSY WIFWVR QMPGKGL EWMGII YPGDSDTRYSPSFQG QVTIS ADKS ISTAYLQWS SLKASDT AMYYCAR AGED IFGEINCYYY GMDDWAQGT TVTV S
IGHV5-51*01,GA SLKISC KGSGYS FTSYWIGWVRQ MPGKGL ECRGII YPDDSDTRYSPSFQG QVTIS ADKS ISTAYLQW SSLNAS DTAMYYCARL GGSYTEG FFD YWGQG TLVTVS S
IGHV5-51*01,ES LKLSCK GSGNSF TTYWIGWVLP MPGKGL EWMGVI YPGDSDTRYSPSFQG QVTIS ADKS ISTAYLQWSS LKASDT AMYYCARL KTGGDYG YEYYGMDV WGQG TTVTVS S
IGHV5-51*01,GE SLKISC EGSGY SV SNH WIGWVRQ MPGKGL EWMGHI YPGDSDTRYSPSFQG QVTIS ADKS ITTVYLHW SSLKASDT AMYYCASRL DTTGE YVYW GQG TLVTVS S
IGHV5-51*01,GA FLK SSGKGSGDT FYK N WIGWVR PIPGKGL EWMGIIY PADSDTRYSPSFR GQVTISA DRSTS TAYLQWSS LKASDT AMYYCA RGVPG IAFDV WGQG TMVTVS S
IGHV5-51*01,GE SLKISCKS YGYS F T N YWIGWVRQ MPGKGL EWMEII HPGDSDTRYSPSFQG QVTMS ADKSIN TAYLQWS SLKASD TAMYYCVRFLNHAFEMW GQGT MVTVS S
IGHV5-51*01,ES LKISC KGSGYS FTDYWIHWVRQ MPGKGL EWMGTI YPGDSDTRYSPSFQG QVTISA DKSTS TAYLQWSS LKASDT AMYYCA RKRR V G YN LGAEHLQ H WGQGT RVSVS S
IGHV5-10-1*01,GA SLKISC KGSG YTFFTYWITWVR QMPGKGL EWMGRI DPSDSYTNYSPSFQG HVTIS ADKS VSTAYLRWS SLKASDT AVYYCA RHKR Y YGSGS YSYYYYGLDV WGQG TTVTVS S
IGHV5-51*01,GE SLKISC KGSGYS FTSYWIGWVRQ MPGKGL EWMGII YPGDSDTRYSPSFQG QVTIS ADKS ISTAYLQWCSLK ASDT AMYYCAR RSSSSS VNFDY WGQG TLVTV SS
IGHV5-51*01,GE SLKISC QDSGD RFINYWIAWVRQ MPGKGL EWM GN I YPADSDTKYSPSFEG QVTIS ADKSIN TAYLQWSS LKASDS AIYYCARYS AVTPDR TLDFW GQG TLVTVS S
IGHV5-51*01,GE SLKISC RGSGYS FATHW IAW V RQ VPGKG LEWIVTI YPGYSDTTYSPSFQG QVTILT DKSIN TAYLQWSS LKASDT ATYYCA RHPGHPYGM DVW GQG TTVSV S
IGHV5-51*01,GE SLKISC KGSGYS FTSYWIGWVRQ MPGKGL EWMGII YPGYSDTRYSPSFQG QVTIS ADKS ISTAYLQW SSLKA SDTAMYYCAR RGI TF GGVGEDYWGQG TLVTVS S
IGHV5-51*01,GE SLKISC KGSGYS FTSYWIGWVR QMPGTGL EWMGII YPGDSDTTYSPSFQG QVTIS ADKS ISTAYLQWS SLKASDT AMYYCAR HDN VAL SNGR YYWYGLDV WGQG TTVTVS S
IGHV5-51*01,ES LKISC KGSGY RFTSYWIGWVRQ MPGKGL EWMGII YPGDYDTRYSPSFQG QVTVS ADKS ISTAYLQW SSLKASD TAMYYCARTMVNDAFDI WGQG TMVTVS S
IGHV5-51*01,GE SLKISC KGSGYS FTSYWIGWVRQ MPGKGL EWMGII YPGDSDTRYSPSFQG QVTIS ADKS ISTAYLQW SSLKASD TAMYYCARQALSVYSYGLS WYFD LWGRG TLVTVS S
IGHV5-51*01,GA SLKISCK ASGY RV NN YWIGWVRQ MPGKGL EWMGII YPDDSDKRYSPSFQG QVTISV DKSI STAYLQWS SLKASDT AIYYCARL QGFNGS LREAF GYWGQG TLVTVS S
IGHV5-51*01,GE SLKISC KGSGYS FTSYWIGWVRQ MPGKGL EWMGII YPGDSDTRYSPSFQG QVTIS ADKS ISTAYLQW SSLKA SDTAMYYCARL GFPFLDGM DV WGQGT TVTV SS
IGHV5-51*01,E VQLVQ SGA EV TPPGK SLKISCK ASGYSFP LYWIGWVRQ MPGKG LEWMAMI YPGDSET T YNPPLQG QVTISA EKSTS TVYMQWSS LKASDT AIYFCA RPRAQ TMALSYIYHYYYMDV WGNGT TVTV S
IGHV5-51*01,GE SLNLSCE ASGYS F TS HWIAWVR QMPGKGL EWMGTI YPGDSDTRYSPSFEG QVTIS ADKS ISTAYLQC SSLKASDT AIYYCA RPE I YSGYENWGQG TLVTV SS
IGHV5-51*01,GE SLMISC KGSG YSFYNSWIGWVRQ MPGKGL EFVGII YPGDSDIRYSPSFEG QVAISV DKS VR TAYLQWIS LKASD TAMYYCATLFCSTL CLV PHGFDLWGQG TMVVV SS
IGHV5-10-1*01,GE SLKISCQ ASGYN FNIYYITWVR QTPGKG LEWMG NIDPSDSSAVNNPSFQG HVTLS ADKSI NTVYLHLRR LKASDT AIYYC ARHVSAAL GRS IGE Y WGQG TLVTV SS
IGHV5-51*01,GE SLKISC EGSGYSFS TYWIAWVRL TPGKG LEWMGIIY PGDSN TIY SPSFQG QVAIS ADKS ISTAYLQWRS LKASDT AMYYCAR RQRRVGPMDVWGQGT TVTV S
IGHV5-51*01,GE SLKISC KGSG YSFAFYWIAWVRQ MPGKGL EWM GNVYPGDSDATYSPFFQG RVTI PADQS LGTAFLQWS RLTASDT AIYYC SGHEGQ QL LPFDFWGQG TLVTV SS
IGHV5-51*01,GE SLKISCK ASGY RFTSYWIGWVRQ MPGKG LAWMGII YPGDSDTRYSPSFQG QVTIS ADKS ISTAYLQWS SLKASD TAMYYCARLYNDLA V AGPFDYWGQG ALVTV SS
IGHV5-10-1*01,ES LKISC SGSGY SFTTHWITWVRQ MPGK AL EWMGR IDPLDSSTNYSPSFQG HVTISVD RSVG SAYLQWSR LEASDT AIYFCARVQIMA RGV ANEALD YWGQG TLVTVS S
IGHV5-51*01,GE SLKISC KGSGYS FTSYWIGWVRQ MPGKGL EWMGII YPGDSDTRYSPSFQG QVTIS ADKS ISTAYLQWSS LKASDT AMYYCARI SPHSSGYP IQYYYYY G MD VWGQG TTVTVS S
IGHV5-10-1*01,GE SLKISCK ASGYS LTTYWITWVR QMPGKGL EWMGRI DPRDSYTSYSPSFQG HVTISV DKSI STAYLQWSS LKASDT AIYYCA RQDDAFD L WGPG TMVTV SS
IGHV5-10-1*01,GEAP KISC KGSGYSFN SYWISWVRQ MPGKGL EWMGRI DPSDSYTNYSPSFQG HVTIS ADKS ISTAYLQWS SRKASDT AMYYCASY CSGGS CRYYYYGMDV WGQG TTVTVS S
IGHV5-51*01,GE SLKISC KGSGY RF S GFWIGWVRQ MPGKGL EWMGII YPDDSK VKY SPSFQG QVTIS ADKS ISTAYLQWS SLKASDT ATYYCARHYLAAADF WSGSH MDV WGQGT TVTVS S
IGHV5-51*01,GE SLKISC KGSGNT FANHWIGWVRQ MPGKGL EWMGII YPGDSDTKYNPSFQG QVTISV DKSI STAYLQWSS LKASDS AMYYCARTVRWEPVSFF DNWGQG TLVTVS S
IGHV5-51*01,GE SLKISC EGSGYN FANFWIAWVRQ MPGKGL EWMGII YPGDSDTRYSPSFEG QVTIS ADKS ISTVYLQWS SLKASDT AMYFCAR HEATAGTYPDYWGQGT QVIV SS
IGHV5-51*01,GE SLKISCKV SGYS FSIYWIAWVR QMPGKGL EWMGTI YPGDSDTRYSPSFQG QVTIS ADKS ISTAYLQW SSLKAS DTAMYYCAR RGLDFD Y WGQG TLVTV SS
IGHV5-51*01,GE SLKISC KGSGYPFD SYWIAWVRQ MPGIG LEWMGVI YPGDSSSRYSPSFEG QVSLSV DKSI STAYLQWTS LKASDT AIYYCARTI SSR W YSDHNYY GMDV WGQGT TVAV SS
IGHV5-51*01,GE SLKISC KGSGY AFRHYWIGWVRQ MPGKGL EWMAIIY PDDSRTKYSPSFQD QVTIS ADRS ITTAYLQWS SLKASDT AMYYCS RLNPRSPLK AFDF WGQG TLVTVS S
IGHV5-51*01,GE SLKISC KGSGYS FTSYWIGWVRQ MPGKGL EWMGII YPGDSDTRYSPSFQG QVTIS ADKS ISTAYLQWS SLKASD TAMYYCASLSSWYERFFDYW GQG TLVTV SS
IGHV5-51*01,GE SLKISC KGSGY SFTRYWIGWVRQ MPGKGL EWMGII YPGDSDTRYSPSFQG QVTIS ADKS ISTAYLQW SSLKAS DTAMYYCAR HGV GLYYYGMDV WGQGT TVTV S
IGHV5-51*01,GA YLKS SSNGSGY RVSTCWIGWVR PSPGKG LEWMGIIY PADSDTKYNPTL QGQVTIS ADKS ISTAYLQL SNLKASDT AIYYC AR HLRYSKS WFYYYGVDVW GQG TTVTVS S
IGHV5-51*01,GG YLKIS GHGAGSD FTRYWIGWV RT IPGKGL EWLGII YPGDSDTRYSPSLQG QVTIS ADKSIN TAYLQWGRL EASDTAN YYCARLEMY GGYSG YFD YWGRG TLVTV SS
IGHV5-51*01,GE SLKISC KGSGYNFT SHWIG WVRQV SGKGL EWIGIT YPRDSDTRYSPSF LGQVTIS ADKSVN TAYLQWNTL KASDT AMYYCVRR GRGGD FYFFALDV WGQG TTVSVS S
IGHV5-10-1*01,GE SLKISC KGSG YIFTNYWISWVRQ MPGKGLEGMGRIEPSDSYTNYRPSFQG LVNI SADKS LSTAYLQWAS RTASDT AIYFCA RQRWVDSSSWS GIF NDYWGQGT RVIVS S
IGHV5-51*01,GE SLKISC MGSG YSFLSYWIGWVRQ TPGKG LELMGII YPGDSDTSYSPSFQG QVTISV DKSI STAYLQW NSLKASD TATYFCARRLALVW GMDVWGQGT TVTVS S
IGHV5-51*01,GE SLKISCK ASGY TFTSYWIAWVR QMPGKGL EWMGVI YPGDSDTGYSPSLQG HVTIS ADKS VTTAFLQW SSLEASDT AMYYCA RTNYYETSGWAAGLSPFDMWGRG TMVTVS S
IGHV5-51*01,DS LKISCK SSGYN FISYWIGWVRQ MPGGGL EWMGIL YPGDSDTRYNPSFEG HVTIS ADKSIN TAYLQW NSLKASDT AIYYCA RRQSSFYGSGSVPH TVFDL WGRG TLVTV SS
IGHV5-10-1*01,GAC LK NSCNGFGD SLTRYWINWVR NIPGKGL EWMGR IDPSDSYTNYSPSFQG HVTISV DKSI STAYLQWS SLKASDT AMYYC ASEW ELESWF DPWGQG TLVTVS S
IGHV5-51*01,GQPLKGS C KGSGYS FTSYWIGWVR QMPGKGL EWMGII YPGYSDTRYSPSFQG QVTIS ADNS ISTAYLQWS SLKSSDT AMYYCARQRY SSSGY SYSYYYYGMD VWGQG TTVTVS T
IGHV5-10-1*01,GE SLKISC KGSGYS FTSYWISWVRQ MPGKGLD WMGT IDPSDSYTKYSPSFQG HVTIS ADKS ISTAYLQWS SLKASDT AMYYCA RHPPRQQ V TQG YYYYGLDV WGQG TTVTVS S
IGHV5-51*01,GE SLKISC TGSGY HFTTYWIGWVRQ MPGKGL EWMGVI NPGDSDTRYSPSFQG QVTISV DKSMT TAYLQWS SLKASD T AIYY CARRQYLRDYFDY WGQGS LITVS S
IGHV5-51*01,GE SLKISC QGFGY TF TNYWI GW VR QMPGKGL EWMGIIY PSDSDPKYSPSFQG QVTFSL DKSIN TAYLQWS SLKASD T AIYYC A RHGHWP YYYF DSWGQG TLVTV SS
IGHV5-51*01,GE SLKISC KGSGYS FTSYWIGWVRQ MPGKGL EWMGII YPGDSDTRYSPSFQG QVTIS ADKS ISTAYLQW SSLKAS DTAMYYCAR QGG IAVADV WGQG TLVTV SS
IGHV5-51*01,GE SLKISCQ ASGYSF TYDWIAWVRQ MPGKGL EWMGLI FPGDSDTKYSPSLQG QVTFS ADQS IHTAYLELA SLDPSDTG IYYCARVV A QSRVP IEYW GQG TLVIV SS
IGHV5-51*03,EA QLVQ SGA EV KKPWE SLRISC KGS ENLLRKY WIAW VR QMPGKGL EWMGSIYL GDSE VKHY SPSFQG QVTMS ADKS ISTAYLQW SSLTASDT AIYY CPRAPLIGSGRNWFDPWGQGTP VTV SS
IGHV5-51*01,GE ALTISC KGSGYS FTTYWIGWVR QMPGTGL EWMGIIY PADSDTKYSPTLQ GQVTIS ADKS ISTAYLQLS SLKASDT AIYYC AR HLRYSSS WYYYY G MDV WGQGT TVTV S
IGHV5-51*01,GE SLKISC KGSGYS F S NSWIGWVRQMS GKGL EWMGII YPGDSDTRYSPSFQG QVAISV DKSIS TAY LQWIS LKASD TAMYYCATLFCSTLCLIP H AFD LWGQGT MVTV SS
IGHV5-51*01,GE SLKISC KGSGY RFT NY WIGWVR QMPGKGL EWMGVV YPGDSDTRYSPSFRG QVTIS ADES ISTAYLQWS SLKASDT AMYYCA KSSRD IL TGYDYWGQG TLVTV SS
IGHV5-51*01,GE SLKISC KGSGYSFPNH WIGWVRQ MPGKGL EWMGII YPGDSDTRYSPSFR GQVTIS ADKS ISTAYLQWS SLKASD TAMYYCMRQSL EHSSSSPF EY WGQG TLVTV SS
IGHV5-51*01,GE SLKISC KGSGYS FTSYWIGWVRQ MPGKGL EWMGII YPGDSDTRYSPSFQG QVTIS ADKS ISTAYLQWS SLKASD TAMYYCARHITAY CGGDCYSRGFDPWGQG TLVTV SS
IGHV5-51*01,GE SLKISC KGSGYGFTTN WIGWVR QTPGKGL EWMGII YPGDFDNRYSPSSQG HVTISV DNSI STAYLQWS SLRASDT AMYYCAR LGGGASG WY EGRGDFD C WGQG TLVTV S
IGHV5-51*01,GE SLKISCEA FGYD FIGYWIGWVRQ LPGKGL EWMAIM YPNESDI RY NPSFEG HVTMS ADKSINT AYLQWISLRT SDSG MYYCVRA GLSAAGW ELQ DRWGQG TLVTV SS
IGHV5-51*01,GE SLKISC SGSGYTF PNYWIAWVRQ MPGKGL EWIGVI YPGDS FSIY NPSFQG QVIMSV D KSISTAFLQW NGLKASDS AVYYCARRM QVGS RWLAFDV WGQG TLVIA SS
IGHV5-51*01,GE SLKISC KGSGYS FTSYWIGWVRQ MPGKGL EWMGII YPGDSDTRYSPSFQG QVTIS ADKS ISTAYLQWS SLKASD TAMYYCARHLM GT AMVT SGS VYYYY GM D VWGQGTTG TV SS
IGHV5-51*01,GE SLKISC KGYGYSF TSHWIAWVRQ MPGKGL EWMGTI YPGDSDTRYSPSFEG QVTIS ADKSIN TAYLQWSS LKASDT AIYYC SRPE VY SGYENWGQG TLVTV SS
IGHV5-10-1*01,GE SLKISC KGSGY TFTAYWITWVR QTPGKG LEWIGRI DPSDS YINY SPSFQG HVTIS ADKSIN TVYLQWRS LKASDT AIYYCA RSE YYYD VSRSPPPLFDYWGQG TLVTV SS
IGHV5-51*01,GE SLKISC KGSG YIFTSYWIVWVRQ MPGQGL EWMGIIY PSDSDARYSPSFQG QVTISV DKSIN TAYLQWSS LKASDT ATYYCARR YGSGSLG MDVW GQG TTVTVS S
IGHV5-51*01,GE SLKISC KGSGYSFS NY WIGWVR QMPGKGL EWMGII YPGDSDTRYSPSFQG QVTIS ADKS ISTAYLQWS SLKASDT AIYYCARQVVVT GAES F D Y WGQG TLVTVT S
IGHV5-51*01,GE SLKISC RGSGYN FGTYWIAWVRQ MPGKGPE WMGIIY PSDSETRYNPSFQG QVTIS ADESI GTAYLQWS SLKASDT AMYYWARR NYYDGSGYE H WGQG TLVTV SS
IGHV5-10-1*01,GE SLKISC QGSGYS FTSYWITWVRQ VPGKG LEYVGKI DPSDS YAYY SPSFQG HVTISV DKSI STAYLQWSS LKASDT AMYYCATW RDWGKISPWGQG TLVTV SS
IGHV5-51*01,S LKISCQ ASGY TFTTYWIGWVRQ MPGTGL EWMGIIYPI DFDSRYSPSFQG QVTISL DKSI STAYLQWSS LKASDTG MYYCA RGGAR TYME NFDYWGQG TQVTVS S
IGHV5-51*01,GE SLKISCKA AGYTSTN YWVAWVRQ KPGEGL EWMGIIY PGDSETR Y SPSFQG QATIS ADTS ITTAYLQWS TLQASD TAIYFCARLLRLC SSV SCWGRF DPWGQG TLVTVS S
IGHV5-51*01,GE SLKISC KGFG HDFVNYWIGWVRQ MPGKGL EWMGIIF PSDSDTRYSPSFQG QVTM SADKS ISTAYLQWS SLRASD TAIYYCARQI GRSGFDMWGPG TVVTV SS
IGHV5-10-1*01,E VQLVQ SG AVVK KPGE SLRISCK TSGY RFT SN WIGWVRQ VPGKGL EWMGRI DPTDSY ATY NPSFQG HVTIS TDKS ISTAYLQWS SLKASDT AIYYCA RHA TFYN FWSGPY FYYYFDV WGKG TTVTVS S
IGHV5-51*01,GA SLKISC KGSGY SVTSYWIGWVR PIPGKG LEWMGII YPGDSDTRYSPSFQG QVTIS ADKS ISTAYLQWSS LKASDT AMYYCARLSFTLR GSG HYYYYGMDV WGQG TTVTVS S
IGHV5-51*01,GG SLKLSCK TSGYR F RD YWIAWVR QMPGKGL EWMGII YPGDSDTKYNPSFEG QVTISA DKSTN TAYLTWNS LEASDTA TYYCA RSLP LFVVVR PRA FDV WGQG TKVTVS S
IGHV5-51*01,GE SLKISC KGSGYS FTSYWIGRVRQML GKGL EWMGII YPGDSDTRYSPSFQG QVTIS ADKSI STAYLQWC SLKAS DTAMYYCARQAL SGYSY GLSWYFD LWGRG TLVTVS S
IGHV5-51*01,GD SLKISC EGSGYS FTSHWIAWVRQ MPGKG LAWMGTI YPGDSDTRYSPSFEG QVTIS ADKS ISTAYLQWS SLKASDT AIYYCA RPEIYSGYENWGQG TLVTV SS
IGHV5-51*01,GE SLKISCK TSGYNFSNT WIGWVRQ MPGKGL EWMGII YPDDSDTKYSPSFQG QVTFS ADKS ITTAYLQW DNLRASDT AMYYCARL GTDGT KWIHALFW GQG TMVTVS S
IGHV5-51*01,GE SLKISC KGSGYS FTSYWIGWVRQ MPGKGL EWMGII YPGDSDTRYSPSFQG QVTIS ADKS ISTAYLQWS SLKASDT AMYYCARRR YGSGS YFYGMDV WGQG TTVTVS S
IGHV5-51*01,GE SLKISC KGSGY SFTSYWIGWVR PMPGKGL EWMGII YPGDSHT RY SPSFQG QVTIS ADKS ISTAYLQW NSLKASDT AMYYCA RGYD YYFDY WGQG TLVTVS S
IGHV5-51*01,GA SLKISCKC SGDSF TTYWIGWVRQ MPGEGL EWIGTIYVG DANTRYSPSFQG QVNI SADKS ISTAHLQWSS LKASDT AIYYC GG VY SDRSGYNPNWFGAWGQG TLVTV S
IGHV5-51*01,GE SLKISC KGSGYS FNTYWIAWVRQ MPGKGL EWMGII YPDDSDTKYSPSVQG QVTIS ADKS IRTAYLK WNSL KALDTAMYYCARL TIPRFN Y YG MD VWGQG TAVAV SS
IGHV5-51*01,GA SLKISC KGSGYS FTSYWIGWVRQ MPGKGL EWMGII YPGDSDTRYSPSFQG QVTIS ADKS ISTAYLQWS SLKASDT AMYYCA RHPLRGAAAGS FNWF DPWGQG TLVTVS S
IGHV5-51*01,GD SLKISC KGSGYSFPN YWIGWVRQ MPGKGL EWMGII WPGDYDTRYSPSFRG QVTI PADKSIN TAYLQWS NLDASDT AMYYCA RSDSWANK HYYGMDV WGQG TTVTVS S
IGHV5-51*01,GE SLKISCK ASGYSFS NSWIGWVRQMS GKGL EWMGII YPGDSDTRYSPSFQG QVAISV DKSIS TA YLEWIS LKASDT AMYYCATLFC S SL CL VPHAFDRWGPG TMVIV SS
IGHV5-51*01,GE CLKS SSQGSGYS FTHYWIAWVR PIPGKG LEWMGVIY PRDSDTPYSPSFQ GQVTIS ADKS ISTAYLQWS SLRASDT AIYYCAR RAGG TIVD SWGQG TLVTV SS
IGHV5-51*01,ES LKISCQ GSGYSF STSWIAWVRQ KPGKGL DWMGII YPGDSDTTYSPTFQG QVTIS ADKS I N TAYLQW SGLKASDT AVYYCA RHDALGG WFFDL WGRG TLVTVS S
IGHV5-51*01,GE SLQISC KGSGYS FTNYWIAWVRQ MPGKGL EWMGII YPGDSDTRYSPSFQG QVTIS ADKSIN TAYLQWS SLKASD TAT YY CAR RGWPQGRDGY KHFH NWGQG TLVTV SS
IGHV5-51*01,GE SLKISC KGAG YIFT TYW IGW VR QMPGKGL EWMGII YPGDSDTRYSPSFQG QVTISV DTSI TTAYLQWS SLKASDT AMYYCARLDVIQ GDMGGMD V WGQGT TVT V
IGHV5-10-1*01,GE SLKISC KDSGHT LTTYWITWVRQ TPENGL EWMGTI DPADSD IYY SPSFEG HVTIS ADRS ISAAYLQWS SLRASDT AIYFCA RQKQY ASASYYF DSWGQG TLLTVS S
IGHV5-51*01,ES LKISCK GSGYSFPK AWIVWVRQ MPGKGL EWMGLI YPGDSDTRYSPSFQG HVTIS ADES VSTAYLQW NSLKASDS ALYYC GRLGGGA YC STGGC Y SDSWGQG TLVTV SS
IGHV5-51*01,S LKISC KGSG FTFTD YWT GWIRQ VPGTGL EWMGII YPGDSDTRYSPSFQG QVTIS ADKS ISTAYLQWS SLQASDT AMYYCA RGV RRFIGITRVAVAFF DNWGQG TLVTVS S
IGHV5-10-1*01,GA SLQISCQ ASGYN F TAHWISWVRQ MPGRGL EWLGRI DPGDSETNFGPSFQG NVSISV DNS ISTVYLEWRSL RASDTG MYYC S RESLI RYIS SSEIGPDYWGQ GILVTVS S
IGHV5-51*01,ES LKISC KGSGY SFTSYWIGWVRQ MPGKGL EWMGII YPGDSDTRYSPSFQG QVTIS ADKS ISTAYLQW SSLKASDT AMYYCA GWFGEFQSGFDPWGQG TLVTVS S
IGHV5-51*01,GE SLKISC KGSGYSFT KYWIGWVRL MPGKGL EWMGII YPGDSDTRYSPSFQG QVTIS ADKS ISTAYLQWSS LRASDT AMYYCAR Q RV YGGNPWDCFDSWGQGTP VTV SS
IGHV5-10-1*01,AES LTI PCPGSG YTFI NSWN TWVRH IP AADLERM GRIDPSYSYTNYSPPFQG HVTT SADKSTS TVYLQWS SLQASDT AIYYCA RQSR YYFGMDV WGQG TTVIVS S
IGHV5-10-1*01,ES LKISC KGSGY SFTSYWISWVRQ MPGKGL EWMGRI DPSDSYTNYSPSFQG HVTIS ADKS ISTAYLQW SSLKASDT AMYYCA RHSA Y CSGGS CYQLF DPWGLG TLVTV SS
IGHV5-51*01,GE SLKISC EGSGY NFTIYRIAWVR QMPEKGL ECMGII SPGDSAPTYSPSFRG QVTISV DKSIN TAYLQWS SLKATDT AMYFCARRLYYYD VSGPR AFDIW GQGS MVTV SS
IGHV5-51*01,GE SLKISC KGSGYS FTSYWIGWVRQ MPGKGL EWMGSI YPGDSDTRYSPSFQG QVIISV DKSIS SAFLEWTS LKASDT AIYYCS LPYHYETSGYFDDVSPSNWGQG TLVTV SS
IGHV5-51*01,GE SLKISC KGSGYSFPN YWIGWVRQ MPGKGL EWMGII YPGDSDTRYSPSFQG QVTISA DKSTN TAYLQWSTL KASDT AMYYCAR SDTWANKN YYGLDVW GQG TTVTVS S
IGHV5-51*01,GE SLMISC KSSGYN FISYWIGWVR QMPGGG LEWMGIL YPGDSDTRYNPSFEG HVTIS ADKSIN TAYLQW NSLKASDT AIYYCAR RQSSFYGSGSVP HTVFDL WGRG TLVTVS S
IGHV5-51*01,GE SLKISC KGSGYS FTSYWIGWVRQ MPGKGL EWMGII YPGDSDTRYSPSFQG QVTIS ADKS ISTAYLQW SSLKASD TAMYYCARGLVAAA GTLDYWGQG TLVTV AS
IGHV5-51*01,GA SLKISC KGSGYS VADYWVGWVRQ MPGKGL EWMGII YPGDSDTRYSPSFRG QVTIS ADKS ISTAYLQW SSLKASD TAMYYCAR QGFLDFNRDYF GLNVW GQGT TVIV SS
IGHV5-51*01,ES LKISC KGSGY SFTSYWIGWVRQ MPGKGL EWMGII YPGDSDTRYSPSFQG QVTIS ADKS ISTAYLQW SSLKASDT AMYYCARLSYYY GSGS YYLYGMDV WGQG TTVTVS S
IGHV5-51*01,GE SLNISC QGSG YIFT SQW IGWVR QMPGKGPE WMGIIF PGYSN TIY SPSFQG QVTIS ADKS VSTAYLQW NSLQASDT AMYYCVS TGRS YYKYF DYWGQGTLGTGSS
IGHV5-51*01,GE SLTIAC KGSGY TFTDVWIGWVRQ TPGNG LEWMGTI YPGDSDTRYSPSFQ GLVTIS ADKSF SAAFLQW SSLKASDT AIYYCAKIE KSGDSTSGW F DPWGQG TLVTVS S
IGHV5-51*01,GE SLKISC KGSGYS FTNYWIAWVRQ VPGKGL DWVGVVY PSDSDTRYSPSFQG QVTISV DKSIN TAYLQWS SLKASDT AMYYCTRLIS RGSDYN YV DDWGQG TLITV SS
IGHV5-51*01,GAS LKS SCKGSGY SVTSYWIGWVRQ MPGKGL EWMGII YPGDSDTRYSPSFQG QVTIS ADKS ISTAYLQWS SLKASDT AMYYCARLR CGGDC ALDY WGQG TLVTV SS
IGHV5-51*01,GE SLKISC KGSGYS FTSYWIGWVRQ MPGKGL EWMGII YPGDSDTRYSPSFQG QVTIS ADKS ISTAYLQWSS LKASDT AMYYCARLRI KGSGYDYNW F DPWGQG TLVTV SS
IGHV5-51*01,GE SLKITC KGSGYS FTSYWIGWVRQ MPGKGL EWLGLI YPGDY YTR YSPSFQG QVTIS ADKS ISTAYLQWS SLKASNT AMYYCAR YSGT HILDY WGQG TLVTV SS
IGHV5-51*01,GE SLKISC KGSGY SF T GYWIGWVRQ MPGKGL EWMGIIY PGDSDTRYSPSFQG QVTIS ADKS ISTAYLQWSS LKASDT AMYYCAR FPLYGSGSQNNW F DPWGQG TLVTV SS
IGHV5-51*01,GA SLKISCK ASGYS FTSYWIGWVRQ MPGKGL EWMGII YPGDSDTRYSPSFQG QVTIS ADKS ISTAYLQWS SLKAS DTAMYYCARLSAMVR G VIYYYAMD VWGQGT TVTVS S
IGHV5-10-1*03,E VQLVQ SGA EVK KPGE SLRISC KGSGY RLTSYWISWVR QMPGEGL EWMGTI DPSDSYTNYSPYFQG HVTIS ADKS ISTGYLQWSS LKASDT AMYYCARRIAVA GTFGAWGQ ETLVT V
IGHV5-51*01,GA SLKS SGKGSGY SITHYWIGWVR PIPGKG LECLGII YPDDSDI RY SPSFEG QVTMS ADKS ISTAYLQWS SLKASDT AMYYCARI GGS Y TEG FF DYWGRG TLVTVS S
IGHV5-51*01,GA SLKISC SGSGYN FNTYWIAWVRQ MPGKGL EWMGIIF PGRS EIRY SPSFQG QVSFSV DTSIN TAYLQWS SLKASDT AIYYCARH LGSGYFDSNTY HYHFYAM DAWGQG TTVTVS S
IGHV5-51*01,ES LKISIK GSGY SFTSYWIDWVL PMPGKGL EWMGII YPGDSD IRY NPSFQG QVTFSV DKSI STAYLQWSS LKASDT AMYYCA RHRRLMGPAQN YYFDMDV WGKG TTVTVS S
IGHV5-51*01,GE SLKISC KGSGYS FTSYWIGWVRQ MPGKGL EWMGII YPGDSDTRYSPSFQG QVTIS ADKS ISTAYLQ RSSLKASDT AMYYCAR GPGGAGAP TYW GQG TLVTVS S
IGHV5-51*01,GE SLKISC KGSGYS FTSYWIGWVRQ MPGKGL EWMGII YPGDSDTRYSPSFQG QVTIS ADKS ISTAYLQW SSLKASD TAM Y YCAR HGPS MITF G GVIVS DY Y YG MD VWGQG TTVTVS S
IGHV5-51*01,GA SLKISC KGSGYS FTRYWIGWVR PMPGKGL EWMGII YPGDSDTRYSPSFQG QVTIS ADKS ISTAYLQW SSLKAS DTAMYYCARQ QGLR YF D WFYYYY GMDVWGQGT TVTVS S
IGHV5-10-1*01,GA SLKISC KGSGYS FTSYWISWVRQ MPGKGL EWMGR IDPSDSYTNYSPSFQG HVTIS ADKS ISTAYLQWS SLKASD TAMYYCARYTTIF G VE YGM DV WGQGT TVTV SS
IGHV5-51*01,GE SLKISC KGSGYS FTSYWIGWVRQ MPGKGL EWMGII YPGDSDTRYSPSFQG QVTIS ADKS ISTAYLQW SSLKASD TAMYYCARWL TGV V V PAAIEYYYY YGMDVWGQGT TVTV SS
IGHV5-51*01,GA SLKISC KGSGYS FTSYWIGWVRH IPGKGL EWMGII YPGDSDTRYSPSFQG QVTIS ADKS ISTAYLQWS SLKASDT AMYYCARS YGSGSHD AFDIW GQG TMVTVS S
IGHV5-51*01,GE SLKISC KGSGYNFNTS WIGWVRQ MPGKGL EWMGII YPDDSETKYSPSFQS QVTIS ADKS ISTAYLQWS SLKASDT AVYYCA RHMAD IVIVRS AMDGMD VW GKG TTVTVS S
IGHV5-51*01,GE SLKISC KGSGYS FTSYWIGWVRQ MPGKGL EWMGII YPGDSDTRYSPSFQG QVTIS ADKS ISTAYLQWS SLKASDT AMYYCARV GRGG YYYYYGMDV WGQG TTVTVS S
IGHV5-10-1*01,GE SLKISCKA SGYSFPD LWIIWVRQ VPGKGL EYLGRI DPADS FID YSPAFQG HVTFSV DKSI STAYLQWS SLKSS DTAMYFCARL GLQ R R F DHWGQG TLVTV SS
IGHV5-51*01,GE SLKISCQV SGPT VTNFWITWVR QMPGKGL EWMGVI FPGDSET RY SPSLQG QVTISV DKDSR TAFLQWT SPKASDT AMYYCAT QKYGD YYFDY WGQG TLVTVS S
IGHV5-51*01,GE SLKISC KGSGYS FTNYWIGWVRQ MPGKGL EWMGII GPGDSDTRYSPSFQG QVTIS ADKSVN TAYLQWS SLKAS DTAMYYCARQALL AGPPIDYWGQG TLVAV SS
IGHV5-51*01,E VQLVQ SGA AVK KPGD SLKISC QGSGYSFT N YWIAWVR QMPGTGL EWMGFV YPGDSDTRYSPSFQS QVTISV DKSI STAYLQWS SLKASD TA MYYCAR VGLTPEGY YYYYYMDV WGKGT PVTVS S
IGHV5-51*01,GGS LKIP CYGSRFSFS RYCIALVRP IPGKG LELIVIIY PRDST TIY NPSFQGPVTSPADTS IATAYLQW SSLKAPDTG IYYG ARSGDYDHS FWYVFD LSGHG TTVIVA S
IGHV5-51*01,GE SLKISCK ASGHR FSTYW IDWVRQ LPGEGL EWMGIV YPDGS QTLY RPPFQG HVTISV DESIN TAYLQWRS LKASD TA MYY CAR RGYSGYAPGDSWGQ GTLVTV SS
IGHV5-51*01,GE SLKISCQA SGYSFFG HWIVWVRQ MPGQG LEWLGTI YPDDSKTKYSPSVQG QVTMS ADKSI NTAYLHWS SLKASDT AMYYCAR LSGM CTIDC SMAGH WF DPWGQG TLVTVS S
IGHV5-51*01,GA SLKISC SGSGF RFSFYWIAWVR PIPGKGL EWLGAI YPSESRT RY SPSFEG QVTISV DKSID TAYLQWN SLKASDT AIYYCA RPRISTS WVGLHVW GQG TMVTVS S
IGHV5-51*01,GE SLKISC KGSGYS FTSYWIGWVRQ MPGKGL EWMGII YPGDSDTRYSPSFQG QVTIS ADKS ISTAYLQWS SLKASDT AMYYCA RPNH YYYGMDV WGQG TTVTVS S
IGHV5-51*01,GE SLKISC KGSGY RFINYWIGWVR KMPGKGL EWMGTIYA GDSDTRYSPSFQG QVAISV DKSV STAYLQWN SLKASDT AMYYCTRL DTRDSRA IDYYHVMDV WGQG TTVTVS S
IGHV5-51*01,GG YLKT SGNGSGYSFS HSWIGWVRQV SGKGL EWMGII YPGDSATRYSPSFEG QVAISV DKSIS TAYLQWISL KASDT A MYYCATLF CSTM CL VPH A F DLWGQG TMVTV SS
IGHV5-51*01,GE SLKISC KGSGYS FTSYWIGWVRQ MPGKGL EWMGII YPGDSDTRYSPSFQG QVTIS ADKS ISTAYLQWS SLKASDT AMYYCA RQGT RVAYYYY G MD VWGQG TTVTVS S
IGHV5-51*01,PGE SLKISC KGSGYS LTSYWIGWVRQ MPGKGL EWM GN I YPADSDTKYSPSFQG QVTMS ADRSTR TAFLQW SSLQASDT AIYYCARVV GGYSACDGID SIDY WGQG TLVTV SS
IGHV5-51*01,GE SLQISC KGSGYS FTSYWIGWVRQ MPGKGL EWMGII YPGDSDTRYSPSFQG QVTIS ADK YISTAYLQWS SLKASDT AMYYC AGSSTSNWFDPWGQG TLVTV SS
IGHV5-51*01,ES LKISC KGSGY SFTSYWIGWVRQ MPGKGL EWMGII YPGDSDTRYSPSFQG QVTIS ADKS ISTAYLQW SSLKAS DTAMYYCAR HGI VVV PAA A YYFD YWGQG TLVTVS S
IGHV5-10-1*01,GESRKSSGKGSGY SFT SY WIS WVR QMPGKGL EWMGR IDPSDSYTNYSPSFQG HVTIS ADKS ISTAYLQWS SLKASDT AMYYCA RDPITFGESKASDYWGQG TLVTV SS
IGHV5-51*01,GE SLKISC KGSG YIFTSYWIVWVRQ MPGKGL EWMGIIY PSYSDARYSPSFQG QFTISV DKSIN TAYLQWSS LKASDT AIYYCARR YGSGSLG MGVW GQG TTVTVS S
IGHV5-51*01,GE SLKISC KGSGYS FTSYWIGWVRQ MPGKGL EWMGII YPGDSDTRYSPSFQG QVTIS ADKS ISTAYLQWS SLKASD TAMYYCARLHYVW GS Y REWGQG TLVTVS S
IGHV5-51*01,GA FLKT SSKGSGY SLTRYWIGWVR PIPGKG LEWMGII YPGDSDTRYSPSFQG QVTIS ADKS ISTAYLQWS SLKASDT AMYYCAR QVPLPGIAARG YYYYGMDV WGQG TTVTVS S
IGHV5-51*01,ES LKISC KGSGY SFTSYWIGWVRQ MPGKGL EWMGII YPGDSDTRYSPSFQG QVTIS ADKS ISTAYLQWSS LKASDTD MYYCARS LVGGAY EYQLLAWF DPWGQG TLVTVS S
IGHV5-51*01,GG ALILSC KGSGY SFTSYWIGWVRQ MPGKGL EWMGII YPGDSDTRYSPSFQG QVTIS ADKS ISTAYLQW SSLKASD TAMYYCA RHR ITIF GMGT YYY G MDV WGKGT TVTV SS
IGHV5-51*01,GE SLKISC KGSGYS FTSYWIGWVRQ MPGKGL EWMGII YPGDSDTRYSPSFQG QVTIS ADKS ISTAYLQW SSLKASD TAMYYCA RHPG VVIGMDV WGQG TTVTVS S
IGHV5-51*01,GE SLKISC KGSGYS FTSYWIGWVRQ MPGKGL EWMGII YPGDSDTRYNPSFQG QVTI SDEKS ISTAYLQWS SLKASDT AMYYCAR QGGDGYNYD YYGMDV WGQGT TVTV AS
IGHV5-51*01,GE SLKISC KGSGYS FTSYWIGWVRQ MPGKGL EWMGII YPGDSDTRYSPSFQG QVTIS ADKS ISTAYLQWS SLKASDT AMYYCA RPNH YYYGMDV WGQG TTVTVS S
IGHV5-51*01,GES RKISC KGSGYS FTSYWIGWVRQ MPGKGL EWMGII YPGDSDTRYSPSFQG QVTIS ADKS ISTAYLQWS SLKASDT AMYYCAR RRYSSSWP YYYYGMDV WGQG TTVTVS S
IGHV5-51*01,GG SLKISC KGSGYS FTSYWIGWVRQ MPGKGL EWMGII YPGDSDTRYSPSFQG QVTIS ADKS IRTAYLQWS SLKASD TAMYYCAR RGWNYPPYFDYWGQG TLVTV SS
IGHV5-51*01,GE SLKISC QGSGYD FER YWITWVR QTPGKG LECMGTIY PADSQTKYSPSFEG QVAMSV DKTVN TAFLQ W NSLKAS DAAIYYCARQ YSSVWGG MD VWGQGT TVVV SS
IGHV5-51*01,GE SLKISC KGSGYK F TNY WIGW VRQ MPGKGL EWMAIIY PGDSDARYSPSFQG QVTIS ADESIN TAFLQWTTL KASDT AMYYCAMH FGVG AYYFD YWGQGTP VTV SS
IGHV5-51*01,GE SLKISC KGSGYS FTSYWIGWVRQ MPGKGL EWMGII YPGDSDTTYSPSFQG QVTIS ADKS ISTAYLQWS SLKASDT AMYYCAR HDN VAL SNGR YYWYGLDV WGQG TLVTVS S
IGHV5-51*01,E VHLVQ SGA EL KKPGE SLNISCR TSGYS FTTYWVGWVRQ VPGKG LEWVGII SPGASET RY SPSFQG QVTIS ADKSINT AYLQWVRLK ASDT AVYYCAR LPDISGS YRHFDY WGQG TLVTV S
IGHV5-51*01,GE SLKISC KGSGYS F S NSWIGWVRQMS GKGL EFMGII YPGDSDTRYSPSFEG QVAISV DKS VR TAYLQWIS LKASD TAMYYCATLFCSTL CLV PHGFDLWGKG TMVVV SS
IGHV5-51*01,GA SLKISC KGSGYS FTSYWIGWVRQ MPGKGL EWMGII YPGDSDTRYSPSFQG QVTIS ADKS ISTAYLQWS SLKASDT AMYYCAR RGSSWYAPDYWGQG TLVTVS S
IGHV5-51*01,GE ALKISC KGSGYS FTSYWIGWVRQ MPGTGL EWMGII YPGDSDTRYSPSFQG QVTIS ADKS ISTAYLQWS SLKASDT AIYYCA RDVVGA TYFDL WGRG TLVTVS A
IGHV5-51*01,GE SLKISCT ASGYS FTNYWIAWVRQ MPGKG LAWTGII YPGDSDI RY SPSFQG QVTIS ADKS ITTAYLHWISL QASDT AMYYCVRRF GTGAVADPFDYWGQG TLVTV SS
IGHV5-51*01,GE SLKISC KGSGYS FTNYWIAWVRQ MPGKGL EWMGII YPDDSDTRYSPSFQG RVTMS ADKS VSSVYLQWS SLTAS DTA I YYCAR HGGPG YAFDIW GQG TAVTVS S
IGHV5-51*01,GE SLKISC KGSGYS FTSYWIGWVRQ MPGKGL EWMGII YPGDSDTRYSPSFQG QVTIS ADKS ISTAYLQWSS LKASDT AMYYCA RPSSPERWLPDA FDI WGQG TMVTVS S
IGHV5-51*01,GES RKISC KGSGYS FTSYWIGWVRQ MPGKGL EWMGII YPGDSDTRYSPSFQG QVTIS ADKS ISTAYLQWS SLKASD TA MYYC AR HRGYSYG TYYYYGMDV WGQG TTVTVS S
IGHV5-10-1*01,GE SLKISC KGSGYS FTSYWISWVRQ MPGKGL EWMGR IDPSDSYTNYSPSFQG HVTIS ADKS ISTAYLQW SSLKASD TAMYYCAS QGGAD IVVV PDAITDDAF DI WGQG TMVTVS S
IGHV5-10-1*03,E VQLVQ SGT EVK KPGE SLRISCQA SGYSASG YYFTWVRQ MPGKG LEWMGRI NPSNSDSDYSPSFQG RVTFTF DNSIS TAYLQWTTLE ASDT AIYFCAR HRYSGH HAYFDY WGQG TLVTVS S
IGHV5-51*01,GE SLKISC KGSGYS FTSYWIGWVRQ MPGKGL EWMGII YPGDSDTRYSPSFQG QVTIS ADKS ISTAYLQWS SLKASD TAMYYCAR LGQG LLTMID L F DYWGQG TLVTVS S
IGHV5-51*01,GE SLKISC KGSGYS FTSYWIGWVR PMPGKGL EWMGII YPGDSDTRYSPSFQG QVTIS ADKS ISTAYLQWS SLKASDT AMYYCAR RREQQ LVHYYYYGMD VWGQG TTVTVS S
IGHV5-51*01,GA YLK NSGKGSR YS VS PYWIDWVR HMPGKGL EWMGII YPGDSDTRYSPSFQG QVTISV DKSIN TAYLQWSS LKASDT AIYYCARL KQPAAGT YYYYGMDV WGQG TTVTVS S
IGHV5-51*01,GE SLKISC QGSGYT F N T YWIAW VRQ MPGKGL EWMGII YPGDPDIGYSPSFQG QVTFS ADKS ISTAYLQLSS LKASDTG MYYCARL RDN VVVP GPNGD VW GQ GTLVTVS S
IGHV5-10-1*01,GE SLKISC KGSGYS FTSYWISWVRQ MPGKGL EWMGR IDPSDSYTNYSPSFQG HVTIS ADKS ISTAYLQWS SLKASDT AMYYCAR EGGDSSGWHPGWFDYWGQGP LVTV SS
IGHV5-51*01,ES LKISC QGSGY SFANYWIGWMRQ MPGKGL EWMGII FPGDSGTRYSPSFQG QVTIS ADKS ISTAYLQW SSLKASD TAMYYCA KHPS CYVR ESRDPR CYYF DSWGQG TLVTVS S
IGHV5-51*01,GA FLKTSC KTSG YTFTCHWNAWVR PIPGKG LEWMGTI YPGDSDTRSSPSFEG HVTISA D YSITTTYLQWSS LKASDT AMYFCA RPEMYSGYENWGQG TLVTVS S
IGHV5-51*01,GE SLTLSCR ASG FIF TD YWIGWVRQ TPETG LEWVGIIF PDDSDARYRPAFEG HVTMSVER STST AYLQWSS LKASDSA TFYCTRLIW GSNT CYA DQWGQG TLVTVS S
IGHV5-51*01,GE SLKISC KGSGYS FTSYWIGWVRQ MPGKGL EWMGII YPGDSDTRYSPSFQG QVTIS ADKS ISTAYLQWS SLKASDT AMYYCAR LGDS YGYVHFDY WGQG TLVTVS S
IGHV5-51*01,GE SLMISC KGSGYS FTSYWIGWVRQ MPGKGL EWMGII YPGDSDTRYSPSFQG QVTIS ADKS ISTAYLQWSS LKASDT AMYYCAR RDDSSGY YW GSPRENWFDPWGQG TLVTV SS
IGHV5-51*01,GE SLKISC KGSG YIF S SYWIVWVRQ MPGKGL EWMGIIY PSDSDARYSPSFQG QVTISV DKSI STAYLQWS SLKASDT AIYYCARR YGSGSLG MDVW GQG TTVTVS S
IGHV5-51*01,ES LKISCQ ASGYN FTIYWIAWVR QMPGKGLD WMGVI FPNDSE VRY SPSFQG QVTISA DKSTS TAYLQWSS LKAPDT AMYFCARL RSGGL FDY WGQG TLVTVS S
IGHV5-51*01,GE SLKISC KGSGYS FTSYWIGWVRQ MPGKGL EWMGII YPGDSDTRYSPSFQG QVTIS ADKS ISTAYLQWS SLKASDT AMYYCA RQSQ LFY STDA FDI WGQG TMVTV SS
IGHV5-51*01,GE SLKISC KGSGYS FTSYWIGWVRQ MPGKGL EWMGII YPGDSDTRYSPSFQG QVTIS ADKS ISTAYLQWSS LKASDT AMYYCACRV GSGS YWYFDL WGRG TLVTVS S
IGHV5-51*01,GE SLKISC KGSGYS FTSYWIGWVRQ MPGKGL EWMGII YPGDSDTRYSPSFQG QVTIS ADKS ISTAYLQWS SLKASDT AMYYCAS RAAGTDWFDPWGQG TLVTVS S
IGHV5-51*01,GE SLKISC KGSGYS FTSYWIGWVRQ MPGKGL EWMGII YPGDSDTRYSPSFQG QVTIS ADKSF STAYLQWS SLKASDT AMYYCAR RRYSSSWPY YYYGMDV WGQG TTVTVS S
IGHV5-51*01,GE SLKISCE ASGYS F T RHWIAWVRQ IPGKGL EWMGTI YPGDSDTRYSPSFEG QVTIS ADKS ISTAYLQWS SLKASDT AIYYCA RPE I YSGYENWGQG TLVTV SS
IGHV5-51*01,GE SLKISC KGSGYS FTNYWIGWVRQ MPGKGL ECMGII YPDDSDIRSSPSFEG QVTMS ADKS ISTAYLQWS SLKASD TA MYYCAR IGGSYTEG FF DYWGRG TLVTVS S
IGHV5-51*01,KL SC QGSGY SF TSS W IGWVR QMPGKGL EWMGII YPGDSDTRSSPSF QGQVTIS ADKS ISTAYLQWS SLKASDT AMYYCAR HRTPHSG WYIYEINY WGQG TRVTVS S
IGHV5-51*01,GE SLKISC KGSGYS FTSYWIGWVRQ MPGKGL EWMGII YPGDSDTRYSPTFQG QVTIS ADKSI NTAYLQW SGLKASDT AVYYCAR HDALGG WFFDL WGRG TLVTV SS
IGHV5-51*01,GEP LTISCQ GSGYNFP TKW IAW VRQ MPGTGL EWIGII HPGASDI RY SPSFQG QVTIS ADKS ISTAYLQWS SLKASDT AMYYCA RSGES WVEGEIW GQG TLVTV S
IGHV5-51*01,ES LKISCQ ASGYTF SDYWIAWVRQ MPGKGL EWMGII YPGDSDTRYSPSFQG QVTIS ADKS ISTAYVN WSR LKASDT AMYYCVRL GTLGVPGERTNYG MDV WGQG TTVTVS S
IGHV5-51*01,GG SLKIP CQGSGYS F T NY WIGWVR QMPGKG LAWMGII YPGDSDTRYNPSFQGP VTISV DNS IRTAYLQWSTV KASDT AMYYWA RGN IFWT GYYP YYLKYW GQG TLVTV SS
IGHV5-51*01,GE SLKISC QGSGYS F TN SWIGWVRQ MPGKGL EWMGII YPGDSDTRYSPSFQG QVTIS ADKS ISTAYLQWS SLKASDT AMYYCA RSRS KILATTMLE DWGQG TLVTV SS
IGHV5-10-1*01,GA SLKISS KGSGY TFTRFWIIWVR QMPGKGL EWMGMI DPSDSYTKYRPSFQG HVTIS ADKS ISTAYLQWS SLKASDT AMYYCA RQSPHYYNSGS YYVHHY GMDVWGQG TTVTVS S
IGHV5-51*01,GPPLKSSGKGSGY SFTSYWIGWVRQ MPGKGL EWMGII YPGDSDTRYSPSFQG QVTIS ADKS ISTAYLQWSS LKASDT AMYYCAR MPPPDFWSG YYYYYGMDV WGQG TTVTVS S
IGHV5-51*01,GE SLKISC KGSGYS FTSYWIGWVRQ MPGKGL EWMGII YPGDSDTRYSPSFQG QVTIS ADKS ISTAYLQWS SLKASD TAMY Y CARL SGWAD YYY G MD VWGQGT TVTV SS
IGHV5-10-1*01,GAC LK NSCNGAGY SFTRYWVSWVR PIPGKG LEWMGRI DPSDSYTNYSPSFQG HVTIS ADKS ISTAYLQWS SLKASDT A MYYCARLV GGW V DN YYYYGMDV WGQG TTVTVS S
IGHV5-51*01,GE SLKISC KGSGYS FTSYW IGWVRH IPGKGL EWMGII YPGDSDTRYSPSFQG QVTIS ADKA ISTAYLQWS SLKASD AAM YYC ARRS VYYY GSGSYYPGA FDI WGQGT M G TV SS
IGHV5-51*01,GG SLKISC KGSGYS FTSYWIGWVRQ MPGKGL EWMGII YPGDSDTRYSPSFQG QVTIS ADKS ISTAYLQWS SLKASDT AMYYCA RHGS YYYFGI GPYYYG MDV WGQGT TVTVS S
IGHV5-51*01,GE SLKISC QGSGYNFPT K WIAWVR QMPGKGL EWIGNI HPGASD IRY SPSFQG QVTIS ADKS ISTAYLQWS SLKASDT AMYYCA RSGES WVEGEIW GQG TLVTVS S
IGHV5-51*01,GE SLKISC KGSGYS FTSYWIGWVRQ MPGKGL EWMGII YPGDSDTRYSPSFQG QVTIS ADKS ISTAYLQWS SLKASDT AMYYCA RQ KFLY SGS YYYYYG MDGWGQ ATTVTVS S
IGHV5-51*01,GE SLKISCKA SGYSFTNN WIGWVRQ MPGKGL EWMGII NPSDSET RY SPSFQG QVTIS ADRS ISTAYLQWS SLKASDT AMYYCA TQGCT SISCYTV DSWGQ GTLVTVS S
IGHV5-51*01,GE ALTISCK GSGDTFSKN WIGWVRQ MPGTGL EWMGIIY PADSDTRYSPSFR GQVTISA DRSTS TAYLQWSS LKASDT AMYYCA RGVPG IAFDV WGQG TMVTV S
IGHV5-51*01,GE SLKISC KGSGYSSS TFWIGWVRQ MPGKGL EWMGIIYLG DSDTKYSPSFQG QVTISA DRSTS TAYLQWSS LRASDT AMYYCVRR RGH Y CSGGL CHTLDY WGQG TQVTVS S
IGHV5-51*01,GE SLKISC KGSG YSFSTWLFGWVRQ RPRKG LVWMGII HPADSDTKYNPTLQG QVTIS ADKSI S TA YLQLI NLKAS DTAIYYWARH LRYSKS WFYYYGVDV WGQGT TVTVS S
IGHV5-51*01,ES LKISC QGSGYN FASDWIAWVRQ MPGKGL EWMGII YPDDSDTRYSPSFQG QVTIS ADKS ISTAYLQWSS LKASDT ATYYCARW APYCSSTNC Y LGDY SFAMVVW GQGT TVTVS S
IGHV5-51*01,S LKISC EGSGYN FTNYWIGWVRQ MPGRGL EWMGII YPGDSETRYSPSFQG QVTIS TDKSFS TAYLQW SSLKA SDTAMYYCARL GPD VVLV PA VLQY FNWFDPWGQG TLVTVS S
IGHV5-51*01,GE SLKISC KGSGYS FTSYWIGWVRQ MPGKGL EWMGII YPGDSDTRYSPSFQG QVTIS ADKS ISTAYLQWS SLKASDT AMYYCARLSYY YGSGS YYLYGMDV WGQG TTVTVS S
IGHV5-51*01,GG SLKISC KGYGYS FTSYWI GWVR QMPGKGL EWMGII YPGDSDTRYSPSFQG QVTIS ADKS ISTAYLQWSS LKASDT AMYYCA RPYSSGFPY VQH WGQG TLVTV SS
IGHV5-51*01,GA SLKISCK GSGNSFSP YWIGWVR PMPGKGL EWLGTI YPGDSDTRYSPSFRG QVTLS ADKS ISTAFLQWTSL KASDTA TYYCA TSNYFASG TCY DDWGQG TQVTV S
IGHV5-51*01,GE SLKISCKA FGY QFTSYWIGWVR QQPGQG LEWMGIIY PGDSDTRNSPS FRGQVTIS ADTS ISTAYLQWS SLKASDT AIYYCVRH DLDNDY YGMDV WGQG TTVTVS S
IGHV5-51*01,GE SLKISC KGSGSS LASDWIGWVRQ MPGTGLE WMGIIYLS DSDTKYSPSFQG QVTIS ADKS ISTAYLQWSR LKASDT AMYYCA RGAA GVYFYGMDV WGQG TTVTVS S
IGHV5-51*01,GA SLKITC KGSGYS FTSYWIGWVRQ MPGKGL EWMGII YPGDSDTRYSPSFQG QVTIS ADKS ISTAYLQWS SLKAS DTAMYYCARQLWS SGWDD AF DI WGQG TMVTV SS
IGHV5-51*01,GA SLKISC KGSGY SFTSYWIGWVR PIPGKG LEWMGII YPGDSDTRYSPSFQG QVTIS ADKS ISTAYLQWS SLKASDT AMYYCARHLT YSSSWPT F DYWGQG TLVTV SS
IGHV5-51*01,ES LKISC KGSGY SFTSYWIGWVRQ MPGKGL EWMGII YPGDSDTRYSPSFQG QVTIS ADKS ISTAYLQW SSLKAS DTAMYYCARRMATI F SPGTA WYGMDV WGQG TTVTVS S
IGHV5-51*01,GE SLKISC RGSGYS FTNYWIGWVRQ MPGKGL EWMGFI YPGDSDTRYSPSFQG HVTIS ADKS ISTAYLQW SSLKASD SAMYYCAR VGI EMVTIDY YGM D VWGQG TTVTVS S
IGHV5-51*01,GE SLKISC KGSGNT FSSSWINWVRQ MPGKGLE WMGIIYL GDSDTRYSPSFQG QVTIS ADMS IS TA YLQ WD SLKASDT AMYFCA RGGY GDSLALLHK FGMD V WGQGT TVTV SS
IGHV5-51*01,GE SLKISCR ASG YAFIAYWIGWVR QRPGKGL EWMGII YPGDSESKTSPSFQG QVTLSA DKSAS TAYLQWN SLKAPDTG MYYCARL GPDSSG YSEYFQHWGRA L WSPSPQ
IGHV5-10-1*01,GE SLKISC KGSGYS FTSYWISWVRQ MPGKGL EWMGR IDPSDSYTNYSPSFQG HVTIS ADKS ISTAYLQWS SLKASDT A MYYCARQVTIF GE Q YGM DVW GQGT TVTV SS
IGHV5-51*01,GA SLKISC KGSGYS FTSYWIGWVRQ MPGKGL EWMGII YPGDSDTRYSPSFQG QVTIS ADKS ISTAYLQWS SLKASDT AMYYCARRRYY DSSGSPG YYYYGMDV WGQG TTVTVS S
IGHV5-10-1*01,E VQLVQ SGA EVK KPGE SLRISCQ GSGYDFT NYYITWVRQ VPGKG LEWMVKI DPKDSYYHNYSPSFQG HVTVS TDKSIN TAFLQW NSMQASDT AIYYC A RHGYSGHDS LYD YWGQG TLVTV SS
IGHV5-51*01,GE SLKISCK ASGNS FIRYWIGWVR QKPGKGPE LMGMI YPSDSDTRYSPSFQG QVSIS ADKS ITTAYLQWS SLKASDT AIYYCAR SSSRGANPFD VW GQG TMVSV SS
IGHV5-51*01,GE SLKISC KGSG FTFT SN WIGWVRQ MPGKGL EWMGII YPGDSNSRYSPSFQG RVTIS ADKS ISTVYLQWN SLRASDT AIYYCARL NSWGQG TLVTVS S
IGHV5-51*01,GA CLKIS G KV SGYSFS HSWIGWVRQI SGKGL EWMGII YPGDSDTRYSPSFQG QVAISV DKSIS TAYLQWISL KASDT A MYYCATLF CSS LCLV PHAFDRWGQG TMVIV SS
IGHV5-51*01,GG SLKISC KGSGYS FTSYWIGWVRQ MPGKGL EWMVIIY PGDSDTRFSPSFQG QVTIS ADKS ISTAYLQWS SLKASD TAMYYCARHLWFRE LCAFDI WGQG TMVTVS S
IGHV5-10-1*01,E VQLVQ SGA EVK KPGE SLRISCQ GSGYDFT NYYITWVRQ VPGKG LEWMVKI DPKDSYYHNYSPSFQG HVTVS TDKSIN TAFLQW NSLQASDT AIYYCVR HGYSGHDS LYD YWGQG TLVTV SS
IGHV5-10-1*01,K VFC KGSGYS FTSYWISWVRQ MPGKGL EWMGR IDPSDSYTNYSPSFQG HVTIS ADKS ISTAYLQWS SLKASDT AMYYCARL DDSSGY GTYYFDY WGQG TLVTVS S
IGHV5-51*01,GE SLKISC KGSGYSFNS YWMGWVR QMPGKGL EWMGTI YPGDSY TRY SPSFQG QVTIS ADKS ISTAYLQWS SLKASDT AMYYCAR KDSSFKYGS AKYYHY G MDV WGQG TTVTVS S
IGHV5-51*01,GE SLKISC KGPR YIF N TYWIGWVRQ MPGKGL EWMGIF RPADSDTRYGPS FRGQVTMS ADTSTS TAYLQWNSVK ASDT AMYYCA SRKDMVGAPFDDWGQG TLVTV SS
IGHV5-51*01,GE SLKISCK GSGNS FT TYWIGWVR QMPGKG LEWMGVI YPGDSDT RYSLSF QG QVTIS ADKS ISTAYLQWS SLKASDT AMYYCARLK TGGDYG YEYYGMDV WGQG TTVTVS S
IGHV5-51*01,GE SLNISC KGSGYS FTSYWIGWVRQ MPGKGL EWMGII YPGDSDTRYSPSFQG QVTIS ADKS ISTAYLQWS SLKASDT A MYYCAR MNGRDLRFPADLGMD V WGQGT TVTVS S
IGHV5-51*01,GE SLKISC KGSGYS FTSYWIGWVRQ MPGKGL EWMGII YPGDSDTRYSPSFQG QVTIS ADKS ISTAYLQWS SLKASDT AMYYCAR HEGE LLAW GQG TLVTV SS
IGHV5-51*01,GE SLKISCK GSGNS VTTYWIGWVR PMPGKG LEWMGVI YPGDSDTRYSPSFQG QVTIS ADKS ISTAYLQWS SLKASDT AMYYCARLK TGGDYG YEYYGMDV WGQG TTVTVS S
IGHV5-10-1*01,GE SLKISC KGSGYS FTSYWISWVRQ MPGKGL EWMGR IDPSDSYTNYSPYFQG HVTIS ADKS ISTAYLQWS SLKASDT A MYYCARLTV DTG IHFDY WGQG TLVTV SS
IGHV5-51*01,GE SLKISC EGSG YTV DN YWIGWVR PMPGKG LEWMGVI YPGDSDTRYSPSFQG QVTISV DTSIS TAYLQWTSL RASDT AMYYCART INDFW SGYYPYSFDHWGQG ALVTVT S
IGHV5-51*01,GE SLKISC KGSGYS FTSYWIGWVRQ MPGKGL EWMGII YPGDSDTRYSPSFQG QVTIS ADKS ISTAYLQWS SLKASDT AMYYCAR HRAGRT QTFEYYD FWSAI KGQENYG MDV WGQGT TVTVS S
IGHV5-51*01,GA SLKISCK ASGYS F T N YWIGWVRQ LPGKGL EFMGVIFLD DSDTKYSPSFQG QVTIS ADKS ISTAYLQWRS LKASDS AMYYC ASNNPQLSD VRE YGM DVW GHGT TVTVS S
IGHV5-10-1*03,E VQLVQ SGA EVK KPGE SLTISCQV SGYNF LNYWITWVRQ VPGKGPEWMGRLDPSDSY TTY SPAFEG HVTIS ADKSIN TAYVKW G SL KSSDSG IYFCARRLCT MGSCGFDSWGQG TLVTVS S
IGHV5-10-1*01,GE SLKISC KGSGYS FTSYWISWVRQ MPGKGL EWMGR IDPSDSYTNYSPSFQG HVTIS ADKS ISTAYLQW SSLKAS DTAMYYCARLESIF G VV GGM D VWGQGT TVTV SS
IGHV5-51*01,GE SLKISCQ TSGFD FTAYWIAWVRQ MPGKGL EWMGIIY PRDSDI RY SPSFQG QVTIS ADKS ISTAFLQLHRL RASDS AMYFCA RNSPL TVF PF HV LDQ WVFDF WGQGS LVTV SS
IGHV5-51*01,E VQLVQ SGA EVK KPGE SLKISC KGSGYNFKN YWIGWVRQ MPGKGL EWMAIIY PTDSETKYSPSFQG HVTIS ADRS VSTAYLHW SSLEASDT AIYYCARQ LRGFQGSD WYYYYYMDV WGQG TTVTVS S
IGHV5-10-1*01,GE SLKISCKA TG YLFTTYWISWVRL TPEKGL EWMGRI DPHDS YTMY CPSFEG LVTFSV DKSAN TVSLQWGRLE ASDS AIYYCARA EGRG VYQHF G MDV WGKG TTVTVS S
IGHV5-51*01,GE SLKISCKV SGY TFTNYCIAWVRQ VPGKGL EYLGIIY PDDSDTSDSPS FQGQVTIS ADKSID TAFLQWSS LRASDT AIYYCAR TTSGPWNWFDHWGQG TLVTV SS
IGHV5-51*01,GE ALTLSC KGSGYS FTSYWIGWVRQ MPGTGL EWMGII YPGDSNTRYSPSFQG QVTIS ADKS ISTAYLQWS SLKASD TAMYYCARAVWS G Y FRGFDPWGQG TLVTVS S
IGHV5-51*01,GE SLKISC RGSGY AF TNN WIGWVRQ MPGKGL EWVGIIRL SDSDTRYSPSFQG QVTMS ADKS ISTAYLQWSS LRASDS AMYYCAYR KDMVGAPFDYWGQG ALVTV SS
IGHV5-51*01,GE SLKISC KGSGYDFND YWIGWVRQ MPGKGL EWMGII YPDDSDI RY RPSFQG QVSVSV DKSTR TAYLQWSS LKASDS AIYYCARFVE YPGG YFDFW GQG TLVTV SS
IGHV5-51*01,GG SLKLSC KGSGYG FSNFWLAWVRQ MPGKGL EWMGTI YPGDSDTRYSPSFRG QVTIS ADKS ISAAYLQWSA LKASDT AIYYCATATV DDRGA FDIW GQG TMVTV SS
IGHV6-1*01,QT LSLTFAIS GDS VS STSSS WHWIR QSPSRGL EWL GG TYYR SK W YTDY AVSVRSRMTIN TDTSKN QVSLHLN SVTPEDT AVYFCA RA SIVIV PGPLGLGPWG YKY NG MEVW GPGT TVTVS S
IGHV6-1*01,SQ TLSLTCAI SGD TVSS TSSSWPW IR QSPSRGL EW LGG TYYR SK WY TDY AVSVRSRMTIN TDTSKN QVSLHL NSVTPEDT AVYFCA RA SIVIV PGPLGLGPWG YKY NG MEVW GPGT TVTVS S
IGHV6-1*01,SQ TLSLTCAV SGDSVSSN SAACHWIR QSPSRGL QWLGRAYYR SKW YT EYAPS V R GRLTI NPDTSKN QFSLQL NSVTPEDT ALYYCAIS SGGQ WDFDLW GPGS LVTV AS
IGHV6-1*01,SQP LSLTCAI SGD TVS SSRSS WHWIR QSPSRGL EWL GG TYY RS KWYIDYAVSVKSRITI NPDTSKN QVSLQLKS VTPEET AVYFCA R ATIAVV PGPLGLGPWG YKY NG MEVW GPGT TVTVS S
IGHV6-1*01,H VQLRQ SGPGLVKPSQ TLSLTCDISEVIVS SNSA CWVWIRQ SPSRGL QWL G RTYYR SKWFNDY AVSVKSRIIIKS DTSKN QFSLHL NSVTPEDT AMYYCA KENYYSGDACDMWGQG TMVTVS S
IGHV6-1*01,SQ TLALTCAI SGDSVSS NSAAWNLIRQ SPSRGL EWL GT TYYR SKWYNDYA LSVKSRIII NPDTSKN QFSLQLKS VTPEDT AVYYC ARTP IVVV PGI LG LGPWG YRY NG LDVW GQGT KVTVS S
IGHV6-1*01,SQ TLSVSCAI SGDSVSSN SAAWNWIRQ SPSRGL EWL G TTYYR S K WYNDY AVSVKSRIII NPDTSKN QFSLQLKS VTPEDT AVYYC ARTP IVVV PGI LGL GPWG YRY NG LDVW GQG TTVTVS S
IGHV6-1*01,T LSLTCAIS GD SVS SSSGS WHWIR QSPSRGL EWL GG TYYR S K WYTDY AVSVKSRITI NPDTSKN QVSLHLN SVSPEDT AVYYCA RA SIVVV PGPLGLGPWG YKY NG MDV WGPGT TVTVS S
IGHV6-1*01,SQ TLSLTCAI SGD TVSS TRSS WHWIR QSPSRGL EWL GG TYYR SK WY TDY AVSVKSRMTIN TDTSKN QVSLHL NSVTPEDT AVYFCA RA SIVIV PGPLGLGPWG YKY NG MEVW GPGT TVTVS S
IGHV6-1*01,LSLP CTIS GSSVSS TSAAWNWIRQ SPSRGL EWL G TTYYR SKWYNDY AVSVKSRIII NPDTSKN QFSLQLKS VTPEDT AVYYC ARTP IVVV PGI LG LGPWG YH YNG LDVW GQG TTVTVS S
IGHV6-1*01,QT LSLTCAI SGDSVSSN SAAWNWIRQ SPSRGL EWL GG TYYR SK W YTDY AVSVRSRITI NPDTSKN QFSLHL NSVTPEDT AVYYC AGA SIVVV PGPLGLGPWG YKY NGM GVW GPGT TVTVS S
IGHV6-1*01,QPI SFTSAISVDS VSSNSA SWHCIMQ SPSRG LAWLGTTYYR SKWYNDY AVSVKSRIII NPDTSKN QFSLQLKS VTPEDT AVYYC ARTP IVVV PGI LGL GPWG YRY NG LDVW GQG TTVTVS S
IGHV6-1*01,QT LSLTCAV SGD TVSS TTAS WNWIR QSPSRGL EWL GG TYFRS RWSTDY AVSVKSRITI NPDTSKN QFSLQLN SVTPEDT AVYYCARASITIV PGPLGLGPWG YKC KG MDV WGQG TTVTVS S
IGHV6-1*01,SQ TLSLTCAI SGD TVSS TSSS WHWIR QSPSRGL EWL GG TYYR SK WY TDY AVSVRSRMTIN TDTSKN QVSLHL NSVTPEDT AVYFCA RA SIVIV PGPLGLGPCG YKY NG MEVW GPGT TVTVS S
IGHV6-1*01,T LSLTCDI SGDSMSG TSAAWNWIRQ SPSRG LEWL G RAQYRSQLLIDYAES VKG RATI NPDTSRN QFSLQLKS VTPEDT AVYYCA RGVRGAEGN Y FDSWSQG ALVTV SS
IGHV6-1*01,SQ TLSLTCAI SGD TVS SSSGS WHWIR QSPSRGL EWL GG TYYR S K WYTDY AVSVKSRITI NPDTSKN QFSLQLHS VTPEDT AVYFCARASITVV PGPLGLGPWG YKF KG MDV WGQG TTVTVS S
IGHV6-1*01,SQ TLSLTFAI SGDSVSS NSAAWNWLRQ SPSRGL EWL GT TYYR SKWYNDY AVSVKSRIII NPDTSKN QFSLQLKS VTPEDT AVYYC ARTP IVVV PGI LG LGPWG YRY NG LDVW GQG TTVTVS S
IGHV6-1*01,QSPS LTCSISW DSFSSSRSS WHLL RQSPSIG LEWLGVTYYR SKWYTDY SVSVRSRITI NPDTSKN QFSLHLN SVTPEDT AVYYC AGA SIVVV PGPLGLGPWG YKY NGM GVW GPGT TVTVS S
IGHV6-1*01,SQ TLSLTCAI SGDS VS SSSSS WHWIR QSPSRGL EWL GG TYYR S K WYTDY AVSVRSRITI NPDTSKN QFSLHL NSVTPEDT AVYYC AGA TIVVVS GPLGLGPWG YKY NGM GVW GPGT TVTVS S
IGHV6-1*01,SQ TLSLTCAI SGDSVSSN SAAWNWIRQ SPSRGL EWL GR TYFR SKWYSDY AVSVKGRITIN SDTSKN QFSLQLSS VTPEDT AVYYC ART SIVVV PGPLGLGA WGY NYHGM GVW GQG TTVIVS S
IGHV6-1*01,T LSLTCAI SGDSVSSN SAAWNWIRQ SPSRGL EWL GT TYYR SKWYNDY AVSVKSRIII NPDTSKN QFSLQLKS VTPEDT AVYYC ARTP IVVV PGI LG LGPWG YRY NG LDVW GQG TTVTVS S
IGHV6-1*01,QT LSLTFAIS WDSVSSN SAAWNLLRQ SPSRGL EWL GT TYYR SKWYNDY AVSVKSRIII NPDTSKN QFSLQLKS VTPEDT AVYYC ARTP IVVV PGI LG LGPWG YRY NG LDVW GQG TTVTVS S
IGHV6-1*01,SQ TLSLTCAI SGDS VS SSSSS WHWIR QSPSRGL EWL GG TYYR S KW YTDYAVP VIRRIAI NPDTSKN QVSLHL NSVTPEDT AVYFCA RA SIVIV PGPLGLGPWG YKY NG MEVW GPGT TVTVS S
IGHV6-1*01,QT LSLTCAI SGDS VS SNSGG WHWIR QSPSRGL EWL GGTNYRSK WY TDY AVSVKSRITI NPDTSKN QFSLQLN SVT PEDA AVYYC ARA SIVIV PGPLGLGPWG YTY NG MDV WGPGT TVTVS S
IGHV6-1*01,SQ TLSLTCAI SGD TVSS ASSS WHWIR QSPSRGL EWL GG TYYR SK WY TDY AVSVKSRMTIN TDTSKN QVSLHL NSVTPEDT AVYFCA RA SIVIV PGPLGLGPW GYRY NG MEVW GPGT TVTVS S
IGHV6-1*01,SQ TLSLTCAI SGDSVS TNRVAWNLLR QSPSRGL EWL G RTLYR SEWRHDY ALSVKSRISI NPDTSKN QFSLQL NSVTPEDT AVYFC AGGT WHFGL DSWGQGTP VAV SS
IGHV6-1*01,SH TLSLTCAI SGDS VS SSSSS WHWIR QSPSRGL EWL GG TYYRSK WYNDY AVSVKSRIII NPDTSKN QFSLQLKS VTPEDT AVYYC ARTP IVVV PGI LGL GPWG YRY NG LDVW GQG TTVTVS S
IGHV6-1*01,SQ TLSLTCAI SGDSVSSN SAAWNWIRQ SPSRGL EWL GR TYYR SKWYNDY AVSV N SRITI NPDTSKN QFSLQL NSVTPEDT AVYYC ARD QVMQQQLVRRY YYYY GMDVWGQG TTVTVS S
IGHV6-1*01,SH TLSLTCAI SGDS VS SSSAG WHWIR QSPSRGL EWL GG TYYR S K WYTDY AVSVKSRITI NPDTSKN QVSLHL NSVTPEDT AVYYCA RA SIVIV PGPLGLGPWG YKY NG MEVW GPGT TVTVS S
IGHV6-1*01,QV QLQQ SGPGLVKPSQ TLSLTCAI SGDT VS SN SAAWNWIR QSPSRGL EWL GR TYYR SKWYNDY AVSVRSRINI KPDTSKN QFSLQL NSVTPEDT AVYYCA RGDSSNY LGSLEYW GQG VLVTV AS
IGHV6-1*01,QT LSLTCAI SGDSVSRNTAA WN WTRQSPSRGL EWL G RTYYR SKWYNDY AVSVKSRITI NPDTSKN QFSLQLN SVTPEDT AVYYC ARGWTNFDYWGQG TLVTV SS
IGHV6-1*01,SQ TLSLTCAI SGDT VSS TTA SW NWIR QSPSRGL EWL GG TYFRSR WSTDYAAS VKSRITI NPDTSKN QFSLQLKS VTPEDT AVYYCARASITIV PGPLGLGPWG YKF KG MDV WGQG TTVTVS S
IGHV6-1*01,QT LSLTCAI SGDSVS RNTAAWNWIRQ SPSRGL EWL G RTYYR SKWYNDY AVSVKSRITI NPDTSKN QFSLQLN SVTPEDT AVYYC ARGWTNFDYWGQG TLVTV SS
IGHV6-1*01,SQ TLSLTYAI SGDSYSSN SAAWNWLRQ SPSRGL EWL G RTYYR SKWYNDY AVSVKSRITI NPDTSKN QFSLQL NSVTPEDT AVYYCA RGGRG LRYFDW LPGGW F DPWGQG TLVTV SS
IGHV6-1*01,QNPSLTSAISGDT L SSSSSSW HS L RQSPSRGL EW LGG TYY RS KWYIDYAVSVKSRITI NPDTSKN QVSLQLKS VTPEET AVYFCA R ATIAVV PGPLGLGPWG YKY NG MEVW GPGT TVTVS S
IGHV6-1*01,SE TLSLTCAI SGD TVSS TSSS WHWIR QSPSRGL EWL GG TYYR SK WY TDY AVSVKSRMTIN TDTSKN QVSLHLN SVTPGDT AVYFCA R ASIVIV PGPLGLGS WGYKY QGMEGWGPGT TVTVA S
IGHV6-1*01,SQ TLSLTCAI SGDS VS SSSSS WHWIR QSPSRGL EWL GG TYYR S K WYTDY AVSVRSRITI NPDTSKN QFSLKLSS VTAADT AVYYCARFL DSSGYHNWGQG TLVTVS S
IGHV6-1*01,SQ TLSLTCAI SGDSVSSD SAAWNWIRQ SPSRGL EWLGWTYYR SKCNDY AISVKSRITI NPDTSKN QFSLQLN SVTPEDT AVYYCA RAP IYC SGDSCN WF DPWGQG TLVTV SS
IGHV6-1*01,T LSLTFAI SGDSVSSN SAAWNWIRQ SPSRGL EWL GT TYYR SKWYNDY AVSVKSRIII NPDTSKN QFSLQLKS VTPEDT AVYYC ARTP IVVV PGI LG LGPWG YRY NG LDVW GQG TTVTVS S
IGHV6-1*01,SQ TLSLTCAI SGDS VS SSSSS WHWIR QSPSRGL EWL GG TYYR S K WYTDY AVSVRSRITI NPDTSKN QFSLHL NSVTPEDT AVYYC AGA SIVVV PGPLGLGPWG YKY NGM GVW GPGT TVTVY S
IGHV6-1*01,TR SLTCAIS GDS VS SSSSS WHWIR QSPSRGL EWL GG TYYR S K WYTDY AVSVRSRITI NPDTSKN QFSLHL NSVTPEDT AVYYC AGA SIVVV PGPLGLGPWG YKY NGM GVW GPGT TVTVS S
IGHV6-1*01,QP ISLTCAISV DSVSSN SAAWNCIR QSPSRGL EWL G RTYYR SKWYNDY AVSVKSRITI NPDTSKN QFSLQLN SVTP EDT AVYYC ARD LGLR YF DWFSQP YYFDY WGQG TLVTVS S
IGHV6-1*01,SQ TLSLTCAI SGDSVSSN SAAWNWIRQ SPSRGL EWL GT TYYR S K WYNDY AVSVKSRIII NPDTSKN QFSLQLKS VTPEDT AVYYC ARTP IVVV PGI LG LGPWG YRY NG LDVW GQGN TVTVS S
IGHV6-1*01,SQ TLSLTCAI SGDSVSSN SAAWNWIRQ SPSRGL EWL G TTYYR S K WYNDY AVSVKSRIII NPDTSKN QFSLQLKS VTPEDT AVYYC AR TTIVVV PG ILGL GPGG YRYTGLDV WGQG TTVTVS S
IGHV6-1*01,QV QLQQ SGPGLVKPSQ TLSLTCAI SGDSVSSN SAAWNWIR QSPSRGL EWL G RTYYR SKWYHD YEVSVKSRITI NPDTSKN QFSLQLN SVTPEDT AVYYCAVS RTHSG TYYAVDY WGQG TLVTVS S
IGHV6-1*01,SQ TLSLTCVIS GDSVSSNSA TWNLI SPSPSRGL EW LGR TYYRSSCSF DSSSSM KSRITVT PHTPEN QFSLQLSS VTPEDT ALYYCA RSSG WYKF DSWGQG TLVTVS S
IGHV6-1*01,SQ TLSLTCAI SGASVSSN SAAWNWIRQ SPSRGL EWL GR TYY RSK WYIDYAVSVKSRISI NPDTSKN QVSLQLSS VTPEDT AVYYCA RT SIVV RPGV LGL GPWGYDDRGM DVW GQG TAVTV SS
IGHV6-1*01,SQ TLSLTCAI SGDSVSSN SAAWNWIRQ SPSRGL EWL GT TYYR S K WYNDY AVSVKSRIII NPDTSKN QFSLQLKS VTPEDT AVYYC ARTP IVVV PGI LG LGPWG YRY NG LDVW GQGTTG TV AS
IGHV6-1*01,SH TLSLTCAI SGDSVSSN SAAWNWIRQ SPSRGL EWL G RTYYR SKWYNDY AVSVKSRITI NPDTSKN QFSLQLN SVTPEDT AVYYCARV RKWPEEY YFDY WGQG TLVTV SS
IGHV6-1*01,SQ TLSLTCAI SGDSVSSN SAAWNWIRQ SPSRGL EWL G RTYYR SKWYNDY AVSVKSRITI NPDTSKN QFSLQL NSVTPEDT AVYYCA RDRD YYY DSSGY YRL GAD AFDI WGQG TMVTVS S
IGHV6-1*01,LSLP FSLSF SPFSSTSSS WHWIR QSPSRGL EWL GG TYYR SK W YTDY AVSVRSRMTIN TDTSKN QVSLHLN SVTPEDT AVYFCA RA SIVIV PGPLGLGPWG YKY NG MEVW GPGT TVTVS S
IGHV6-1*01,SQTPS LTCA IPGDS V SSSSSS WHWT RQSPSRGL EWL GG KYYR S KWY TDY AVSVRSRITI NPDTSKN QFSLHL NSVTPEDT AVYYC AGA SIVVV PGPLGLGPWG YKY NGMG V WGP WTTITVS S
IGHV6-1*01,L SLTCAVS GD TVS STTAS WNWIR QSPSRGL EWL GG TFFR SQWSTDY AVSVKSRVTI NPDTSKN RFSLQLN SVTPEDT AVYYCARASITIV PGPLGLGPWG YKF KG MDV WGQG TTVTVS S
IGHV6-1*01,QIR SLTRAISW DSVSSSSSS WHW L R QSPARGL EWL GG TYYR SK W YTDY AVSVRSRITI NPDTSKN QFSLHL NSVTPEDT AVYYC AGA SIVVV PGPLGLGPWG YKY NG MDV WGQG TTVTVS S
IGHV6-1*01,SHTLSPT CAI SGDS VS SSSSS WHWIR QSPSRGL EWL GE TYYR SKWYTDY AVSVRSRITI NPDTSKN QFSLHL NSVTPEDT AVYYC AGA SIVVV PGPLGLGPWG YKY NGM GVW GPGT TVTVS S
IGHV6-1*01,L SLTCAIS GDSVSSN SAAWNWIRQ SPSRGL EWL G RTYYR SKWYNDY AVSVKSRITI NPDTSKN QFSLQLN SVTPEDT AVYYCA RDRD YYY DSSGY YRL GAD AFDI WGQG TMVTVS S
IGHV6-1*01,QTLS RTCAI SGDS V SSSSSS WHWIR QSPS RVLEW LGGT YYR ST WYTAYAVSVRSRITI NPDTSKN QFSLHL NSVTPEDT AVYYC AGA SIVVV PGPLGLGR WGYKY NGM GVW GPGT TVTVS S
IGHV6-1*01,HSRSLP LAI SGDSLPSN SAAWTLLR QSPSRGL EWLGTTYYR SKGYNDY AVSVQSRIII NPDTSKN QFSLQLKS VTPEDT AVYYC ARTP IVVV PGI LGL GPWG YRY NG LDVW GQG TTVTVS S
IGHV6-1*01,SQ TLSLTCAI SGD TVS SSSSS WHRIR QSPSRGL EWL GG TYY RS KWYIDYAVSVKSRITI NPDTSKN QVSLQLKS VTPEET AVYFCA R ATIAVV PGPLGLGPWG YKY NG MEVW GPGT TVTVS S
IGHV6-1*01,SQ TLSLTCAI SGDS VS SSSSG WHWIRQ SPSRGL EWL GG TYYR SKWYTD YAVSVKGRITV NPDTSKH QFSLHL NSVTPEDT AVYYCA RA SIVVV PGPLGLGPWG YKY NG MEVW GPGT TVTVS S
IGHV6-1*01,SQ TLSLTCAI SGDSVSSN SAAWNWIRQ SPSRGL EWL GS TYYR SKWYNDY AVSVKSRITI NPDTSKN QFSLQL NSVTPEDT AVYYCA RD FIYY DSSGY Y KPN YYYYGMDV WGQG TTVTVS S
IGHV6-1*01,SQ TLSLTCAI SGDS VS SRSSS WHWIR QSPARGL EWL GG TYYR SKWYTDY AVAVKSRLTI NPDTSKN QFSLHLN SVAPEDT AVYYCA RA SIVIV PGPLGLGPWG YKY NGM GVW GPGT TVTVS S
IGHV6-1*01,QTR SLTVAISW DSSSS NSAAWHWLRQ SPSRGL EWL G RTYYR SKWYNDY AVSVKSRITI NPDTSKN QFSLQLN SVTPEDT AVYYCAR EEAYGDY SLVTAIQ G YWF RDAF DI WGQG TMVTVS S
IGHV6-1*01,QV QLQQ SGPGAVKPSQP LSLTCVIA GDSVSNK TVAWNWIR QSPSRGL EWL G MTYY RSK WY YDYPVS L K SRLTI SPDTSKN HLSLQL NSVTPEDT AVYYCA RGPRTGW F DSWGQ GLLVTVS S
IGHV6-1*01,SR TLSLTCAI SGDSVS SNRAAWNWIRQ SPSRGL EWL G RTYYR SKWYNDY AVSVKSRITI NPDTSKN QFSLQL NSVTP ED T AVYYC ARE AGY Y ASSGY Y WGDALG F WGHGP MVTV SS
IGHV6-1*01,SH TLSLNCAV SGDSVSSN SVAWNWIRQ SPSRGL EWL GR TYYS SRWYNDY AVSLRSRITI NPDTSKN QFSLQL NSVTPEDT AVYYC ARGR VASMD YWGQG TLVTV SS
IGHV6-1*01,QRPS LTTAIS WDSPSSN SAAWHLLR QSPSRGL EWL G TTYYR SKWYNDY AVSVKSRIII NPDTSKN QFSLQLKS VTPEDT AVYYC ARTP IVVV PGI LGL GPWG YRY NG LDVW GQG TTVTVS S
IGHV6-1*01,SQ TLSLTCAI SGDSVSNN RAAWTWIR QSPSRGL EWL GR TYYR SKWYNDYAES VKSRITI NPDTSKN QFSLQLHSVTV DDT AVYYCA RGAGDQPTN WF DRWGQG TLVTV SS
IGHV6-1*01,SQ TLSLTCAI SGD SVSI DGA AWNWVR QSPSRGL EWL G RTYYR SKWYND YAVSVKGRITI NPDTSKN HFSLQL NSVTPEDT AVYYCA RNSFG VV PGPLGLGPWSYKD YAMDV WGQG TTVTVS S
IGHV6-1*01,QT LSLTCAI SGD TVS SNSAG WNWIR QSPSRGL EWL GG TYYR SK W YTDY AVSVKSRISI NPDTSKN QFSLHLRS VTPEDT AVYYCA RA SIVVV PGPLGLGPWG YKY NGM GVW GPGT TVTVS S
IGHV6-1*01,SQ TLSLTCAI SGDSVSR TNVAWNWIR QSPSGG LEWL G RTIYR SEWHHDYADSMKG RITI SPDTSKN QFSLQL NSVTPEDT AVYYCATYRFDY WGQG TLVAVS A
IGHV6-1*01,SQ TLSLSCAI SGDSVSSN SAAWNWIRQ SPSRGL EWL GT TYYR S K WYNDY AVSVKSRIII NPDTSKN QFSLQLKS VTPEDT AVYYC ARTP IVVV PGI LGL GPWG YRY NG LDVW GQG TTVTVS S
IGHV6-1*01,SQ TLSLTCAI SGDSVSSN NAAWNWIRQ SPSRGL EWL GR TYYR SK WFY D YTVSVKSRMTIN ADTSKN QFSLQVNS VTPEDT GVYYCARYL SSPGGM DVW GQG TTVTVS S
IGHV6-1*01,SQ TLSLSCAISV DS VSSISAAWNS IRPYATRG IEWL GT TYYR SKRYNDY AVS AK SRIILN TDTSKT QFYLQLKS VTPEDT AVYYC ARTP IVVV PGI LGL GPCG YRY NG LHFW GQG TTVTVS S
IGHV6-1*01,LS LTCAI SGESVSSNSAS WNWIR QSPSRGL EW LGGTN FRTEWY AGKSK WYT D YSVSV QG RITISA DTSKN QFSLQLN SVTPEDT AVYYCARVSVVVV PGPLGLGPWGHKH QAMEVW GQGT TVTVS S
IGHV6-1*01,QV QLQQ SGPGLVKPSQ TLSVTCVI SGAS V SSS SVAWNWIR QSPSRGL EWLGTTSYT SKWNTA YAVSVKARITIR PDTSRN QCSLQL NSVTPVDT AVN YC ARGVPPYSHGA QFDC WGQG TLVTD CS
IGHV6-1*01,QV HL QPSGPGLVKPSK TLSLTCAI SGHS VF SH SAAWNWIR QSPSRGL EWL G RTYYRS RWDTDY AVSVKSRITI DPDTSEN RFSLHLTS VTPEDT AVYFCA RGDST MEFYYYYMD VWGKG TTVTVS S
IGHV6-1*01,SQ TLSLTCSI SGDS V SSSSSS WHFIR QSPSRG LECL GG TYYR SNWSTDY AVSVRSRITI NPDTS KYQFSLHL NSVTPEDT AVYYC AGA SIVVV PGPLGLGPWG YKY NGM GVW GPGT TVTVS S
IGHV6-1*01,SQ TLSLTCAI SGDSVSSN SAAWNWIRQ SPSRGL EWL GT TYYR SKWYNDY AVSVKSRIII NPDTSKN QFSLQLKS VTPEDT AVYYC ARTP IVVV PG ILGL GAGGDRCNGLDDWGQGTTG TV AS
IGHV6-1*01,SQ TLSLTCAI SGDS VS SSSSS WHWIR QSPSRGL EWL GG TYYR S K WYTDY AVSVRSRITI NPDTSKN QFSLHL NSVTPEDT AVYYC AGA SIVVV PGPLGLG TWGY KDNGMGGSGPG TTVTVS S
IGHV6-1*01,S LTCTIS GD SVS SSSSS WHWIR QSPSRGL EWL GG TYY RS KWYIDYAVSVKSRITI NPDTSKN QVSLQLKS VTPEET AVYFCA R ATIAVV PGPLGLGPWG YKY NG MEVW GPGT TVTVS S
IGHV6-1*01,SQ TLSLTCVIS GDRVSSD SVAWNWIRQ SPS RGLEWLART YN MSKYYNDIAA SV K GRITVN ADTSEN QFSLELKSVT LEDT AVYYCAR QTSSWDWSQE TLVTV SS
IGHV6-1*01,SQ TLSLTCAI SGDSVSS NTAAWNWIRQ SPSRG IEWL G RTYYR SKWYNDY AVSVKSRITI NPDTSKN QFSLQL NSVTPEDT AVYYC ARGWTN F DYWGQG TLVTVS S
IGHV6-1*01,SQ TLSLTCAI SGDSVSSN SAAWNWIRQ SPSRGL EWL G RTYYR SKWYNDY AVSVKSRITI NPDTSKN QFSLQL NSVTPEDT AVYYCAR EEAYGDY SLVTAI QG YWF RDA FDI WGQG TMVTV SS
IGHV6-1*01,SPTRSLTS AISW DTFSSSSSS WHLLR QSPSRGL EW LGG TYY RS KWYIDYAVSVKSRITI NPDTSKN QVSLQLKS VTPEET AVYFCA R ATIAVV PGPLGLGPWG YKY NG MEVW GPGT TVTVS S
IGHV6-1*01,SQ TLSLTC DTSGDSVSSN SAAWNWIRQSRS RGL E WL GR TYYR SKWYNDYAAS VKSRITI NPDTSKN HFSLQL NSVTPEDT AVYYCA RDPSPHGY SWYYFD YWGQG TLVTVS S
IGHV6-1*01,SPTPS LTYDIS WDSVSSNN VAWNLIRQ SPSGG LEWL G RTYYR SKWFNNYAPS VIGRIAIN ADTSKN QFSLQL NSVTPEDT AMYYCVRY GPA VRYFD LWGRG TLVAV SS
IGHV6-1*01,SQ TLSLTCAI SGDSVSSN SAAWNWIRQ SPSRGL EWL GT TYYR SKWYNDY AVSV K SRIIINL DTSKN QFSLQLKS VTPEDT AVYYC ARTP IVVV PGI LG LGPWG YRY NG LDVW GQG TTVTVS S
IGHV6-1*01,HTLS RTCAI SGDSVSS SSAAWNWIRQ SPSRGL EWL G TTYYRS KWYNDY AVSVKSRIII NPDTSKN QFSLQLKS VTPEDT AVYYC ARTP IVVV PGI LGL GPWG YRY NG LDVW GQG TTVTVS S
IGHV6-1*01,SPTPSLTSAISRDSVSSN SAAWTLLR QSPTRG LAWL GR TYYR SKWYNDY AVSVKSRITI NPDTSKN QFSLQL NSVT PEDTAVYYCARAVSVWGELLRNQLWDV WGQGT TVTV SS
IGHV6-1*01,SQ TLSLTCAI SGDS VS SSSSS WHWIR QSPSRGL EWL GG TYYR S K WYTDY AVSVRSRITI NPDTSKN QFSLHL NSVTPEDT AVYYC AGA SIVVV PGPLGLGPWG YKY NGMGGWGPGT TVTVS S
IGHV6-1*01,SQ TLSLTCAI SGDS VS SSSSS WHWIR QSPSRGL EWL GG TYYR SKRYTDY AVSVRSRITI NPDTSKH QFSLHL NSVTPEDT AVYYC AGA SIVVV PGPLGLGPWG YKY NGM GVW GPGT TVTVS S
IGHV6-1*01,SQ TLSLTCAI SGDSVSSNN V ACNWIR QS PSECLEWLARTY YRSTWLNK YVVSVIGRITIN ADTSKN QFSLHL NSVT PEDTAMYYCARY GPAR RYF DPWGRG TLVTV SS
IGHV6-1*01,SQ TLSLTCAI SGDSVSSKSAA WNWIRL SPSRGL EWL G RTYYR SKWFNNY ALSVKSRIKI NPDTSKN QFSLHLN SVIPEDT AVYYCA RSSGYPDYWGQG TLVTVS S
IGHV6-1*01,SQ TLSLTCAI SGDSVSGN F VAWNWIR QSPSRGL EWL GR THY RSKWYNDY AVSVKSRIIIK PDTSKN QFSLHL NSVT PEDTAVYYCARVRFLEWL FPSYYGMDVWGQG TAVIV SS
IGHV6-1*01,SQ TLSLTCAI SGDSVSSN SAAWNWIRQ SPSRGL EWL G RTYYR SKWYNDY AVSVKSRITIT PDTSKN QFSLQL NSVTPEDT AVYYCA RDRT WLANYYV D YWCQVTLVTI SS
IGHV6-1*01,QPL SLTCAIS GDSVSRT GAAWNWIRQ SPSGG LEWL GR TYY RSK WFYNYAVSV QG RLTIN ADTSKN QFSLQLTS VTPEDT AVYYCVRY GPA LRYFDL WGRG TLVTVS S
IGHV6-1*01,SQ TLSLTCAI SGDSVS YGAAWNWIRR SPSRGL EWL GR TYFR SKWYSDYAAS VKSRIII NPDTSRN HFSLHLE SVTPEDT AVYYCA RT SFTIV PGPLGLGPWGHKSKGM DV WGQGT TVTVA S
IGHV6-1*01,SQ TLSLTCAIS GDSFSSSSSS WHWIR QSPSRGL EWL GG TYYR S K WYTDY AVSVRSRITI NPDTSKN QFSLHL NSVTPEDT AVYYC AGA SIVVV PGPLGLGPWG YKY NGM GVW GPGT TVTVS S
IGHV6-1*01,LS LTCSI SGDSVSSN SAAWNWIS QSPSRGL EWL GR TYFR SKWYSDY AVSVKGRITIN SDTSKN QFSLQLN SVTPEDT AVYYC ART SIVVV PGPLGLGPWGYNYHGM GVW GQG TTVIVS S
IGHV6-1*01,SQ TLSLTCGI SGDS VF RDG VAWNWLR QSPSRGL EW LGR TYYT S KWNF DYEGS V N SRATINL DTAKN ELSLQLAS VTPEDS AVYFCA RG IFSAFD FWGQG TLVTV SS
IGHV6-1*01,L SLTCAIS GDSVSSN SAAWNWIRQ SPSRGL EWL G RTYYR SKWYNDY AVSVKSRITI NPDTSKN QFSLQLN SVTPEDT AVYYC ARDH LYSY GPRNWFDPWGQG TLVTVS S
IGHV6-1*01,SQ TLSLTCAI SGDSVSS NSAVWNWIRQ SPSRGL EWL G RTYYR SKWSND YAIAVKSRITI NPDTSKN QFSLLLN SVTP EDT AVYYC ARS AGLT RRYWYFDL WGRG TLVTVS S
IGHV6-1*01,SQ TLSLTCAI SGESISSNSAS WN WIR QSPSRGL EW LGGTN FRTEWY AGGA KWYT DY SLSV QG RITISA DTSKN HLSLKLN SVTPEDT AVYFCARVSVVVV PGPLGLGPWGH KFKAMEVW GQGTTD TV SS
IGHV6-1*01,SQTR SLTLAIS WDSFSSN SAAWNLLRQ SPSRGL EWL G RTYYR SKWYNDY AVSVKSRITI NPDTSKN QLSLKLKS VTPEDT AVYYCAR VGR YFDL WGRG TLVTVS S
IGHV6-1*01,QV QLQQ SGPGLVKPSQ TLSLTCAI SGD TVSR SGSA W NWI R QSPSRGL EWL GR TYYR SKWYNDYVGS VKSRIII NPDTSRN QFSLQL NSVTPEDTD VYYC ASGR YSAFDI WGQG TMVTVS S
IGHV6-1*01,SQ TLSLTCAI SGDSVSS RDAAWTWIRQ SPSRGL EWL GR TYYR SS WS YDCG FSVKGRITIS PDTSTN QVSLVLKYV TPEDT AMYYCVR DSGW F G TL DHWGQ EILVTVS S
IGHV6-1*01,L KLLLS HDI A WDSYSSN SAAWNLLR QSPPRGL EWL GT TYYRAKW YNDY AVSVKSRIII NPDTSKN QFSLQLKS VTPEDT AVYYC SRTP IVVV PGI LGL GPWG YRY NG LDVW GQG TTVTVS S
IGHV6-1*01,T LSLTCGI SGDS V SSSSSS WHWIR QSPSRGL EWL GG TYYR S K WYTDY AVSVRSRITI NPDTSKN QFSLHL NSVTPEDT AVYYC AGA SIVVV PGPLGLGPWG YKY NGM GVW GPGT TVTVS S
IGHV6-1*01,T LSLTCAI SGDSVSSN SAAWNWIRQ SPSRGL EWL G RTYYR SKWYNDY AVSVKSRITI NPDTSKN QFSLQL NSVTPEDT AVYYCA RGIYDPPY YYYYYGMDV WGQG TTVTVS S
IGHV6-1*01,T LSLTCAI SGDS VS SSSSS WHWIR QSPSRGL EWL GG TYYR SK WY TDY AVSARSRITI NPDTSKN QFSLHL NSVTPEDT AVYYC AGA SIVVV PGPLGLGPWG YKY NGM GVW GPGT TVTVS S
IGHV6-1*01,QT LSLTCAI SGDSVSSNSAS WNWIR QSPSRGL EWL G ATYYR SKWYNDY AVSVKSRIII NPDTSKN QFSLQL KSGTPEDT AVYYC ARTP IVVV PGI LGL GPWG YKY NGM GVW GPGT TVTVS S
IGHV6-1*01,QV QLQQ SGPGLVKPSQ TLSLTCAI SGDT VS SN SAAWNWIR QSPSRGL EWL G RTYYR SKWYNDYPV SVKSRITI NPDTSKN QFSLQLNS VTHEDT AVYFCVRQ KAGTT EF DPWGQG TLVTV SS
IGHV6-1*01,SQ TLSLTCAI SGDSVSSN SAAWNWIRQ SPSRGL EWL G RTYYR SKWYNDY AVSVKSRITI NPDTSKN QFSLQLN SVTPEDT AVYYCARETY NWNYGEDTPRGLLP YYYYGMDV WGQG TTVTVS S
IGHV6-1*01,SQ TLSLTCAV SGD TVSS TTA SWNWIR QSPSRGL EWL GG TYFRSR WSTDY AVSVKSRITI NPDTSKN QFSLQLN SVTPEDT SVYYCARASITIV PGPLGLGPWG YKFKCMD VWGQG TTVTVS S
IGHV6-1*01,QN LSLTCDI SGDS VS SSSSS WHWIR QSPSRGL EWL GG TYYR SK W YTDY AVSVRSRITI NPDTSKN QFSLHL NSVTPEDT AVYYC AGA SIVVV PGPLGLGPWG YKY NGM GVW GPGT TVTVS S
IGHV6-1*01,SQ TLSLTCTIS GDS V SSSSSS WHWIR QSPSRGL EWL GG TYYR S K WYTDY AVSVRSRITI NPDTSKN QFSLHL NSVTPEDT AVYYC AGA SIVVV PGPLGLGPWG YKY NGM GVW GPGT TVTVS S
IGHV6-1*01,RSPSPSC AI SGDSASSN PAAWNWIRQ SPSRGL EWL G RTYYR SKWYNDY AVSVKSRITI NPDTSKN QFSLQLN SVTPEDT AVYYC ARGWTNFDYWGQG TLVTV SS
IGHV6-1*01,QT LSLTCAV SGD TVSS TTAS WNWIR QSPSRGL EWL GG TYFRS RWSTDY AVSVKSRITI NPDTSKN QFSLQLN SVTPEDTG VYYC AGA SIVVV PGPLGLGPW AY NYNGM GVW GPGT TVTVS S
IGHV6-1*01,SQ TLSLTCAI SGDS VS SSSSS WHWIR QSPSRGL EWL GG TYYR S K WYTDY AVSVRTRITI NPDTSKN QFSLHL NSVTPEDT AVYYC AGA SIVVV PGPLGLGPWG YKY NGM GVW GPGT TVTVS S
IGHV6-1*01,SQ TLSLTCAIF GDS VF SDTA TWTWIR QSPSRGL EWLGRTYYR SKWGSD YAVSVKSRITI NPDTSTN QFSLQLKS VSPEDT GVYYCA RGSAGIGPSS YFF DSWGQG SLVTV SS
IGHV6-1*01,QT LSLTCAI SGDS VS SSSSS WHWIR QSPSRGL EWL GG TYYR SK W YTDY AVSVKSRITI NPDTSKN QFSLHLS SVTPEDT AVYFCA RA SIVVV PGPLGLGPWG YKY NG MEVW GPGT TVTVS S
IGHV6-1*01,SQ TLSLTFAIS GDS V SSSSSS WHLLR QSPSRGL EWL GG TYYR S K WYTDY AVSVRSRITI NPDTSKN QFSLHL NSVTPEDT AVYYC AGA SIVVV PGPLGLGPWG YKY NGM GVW GPGT TVTVS S
IGHV6-1*01,SH TLSLTCAI SGDSVSSN SAAWNWIRQ SPSRGL EWL G RTYYR SKWYNDY AVSVKSRITI NPDTSKN QFSLQL NSVTPEDT AVYYCA RD FIYY DSSGY Y KPN YYYYGMDV WGQG TTVTVS S
IGHV6-1*01,SQTPSLTSAISGDSVSSN SAAWNWIRQ SPSRGR EWLVRTIYR SKWANDY ALSVKSRITI NPDTSKN QFSLQL NSVTPEDT AVYYC ARG TWRLGL DSWGQG TRVAVS S
IGHV6-1*01,QT LSLTCAV SGD TVSS TTAS WNWIR QSPSRGL EWL GG TYFRSR WSPDHPV SVKSRITI NPDTSKN QFSLQLN SVTPEDT AVYYCARASITIV PGPLGLGPWG YKF KG MDV WGQG TTVTVS S
IGHV6-1*01,SQ TLSLTCAV SGD TVSS TTA SW NWIR QSPSRGL EWL GG TYFRS RWSTDY AVSVLSRITI NPDTSKN QFSLQLISV TPEDT AVYYCARASITIV PGPLGLGPWG YKF KG MDV WGQG TTVTVS S
IGHV6-1*01,SH TLSLTCAI SGDS VS SSSSS WHWIR QSPSRGL EWL GG TYYR S K WYTDY AVSVRSRITI NPDTSKN QFSLHL NSVTPEDT AVYYC AGA SIVVV PGPLGLGPWG YKY NGM GFW GPGT TVTA SS
IGHV6-1*01,SQ TLSLTCAI SGDS VS SSSSS WHWIR PSPSRGL EWL GG TYYR S K WYTDY AVSVRSRITI NPDTSKN QFSLHLN SVTSEDT AVYYC AGA SIVVV PGPLGLGPWG YKY NGM GVW GPGT TVTVS S
IGHV6-1*01,SQ TLSLTCAI SGDSVSSN SAAWNWIRQ SPSRGL EWL GR TYFR SKWYSDY AVSVKGRITIN SDTSKN QFSLQL NSVTPEDT AVYYCA RTS IGVV PGPLGLGPWG YSY HGM GVW GQG TTVIVS S
IGHV6-1*01,QNL SLTSA ISGDSHSSNS VGWHLLR QSPSRGL EW LGGTNYRSK WY TDY AVSVKSRITI NPDTSKN QFSLQLN SVT PEDA AVYYC ARA SIVIV PGPLGLGPWG YKY NG MDV WGPGT TVTVS S
IGHV6-1*01,SQ TLSLTCAI SGDS V SSDSG AWNWIR QSPSRGL EW LGR TYYR SKWYHDYAPS VRGRITI NPDTSTN QFSLQL NSVSPEDT AVYYCARE YTSS WI DPWGQG TQVTVS S
IGHV6-1*01,QV QLQQ SGPGLVKPSQ TLSLTCAI SGDS V SKSGA WHWIRQ SPSRGL EWL G RTYYK SKWYNEY AVSVKSRITI NPDTSKN QFSLQLTS VTPEDT AVYYCA RGW F ASGLG L WGQG TLVTVS S
IGHV6-1*01,SPTR SLTCAI SGDS VS SSSSS WHLLR QSPARGL EWL GG TYYR S K WYTDY AVSVRSRITI NPDTSKN QFSLHL NSVTPEDT AVYYC AGA SIVVV PGPLGLGPWG YKY NGM GVW GPGT TVTVS S
IGHV6-1*01,QT LSLTCAI SGDS VS SSSSS WHWIR QSPSRGL EWL GG TYH RSKWYTDY AVSVRSRITI NPDTSKN QFSLHL NSVTPEDT AVYYC AGA SIVVV PGPLGLGPWG YKY NGM GVW GPGT TVTVS S
IGHV6-1*01,SQ TLSLTCAI SGDS V SSDSG AWNWIR QSPSRGL EWL GR TYYR SKWHHDYAPS VRGRITI NPDTSTN QFSLQL NSVSPEDT AVYYCARE YTSS WI DPWGQG TQVTVS S
IGHV6-1*01,LS LTCAI SGDSVPSRIS SWHWIS HSPSRGL EWL GG TYYR SK W YTDY AVSVRSRITI NPDTSKN QFSLHLN SVTPEDT AVYYC AGA SIVVV PGPLGLGPWG YKY NGM GVW GPGT TVTVS S
IGHV6-1*01,SQ TLSLTCAI SGDSVSSN SAAWNWIRQ SPSRGL EWL G RTYYR SKWYNDY AVSVKSRITMT TDTSTS TAYMELRS LRSDDT AVYYCA RDFPA L AQLYC SSTSCYKNWFDPWGQG TLVTV SS
IGHV6-1*01,SQ TLSLTCAI SGDSVSSN SAAWNWIRQ SPSRGL EWL GT THYR SKWYNDY AVSVKSRIII NPDTSKN QFSLQLKS VTPEDT AVYYC ARTP IVVV PGI LG LGPWG YRY NG LDVW GQG TTVTVS S
IGHV6-1*01,SE TLSLTCAI SGDSVSSN SAAWNWIRQ SPSRGL EWL G RTYYR SKWYNDY AVSVKSRITI NPDTSKN QFSLQL NSVTPEDT AVYYCA RD FIYY DSSGY Y KPN YYYYGMDV WGQG TTVTVS S
IGHV6-1*01,SQ TLSLTCAI SGDSVSSNSAG WHWVRQ SPSSGL EWL GG TYYR SKWYTDY AVSVKRRITI NPDTSKN QFSLQL NSVTPEDT AVYYCA RA SIVVV PGPLGLGPWG YKY NG MEVW GQG TTVTVS S
IGHV6-1*01,QTLP LTFAIS GDS V SSSSSS WHWIR QSPSRGL EWL GG TYYR SK W YTDY AVSVRSRITI NPDTSKN QFSLHL NSVTPEDT AVYYC AGA SIVVV PGPLGLGPWG YKY NGM GVW GPGT TVTVS S
IGHV6-1*01,SQ TLSLTCAI SGDR V SSN SVAWYWIR QSPSRGL EWL GR TYYR SKWYKDYAAS VKSRVSI NPDTSRN QFSLQL NSVTPEDT AVYYCVR SPLG A ILEN WGQG TLVTVS S
IGHV6-1*01,SQT LSHTCAI SGDS VS SSSSS WHWIR QSPSRGL EWL GG TYY RS KWYIDYAVSVRSRITI NPDTSKN QFSLHL NSVTPEDT AVYYC AGA SIVVV PGPLGLGPWG YKY NGM GVW GPGT TVTVS S
IGHV6-1*01,QT LSLTCAISW DSLSSSSSS WHLLR QSPSRGL EWL GG TYYR SK W YTDY AVSVRSRITI NPDTSKN QFSLHL NSVTPEDT AVYYC AGA SIVVV PGPLGLGPWG YKY NGM GVW GPGT TVTVS S
IGHV6-1*01,SQ TLSLTCVVS GDT VSS TTA SW NWIR QSPSRGL EWL GG TFFR SQWSTDY AVSVKSRITI NPDTSKN QFSLQLN SVTPEDT AVYYCA R ASITIV PGPLGLGPW GYKF KGMDGWGQG TTVTVS S
IGHV6-1*01,SQ TLSLTCAI SGDSVSSNSAA WNWI RPSPSRGL EWL G RTYYR SKYYNDY AVSVKSRITI DPDTSKN QFSLQL NSVTPEDT AVYYC ARGSS YYHF NDNWFDPWGQG TLVTVS S
IGHV6-1*01,SQ TLSLTCAI SG EIVS SSSAGCN WIRH SPAGC LECLGVTYYR SKRFTD YAVSVKSRITI SPATSKN QFSLQL NSVTPEDT AVYYCA RA SIVIV PGPLGLGPWG YKY NG MEVW GKG TTVTVS S
IGHV6-1*01,QTHSLTNAISGDS V SSSSSSWP LL RQSPSRGL EW LGG TYYR SK W YTDY AVSVRSRITI NPDTSKN QFSLHL NSVTPEDT AVYYC AGA SIVVV PGPLGLGPWG YKY NGM GVW GPGT TVTVS S
IGHV6-1*01,SQ TLSLTCAI SGDSVSSN SAAWNWIRQ SPSRGL EWL G RTYYR SKWYNDY AVSVKSRITI NPDTSKN QFSLQL NSVT PEDTAVYYCARAVSVWGELLRNQLWDV WGQGT TFTV SS
IGHV6-1*01,SQ TLSLTCAI SGDSVSSN SAAWNWIRQ SPSRGL EWL G TTYYR SKWYNDY AVSVTRRIII NPDTSKN QFSLQLKS VTPEDT AVYYC ERTP IVVV PGI LGL GPWG YRY NG LDVW GQG TTVTVS S
IGHV6-1*01,LSHSLTPA IS WDSASSNSS AWTLLR QSPSRGL EWL G TTYYR SKWYNDY AVSVKRRIII NPDTSKN QLSLQLKS VTPEDT AVYYC ASTP IVVV PGI LGL GPWG YRY NG LDVW GQG TTVTVS S
IGHV6-1*01,SH TLSLTCAI SGDSVSSN SAAWNWIRQ SPSRGL EWL G RTYYR SKWYNDY AVSVKSRITI NPDTSKN QFSLQL NSVTPEDT AVYYCA RD FIYY DSSGY Y KPN YYYYGMDV WGQG TTVTVS S
IGHV6-1*01,SR TLSLTCVVS GDT VSS TTAS WNWIR QSPSRGL EWL GG TFFR SQWSTDY AVSVKSRITI NPDTSKN QFSLQLN SVTPEDT AVYYCARASITIV PGPLGLGPWG YKF KG MDV WGQG TTVTVS S
IGHV6-1*01,SQ TLSLTCAI SGDSVSSN SAAWNWIRQ SPSRGL EWL G RTYYR SKWSNDY AVSVKSRLII NPDTSKN QFSLQLN SVTPDDT AVYYCA RSP IVVV PGV LGL GPWG YKY NG MDV WGQG TTVTVS S
IGHV6-1*01,SH TLSLTCAI SGDS VS SSRAG WHWIR QSPSRGL EWL GG TYYR SKWYTDY AISVKSRITI NPDTSKN QVSLHL NSVTPEDT AVYFCA RA SIVVV PGPLGLGPWG YKY NG MEVW GPGT TVTVS S
IGHV6-1*01,SHPL SLICAI SGDSVSSN PAAWNWIRQ SPSRGL EWL G RTYYR SKWYNDY AVSVKSRITI NPDTSKN QFSLQL NSVTPEDT AVYYC ARGWTNFDYWGQG TLVTVS S
IGHV6-1*01,SQ TLSLTCAI SGDR V SSN SVAWYWIR QSPSRGL EWL GR TYYR SKWYKDYAAS VESRISI NPDTSRN QFSLQL NSVTPEDT AVYYCVR SPLG A ILEN WGQG TLVTVS S
IGHV6-1*01,SQT LS LP CAI SGD RVS SHSA AWTWIR QSPSRGL EWL GT TYYR SKWYTDY AVSVQRRIII NPDTSKN QFSLQLKS VTPEDT TVYYCA RTP IVVV PGI LGL GPWG YRY NG LDVW GQG TTVTVS S
IGHV6-1*01,LRRSLTPAISRDSPSSN TAAWNLFR QSPSRG LAWL G RTYFR SKRSNDYAAPL KSRISI KPDTSRNQG SLQL GSVT PED T AVYFCARVLH LGRGM NVW GQG TTVTVS S
IGHV6-1*01,SQ TLSLTCAI SGDS VS SSSSS WHWIR QSPSRGL EWL GG TYYR SKWYTD YVVSVRSRITI NPDTSKN QFSLHL NSVTPEDT AVYYC AGA SIVVV PGPLGLGPWG YKY NGM GVW GPGT TVTVS S
IGHV6-1*01,SQ TLSLTCAI SGENIGSSSAS WNWIR QS PSRALEWL GGTNF RTEWY AGGA KWYT DYAASV KSRITIN ADTSKN QLSLQLN SVSPEDT AVYYCA RA SVVVVP VPLGLGPWGH KFKAMEVW GQG TTVTVS S
IGHV6-1*01,QT LSLTCAI SGDS VS SSSSS WHCIRQ SPSRGL EWL GG TYYR SK W YTDY AVSVRSRITI NPDTSKN QFSLHL NSVTPEDT AVYYC AGA SIVVV PGPLGLGPWG YKY NGM GVW GPGT TVTVS S
IGHV6-1*01,SQNPS LTLAIS GD SVS SSSGS WHWIR QSPSRGL EWL GG TYYR S K WYTDY AVSVKSRITI NPDTSKN QVSLHLKS VSPEDT AVYYCA RA SIVVV PGPLGLGPWG YKY NG IDVW GPGT TVTVS S
IGHV6-1*01,QIPS LTFAVSW DTVSSTT ASWHLLR QSPSRGL EWM GG TYFRS RWSTDY AVSVKSRITI NPDTSKN QFSLQLN SVTPEDT AVYYCARASITIV PGPLGLGPWG YKF KG MDV WGQG TTVTVS S
IGHV6-1*01,SQTLSPTYGIPGDSPWSTTS AWTWLS QSPARG LERLR S I K YRSEWQNE YY SAARSR KTIKA DASKN QVSLELTS VTPDDT AIYYCVRR ADDNRRFDPWSQ RILVTV SS
IGHV6-1*01,SQ TLSLTCAI SGD TVS SSSSS WHWIR QSPSRGL EW LGG TYY RS KWYIDY AVPVK SRITI NPDTSKN QVSLQLKS VTPEET AVYFCA R ATIAVV PGPLGLGPWG YKY NGR EAW CPGT TVSV SS
IGHV6-1*01,SH TLSLTCAI SGDSVSSN SAAWNWIRQ SPSRGL EWL GT TYYR SKWYNDY AVSVKSRIII NPDTSKN QFSLQLKS VTPEDT AVYYC ARTP IVVV PGI LGL GPWG YRY NGLDAWGQG TTVTVS S
IGHV6-1*01,QV QLQQ SGPGLVKPSPT LSLTCAI SGDSVSSN SAAWNWIR QSPSRGL EWL G RTYYR SKWYNDY EVSVKSRITI NPDTSKN QFSLQL NSVTPEDT AVYYC AGSRTHSG TYYAVDY WGQG TLVTVS S
IGHV6-1*01,L TLSLTCAI SGDSASS NSAAWNLLRQ SPSRGL EWL GT TYYR SKWYNDY AVSVKSRIII NPDTSKN QFSLQLKS VTPEDT AVYYC ARTP IVVV PGI L GLGPWG YRY NG LDVW GQG TTVTVS S
IGHV6-1*01,T LSLTCAI SGDS VS SSSSS WHWIT QSPSRGL EW LGGTYPRSKWYTDY AVSVRSRITI NPDTSKN QFSLHL NSVTPEDT AVYYC AGA SIVVV PGPLGLGPWG YKY NGM GVW GPGT TVTVS S
IGHV6-1*01,L SLTCAIS GDSVSGN SAAWNWIRQ SPSRGL EWL GR TYY NS KWIYD YAPSV KSRITI NPDTSKN QFSLQL NSVTPEDT AVYYC ARG FVYAGF NQWGQ GILVTVS S
IGHV6-1*01,L SLTCAIS GASVSS TSAAWNWIRQ SPSRGL EWL G TTYYR SKWYNDY AVSVKSRIII NPDTSKN QFSLQLKS VTPEDT AVYYC ARTP IVVV PGI LG LGPWG YRY NG LDVW GQG TTVTVT S
IGHV6-1*01,HT LSLTCAI SGD TVSS TSSS WHWIR QSPSRGL EWL GG TYYR SK W YTDY AVSVRSRMTIN TDTSKN QVSLHLN SVTPEDT AVYFCA RA SIVIV PGPLGLGPWG YKY NG MEVW GPGT TVTVS S
IGHV6-1*01,QSPSLTSAISRDSVSSNSAAWSSPRQSPSRGLEWPGW TYFR SKWYSDY AVSVKGRITIN SDTSKN QFSLQLN SVTPEA TAVYYCA RTS IGVV PGPLGLGPWG YSY HGM GVW GQG TTVIVS S
IGHV6-1*01,SQ TLSLTCAI SGDSVSSN SAAWNWIRQ SPSRGL EWL GT TYYR SKWYNDY AVSVKSRIII NPDTSKN QFSLQLKS VT PEDTAAYYC ARTP IVVV PGI L GLGPWG Y RSNG LDVW GQG TTVTVS S
IGHV6-1*01,SQ TLSLTCAI SGDSVSSN SAAWNWIRQ SPSRGL EWL GR TYFR SKWYSDY AVSVKGRITIN SDTSKN QFSLQLNS VTAEDT AVYYC ART SIVVV PGPLGLGP WVYN YHGMG VW GQG TTVIVS S
IGHV6-1*01,RRPSLTSAISGDSPSSN SAAWTLLR QCPPRGLE W LGPT YYR SKWYNDY AVSVKSRIII NPDTSKN QFSLQLKS VTPEDT AVYYC ARTP IVVV PGLLGLGPWG YRY NG LDVW GQG TTVTVS S
IGHV6-1*01,SQ TLSLTCAI SGDSVSSN SAAWNWVRQ SPSRGL EWL G RTYYR SKWYNDY AVSVKSRITI NPDTSKN QFSLQL NSVTPEDT AVYYCA RDTPYSSGDWFDPWGQG TLVTV SS
IGHV6-1*01,SQT LSHICAIS GDS V SSSSSS WHWIR QSPSRGL EWL GG TYYR S K WYTDY AVSVRSRITI NPDTSKN QFSLHL NSVTPEDT AVYYC AGA SIVVV PGPLGLGPWG YKY NGM GVW GPGT TVTVS S
IGHV6-1*01,SQ TLSLTCAI AGDSVSSN NVAWNWIRQ SPSGG LEWL G RTYYR SKWFNNY AVSVIGRITIN ADTSKN QFSLHL NSVT PEDTAMYYCAR YGPAL RYFD LWGRG TLVTV SS
IGHV6-1*01,SQ TLSLTCAIF GDT VS SSSSS WHWIR QSPSRGL EWL GG TYY RS KWYIDYAVSVKSRITI NPDTSKN QVSLQLKS VTPEET AVYFCA R ATIAVV PSPLGLGP WRYKY NG MEVW GPGT TVTVS S
IGHV6-1*01,SQ TLSLTCAI SGDSVSSN SAAWNWIRQ SPSRGL EWL G RTLYR SKWHNDY ALSVKSRITI NPDTSKN QFSLQL NSVTPEDT AVYYC ARGT WHLGL DSWGQG TLVAVS S
IGHV6-1*01,SQ TLSLTCDI SGDSVSSN SATWNWIRQ SPSRGL EWL GR TYYR SKW Y DDYATSLQ GRIAIKA DTSKN QFSLQLSFV TPEDT AVYYCARRLYLS RTYSGMG VW GQG TTVIV S
IGHV6-1*01,QSPS LTVAISW DSVSNN SAAWNLLRQ SPSRGL EWL GT TYYR SKWYNDY AVSVKSRIII NPDTSKN QFSLQLKS VTPEDT AVYYC ARTP IVVV PGI L GLGPWG YRY NG LDVW GQG TTVTVS S
IGHV6-1*01,SHTR SLTYAISW DSVSSN SAAWHLLR QSPSRGL EWL GR TYFR SKWYSDY AVSVKGRITIN SDTSKN QFSLQLSS VTPEDT AVYYC ART SIVVV PGPLGLGP WVYN YHGMG VW GQG TTVIVS S
IGHV6-1*01,SQ TLSLTFDI SGDSVSSNN VAWNWIR QSPSGG LEWL G RTYYR SKWFNNYAPS VIGRIAIN ADTSKN QFSLQL NSVTPEDT AMYYCVRY GPA VRYFD LWGRG TLVAV SS
IGHV6-1*01,SQ TLSLTCAI SGDSVSSN SAAWNWIRQ SPSRGL EWL G RTYYR SKWYNDY AVSVKSRITI NPDTSKN QFSLQL NSVTPEDT AVYYCA RES VYYY GSGSYYRP LYYYY GM DV WGQG TTVTVS S
IGHV6-1*01,SQ TLSLTCAI SGDS VS SSSSS WHWIR QSPSRGL EWL GG TYYR S K WYTDY AVSVRSRITI NPDTSKN QFSLHL NSVTPEDT AVYYC AGA SIVVV PGPLGLGP WRYKY NGM GVW GPGT TVTVS S
IGHV6-1*01,SQ TLSLTCAI SGDSVSSN SAAWHWIRQ SPSRGL EWL G RTYYRSQ WYNDYPV SVKSRITI NPDTSKN QFSLQL NSVTPEDT AVHYCA RGLGG VFDY WGQG TLVTV SS
IGHV6-1*01,SQ TLSLTCAI SGDS VS TNSAG WHWVRQ SPSRGL EWL GG TYYR S K WYSDY AVSVKSRITI NPDTSKN HFSLQLKS VTPEDT AVYYCA RA SIVVV PGPLGLGP WSYKY NG MEVW GQG TTVTVS S
IGHV6-1*01,T LSLTCAI SGD TVS STSSS WHWIR QSPSRGL EWLGGIYYR SKWYTDY AVSVKSRMTIN TDTSKN QVSLHL NSVTPEDT AVYFCA RA SIVIV PGPLGLGPWG YKY NG MEVW GPGT TVTVS S
IGHV6-1*01,SHS LSLTCAI SGDS VS SSRSS WHWIR QSPSRGL EWL GG TYYR S K WYTDY AVSVRSRITI NPDTSKN QFSLHL NSVTPEDT AVYYC AGA SIVVV PGPLGLGPWG YKY NGM GVW GPGT TVTV S
IGHV6-1*01,SGD TVS STSSS WHWIR QSPSRGL EWL GG TYYR SK WY TDY AVSVKSRMTIN TDTSKN QVSLHL NSVTPEDT AVYFCA RA SIVIV PGPLGLGPWG YKY NG MEVW GPGT TVTVS S
IGHV6-1*01,SQ TLSLTCAI SGDS VS SSSSS WHWIR QSPSRGL EWL GG TYYR S K WYTDY AVSVRSRITI NPDTSKN QFSLHL NSVTPEDT AVYYC AGA SIVVV PGPLGLGP WRYKY NGM GVW GPGT TVTVS S
IGHV6-1*01,GDSVSSN SAAWNWIRQ SPSRG LEWL GR TYYR SKWYNDY AVSVKSRITI NPDTSKN QFSLQL NSVT PEDT AVYYC A RAG IMITF GG VIADYY YGM D VWGQGT TVTVS S
IGHV6-1*01,QT LSLTVAIS GDSFSS NSAAWNLLRQ SPSRGL EWL GT TYYR SKWYNDY AVSVKSRIII NPDTSKN QFSLQLKS VTPEDT AVYYC ARTP IVVV PGI L GLGPWG YRY NG LDVW GQG TTVTVS S
IGHV6-1*01,SQ TLSLTCGI SGDSVSRNG AAWNWIR QSPSRGL EW LGR TYYRFNWY SDYAGS VESRITIA PDTSKN QVSLQLKS VTPEDT AVYFCA RDSE RLWLRE SVMGD FDIW GHG TMVTVS S
IGHV6-1*01,QTLSLTDA IS WDSSSSSSSS WHWLR QSPSRGL EW LGG TYYR SK W YTDY AVSVRSRITI NPDTSKN QFSLHL NSVTPEDT AVYYC AGA SIVVV PGPLGLGPWG YKY NGM GVW GPGT TVTVS S
IGHV6-1*01,SQ TLSLTCAI SGDS VS SSSSS WHWIR QSPSRGL EWL GG TYYR S K WYTDY AVSVRSRITI NPDTSKN QFSLHL NSVTPEDT AVYYC AGA SIVVV PGPLGLGPWG YQY NGM GVW GPGT TVTVS S
IGHV6-1*01,SH TLSLNCAI SGDSVSSN SAAWNWIRQ SPSRGL EWL GT TYYR S K WYNDY AVSVKSRIII NPDTSKN QFSLQLKS VTPEDT AVYYC ARTP IVVV PGI LGL GPWG YRY NG LDVW GQG TTVTVS S
IGHV6-1*01,SQ TLSLTCAI SGDK V SS NFAAWNWIRQ SPSRGL EWL GR TYY RSK WFF D YAVSVKSRLTI NPDTSRN LFSLQL NSVTPEDT AVYFCS RQNNTSSE YYGVDVW GQG TTVTVS S
IGHV6-1*01,SQTPSL TS AISGDS VS SSSSS WHWIR QSPSRGL EWL GG TYYR S KW YTDY AVSVRRRITIN TDTSKN QCSLHL NSVTPEDT AVYYC AGA SIVVV PGPLGLGP WEYKY NGM GVW GPGT TVTVS S
IGHV6-1*01,L SLTCAIS GDSVSSN SAAWNWIRQ SPSRGL EWL GR TYFR SKWYSDY AVSVKGRITIN SDTSKN QFSLQLS SVTPEDT AVYYC ART SIVVV PGPLGLGPWGYNYHGM GVW GQG TTVIVS S
IGHV6-1*01,Q ILSLTCAI SGD TVS STSSS WHWIR QSPSRGL EWL GG TYYR SK W YTDY AVSVKSRMTIN TDTSKN QVSLHLN SVTPEDT AVYFCA RA SIVIV PGPLGLGPWG YKY NG MEVW GPGT TVTVS S
IGHV6-1*01,T LSLTCAI SGDSVS RKNVAWNWLRQ SPSRG LE WL GR TY FGS RLY SEY AVSV H SRIIIT PDTAKN QVSLQL DSVTPEDS AVYYCA RGGGEDR Y CSGGSCHPY YFDYW AQG TLVTV SS
IGHV6-1*01,SQ TLSLTCAI SGESVSSNSAS WNWI R QSPSRGL EW LGGTN FRTEWY AGKSKGYT DYSVS VPG RITISA DTSKN QFSLQLN SVTPEDT AVYYCARVSVVVV PGPLGLGPWGHKH KAMEVW GQG TTVTVS S
IGHV6-1*01,QT LSLTCAI SGDS VS SSSAG WHWIR QSPSRGL EWL GG TYYR SK W YTDY AFSVKSRITI NPDTSKN QFSLHLN SVTPEDT AIYYCA RA SIVIV PGPLGLGPWG YKY NG MDV WGPGT TVTVS S
IGHV6-1*01,QV QLQQ SGPGLVKPSQ TLSLTCAI SGDSVSSN SAAWNWIR QSPSRGL EWL G RTYYR SKWYNDY EVSVKSRITI NPDTSKN QFSLQL NSVTPE D M AVYYC AGSRTHSG TYYAVDY WGQG TLVTVS S
IGHV6-1*01,QT ISLTWAIAVD SVSSNS AAWNCIR QSPSRGL EWL G RTYFR SKWYSDY AVSVKGRITIN SDTSKN QFSLQLS SVTPEDT AVYYC ART SIVVV PGPLGLGPWGYNYHGM GVW GQG TTVIVS S
IGHV6-1*01,SQ TLSLTCTI SGD TVS SNSAG WHWIR QSPSRGL EWL GG TYYR S K WYTDY AVSVKSRITI NPDTSKN QFSLQLN SVTPEDS AVYYCA RA SIVVV PGPLGLGPWG YKY NG MEVW GP VTTVTV SS
IGHV6-1*01,SQ TLSLTCAI SGD TVSS TSS SWHLIRQ SPSRGL EWL GG TYYR SKWYTDY AVSVRSRMTIN TDTSKN QVSLHL NSVTPEDT AVYFCA RA SIVIV PGPLGLGPWG YKY NG MEVW GPGT TVTVS S
IGHV6-1*01,SQ TLSLTCAI SGDSVSSN SAAWNWIRQ SPSRGL EWL G RTYYR SKWYNDY AVSVKSRITI NPDTSKN QFSLQL NSVTPEDT AVYYCA RD LRYFDWLRSYYY YGMDVWGQGT TVTV SS
IGHV6-1*01,SQ TLSLTCAI SGDSVSSN SAAWNWIRQ SPSRGL EWL G RTYYR SKWYNDY AVSVKSRITI NPDTSKN QFSLQL NSVTPEDT AVYYCA RD FIYY DSSGY Y KPN YYYYGMDV WGQG TTVTVS S
IGHV6-1*01,T LSLTCAI SGE S ISSNSAS WNWIR QSPSRGL EW LGGTN FRTEWY AGGA KWYT DY SLSV QG RITISA DTSKN HLSLKLN SVTPADT AVYFCARVSVVVV PGPLGLGPWGH KFKAMEVW GQG TTVTVS S
IGHV6-1*01,QSPS LTCA IPGDSVSSN SAAWNWIRQ SPSRGL EWL G TTYYRS KWYNDY AVSVKSRIII NPDTSKN QFSLQLKS VTPEDT AVYYC ARTP IVVV PGI LGL GPWG YRY NG LDVW GQG TTVTVS S
IGHV6-1*01,SQ TLSLTCAI SGD TVS SSSSS WHWIR QSPSRGL EWL GG TYY RS KWYIDYAVSVKSRITI NPDTSKN QVSLQLKS VTPEET AVYFCA R ATIAVV PGPLGLGPWG YKY NG IEVW GPGT TVTVS S
IGHV6-1*01,QV QLQQ SGPGAVKPSQ TLSLTCVIA GDSVSNK TVAWNWIR QSPSRGL EWL G MTYY RSK WY YDYPVS L K SRLTI SPDTSKN HLSLQL NSVTPEDT AVSYCA RGPRTGW F DSWGQ VLLVTVS S
IGHV6-1*01,LS LTCDI SGDSVSSN SATWNWIRQ SPSRGL EWL GR TYYR SKWYDDYAPSV QGRIAIKA DTSKNQ FSLQLYFV TPEDT AVYYCARRL SLSRTYSGMG VW GQG TTVIVS S
IGHV6-1*01,SQ TLSLTCAI SGDSVSS NSAVWNWIRQ SPSRGL EWL G RTYYR SKWSND YAISVKSRITI NPDTSKN QFSLLLN SVTPE D T AVYYCA RS AGLT RRYWYFDL WSRG TLVTVS S
IGHV6-1*01,SQ TLSLTCAI SGDS VS SSSSS WHWIR QSPSRGL EWL GG TYYR S K WYTDY AVSVRSRITI NPDTSKN QFSLHL NSVTPEDT AVYYC AGA SIVVV PGPLGLGPWG YKY NGM GVW GPGT TVNV SS
IGHV6-1*01,SQ TLSLTCAI SGDSVSSN SAAWNWIRQ SPWRGL EW LGK TY HRSTWYNEYAES VKSRITI NPDTSKN QFSLQLS SVTPEDT AVYYCARE VSDV DIVLE GG FSI GG MERYD FHNDGMD VW GQG TLVTV SS
IGHV6-1*01,SQ TLSLTCA IPGDSVSSNSAS WNWIR QSPSRGL EWL GT TYYR SKWYNDY AVSVKSRIIIN TDTSKN QFSLQLKS VTPEDT AVYYC ARTP IVVV PGI LGL GPWG YRY NG LDVW GQG TTVTVS S
IGHV6-1*01,SQ TLSLTCAI SGDSVSSN SAAWNWIRQ SPTRGL EWL GT TYYR S K WYNDY AVSVKSRIII NPDTSKN QFSLQLKS VTPEDT AVYYC ARTP IVVV PGI LGL GPWG YRY NG LDVW GQG TTVTVS S
IGHV6-1*01,SQ TLSLTCAI SGD TVSS TSSS WHWIR QSPSRGL EWL GG TYYR SK WY TDY AVSVRSRMTIN TDTSKN QVSLHL NSVT PEDM AVYFC ARA SIVIV PGPLGLGPWG YKY NG MEVW GPGT TVTVS S
IGHV6-1*01,QTPS LTLAIS GDS V SSSSAG W HWIR QSPSRGL EWL GG TYYRSK WSTDSAL SVKRRITI NPDTSKN QVSLHLN SVTPEDT AVYFCA RA SIVVV PGPLGLGPWG YKY NG MEVW GPGT TVTVS S
IGHV6-1*01,QT LSLTSAI SRDSPSSNSAASNS L RQFPSRGL EWL GS TYYR SKWHNDY AVSVTSRITI TPDTSKN QFSLHLTS VSPEDT AVYYCAR ADEEVGA TTAFD YWGQG TLVTV S
IGHV6-1*01,S LTLSLTCAI SGDS VS SSSSS WHWIR QSPSRGL EWL GG TYYR S K WYTDY AVSVRSRITI NPDTSKN QFSLHL NSVTPEDT AVYYC AGA SIVVV PGPLGLGPWG YKY NGM GVW GPGT TVTVS S
IGHV6-1*01,SQT LSRTCAI SGD TVS STSSS WHWIR QSPSRGL EWL GG TYYR SK WY TDY AVSVRSRMTIN TDTSKN QVSLHL NSVTPEDT AVYFCA RA SIVIV PGPLGLGPWG YKY NG MEVW GPGT TVTVS S
IGHV6-1*01,Q VQLLQ SGPGLVKPSQ TLSLTCAI SGDS V SSS SAAWNWIR QSPSRGL EWL G RTYYR SKWYNDY AVSVKSRITI DPDTSEN RFSLHL NSVTPEDT AVYFCA RGDS TMEFYYYYMD VWGKG TTVTVS S
IGHV6-1*01,S LTCAIS GD TVS STSSS WHWIR QSPSRGL EWL GG TYYR SK W YTDY AVSVRSRMTIN TDTSKN QVSLHL NSVTPEDT AVYFCA RA SIVIV PGPLGLGPWG YKY NG MEVW GPGT TVTVS S
IGHV6-1*01,QT LSLTCAI SGDS VS SNSGG WHWIRQ SPSRGL EWL GGTNYRSKWHTDY AVSVKSRITI NPDTSKN QFSLQLN SVT PEDA AVYYC ARA SIVIV PGPLGLGPWG YKY NG MDV WGPGT TVTVS S
IGHV6-1*01,SQ TLSLTCDI SGDSVSSNSA TWNWVR QSPSRGL EW LGR TYYRSRW YDDYATSLQ GRVAIKA DTSKN QFSLQLYFV TPEDT AVYYCA RRRSLSRT Y SG MSVW GQG TTVIV S
IGHV6-1*01,L SLTCAIS GDSVSSN SAAWNWIRQ SPSRGL EWL G RTYYR SKWYNDY AVSVKSRITI NPDTSKN QFSLQLN SVTPEDT AVYYCA RGRGGYSDYWGQG TLVTVS S
IGHV6-1*01,SQ TLSLTCAI SGDSVSSN SAAWNWIRQ SPSRGL EWL G RTYYR SKWYNDY AVSVKSRITI NPDTSKN QFSLQL NSVTPEDT AVYYCA RGIYDPPY YYYYYGMDV WGHG TTVTVS S
IGHV6-1*01,SQ TLSLTCAI SGDS VS SSSSS WHWIR QSPSRGL EWL GG TYYR S K WYTDY AVSVRSRITI NPDTSKN QFSLHL NSVTPEDT AVYYC AGA SIVVV PGPLGLGPWG YKY NGM GVW GPGT TVT GSS
IGHV6-1*01,SQ TLSLTCAIS GDSVSNNGA SWHWIR QSPSRGL EWL G RTYYRS TWSSDY AVSLQSRITIN SDTSQN QFSLQLTS LTPGDT AMYYCS RTS IGVV PG IL GLGPW KYYSYA MDGWGKETTDT V SS
IGHV6-1*01,QTRPLT GAIFC DTDSSTSS SWLLLR QSPSRGL EWL GG TYYRSTWY TD YAVSVK G RMTIN TDTSKN QVSLHLN SVTPEDT A AYCCARASIVR VPGPLGLGPWG Y KDNG MEVW GPGT TITVS S
IGHV6-1*01,SQ TLSLTCAV SGD TVSS TTAS W NWIR QSPSRGL EWL GG TFFR SQWSTDY AVSVKSRITI NPDTSKN QFSLQLN SVTPEDT AVYYCARASITIV PGPLGLGPWG YKF KG MDV WGQG TTVTVS S
IGHV6-1*01,SQ TLSLTCAI SGDSVPSSSSS WHWIR QSPSRGL EWL GG TYYRSK RYTDSA VSVRSRITI NPDTSKN QFSLHL NSVTPEDT AVYYC AGA SIVVV PGPLGLGPWG YKY NGM GVW GPGT TVTVS S
IGHV6-1*01,SQ TLSLTCAI SGDSVSSN SAAWNWIRQ SPSRGL EWL GT TYYR S K WYNDY AVSVKSRIII NPDTSKN QFSLQLKS VTPEDT AVYYC ARTP IVVV PGI LGL GPWG YRY NG LDVW GQG TTVTVS S
IGHV6-1*01,SQTLP LTCVIS GDSVSSHSAG WNWIR QSPSRGL EWL G RTYYR SKWYTDY SVSVRSRMTI NPDTSKN QFSLQLNS VIPEDT AVYYCA RDVE S I WGSNLEGFDPWGQG TLVTVS S
IGHV6-1*01,SQ TLSLTCAI SGDSVSSN SAAWNWIRQ SPSRGL EWL G RTYYR SKWYNDY AVSVKSRITI NPDTSKN QFSLQL NSVTPEDT AVYYCA RSGYDNPFPL WGYYYYYY G MDV WGQG TTVTVS S
IGHV6-1*01,SQ TLSLTCDI SGDSVSSN SAAWNWIRQ SPSRGL EWL G RTYYR SKWYNDY AVSVKSRITI NPDTSKN HFSLQL NSVTPEDT AVYYCA RDPGPHGY SWYYFD YWGQG TLVTVS S
IGHV6-1*01,T LSLTCAI SGDSVSSN SAAWNWIRQ SPSRG L EWL GR TYYR SKWYNDF ALSVKSRITI NPDTSKN QFSLQL NSVT PEDTAVYYCAREVRTKIRDYFDYW GQG TLVTV SS
IGHV6-1*01,QTLSPPC AI SGDS VT SSSSS WHWIRQ SPPGGL EWL GGT HY SSKCST YSAVSVSSRITI NPDTTKN QFSLHL NSVTPEE TAVYYC AGA SIVVV PGPLGLGPWG YKY NGRG VW GPGT TVTV S
IGHV6-1*01,VQ LLQ SGPGLVKPPQ TLSLTCAI SGDSVPRS SAAWNWIR QSPSRGL EWL G RTYYRSKW YNDHAA SVKSRITI NPDTAKN QFSLQLRS VTPEDT AVYYCAR DRRGE VVD GGN WF DPWGQG TLVTV SS
IGHV6-1*01,SQ TLSLTCAI SGDS VS SSSSS WHWIR QSPSRGL EWL GG TYYR S K WYTDY AVSVRSRITI NPDTSKN QFSLHL NSVTPEDT AVYYC AGA SIVVV PGPLGLGPW VYKYHCVGVW GPGPP VTV SS
IGHV6-1*01,QT LSLTCAI SGDSVSSN SAVWHWIRQ SPSRGL EWL GRTSYRSKWNYD YAVSVKSRITI SPDTSKN QFSLELTSV TPDDT AVYYCA RGAN YAMGVW GQG TTVTVS S
IGHV6-1*01,SH TLSLTCAI SGDSVSSN SAAWNWIRQ SPSRGL EWL G RTYYR SKWYNDY AVSVKSRITI NPDTSKN QFSLQL NSVTPEDT AVYYCA REGD AFDIW GQG TMVTVS S
IGHV6-1*01,SQ TLSLTCAI SGDSVSSN SAAWNWIRQ SPSRG LE WL GRTH Y RSKW Y NDYATS VKSRITI NPATSKN QFSLQM NSVT PEDTAVYYCAREYILSWQHLVGV F DYWGQGTP VTV SS
IGHV6-1*01,QA LSLTCAIS GDS VS SSSSS WHWIR QSPSRGL EWL GG TYYR SK W YTDY AVSVKSRLTI NPDTSKN QFSLHL NSAAPEDT AVYYCA RA SIVIV PGPLGLGPWG YKY NG MEVW GPGT TVTVS S
IGHV6-1*01,L SLTCAIS GDNIGSSS ASWNWIRQ SPSRGL EW LGGTNFRS EWY AGGPKWYPDYAPSVK SRITIN ADTSKN QLSLQLN SVSPEDT AVYYCA RA SVVVV PGPLGLGPWG YKFKAIQVW GLGT TVTVS S
IGHV6-1*01,SQ TLSLTCAI SGDSVSSN SAAWNWIRQ SPSRG LEWL GR TFY RSKLYHD YAVCVKSLI TNKPDTSKN KFSLQL NSVPPEDT AVYFCA RDSAIGLD A LDI WGQG TMVTVS S
IGHV6-1*01,SH TLSLTCAI SGDSVSSN SATWNWIRQ SPSRGL EWL GR TYYR SKWYHDY AVSVKSRITI NPDTSKN QFSLQL NSVTPEDTA TYYCARTIAVAV DPSYDSWGQ GTLVTVS S
IGHV6-1*01,SH TLSLTCAI SGDS VS SSRSS WHWIR KSPSRGL EWL GG TYYR S K WYTDY AVSVRSRITI NPDTSKN QFSLHL NSVTPEDT AVYYC AGA SIVVV PGPLGLGPWG YKY NGM GVW GPGT TVTVS S
IGHV6-1*01,FSLTSPISGDRFSSNRA AWNW LRPSPSRGL EWL G TTYYR SKWYNDY AVSVKSRIIIN TDTSKN QFSLQLKS VTPEDT AVYYC ARTP IVVV PGI LGL GPWG YRY NG LDVW GQG TTVTVS S
IGHV6-1*01,T LSLTCAI SGDS VS SSSSS WHWIR QSPSRGL EWL GG TYYR S K WYTDY AVSVRSRITI NPDTSKN QFSLHL NSVTPEDT AVYYC AGA SIVVV PGPLGLGPWGYKSNAM GVW APGT TVSV CS
IGHV6-1*01,SQTR SLTCAI SGDS VS SSSSS WHWIR QSPSRGL EWL GG TYYR S K WYTDY AVSVRSRITI NPDKSKN QFSLHL NSVTPEDT AVYYC AGA SIVVV PGPLGLGPWG YKY NGM GVW GPGT TVTVS S
IGHV6-1*01,QT LSLTCAI SGE SVS SSSAG WHWIR QSPSRGL EWL GG TYYR S KWY TDYAAS VKSRITI NPDPSKN QVSLHL NSVTPEDT AVYYCA RA SIVIV PGPLGLGPWG YKY NG MEVW GPGT TVTVS S
IGHV6-1*01,SQ TLSLTCAI SGDSVSSN SAAWNWIRQ SPSRG LE W L GR TYYR SK W INE YAPSMK GRITI SPDTSKN QFSLHLQA MTPEDT GVYYCA NDEAD VTLAVYFEY WGQG TLVTVS S
IGHV6-1*01,SQ TLSLTCAI SGDSVSSN SAAWNWIRQ SPSRGL EWL G RTYYR SKWYNDY AVSVKSRITI NPDTSKN QFSLQL NSVTPEDT AVYYCA RD FIYY DSSGY Y KPN YYYYGMDV WGQG TTVTVS S
IGHV6-1*01,SQ TLSLTCAI SGDS VF SNNA AWT W IR QSPSRGL EWL GR TYYR SK WY TDYAAS VKSRITI NPDPSKN QVSLHL NSVTPEDT AVYYCA RA SIVIV PGPLGLGPWG YKY NG MEVW GPGT TVTVS S
IGHV6-1*01,L SLTCAIS GDSVSSN SAAWNWIRQ SPSRGL EWL G RTYYR SKWYNDY AVSVKSRITI NPDTSKN QFSLQLN SVTPEDT AVYYC ARGWTNFDYWGQG TLVTV SS
IGHV6-1*01,SQ TLSLTCAI SGD TVSS TSSS WHWIR QSPSRGL EWL GG TYYR SK WY TDY AVSVRSRMTIN TDTSKN QVSLHL NSVTPEDT AVYFCA R AAIVIV PGPLGLGPWG YKY NG MEVW GPGT TVTVS S
IGHV6-1*01,SQ TLSLTCAI SGDSVSSN SVAWNWIR HSPSRGL EW LGR TYYRAQWY SDYAM SVKSRMIIN SDTSKN QFSLQL NSVTPEDS ALYFCA RSH ALVS AKHD VFHIW GQG TMVIVS S
IGHV6-1*01,LP LTCAIS GDSVSS NRAAWNWIRQ SPSRGL EWL GT TYYR SKWYNDY AVSVKSRIII NPDTSKN QFSLQLKS VTPEDT AVYYC ARTP IVVV PGI L GLGPWG YRY NG LDVW GQG TTVTVS S
IGHV6-1*01,QSPSLTPA IS WDSASSNSAA WS LPRQSPSTGL EWL GT TYYRSKW YNDRSKWYNDY AVSVKSRITL NPDTSKN QFSLHLNS VTPDDT GVYFCARASVVVV PGPLGLGPWGYNYRG LDVW GQG TTVTVS S
IGHV6-1*01,LS LTCAIS GDS VS SSSAG WHWIR QSPSRGL EWL GG TYYR SK W YTDY AVSVKSRITI NPDTSKN QFSLHL NSVTPEDT AVYYC AGA SIVVV PGPLGLGPWG YKY NGM GVW GPGT TVTVS S
IGHV6-1*01,SQ TLSLTCAI SGDSVSSN SAAWNWIRQ SPSRGL EWL G RTYYR SKWYNDY AVSVKSRITI NPDTSKN QFSLQLN SVTPEDT AVYYCARASYYYY DSSGY YSGYYYGMDV WGQG TTVTVS S
IGHV6-1*01,QT LSLTCAI SGDSVSSN SAAWNWIRQ SPPRGL EWL G RTYYR SKWYNDY AVSVKSRITI NPDTSKN QFSLQLN SVTPEDT AVYYCA RD FIYY DSSGY Y KPN YYYY G MDV WPRDHGHRLL
IGHV6-1*01,T LSLTFAF SGD TVS STTAS WNWIR QSPSRGL EWL GG TFFR SQWSTDY AVSVKSRITI NPDTSKN QFSLQLN SVTPEDT AVYYCA R ASITIV PGPLGLGPWG YKF KG MDV WGQG TTVTVS S
IGHV6-1*01,LSHSLTPAISRDSPSSN SAAWTLLR QSPSRG LAWL G TTYYR SKWYNDY AVSVKSRIII NPDTSKN QFSLQLKS VTPEDT AVYYC ARTP IVVV PGI LG LGPWG YRY NG LDVW GQG TTVTVS S
IGHV6-1*01,SQ TLSLTCA IPGD TVSS TSSS WHWIR QSPSRGL EWL GG TYYR SK WY TDY AVSVRSRMTIN TDTSKN QVSLHL NSVTPEDT AVYFCA RA SIVIV PGPLGLGPWG YKY NG MEVW GPGT TVTVS S
IGHV6-1*01,SQN LSLTCAI SGDS VS SSSSS WHWIR QSPSRGL EWL GG TYYR S K WYTDY AVSVRSRITI NPDTSKN QFSLHL NSVTPEDT AVYYC AGA SIVVV PGPLGLGPWG YKY NGM GVW GPGT TVTVS S
IGHV6-1*01,SQ TLSLTCAI SGDSVSSN SAAWNWIRQ SPSTGL EWL G RTYYR SKWYNDY AVSVKSRITI HPDTSKN QFSLQL NSVTPEDT AVYYCA RGAHAADSFDSWGQG TLVTA SS
IGHV6-1*01,SQ TLSLTCAI SGDS VS SSSSS WHWIR QSPSRGL EWL GG TYYR S K WYTDY AVSVRSRITI NPDTSKN QFSLHL NSVTPEDT AVYYC AGA SIVVV PGPLGLGPWG YKY NGM GVW GPGT TVTVA S
IGHV6-1*01,QIPSL TTAISW DSASSN SAAWNLLR QSPSRGL EWL GT TYYRAKW YNDY AVSVKSRIII NPDTSKN QFSLQLKS VTPEDT AVYYC ARTP IVVV PGI LGL GPWG YRY NG LDVW GQG TTVTVS S
IGHV6-1*01,SQ TLSLTCAI SGDS VS SSSSS WHWIR QSPSRGL EWL GG TYYR S K WYTDY AVSVRSRITI NPDTSKN QFSLHLN SVTPDDT AVYFCARS WGPRGVDGELPLDYWGHG TLVTVS S
IGHV6-1*01,SQ TLSLTCAI SGDSVSS KSSAWNWIRQ SPSRGF EW LGR TYYRSR WYNDY AVAVKSRITVR PDTAKN QVSLQLDS VIPEDT AVYYCAR VPGFHTRGD VADA FDI WGQG TMVTV SS
IGHV6-1*01,SQ TLSLTCAI SGDSVSSN SAAWNWIRQ SPSRGL EWLVRTYY RSKSYNDY AVSVKSRITI NPETSKN QFSLQL NSVTPEDT AVYYCA RQSSS WLFD YWGQG TLVTVS S
IGHV6-1*01,SPT LSLTCAI SGDSFSS NTAAWNLLRQ SPSRGL EWL G RTYYR SKWYNDY AVSVKSRITI NPDTSKN QFSLQL NSVTPEDT AVYYC ARGWTNFDYWGQG TLVTVS S
IGHV6-1*01,QT LSLTFAIS GDSCSS NSAAWNWLRQ SPSRGL EWL GT TYYR SKWYNDY AVSVKSRIII NPDTSKN QFSLQLKS VTPEDT AVYYC ARTP IVVV PGI L GLGPWG YRY NG LDVW GQG TTVTVS S
IGHV6-1*01,SQ TLSLTCAI SGDSVPNKNAA WNWIRL SPSRGL EWLGRTLH RSKWDNDY ALSVKSRITI NPDTSKN QFTLQLN SVTPEDTA SYYC AGG IWRLGL DSWGQG TLVT DSS
IGHV6-1*01,T LSLTCAI SGDS VS SSSSS WHWIR QSPSRGL EWL GG TYYR S K WYTDY AVSVRSRITI NPDTSKN QFSLHL NSVTPEDT AVYYC AGA SIVVV PGPLGLGPWG YKY DGM GVW GPGT TVTVS S
IGHV6-1*01,SQ TLSLTCAI SGDSVSGN SAAWNWIRQ SPSRGL EWL G RTYY NS KWIYD YAPSV KSRITI NPDTSKN QFSLQL NSVTPEDT AVYYC ARG FVYAGF NQWGQ GILVTVS S
IGHV6-1*01,SQ TLSLTCSI SGD RVS SSSSG WHWIRQ SPSRGL EWL GG TYYR SKWYTD YSVSV NG RITV NPDTSKN QFSLHL NSVTPEDT AVYYCA RA SIVVV PGPLGLGQ WGYKY NG MEVW GPGT TVTVS S
IGHV6-1*01,SH TLSLICAI SGESVSSSSAG WHWIR QSPSRGL EWL GG TYYR S KWY TDYAAS VKSRITI NPDPSKN QVSLHL NSVTPEDT AVYYCA RA SIVIV PGPLGLGP WRYKY NG MEVW GPGT TVTVS S
IGHV6-1*01,SQ TLSLTCAI SGD TVS SSSAG WHWIR QSPSRGL EWL GG TYYR S K WYTDY AVSVKRRITI NPDTTKN QVSLHL NSVTPEDT AVYYCA RA SIVIV PGPLGLGPWG YKYIGMGVW GPGT TVTVS S
IGHV6-1*01,SQ TLSLTCAI SGDSVS SKSAAWNWIRQ SPSRGL EWL G RTYYR SKWYNDY AVSVKSRISI NPDTSKN QFSLQLN SVTPEDT AVYYCARFVL RPAAPADDYWGQ GTLVTV SS
IGHV6-1*01,SQ TLSLNCAI SGDSVSSN SAAWNWIRQ SPSRGL EWL G TTYYR S K WYNDY AVSVKSRIII NPDTSKN QFSLQLKS VTPEDT AVYYC ARTP IVVV PGI LGL GPWG YRY NG LDVW GQG TTVTVS S
IGHV6-1*01,SQTR SLTCAI SGDSCSS NTAAWNLIRQ SPSRGL EWL G RTYYR SKWYNDY AVSVKSRITI NPDTSKN QFSLQL NSVTPEDT AVYYC ARGWTNFDYWGQG TLVTVS S
IGHV6-1*01,SQ TLSLTCAI SGDS V SRDGA AWSWIR QSPSTGL EWL G TTYYR SKWYTDY AVSVKSRISI NPDTSKN QFSLQLKS VTPEDT GVYFCARASIGVV PGPLGLGPWG YKYYGLDVW GPGT TVTVS S
IGHV6-1*01,SQ TLSLTCAI SGDSVSSN SAAWNWIRQ SPSRGL EWL GT TYYR SKWYNDY AVSV K SRIIINL DTSKN QFSLQLKS VTPEDT AVYYC ARTP IVVVTGIL GLGPWGY RY SG LDVW SQGT TVTVS S
IGHV6-1*01,T LSLTCAIY GDTVSSTTA SWNWIR QSPSRGL EWL GG TYFRSR WSSDYAES VKSRITI NPDTSKN QFSLQLNA VTPEDT AVYYCARASITVV PGPLGLGPWG YKF KG MDV WGQG TTVTVS S
IGHV6-1*01,SQ TLSLTCAI SGDSVSSN SAAWNWIRQ SPSRG LE WLRTTYYR SKWYNDY AVSVKSRIII NPDTSKN QFSLQLKS VTPEDT AVYYC ARTP IVVV PGI LG LGPWG YRY NG LDVW GQG TTVTVS S
IGHV6-1*01,T LSLTCAI SGDS VS SSSSS WHWIR QSPSRGL EW LGG TYYRFKWY TDY AVSVRSRITI NPDTSKN QFSLHL NSVTPEDT AVYYC AGA SIVVV PGPLGLGPWG YKY NGM GVW GPGT TVTVS S
IGHV6-1*01,T LFLTCFI SGDSVS R K T A SWNWIR QSPSRGL EWL GR TYYR SKWSAD YAVSLKGRITI NPDTSKN QVVLQLTS VTPEDT AIYYCA R HRGA FL DSWGLG TLVTV SS
IGHV6-1*01,QPL SLTCAI SGDSVSTN SAAWNWVRQ SPSRGL EWL G RTYYR SKWYNDY AVSVKSRITI NPDTSKN QFSLQLTS VTPEDT AVYYCA RDGFGGYDT AFDY WGQG TLVIVS S
IGHV6-1*01,FS LISAI SGDS V SSNTAA WNWI RPSPSRGL EWL G RTYYR SKWYNDY AVSVKSRITI NPDTSKN QFSLQLN SVTPEDT AVYYC ARGWTN F DYWGQG TLVTV SS
IGHV6-1*01,SQ TLSLIC GVSGDL LS ANTAG WNLIR QSPSRGL EWL G RTYYR SKWYSDY AVSVKSRITI NPDTSKN QFSLQLKS VAPDDT ALYFCAR DSSGWYSPGY Y DYWGQG SLVTVS S
IGHV6-1*01,SQ TLSLTCAI SGDSVSSNSAGW NWIR QSPSRGL EWL GG TYYR S KWY TDY AVSVKSRITIK PDTSKN QFSLHLN SVTPDDT AVYYCARASITIV PGPLGLGPWG YKY KG MEVW GPGT TVTVS S
IGHV6-1*01,TLSLP CAI SGDSVSSN SAAWNWIRQ SPSSGL EWL G TTYYR S K WYNDY AVSVKSRIII NPDTSKN QFSLQLKS VTPEDT AVYYC ARTP IVVV PGI LGL GPWG YRY NG LDVW GQG TTVTV S
IGHV6-1*01,T LSLTCAI SGD TVS STSSS WHWIR QSPSRGL EWL GG TYYR SK WY TDY AVSVRSRMTIN TDTSKN QVSLHL NSVTPEDT AVYFCA RA SIVIV PGPLGLGPWG YKY NG MEVW GPGNHGH R IL
IGHV6-1*01,SQ TLSLICAV SGDT V SSTPAS WNWIR QSPSRGL EWL GG TYFRSR WSTDY AVSVKSRITI NPDTSKN QFSLQLN SVTPEDT AVYYCARASITIV PGPLGLGPWG YKF KG MDV WGQG TTVTVS S
IGHV6-1*01,L SLTCAIS GDSVSRN SAAWSWIRQ SPSRGL EWL G RTYYR SKWYNDY AVSVKSRILI NPDTSKN QFSVQLN SVTPEDT AVYYCAR EESEG LLFDY WGQG TLVTVS S
IGHV6-1*01,T ISLTFAI SGDSVSSN SAAWNWIRQ SPSRGL EWL GT TYYR SKWYNDY AVSVKSRIII NPDTSKN QFSLQLKS VTPEDT AVYYC ARTP IVVV PGI LG LGPWG YRY NG LDVW GQG TTVTVS S
IGHV6-1*01,SQ TLSLTCAI SGDSVSSN SAAWNWIRQ SPSRGL EWL G RTYYR SKWYNDY AVSVKSRITI NPDTSKN QFSLQL NSVTPEDT AVYYCA RAPL RYFDWLFHY YGMDVWGQGT TVTVS S
IGHV6-1*01,T LSLTCAI SGDSVSSN SAAWNWIRQ SPSRGL EWL GT TYYR SKWYNDYA LSVKSRIII NPDTSKN QFSLQLKS VTPEDT AVYYC ARTP IVVV PGI LGL GPWG YRY NG LDVW GQG TLVTV SS
IGHV6-1*01,SQ TLSLTCAI SGDSVSSN SAAWNWIRQ SPSRGL EWL GT TYYR SKWYNDY AVSVKSRIII NPDTSKN QFSLQVKS VTPEDT AVYYC ARTP IVVV PGI LGL GPWG YRY NG LDVW GQG TAVTV SS
IGHV6-1*01,T LSLTCAI SGDSVSSNTAS WNWIR QSPSRGL EWL G RTYYR SKWGSDS TVSLKSRITISA DTSKN QFSLQLN SVTPEDT ALYYC A RGL TV AGAP SYWF DPWGQG TLVTV SS
IGHV6-1*01,LSPSLTPA IS WDSSSSN SAAWNWLRQ SPSRG L EWL G RTYYR SKWYNDY AVSVKSRITI NPDTSKN QFSLQLN SVTPEDT AVYYCA RGIYDPPY YYYYYGMDV WGQG TTVTVS S
IGHV6-1*01,SQ TLSLTCAI SGDSVS SNSVAWNWIRQ SPSRG LEWL GR T YSRSKW Y NDY AVSLKSRITI NPDTSKN QFSLQL NSVT PEDTAVYYCARGLLR QGMD VW GQG TTVTVS S
IGHV6-1*01,SH TLSLICA IPGDSVSSSSSS WHWIR QSPSRGL EWL GG TYYR SKWYTDY AVSVRSRITI NPDTSKN QFSLHL NSVTPEDT AVYYC AGA SIVVVT GPLGLGPGGYKDNGMGDWGPE TTVTA SS
IGHV6-1*01,SQ TLSLTCAI SGDS VS SSSSS WHWIR QSPSRGL EWL GG TYFRSR WSTDY AVSVKSRITI NPDTSKN QFSLQLN SVTPEDT AVYYCARASITIV PGPLGLGPWG YKF KG MDV WGQG TTVTVS S
IGHV6-1*01,QT LSLTCAI SGDS VS SSSSS WHWLR QSPSRGL EWL GG TYYR SK W YTDY AVSVRSRITI NPDTSKN QFSLHL NSVTPEDT AVYYC AGA SIVVV PGPLGLGPWG YKY NGM GVW GHG TLVTVS S
IGHV6-1*01,SQTPS LTCAI SGDS V SSSSSS WHWIR QSPSRGL EWL GG TYYR S K WYTDY AVSVRSRITI NPDTSKN QFSLHL NSVTPEDT AVYYC AGA SIVVV PGPLGLGPWG YKY NGM GVW GPGT TVTVS S
IGHV6-1*01,SQ TLSLTCTI SGD TVS SNSAG WHWIR QSPSRGL EWL GG TYYR S K WYTDY AVSVRSRITI NPDTSKN QFSLHL NSVTPEDT AVYYC AGA SIVVV PGPLGLGPWG YKY NGM GVW GPGT TVTVS S
IGHV6-1*01,SQ TLSLTC G V SGD FIS ANTAGW N WIR QSPSRGL EWL G RTYYR SKWYSDY TVSVKSRITI NPDTSKN QFSLQLKS VAPDDT ALYFCAR DSSGW Y SPGY Y DYWGQG SLVTVS S
IGHV6-1*01,SQ TLSLTCAI SGDS VS SSSA SWHWIR QSPSRGL EWL GG TYYR S K WYTDY AVSVKSRITI NPDTSKN QFSLHLN SVTPDDT AVYYCA RA SIVVV PGPLGLGPWG YKY NG MEVW GPGT TVTVS S
IGHV6-1*01,SQ TLSLTCAI SGDS VS SSSSS WHWIR QSPSRGRE WL GG TYYR SKWYTD YAVFVRSRITI HPDTTKN QFSLHL NSVTPEDT AVYYC AGS AIVVV PGPLGLGPWG YKY SGMGGWGPGT TVTVS S
IGHV6-1*01,SQ TLSLTCAI SGDSVSSDTAG WNWFR QSPSRGL EWL GR TFYR SKWSSDYAPAV KSRISITA DTSRN QFSLQL NSVTP E DT AVYYCARVLLL GRGM NV WGQG TTVTV SS
IGHV6-1*01,QT LSLTCAI SGD TVS STSGA WSWIR QSPSTGL EWL GT TYFR SKWFNDYAA SVKSRITI SPDTSKN QLSLQLKS VTPEDAG VYYCARASITVV PGPLGLGPWG Y NYRG LDV WGQG TTVTIS S
IGHV6-1*01,SQ TLSLTCAI SGDSVSSNTAS WNWIR QSPSRGL EWL GS TYYR SKWGSDS TVSLKSRITISA DTSKN QFSLQLN SVTPEDT AVYYC ARGL TV AGAPS YWF DPWGQG TLVTVS S
IGHV6-1*01,SQ TLSLTCAI SGDS VS SSSAG WHWIR QSPSRGL EWL GG TYYR S K WYTDY AVSVKSRITI NPDTSKN QFSLHL NSVTPEDT AVYYCA RA SIVVV PGPLGLGPWG YKY NRMEGWGPGT TVTV S
IGHV6-1*01,QRPS LTFAIS WDSFSSN SAAWNWLRQ SPSRGL EWL GT TYYR SKWYNDY AVSVKSRIII NPDTSKN QFSLQLKS VTPEDT AVYYC ARTP IVVV PGI L GLGPWG YRY NG LDVW GQG TTVTVS S
IGHV6-1*01,SQTR SLTCAI SGDSVSNN RAAWTWLRQ SPSRGL E WL GR TYYR SKWYNDYAES VKSRITI NPDTSKN QFSLQLHSVTV DDT AVYYCA RGAGDQPTN WF DRWGQG TLVTV SS
IGHV6-1*01,QRPSLTSA VS WDSFSSSSSSWP LL RQSPSRGL EW LGG TYYR SK W YTDY AVSVRSRITI NPDTSKN QFSLHL NSVTPEDT AVYYC AGA SIVVV PGPLGLGPWG YKY NGM GVW GPGT TVTVS S
IGHV6-1*01,SQ TLSLTCAI SGDSVSSN SAAWNWIRQ SPSRGL EWL G TTYYR S K WYNDY AVSVKSRIII NPDTSKN QFSLQLKS VTPEDT AVYYCA RTPT VVV PG ILGL GPGG YRY NG LDVW GQG TTVTVS S
IGHV6-1*01,LS LTCAIS GDS VS SSSSS WHWIR QSPSRGL EWL GG TYYR SK W YTDY AVSVRSRITI NPDTSKN QFSLHL NSVTPEDT AVYYC AGAP IVVV PGPLGLGPWG YKY SGMGDWGPGT TVTVS S
IGHV6-1*01,QS LSLTCAI SGDSVSSN SAAWNWIRQ SPSRGL EWL G TTYYR SKWYNDY AVSVKSRIII NPDTSKN QFSLQLKS VTPEDT AVYYC ARTP IVVV PGI LGL GPWG YRY NG LDVW GQG TTVTVS S
IGHV6-1*01,SQ TLSLTCAI SGDS V SSSSSS WHWIR QSPSRGL EWL GG TYYR S K WYTDY AVSVRSRITI NPDTSKN QFSLHL NSVTPEDT AVYYC AGA SIVVV PGPLGLGPWG YRYYGMAVWGLETTVTV SS
IGHV6-1*01,SH TLSLTCAI AGDS VS SSSSS WHWIR QSPSRGL EWL GG TYYS SKWYTDY AVSVKSRLTI NPDTSKH QFSLHL NSVAPEDT AVYYCA RA SIVIV PGPLGLGPGG YKY KG MEVW GPGT TVTVS S
IGHV6-1*01,SQ TLSLTCAI SGDSVPSN SAAWNWIRQ SPSRGL EW LGR TYYRSTW YNDY AVSVKSRITI NPDTSKN QFSLQLN SVTPEDT AVYYCA REGIGQ QQLVS SR YYYYY G MDV WGQG TTVTVS S
IGHV6-1*01,SQ TLSLTGAISW DSCSSSSSS WHWIR QSPSRGL EWL GG TYYR S K WYTDY AVSVRSRITI NPDTSKN QFSLHL NSVTPEDT AVYYC AGA SIVVV PGPLGLGPWG YKY NGM GVW GPGT TVTVS S
IGHV6-1*01,SQ TLSLTCDI SGDSVSSN SAAWNWIRQ SPSTGL EWL G RTYYR SKWYNDY AVSVKSRITI NPDTSKN QFSLQLN SVTPEDT AVYYCVR SSTDT AMVT GGNW F DPWGQG TLVT VPS
IGHV6-1*01,QV QLQQ SGPG LVR TSQ TLSLTCVIS GDSVSTN TAAWNWIR QSPSRGL EWL G RTYYR SKWYND YAVSVQGRITI NPDTSKN RFSLQLKS VTPDDT AVYYCVR D SLVV GPPAD FYYYYGMDV WGQG TTVTVS S
IGHV6-1*01,SQ TLSLTCA IPGDSVSSN SAAWNWIRQ SPSRGL EWL GT TYYR SKWYNDY AVSVKSRIII NPDTSKN QFSLQLKS VTPEDT AVYYC ARTP IVVV PGI LGL GPWG Y RHNG LDVW GQG TTVTVS S
IGHV6-1*01,SQ TLSLTCAI SGDS VS SSSSS WHWIR QSPSRGL EWL GG TYYR S K WYTDY AVSVRSRITI NPDTSKN QFSLHL NSVTPEDT AVYYCAVASIVVV PGPLGLGPWGYKDNG IGVW GPGT TVTVS S
IGHV6-1*01,RT LSLTCAI SGDS VS SSSSS WHWIR QSPSRGL EWL GG TYYR SK W YTDY AVSVRSRITI NPDTSKN QFSLHL NSVTPEDT AVYYC AGA SIVVV PGPLGLGPWG YKY NGM GVW GPGT TVTVS S
IGHV6-1*01,SQ TLSLTCAI SGDSVSSN NAAWNWIRQ SPSRGL EWL G RTYYR SKWYNDY AVSVKSRITI NPDTSKN QFSLQL NSVTPEDT AVYYCA RGSSSW TYGMDV WGQG TTVTVS S
IGHV6-1*01,SQ TLSLTCAI SGDSVSSD SAAWNWIRQ SPSRGL EWLGWTYYR SKWYNDY AISVKSRITI NPDTSKN QFSLQL NSVTPEDT AVYYCA KGE L DLGA YYD FWSGGLT RHYYYYGMDV WGQG TTVTVS S
IGHV6-1*01,SQ TLSLTCAI SGDSVSSN SAAWNWIRQ SPSRGL EWL GT TYYR S K WYNDY AVSVKSRIII NPDTSKN QFSLQLKS VTPEDT AVYYC ARTP IVVV PGI L GLGPWG YC YNG LDV WGQG TTVTVS S
IGHV6-1*01,QT LSLTCAI SGDS VS SSSGS WHWIRQ SPSRG LAWL GG TYYR SKWSTDY AVSVKSRITI SPDTSKN QFSLQLN SVTPEDT AVYFCARASITVV PGPLGLGPWG YKY KG MDV WGQG TTVTVS S
IGHV6-1*01,QPLS LTS AISGDSVSSN SAAWNWIRQ SPSRGL EWL GT TYYR SKWYNDY AVSVKSRIII NPDTSKN QFSLQLKS VTPEDT AVYYC ARTP IVVV PGI LGL GPWG YRY NG LDVW GQG TTVTVS S
IGHV6-1*01,T LSLTCDI SGDSVSSTST TWNWIR QSPSRGL EW LGR TYYRIKWY DDYGDS VKSRISV NPDISKN QFSLRLHS VTPEDT AVYYCA RGAPTDS FDIW GQG TLVTVS S
IGHV6-1*01,SQ TLSLTCVIS GDSVSRNTAS WNWIR QSPSRGL EWL G RTYYR SKWSAD YAVSLKGRITI NPDTSKN QVVLQLTS VTPEDT AIYYCA RHRGA FL DSWGLG TLVTV SS
IGHV6-1*01,SQ TLSLTCAI SGDS VSA HSGGW NWIRL SPSRGL EWL G RTYYT SKWYNDY AISVRSRIII NPDTSKN QFSLQL NSVTPEDT AVYYCA RDHYTTGNPDSDA FDIW GQG TMVTVS S
IGHV6-1*01,SQ TLSLTCAI SG EIVS SSSAG WHWIRQ SPARGL EWL GG TYYR SKWFTDY ALSVKSRLTI SPDTSKN QFSLQLNS VTSEDT AVYYCARASITIV PGPLGLGPWG YKY NG MEVW GQG TTVTVS S
IGHV6-1*01,RKRSLPDAISRDSTSSPSA AWTL HRPSPTRGL EWL G RTYYRSKL YNDSS ISVKSRITI NPDTSK TQFSLQLN SVT PEDTAVYYCARMLLLYFDHAF DYWGQG TLVTVS S
IGHV6-1*01,SQ TLSLTCAI SGDSVSSN SAAWNWIRQ SPSRGL EWL G RTYYR SKWYNDY AVSVKSRITI NPDTSKN QFSLQL NSVTPEDT AVYYCA TDSYDFWSGSPI YGMDV WGQG TTVTVS S
IGHV6-1*01,SQ TLSLTCAI SGDSVSSSRSS WHWIR QYPSRGL EW LGG TYYR S K WYTDY AVSVRSRITI NPDTSKN QFSLHL NSVTPEDT AVYYC AGA SIVVV PGPLGLGPWG YKY NGM GVW GPGT TVTVS S
IGHV6-1*01,QT LSLTCAIS GDS VS SSSSS WHCIMQ SPSRGL EWL GG TYYR SK W YTDY AVSVRSRITI NPDTSKN QFSLHL NSVTPEDT AVYYC AGA SIVVV PGPLGLGPWG YKY NGM GVW GPGT TVTVS S
IGHV6-1*01,SH TLSLTCAI SGDS VS SSSSS WHWIR QSPSRGL EWL GG TYFR SKWYTDY AVSVKSRITI NPDTSKN QVSLHL NSVTPEDT AVFYC ARA SIVIV PGPLGLGPWG YKYIGMEVW GPGT TVTVS S
IGHV6-1*01,SH TLSLTCAI SGDSVSSN SAAWNWIRQ SPSRGL EWL GT TYYR S K WYNDY AVSVKSRIII NPDTSKN QFSLQLKS VTPEDT AVYYC ARTP IVVV PGI LGL GPWG YRY NG LDVWS QGT TVTVS S
IGHV6-1*01,SQ TLSLTCAI SGDS VS SSSSS WHW NRQSPSRGL EW LGG TYYR S K WYTDY AVSVRSRITI NPDTSKN QFSLHL NSVTPEDT AVYYC AGA SIVVV PGPLGLGPWG YKY NGM GVW GPGT TVTVS S
IGHV6-1*01,SQ TLSLTCD ISGDS VSSSLAAWNWIRQ SPSRGL EWL GR TYY RSK WYY DY ALSVQSRITI NPDTSKD QFSLQL NSVTPEDT AVYFCA RDVS AR FHQ WGQG TLVTV SS
IGHV6-1*01,SQ TLSLTCAI SGDSVSSN SAAWNWIRQ SPSRGL EWL GT TYYR SKWYNDY AVSVKSRIII NPDTSKN QFSLQLKS VTPEDT AVYYR ARTP IVVV PGI LGL GPVG Y RPNGLGGWGQG TTVTVS S
IGHV6-1*01,SQ TLSLTCVIS GDSVSTNRG AWNWIR QSPSRGL EW LGR TYYRSEWFFD YASSVK SRIAIKA DTSTN QLALQLKS VTPEDT AVYYCA RDRETNN TWFAGF DSWGQ GILVP VSS
IGHV6-1*01,QS LSLTCAI SGDSVSSN SAAWNWIRQ SPSRGHEWLGT TYYRSKL YNDYAGSAKSR K ITNPDTSKNQFSPQLKSVTPEDT AVYYC ARTP VVV GPG ILGL GPWG YRY NG LDVW GQG TAVTVS S
IGHV6-1*01,S LTCAIS GDSVSSN SAAWNWIRQ SPSRGL EWL G TTYYR S K WYNDY AVSVKSRIII NPDTSKN QFSLQLKS VTPEDT AVYYC ARTP IVVV PGI LG LGPWG YH YNG LDVW GQG TTVTVS S
IGHV6-1*01,SQ TLSLTCAI SGDT VS SSS ATWNWIR QSPSRGL EW LGKTHYRSK WYSVY ADSV KSRITI DPDTSKN QFSLQMTS VTPEDT ALYFCT RGGADG FVSW GQ GILVTV SS
IGHV6-1*01,SQ TLSLTCAI SGDSVSSN SAAWNWIRQ SPSRGL EWL G RTYYR SKWYNDY AVSVKSRITI NPDTSKN QFSLQL NSVTPEDT AVYYCA R E E LR Y FD WLDY YYYYY GM D VWGQGT TVTV SS
IGHV6-1*01,QT LSLTCAI SGDS VS SSSSS WHWIR QSPSRGL EWL GG TYYR SK W YTDY AVSVKSRITI NPDTSKN QFSLHM NSVTPEDT AVYYC AGA SIVVV PGPLGLGPWG YKY NG MEVW GPGT TVTVA S
IGHV6-1*01,QT LSLTCAI SGDSVSSNG AAWNWVRQ SPSRGL EWL G RTYYR SKWYNDY AVSVKSRITI NPDTSKN QFSLQLN SVT PEDTAVYYCARALRQ NGW YAHWF DPWGQG TLVAVS S
IGHV6-1*01,SQTPS LTCAI SGDSVSSN SVAWNWIRQ SPSRGL EWL GR TYY RSEWS YAYAVS LKS RITITS DTSKN QLSLHLN SVTPDDT AVYYCARE YSGS RLDFW GQG TLVTVS S
IGHV6-1*01,SQ TLSLTCAI SGDSVSSN SAAWNWIRQ SPSRGL EWL G TTYYR S K WYNDY AVSVKSRIII NPDTSKN QFSLQLKS VTPEDT AVYYC ARTP IVVV PG ILVL GRGGYGYNGLEGWGEGT TVTVS S
IGHV6-1*01,QTPSLTPAISRDSVSS TTAAWNWIRQ SPSRG LE WL GR TYH RSKWYNDY AVSVKSRITI NPDTSKN QFSLQVN SVTPEDT AVYYCA RDQQ L RGEGM DV WGQG TTVTVS S
IGHV6-1*01,SQ TLSLTCAI SGDSVSSN SAAWNWIRQ SPSRGL EWL G RTYYR SKWYNDY AVSVKSRITI NPDTSKN QFSLQL NSVTPEDT AVYYCA RSSIAARPYKRHGM DV WGQG TTVTVS S
IGHV6-1*01,SQTR SLTSVISW DSASST SVTWNLLR RSPSRGL EWL G RTYF NRK W YTDY AVSVRSRITVT PDTSKN QVSLHLN SVTPDDS AVYYCS RLKNWGSYFDTWGQG TLVT V
IGHV6-1*01,SQ TLSLTCAI SGDSVSSNSAS WNWIR QSPSRGL EW LGG TYYR S KWY TDY AVSLRSRITIT PDTSKN QFSLQL NSVTPEDT AVYYCA RA SIVVV PGPLGLGPWG YKY NGMEGWGQG TTVTVS S
IGHV6-1*01,QT LSLTCAI SGD TVS SASSS WHWIR QSPSRGL EWL GG TYYR SK W YTDY AVSVKSRMTIN TDTSKN QVSLHLN SVTPEDT AVYFCA RA SIVIV PGPLGLGPWG YRY NG MEVW GPGT TVTVS S
IGHV6-1*01,SQ TLSLTCAI SGD TVSS TSSS WHWIR QSPSRGL EWL GG TYYR SKWYTD YVVSVRSRMTIN TDTSKN QVSLHL NSVTPEDT AVYFCA RA SIVIV PGPLGLGPWG YKY NG MEVW GPGT TVTVS S
IGHV6-1*01,L SLTCAIS GGSVSS NSAAWNWIRQ SPSRG LEWL GR TYY RSKWYNEY A ES V KSRITI NPDTSRN QFSLQLK SVTPEDT AVYFC ARAP IVVV PGPLGLGPWG FKY NG MDV WGQG TTVTVS S
IGHV6-1*01,LIPSLTSAISGDSVSSN NAAWNWIRQ SPSRG LE W LGR TYFRAKWYT EYAGS VNSRLTI NPDTSKN QISLQL NSVTPEDT AVYYC AKDR SIFWL GEGKNPFHPWGQG TLVTVS S
IGHV6-1*01,QT LSLTCAV SGD TVSS TTAS WNWIR QSPSRGL EWL GG TYFRS RWSTDY AVSVKSRITI NPDTSKN QFSLQLN SVTPEDT AVYYCARASITIV PGPLGLGPWG YKF KG MDVW SQGT TVTVS S
IGHV6-1*01,SQ TLSLTCAI SGDSVSSN SAAWNWIRQ SPSRGL EWL GT TYYR S K WYNDY AVSVKSRIII NPDTSKN QFSLQLKS VTPEDT AVYYC ARTP IVVV PGMLGLGPWG Y RHNG LDVW GQG TTVTVS S
IGHV6-1*01,L SVTCS IPGDSVSSN TAAWNWIRQ SPSRGL EWL G RTYYR SKWYNDY AVSVKSRITI NPDTSKN QFSLQLN SVTPEDT AVYYC ARGWTNFDYWGQG TLVTV SS
IGHV6-1*01,SQ TLSLTCAV SGD TVS SSSAS WNWIR QSPSRGL EWL GG TYFRSR WSTDYA LSVKSLITI NPDTSKN QFSLQLNS VTAEDT AVYYCARASITVV PGPLGLGPWG YKF KG MDV WGQG TTVTVS S
IGHV6-1*01,SQ TLSLTCAI SGDSVS STSAAWNWIRQ SPSRGL EWL GT TYYR SKWYNDY AVSVKSRIII NPDTSKN QFSLQLKS VTPEDT AVYYC AGA SIVVV PGALG L GPRGY KY NGMG VW GP VTTVTV SS
IGHV6-1*01,SNWHSHYANS VRSRITIR PDTSRN QFSLQVNS VTPEDT AVYYCA RGD TAF VPS FFD LWGQG TLVTV SS
IGHV6-1*01,SQ TLSLTCAI SGDS VS SSSGS WHWMRL SPSRGL EWL GG TYYRSR WSTDY AVSVKSRLTI RPDTSKN QFSLQLN SVTPEDT AVYFCARASITVV PGPLGLGPWG YKF KG MDV WGQG TTVTVS S
IGHV6-1*01,SQ TLSLTCAI SGD TVSS TSSS WHWIR QSPSRGL EWL GG TYYR SK WY TDY AVSVKSRMTIN TDTSKN QVSLHL NSVTPEDT AVYFCA RA SIVIV PGPLGLGPGG YKY NG MEVW GPGT TVTVS S
IGHV6-1*01,QT LSLTCAI SGDS VS SSSSS WHWIR QSPSRGL EWL GG TYYR SK W YTDY AVSVRSRITI NPDTSKHP FSLHL NSVTPEDT AVYYC AGA SIVVV PGPLGLGPWG YKY NGM GVW GPGT TVTVS S
IGHV6-1*01,T LSLTCAI SGES VASRASWNWIRQ SPSGG LEWL GR TYY RSKW YSDYAQ SFQG RINISS DISKNQ FSLQLK SVT PEDAA VYFC ARDVQQWL GID YLGLDVW GHGT TVTVS S
IGHV6-1*01,SQ TLSLTCAI SGDSVS SKSAVWNWIRQ SPSRGL EWL G RTYYR SKWSND YAISVKSRITI NPDTSKN QFSLHLNA VTPEDT AVYYCA R SAGLT RRYWYFD LWGRG TLVTVS S
IGHV6-1*01,QTPS LTCT IPGDSFSSN SAAWTLLR QSPSRGL EWL GT TYYR SKWYNDY AVSVKSRIII NPDTSKN QFSLQLKS VTPEDT AVYYC ARTP IVVV PGI LG LGPWG YRY NG LDVW GQG TTVTVS S
IGHV6-1*01,SQ TLSLTCAIS GDSVSGSSGS WHWIR QSPSRGL EWL GG TYYR S K WYTDY AVSVKSRITI NPDTSKN QVSLHLKS VSPEDT AVYYCA RA SIVVV PGPLGLGPWG YKY NG MDV WGPGT TVTVS S
IGHV6-1*01,SQ TLSLTCAI SGDSVSSN SAAWNWIRQ SPSRGL EWL G RTYYR SKWYNDY AVSVKSRITI NPDTSKN QFSLQL NSVTPEDT AVYYCA ASRG IAVA GPFDYWGQG TLVTV SS
IGHV6-1*01,QV QLQQ SGPGLVKPSQ TLSLTCAI SGDS V SKSGA W NWIR QSPSRGL EWL G RTYYK SKWYNEY AVSVKSRITI NPDTSK HQFSLQLTS VTPEDT AVYYCA RGW F ASGLG L WGQG TLVTV SS
IGHV6-1*01,QV QLQQ SGPGLVKPSQ TLSVTCVIS GDSVSSS S VA WNWIR QSPSRGL EWL G RTYYT SKWNTDY AVSVKARITIR PDTSRN QFSLQLNS VTPDDT AVYYCA RGFPPDVHGA HFDFW GQG TLVT VPS
IGHV6-1*01,SQ TLSLTFAIS RDSVSSSSSS WHLLR QSPSRGL EWL GG TYYR S K WYTDY AVSVSSRITI NPDTSKN QFSLHL NSVTPEDT AVYYC AGA SIVVV PGPLGLGPWG YKY NGM GVW GPGT TVTVS S
IGHV6-1*01,SQ TLSLTCAI SGDSVPSSRGSWPW IR QSPSRGL EW LGG TYYR S K WYTDY AVSVKSRITI NPDTSKN QVALHLKS VSPEDT AVYYCA RA SIVVV PGPLGLGQ WGYKY NG MDV WGPGT TVTVS S
IGHV6-1*01,SQ TLSLTCSI SGDSVSSN SAAWNWIRQ SPSRGL EWL GT TYYR SKWYNDY AVSVKSRIII NPDTSKN QFSLQLKS VTPEDT AVYYC ARTP IVVV PGI LG LGPWG YRY NG LD VGGQG TTVTVS S
IGHV6-1*01,SQTPSL TS AISGDS VS SSSSS WHWIR QSPSRGL EWL GG TYYR S K WYTDY AVSVRSRITI NPDTSKN QFSLHL NSVTPEDT AVYYC AGA SIVVV PGPLGLGPWG YKY NGM GVW GPGT TVTVS S
IGHV6-1*01,SQ TLSLTCAI SGDS VS SSSSS WHWIR QSPSRGL EWL GG TYYR SKWHTDY AVSVRSRITI NPDTSKN QFSLHL NSVTPEDT AVYYC AGA SIVVV PGPLGLGPWG YKY NGM GVW GPGT TVTVS S
IGHV6-1*01,SQ TLSLTCTI SGDT VS SNRAG WHWIR QSPSRGL EWL GG TYYRS KWYPDY AVSLKSRITIT PDTSKN RFSLQL NSVTPEDT AVYYCA RA SIVVV PGPLGLGPWG YKY NG MDV WGPGT TVTVS S
IGHV6-1*01,T LSLTCAI SGDS VS SSSSS WHWIR QSPSRGL EWL GG TYYR S K WYTDY AVSVRSRITI NPDTSKN QFSLHL NSVTAADT ALYYCA RDPG LFFTGS FDSWGPG TLVTV SS
IGHV6-1*01,SQ TLSLTCD ISGDSLSS NTAAWNWIRQ SPSRG LEWL GR TYYR SKWK NDYAESLK SR MTINAV TSEN QLSLQL NSVTPEDT ALYFCVRELR YFDQ MFYFDY WGPGT QVTVS S
IGHV6-1*01,SQ TLSLTCAI SGDSVSSN SAAWNWIRQ SPSRGL EWL GT TYYR SKWYNDY AVSVKSRIII NPDTSKN QFSLQLKS VTPEDT AVYYC ARTP IVVV PGI LGL GPWG YRY NG LDV WGQ ATTVTVS S
IGHV6-1*01,SQ TLSLTCAI SGDS VS TNSAGW NWIR QSPSRGL EWL GG TYYR SKWYSDF AVSVKSRITI SPDTSKN QFSLQL NSVTPEDT AVYYCA RA SIVVV PGPLGLGPWG YKY NG MEVW GQG TTVTVS S
IGHV6-1*01,SQ TLSLTCAI SGDSVSSN SAAWNWIRQ SPSSGL EWL G TTYYR S K WYNDY AVSVKSRIIIN TDTSKN QFSLQLKS VTPEDT AVYYC ARTP IVVV PG ILGLV PWG YRY NG LDVW GQG TTVTVS S
IGHV6-1*01,T LSLTCAI SGDS VS SSSAG WHWIR QSPSRGL EWL GG TYYR SKWYSDY EVSVKSRITI NPDTSKN QFSLHL NSVTPEDT AVYYCA RA SIVVV PGPLGLGPWG YKY NG MEVW GPGT TVTVS S
IGHV6-1*01,QT LSLTVAISW DSFSSSSSSWP LL RQSPSRG LAWL GG TYYRSKL YTDY AVSVRSRITI NPDTAKN QFSLHL NSVTPEDT AVYYC AGA SIVVV PGPLGLGPWG YKY NGM GVW GPGT TVTVS S
IGHV6-1*01,QT LSLTCAI SGDSVSSN SAAWNWIRQ SPSRGL EWL G RTYYR SKWYNDY AVSVKSRITI NPDTSKN QFSLQLN SVTSEDT AVYYCA RGLGR F RSGGFLPT TLFD YWGQG TLVTVS S
IGHV6-1*01,T LSLTCAI SGE SVS SSSAG WHWIR QSPSRGL EWL GG TYYR S KWY TDYAAS VKSRITI NPDPSKN QVSLHL NSVTPEDT AVYYCA RA SIVIV PGPLGLGPWG YKY NG MEVW GPGT TVTVS S
IGHV6-1*01,QT LSLTCAI SGDSVSSN SAAWNWIRQ SPSRGL EWL GT TYYR SKWYNDYSVSGK SRIII NPDTSKN QFSLQLKS VTPEDT AVYYC ARTP IVVV PGIRGLGPWG YRY NG LDVW GQG TTVTVS S
IGHV6-1*01,SQ TLSLTCAI SGDSVSSN SAAWNWIRQ SPSRGL EWL GT TYYR SKWYNDY AVSVKSRIII NPDTSKN QFSLQLKS VTPEDT AVYYC ARTP IVVV PGI LG LGPWG YRY NG LYVW GQGT TVTVS S
IGHV6-1*01,SQTLP LTCAI SGDSFSSN SAAWNWIRQ SPSRGL EW LGR TYYRSEWYFD YAESVK SRISITA DTSKN QFSLQL DSVTPEDT AVYYCT CG WTFDY WGQG TLVTV SS
IGHV6-1*01,SH TLSLTCAI SGDSVS R N NAAWNWIRQ SPSRGL EWL GR T S Y RSKWYNDY AVSVQSRITI NPDTSKN QFSLQL NSVTPEDT AVYYC ARGR YYYDY WGQG TLVTVS S
IGHV6-1*01,SQ TLSLTCGI SGDS VF RDG VAWTWLR QSPSRGL EW LGR TYYT S KWNF DYEGS V N SRATINL DTAKN ELSLQLAS VTPEDS AVYFCA RG IFSAFD FWGQG TLVTV SS
IGHV6-1*01,QT LSLTCAI SGDSVSSN SAAWNWIRQ SPSRGL EWL G RTYYR SKWYNDY AVSVKSRITI NPDTSKN QFSLQLN SVTPEDT AVYYCAR DRHGR LLYLY SPERPED YYYYYGMDV WGQG TTVTVS S
IGHV6-1*01,SQ TLSLTCVVSGVRL SSNTGA WNWIR QSPSRGL EW LGR TYYRSMWYYD YAPSLE GRLTIT PDTSSN QVSLRL NSVTHEDA AVYYCA RDCSGY NCYR RGH YYQYYGLEVW GQG TTVTVS S
IGHV6-1*01,L SLTCAIS GDSVSS NTAAWNWIRQ SPSRGL EWL G RTYH RSKWYNDY AVSVKSRITI NPDTSKN QFSLQVN SVTPEDT AVYYCA RDQQ L RGEGM DV WGQG TTVTVS S
IGHV6-1*01,SH TLSLTCAI SGDSVSSTPAG WHWLR QSPSRGL EW LGG TYFR SKWFTD YAVFVKSRITI NPDTAKN QVSLHL NSVTPEDT AVYFCARASITIV PGPLGLDPWGY KY KG MDVW GPGT TVTVS S
IGHV6-1*01,SQ TLSLTCAIY GDT VSS T TASWN WNRQSPSRGL EW LGG TYFRSR WSSDYAES VKSRITI NPDTSKN QFSLQLNA VTPEDT AVYYCARASITVV PGPLGLGPWG YKF KG MDV WGQG TTVTVS S
IGHV6-1*01,QT LSLTCAI SGDSVSSN SAAWNWIRQ SPSRGL EWL GR TYYR SKWNIDYAA SVESRISI SPDTSKN QVSLQLKS VTPEDT AVYYCA RGRSS WRAFDI WGQG TTVTVS S
IGHV6-1*01,SQTPS LTCAIS GDS VS SSSSS WHWIR QSPSRGL EWL GG TFYR SKWYTDY AVSVRSRITV NPDTSKN QFSLHLNA VTPEDT AVYYC AGAS SVVV PGPFGLGPLG YKY NG MEVW GPGT TVTVS S
IGHV6-1*01,SQ TLSLTCAV SGD TVSS TTAS W NWIR QSPSRGL EWL GG TYFR SRWSPAY AVSVTSRITI NPDTSKP QLSLQL NSVTPEDT AVYYSARASITIV PGPLGLGPWG YKF KG MDV WGQG TTVTVS S
IGHV6-1*01,SQTR SLTCAI SGD SVSI D SAACNWIR QSPSRGL EW LGR TYY RS KWYYD FAGS VR SP ITI NPDTSKN QFSLQLS SVTPEDT AMYFCA RGGYGGYGGG KWYFDL WGRG TLVTVS S
IGHV6-1*01,SQ TLSLTCAI SGDS VS SSSSS WHWIR QSPSRGL EWL GG TYYR S K WYTDY AVSVRSRITI NPDTSKN QFSLHL NSVTPEDTAG YYC AGA SIVVV PGPLGLGPWG YKY NGM GVW GPGT TVTVS S
IGHV6-1*01,PTPS LTAAI SRDSVSSN SAAWNLLR QSPSRG LAWL GT TYYR SEWYNDY AVSV NS RIII NPDTSKN QFSLQLKS VTPEDT AVYYC ARTP IVVV PGI LG LGPWG YRY NG LDVW GQG TTVTVS S
IGHV6-1*01,QT LSLTCAI SGDSVSSN SAAWNWIRQ SPSRGL EWL G RTLYR SKWDNDY ALSVKSRITI NPDTSKN QFSLQLN SVTPEDT AVYYC ARGT WRLGL DSWGQG TLVAVS S
IGHV6-1*01,SQ TLSLTCAIF GDT V STNN IAWTWIR QSPSRG LE WL GR TYHK YRSNW YYDYALSV K SRITFNL DTSKN HFSLRLN SVTPDDT AVYYCA RGATRG I WGE RLYYYYGVDVW GQG TTVTVS S
IGHV6-1*01,SQ TLSLTCAI SGD IVS SNSAGW NWIRL SPSRGL EWLGMTYYR SKWYNDY AVSVKSRITI NPDTSKN QFSLQLN SVTPEDS AVYYCA RNLRGR YRSWWHF DHWGQG TLVTVS S
IGHV6-1*01,SQ TLSLTCAI SGDSVSSDS ATWNWIR QSPSRGL EWL GR TYC RSKC YY D YAVSVKSRITI NPDTSKN QFSLQL NSVTPEDT AVYYCA RDSST YYWYFDV WGRG TRVTVS S
IGHV6-1*01,QV QLQQ SGPGLVKPSPT LSLTCAI SGD TVS SN SAAWNWIR QSPSRGL EWL G RTYYR SKWYNDYPV SVKSRITI NPDTSKN QFSLQLN SVTPEDT AVYFCVRQ KAGTT EF DPWGQG TLVTV SS
IGHV6-1*01,SQTP SLTFAIS GDSVSSN SAAWNWIRQ SPSRGL EWL GT TYYR SKWYNDY AVSVKSRIII NPDTSKN QFSLQLKS VTPEDT AVYYC ARTP IVVV PGI LG LGPWG YRY NG LDVW GQG TTVTVS S
IGHV6-1*01,SQ TLSLTCAI SGDSVSS NSAAWNLLR QSPSRGL EWL G RTLYR SKWDNDY ALSVKSRITI NPDTSKN QFSLQL NSVTPEDT AVYYC ARG TWRLGL DSWGQG TLVAVS S
IGHV6-1*01,SQ TLSLTCAI SGDSVSSN NAAWNWIRQ SPSRGL EWL GR TYYR SKWYND YAVSVKGRITI NPDTSKN QFSLQL NSVT PEDTAVYYCAREIALA RGVLNPLDYWGQG TLVTV SS
IGHV6-1*01,SQ TLSLTCAI SGDS V SSSSSS WHWIR QSPSRG LVWL GG TYYR SKWYTDY AVSVRSRITI NPDTSKN QFSLHL NSVTPEDT AVYYC AGA SIVVV PGPLGLGPWG YKY NGM GVW GPGT TVTVS S
IGHV6-1*01,QT LSLTCAIS GDGVSSSSSS WHWIR QSPSRGL EWL GG TYYR SK W YTDY AVSVRSRITI NPDTSKN QFSLHL NSVTPEDT AVYYC AGA SIVVV PGPLGLGPWG YKY NGM GVW GPGT TVTVS S
IGHV6-1*01,SQ TLSLTCAI SGDSVSSN SAAWNWIRQ SPSRG LEWL GR TYYR SKWYNE YALFMQ G RITI NPDTSKN QFSLQL NSVTPEDT AVYYCA RAE TYSRRI FD F WGQG ALVTV SP
IGHV6-1*01,LS VTG SIPGDSVSSN SAAWSWIRQ SPSRGL EWL GT TYYR SKWYN YYAVSVKSRIII NPDTSKN QFSLQLKS VTPEDT AVYYC ARTP IVVV PGI LGL GPWG YRY NG LDVW GQG TTVTVS S
IGHV6-1*01,QTH SLTIAI PRQSLSSNS ASWNLLR QSPSRGL EW LGGTN FRTEWY AGKSK WYT D YSVSV QG RITISA DTSKN QVSLQLN SVTPEDT AVYYCARVSVVVV PGPLGLGPWGHKH KAMEVW GQGT TVTVS S
IGHV6-1*01,SQ TLSLTCAI SGDS VS SSSSG WHWIR QSPSRGL EWL GG TYYR SKWHTDY SVSVKSRISI NPDTSKN QFSLHL NSVTPEDT AVYYCA RA SIVVV PGPLGLGP WWYKY NG MEVW GPGT TVTVS S
IGHV6-1*01,SQ TLSLTCAI SGDSVSSDS AAWTWIR QSPSRGL EWL G RTYY NSKWYSDY AVSVKSRITI NPDTSKN QFSLHL NSVNPEDA AVYYCA REK LY TSS WSLLNWF DPWGQG TLVTVS S
IGHV6-1*01,SGPT LV KPTQ TLSLTCAV SGD TVSSTTASWNWT RQSPSRGL EWL GG TYFR SRWST YYAVSVKSRITI NPDTSKN QFSLQL NSVTPEDT AVYYCARASITIV PGPLGLGPWG YKF KG MDV WGQG TTVTVS S
IGHV6-1*01,LSLPCAIPGHSLSSD RAAWSWIRQ YPSRGL E W LGRP YYR SKWYNDY AVSVKSRITI NPDTSKN QFSLQLN SVTPEDT AVYYCA RD FIYY DSSGY Y KPN YYYYGMDV WGQG TTVTVS S
IGHV6-1*01,SQ TLSLTCAI SGDSVSSN SAAWNWIRQ SPSRGL EWL G RTYYR SKWYNDY AVSVKSRITI NPDTSKN QFSLQL NSVTPEDT AVYYCA RGDS YYD FWSGYDY YY G MDV WGQG TTVTVS S
IGHV6-1*01,SQ TLSLTCAI SGDS VS SSSSS WHWIR QSPSRGL EWL GG TYYR S K WYTDY AVSVRSRITI NPDTSKN QFSLHL NSVTPEDT AVYYC AGA SIVVV PGPLGLGPWG YKY HGM GVW GPGN TVT VPS
IGHV6-1*01,SQ TLSLTCAI SGDSVSSN SAAWNWIRQ SPSRGL EWL G RTYYR SKWYNDY AVSVKSRITI NPDTSKN QFSLQL NSVTPEDT AVYYCA RDRGSHS FDY WGQG TLVTVS S
IGHV6-1*01,SQ TLSLTCAI SGDSVSGN NVAWNWIRQ SPSRGL EWL GR TYYR SKWYNEY AVSMRSRVTI KPDASMN QFSLQL N S VSAEDT AVYYCA REQSR L F DYWGQG TLVTV SS
IGHV6-1*01,SQTH SLTCAI SGDS VS SSSSS WHWIR QSPSRGL EW LGG TYYRSTWY TDY AVSVRSRITI NPDTSKN QFSLHL NSVTPEDT AVYYC AGA SIVVV PGPLGLGPWG YKY NGM GVW GPGT TVTVS S
IGHV6-1*01,SQ TLSLTCAI SGDSVS SRSAAWNWIRQ SPSRGL EWL GR TYYR S T WFTDY AISVKSRITI NPDTSKN QFSLQL NSVTPEDT ALYYC AGNYFGAGN HYV PFDSWGQG TLVTV SS
IGHV6-1*01,SQ TLSLTCAI SGDS VS SSSSS WHWIR QSPSRGL EWL GG TYYR S K WYTDY AVSVRSRITI NPDTSKN QFSLHL NSVTPEDT AVYYC AGA SIVVV PGPLGLGPWG YKY NGM GVW GPGT TVIVS S
IGHV6-1*01,QTR SLTFAIS GDSVSS NSAAWNWIRQ SPSRGL EWL GT TYYR SKWYNDY AVSVKSRIII NPDTSKN QFSLQLKS VTPEDT AVYYC ARTP IVVV PGI L GLGPWG YRY NG LDVW GQG TTVTVS S
IGHV6-1*01,SQ TLSLTCDI SGDSLSNQ SAALN WNRQSPTKS LEW LGR TYYRSKW YSDSPLS VKSRITIKA DTSKN QISLQLNS VTPEDT GVYYCA SSTNWYNW F DPWGQG TLVTVS S
IGHV6-1*01,HT LSLTCAI SGD TVS SSSSS WHWIR QSPSRGL EWL GG TYY RS KWYIDYAVSVKSRITI NPDTSKN QVSLQLKS VTPEET AVYFCA R ATIAVV PGPLGLGPWG YKY NG MEVW GPGT TVTVS S
IGHV6-1*01,SQ TLSLTCAI SGDSVSSN SAAWNWIRQ SPSRGL EWL G RTYYR SKWYNDY AVSVKSRITI NPDTSKN QFSLQL NSVTPEDT AVYYCAR YSSTD WYFDL WGRG TLVTV SS
IGHV6-1*01,SQ TLSLTCAI SGDSVSSN SAAWNWIRQ SPSRG LE W L GR KYF RSKWYSDY AVSVRGRITIN SDTSKN QFSLQLKS VTPEDT AVYYC ART SIVVV PGPLGLGPWGYNYHGM GVW GQG TTVIVS S
IGHV6-1*01,SQ TLSLTCAV SGD TVSS TTAS W NWIR QSPSRGL EWL GG TFFR SQWSTDY AVSVKSRITI NPDTSKN QFSLQLN SVTPEDT AVYYCARASITIV PGPLGLGPWG YKF EG MDV WGQG TTVTVS S
IGHV6-1*01,SQ TLSLTCAI SGDR V SSN SVAWYWIR QSPSRGL EWL G RTYYR SKWYKDYAAP VESRISI NPDTSRN QFSLQL NSVTPEDT AVYYCVR SPLGA ILEN WGQG TLVTVS S
IGHV6-1*01,VQ LQQ SGPGLVKPSQ TLSLTCAI SGDSVSSN SAAWNWIR QSPSRGL EWL G RTYYR SKWYNDY EVSVKSRITI NPDTSKN QFSLQLN SVTPEDT AVYYCA GSRTHSG TYYAVDY WGQG TLVTVS S
IGHV6-1*01,QS LSLTCAI SGDS VS SSSSSWP WI R QSPSRGL EWL GG TYYR SK W YTDY AVSVRSRITI NPDTSKN QFSLHL NSVTPEDT AVYYC AGA SIVVV PGPLGLGPWG YKY NGM GVW GPGT TVTVS S
IGHV6-1*01,SQ TLSLTCAI SGDS VS SSSSGW H WNRQSPSRGL EW LGG TYYR S KWY TDY AVSLKSRVTI NPDTSKN QFSLHL NSVTPEDT AVYYCA RA SIVVV PGPLGLGPWG YKY NG MEVW GPGT TVTVS S
IGHV6-1*01,HN LSLTCAI SGD TVSR TSSS WHWIR QSPSRGL EWL GG TYYR SK W YTDY AVSVRSRMTIN TDTSKN QVSLHLN SVTPEDT AVYFCA RA SIVIV PGPLGLGPWG YKY NG MEVW GPGT TVTVS S
IGHV6-1*01,SGPT LV KPTQ TLSLTCAI SGDSVSSN SAAWNWIR QSPSRGL EWL GT TYYR SKWYNDY AVSVKSRIII NPDTSKN QFSLQLKS VTPEDT AVYYC ARTP IVVV PGI LGL GPWG YRY NG LDVW GKG TTVTVS S
IGHV6-1*01,SQ TLSLTCAV SGDSVSSTTAS WNWIR QSPSRGL EWL GG TFFR SQWSTG YAVSVQRRITI NPDTSKN QFSLHL NSVTPEDT AVYYC AGA SIVVV PGPLGLGPWG YKY NGM GVW GPGT TVTVS S
IGHV6-1*01,SQ TLSLTCAI SGDS VS SSSSS WHWIR QSPSRGL EWL GG TYYR S K WYTDY AVSVRSRITI NPDTSKN QFSLHL NSVTPEDT AVYYC AGA SIVVV PGPLGLGSW GYKY NGM GVW GPGT TVTVS S
IGHV6-1*01,SQ TLSLTCAI SGDS VS SSSS SWHLIS QSPSRG LECL GG TYYR SKCYTDY AVSVRSRITI NPDTSKN QFSLHL NSVTPEDT AVYYC AGA SIVVV PGPLGLGPWG YKY NGM GVW GPGTT GTV SS
IGHV6-1*01,SQ TLSLTCAL SGDSVSSN SAAWNWIRQ SPSRG LEWL GR TYYR SKWYNDYATS VKSRITI NPATSKN QFSLQM NSVT PEDTAVYYCAREYILSWQHLVGV F DYWGQGTP VTV SS
IGHV6-1*01,QT LSLTCAI SGD TVS STSGA WSWIR QSPSTGL EWL GT TYFR SKWFNDYAA SVKSRITI SPDTSKN QLSLQLKS VTPEDAG VYYCARASITVV PGPLGLGPWG Y NYRG LDV WGQG TTVTVS S
IGHV6-1*01,SQ TLSLTCAI SGDSVSSN SAAWNWIRQ SPSRGL EWL GT TYYR SKWYNDY AVSVKSRIII NPDTSKN QFSLQL NSVTPEDT AVYYCA R ASITIV PGPLGLGPWG YKF KG MDV WGQG TTVTVS S
IGHV6-1*01,SQ TLSLTCAI SGDSVSSN SAAWNWIRQ SPSRGL EWL G RTYYR SKWYNDY AVSVKSRITI NPDTSKN QFSLQL NSVTPEDT AVYYCAR EEAYGDY SLVTAI QG YWF RDA FDI WGQG TMVTV SS
IGHV6-1*01,SQ TLSLTCAI SGDNIGSSSAS WNWIR QSPSRGL EW LGGTNFR SEWY AGGSKWYPDYAPSV KSRITIN ADTSKN QLSLQLN SVSPEDT AVYYCA RA SVVVV PGPLGLGPWG YKFKAIQVW GLG TTVTVS S
IGHV6-1*01,SQ TLSLTCGI SGDSVSRNG AAWNWIR QSPSRGL EW LGR TYYRFNWY SDYAGS VESRITIA PDTSKN QVSLQLKS VTPEDT AVYFCA RDSE RLWLRE SVMG AFDIW GHG TMVTVS S
IGHV6-1*01,SPTR SLTCAIS GDSSSSSSSS WHWLR QSPSRGL EW LGG TYYR SKWYTDY AVSVRSRIT SNPDTSKN QFSLHL NSVTPEDT AVYYC AGA SIVVV PGPLGLGPW GYRY NGM GVW GPGT TVTVS S
IGHV6-1*01,QTR SLTYAIS WDSYSSN TAAWTWLRQ SPSRGL EWL GR TYH RSKWYNDY AVYVKSRITI NPDTSKN QFSLQVN SVTPEDT AVYYCA RDQQ L RGEGM DV WGQG TTVTVS S
IGHV6-1*01,SQ TLSLTCAI SGDS VS SSSSS WHWIR QSPSRGL EWL GG TYYR S K WYTDY AVSVRSRIII NPDTSKN QFSLQLKS VTPEDT AVYYC ARTP IVVV PGI LGL GPWG YRY NG LDVW GQG TTVTVS S
IGHV6-1*01,SQ TLSLTCAI SGDSVSSN SAAWNWIRQ SPSRGL EWL GT TYYR SKWYNDY AVSVKSRIII NPDTTKN QFSLQLKS VTPEDT AVYYC ARTP IVVV PGI LGL GPWG YRY NG LDVW GQG TTVTVS S
IGHV6-1*01,QV QLQQ SGPGLVKPSQ TLSLTYAI SGDS V SKSGA W NWIR QSPSRGL EWL G RTYYK SKWYNEY AVSVKSRITI NPDTSKN QFSLQLTS VTPEDT AVYYCA RGW F ASGLG L WGQG TLVTV SS
IGHV6-1*01,SQ TLSLTCAI SGDSVSST SAAWTWIR QSPSRGL EWL GR TYYRSR WYNDY AVSLKSRLII NPDTSKN QFSLQLKS VTPEDT AVYYCARVRF SE WLI PAGFDPWGQG TLVTV SS
IGHV6-1*01,Q TLSLTCA IPGDSVSSN SAAWNWIRQ SPSRGL EWL GT TYYR SKWYNDY AVSVKSRIII NPDTSKN QFSLQLKS VTPEDT AVYYC ARTP IVVV PGI L GLGPWG YRY NG LDVW GQG TTVTVS S
IGHV6-1*01,SQT LS LP CAI SGDSVSSNSPA WTWIR QSPSRGL EWL G TTYYR SKWYNDY AVSVKSRIII NPDKSKN QFSVQLKS VTPED TVVYYC GRTP IVVVPVIL G LCTLCYRY NG LDV WGQGTP VTL SS
IGHV6-1*01,SPTR SLTCAIS RDSFSSSSSSWP LL RQSPSRG LAWL GG TYYR SKWYTDY AVSVRSRITI NPDTSKN QFSLHL NSVTPEDT AVYYC AGA SIVVV PGPLGLGPWG YKY NGM GVW GPGT TVTVS S
IGHV6-1*01,SQ TLSLTCDI SGDSVSSN SATWNWIRQ SPSRGL EWL GR TYYR SKWYDDYATSLQ GRIAIKA DTSKN QFSLQLFFV TPEDT AVYYCARRLS LSRT Y SGMG VW GQG TTVIVS S
IGHV6-1*01,QNLSLPC AV SGT TV SST TSIWNWIRQ SPSRGL EWL GG TYFRS RWSTDY AVSVKSRITI NPDTSKN QFSLQLN SVTPEDT AVYYCAR A SITIV PGPLGLGPWG YKF KG MDV WGQG TTVTVS S
IGHV6-1*01,QSPSLTS AI SRDSSSSNSAS CNLL RQSPSRGL ECL G TTYYR SKWYNEY AVTVKRRIII NPDTSKN QCSLQLKS VTPEDT AVYYC ART HIVVV PGI LGL RPWGY RY HG LDVW GHG TTVTVS S
IGHV6-1*01,SQ TLSLTCAI SGDSASSN SAAWNWIRQ SPSRGL EWL G TTYYR S K WYNDY AVSVKSRIII NPDTSKN QFSLQLKS VTPEDT AVYYC ARTP IVVV PGI LG LGPWG YRY NG LDVW GQG TTVTVS S
IGHV6-1*01,TLSR T CASSGDS VS SSSSS WHWIR QSPSRGL EWL GG TYYR S K WYTDY AVSVRSRITI NPDTSKN QFSLHL NSVTPEDT AVYYC AGA SIVVV PGPLGLGPWG YKY NGM GVW GPGT TVTVS S
IGHV6-1*01,QPL SLTCAIS GDS VS SSSSS WHWIR QSPSRGL EWL GG TYYR SK W YTDY AVSVRSRITI NPDTSKN QFSLHL NSVTPEDT AVYYC AGA SIVVV PGPLGLGPWG YKY NGM GVW GPGT TVTVS S
IGHV6-1*01,SQ TLSLTCAI SGDSVSSN SAAWNWIRQ SPSRGL EW QG RTFYR SKWYHDY AVSVKSRITI NPDTSKN QFSLQL NSVTPEDT AVYFCA RDSAIGLD ALDI WGQG TMVTVS S
IGHV6-1*01,SQTPS LTCAISLES VSTSTVG AHSIR QSPPRGL EWRVGAYYRFKWS TDYGA SVISRISI NPHPSTN QVCL DQNSETPEDT AVYYCA RA SIVIV PGPLGLGPWG YKY NG MEVW GPGT TVTVS S
IGHV6-1*01,SH TLSLTCAI SGDSVSRT GAAWNWIRQ SPSGG LEWL GR TYY RSK WFYNYAVSV QG RLTIN ADTSKN QFSLQLTS VTPEDT AVYYCVRY GPAL RYFD LWGRG TLVTV SS
IGHV6-1*01,SQ TLSLTCAI SGDSVSS KHTAWNWIRQ SPSRGL EWL G RTYYR STWSTDY AVSVKSRITI NPDTARN QFSLHLN SVTPDDT AVYYCVRVL GGYNFFDSWGQG TLVTV SS
IGHV6-1*01,SQ TLSLTCAI SGDSVSS SSAAWNWIRQ SPSRGL EWL GR TYYR SKWWNDYA LSVRSRIIIT PDTSKN QFALQL DSVTPEDT AVYYCA RETGNWNDPWDAFDTWGQGT TVTV S
IGHV6-1*01,SQ TLSLTCAI SGDS VS SSSSS WHWIR PSPSRGL EWL GG TYYRSKWY NG YAVSVRSRITI NPDTSKN QFSLHL NSVTPEDT AVYYY AGA SIVVV PGPLGLGPWG YKY NGM GV CGPGT TVTVS S
IGHV6-1*01,SQTR SLTCAIS GESGSSSSAG WHWIR QSPSRGL EWL GG TYYR S KWY TDYAAS VKSRITI NPDPSKN QVSLHL NSVTPEDT AVYYCA RA SIVIV PGPLGLGPWG YKY NG MEVW GPGT TVTVS S
IGHV6-1*01,SQTLP LTCAI SGDS VS SSSSS WHW L R QSPSRGL EW LGG TYYR S K WYTDY AVSVKSRITI NPDTSKN QFSLHM NSVTPEDT AVYYC AGA SIVVV PGPLGLGPWG YKY NG MEVW GPGT TVTVS S
IGHV6-1*01,SPTR SLTCD ISGDNVSSSSAS WNWIR QSPSRGL EW LGR TYYR SQWYHDYAPA LRGRMSI KPDTSNN QFSLQLNL VTPEDT AVYYC SRGL FHQVGV SKKTRSLDSWGQG TTVTVS S
IGHV6-1*01,SQ TLSLTS AISGDSVSSNSA AWTWIR QSPSRGLG WLGTTYS RSKWYNDY AVSVKSRIII NPDTSKH QFSLQLKS VTPEDT AVYYC ARTP IVVV PGI LGL GPWG YRY NG LDVW GQG TTVTVS S
IGHV6-1*01,T LSLTCAI SGDSVSSN SAAWNWIRQ SPSRGL EWL GT TYYR SKWYNDY AVSVKSRIII NPDTSKN QFSLQLKS VTPEDT AVYYC ARTP IVVV PGI LG LGPWG YRY NG LDVW GKG TTVTVS S
IGHV6-1*01,SQ TLSLTCAI SGDSVSSN SAAWNWIRQ SPSRGL EWL GT TYYR SKWYNDY AVSVKSRIII NPDTAKN QFSLQLKS VTPEDT AVYYC ARTP IVVV PGI LGL GPWG YRY NG LDVW GQG TTVTVS S
IGHV6-1*01,PT LSLTFAIS GDS VS SSSSS WHWIR QSPSRGL EWL GG TYYR SK W YTDY AVSVRSRITI NPDTSKN QFSLHL NSVTPEDT AVYYC AGA SIVVV PGPLGLGPWG YKY NGM GVW GPGT TVTVS S
IGHV6-1*01,SQ TLSLTS AISGDSVSSNSA AWTWIR QSPSRGL EWL G TTYYR SKWYNDY AVSVKSRIII NPDTSKN QFSLQLKS VTPEDT AVYYC ARTP IVVV PGI LGL GPWG YRY NG LDVW GQG TTVTVS S
IGHV6-1*01,QT LSLTCAI SGDS VS SSSS RWHLT RQSPSRGL GW LGG TYYT SKCYTDY AVSVIRRIAI NPDTSKNQGSLHPNSVTPEDT AVYFC ARA SIVIV PGPLGLGPWG YKY NG MEVW GPGT TVTVS S
IGHV6-1*01,SQ TLSLTCAI SGDR V SSN SVAWYWIR QSPSRGL EWL GR TYYR SKWYKDYAAS VESRISI NPDTSRN QFSLQLNS VTPGDT AVYYCVR SPLG A ILEN WGQG TLVTVS S
IGHV6-1*01,QT LSLTCAI SGDSVSS NTAAWNWIRQ SPSRGL EWL G RTYYR SKWYNDY AVSVKSRITI NPDTSKN QFSLQLN SVTPEDT AVYYC ARGWTNFDYWGQG TLVTV SS
IGHV6-1*01,QT LS LP CAI SGDSVSSN SAAWNWIRQ SPSRGL EWL GT TYYRAKW YNDY AVSVKSRIII NPDTSKN QFSLQLQS VTPEDT AVYYC ARTP IVVV PGI L GLGP WVYRY NG LDVW GQGT TVP VSS
IGHV6-1*01,SQ TLSLTCAI SGDS VS SSSAG WHWIR QSPSRGL EWL GG TYYR S K WYTDY AVSVKSRITI DPDTSKN QFSLHLN SVTPGDT AVYYCA RA SIVVV PGPLGLGPWG YKY NG MEVW GPGT TVTVS S
IGHV6-1*01,SQ TLSLTCAI SGDS VS SSSSS WHWIR QSPSRGL GWL GG TYYR SKWYTDY AVSVKSRITI NPDTSKN QFSLHM NSVTPEDT AVYYC AGA SIVVV PGPLGLGPWG YKY NG MEVW GPGT TVTVS S
IGHV6-1*01,SQ TLSLTCAI SGDSVSSNS AAWIWIR QSPSRG LE WL GR TYYR SKW Y HDYAAS VKSRITI NPDTSQN QLSLQL NSVT PEDTAVYYCARDWLD SGGFPLD F D Y WGQG TLVT VPS
IGHV6-1*01,SQP LSLTCVIS GDSVSSSRSS WHWIR KSPSRGL EWL GG TYYR S K WYTDY AVSVRSRITI NPDTSKN QFSLHL NSVTPEDTD VYYC AGA SIVVV PGPLGLG TWGYKY NGMGCWGQG TTVTVS S
IGHV6-1*01,SQ TLSLTCAI SGDSVSSN SAAWNWIRQ SPSRGL EWL GT TYYR S K WYNDY AVSVKSRIII NPDTSKN QFSLQLKS VTPEDT AVYYC ARTP IVVV PGI LG LGPWG YRY SG LDV WGQG TTVTVS S
IGHV6-1*01,SQ TLSLTCAI SGD TVSS ASSS WHWIR QSPSRGL EWL GG TYYR SK WY TDY AVSVKSRMTIN TDTSKN QVSLHL NSVTPEDT AVYYC AGA SIVVV PGPLGLGPWG YKY NGM GVW GPGT TVTVS S
IGHV6-1*01,SQ TLSLTCAISV DSVSSSSSS WHWIRQ SPSRGL EWLGWTYYR SKWYTDY AVSVRSRITI NPDTSKN QFSLHL NSVTPEDT AVYYC AGA SIVVV PGPLGLGPWG YKY NGM GVW GPGT TVTVS S
IGHV6-1*01,SHPL SLTCAV SGD TVS SSSAS WNW I R QSPSRGL EWL GG TYFRSR WSTDY ALSVKSRITI NPDTSKN QFSLQLNS VTAEDT AVYYCARASITVV PGPLGLGPWG YKF KG MDV WGQG TTVTVS S
IGHV6-1*01,QT LSLTCVIS GDSVSSN SATWNWIRQ SPSRGL EW LGR TYYR S RWYFD YAASMK SRITVT PHTPENQ FSLQLS SVTPEDT ALYYCA RSSG WYKF DSWGQG TLVTV SS
IGHV6-1*01,QT LSLTCAI SGD TVS SSSGS WHWIRQ SPSRGL EWL GG TYYR SK W YTDY AVSVKSRITI NPDTSKN QFSLQLN SVTPEDT AVYYCARASITIV PGPLGLGPWG YKC KG MDV WGQG TTVTVS S
IGHV6-1*01,QT LSLTCAI SGDSVSSN SAAWNWIRQ SPSRGL EWL G RTYYR SKWYNDY AVSVKSRITI NPDTSKN QFSLQLN SVTPEDT AVYYC ARDH LYSY GPRNWFDPWGQG TLVTVS S
IGHV6-1*01,QV QMQ QSGPGLVKPSQ TLSLTCAI SGDSVSSN SAAWNWIR QSPSRGL EWL GR TYYRSR WYNDY AISVKSRIII NPDTSKN QFSLQL NSVTPE D T AVYYC A RGLGVPARP YYFNY WGQ RTLVTVS S
IGHV6-1*01,L SLTCVIS GDSVSS TSVAWTWIRQ SPSRGL EW LGR TYYMATWN YNYGTSV NSRVTIT PDTSKN QISLQLAS VT PEDTAVYYCARALH ARGG LLTFDY WGPG VLVTV SS
IGHV6-1*01,SQ TLSLTCAV SGDT VS STPAS WNWIR QSPSRGL EWL GG TYFRSR WSTDY AVSVKSRITI NPDTSKN QFSLQLN SVTPEDT AVYYCARASITIV PGPLGLGPWG YKF KG MDV WGQG TTVTVS S
IGHV6-1*01,LS LTCAIS GDS VS TNSAG WNWIR QSPSRGL EWL GG TYYR SKWYSDF AVSVKSRITI SPDTSKN QFSLQLN SVTPEDT AVYYCA RA SIVVV PGPLGLGPWG YKY NG MEVW GQG TTVTVS S
IGHV6-1*01,QT LSLTCAI SGDSVSS NTAAWNWIRQ SPSRGL EWL G RTYYR SKWYNDY AVSVKSRITI NPDTSKN QFSLQLN SVTPEDT AVYYC ARGWTNFDYWGQG TLVTVS A
IGHV6-1*01,SQN LSLTGAI SGDSCSSN SAAWNWLRQ SPSRGL EWL G RTYYR SKWYNDY AVSVKSRITI NPDTSKN QFSLQL NSVTPEDT AVYYCA RGIYDPPY YYYYYGMDV WGQG TTVTVS S
IGHV6-1*01,SQ TLSLTCAI SGDS VS SSSAG WHWIR QSPSRGL EWL GG TYYR S K WYTDY AVSVKSRITI NPDTSKN QFSLHL NSVTPEDT ALYYCA RA SIVVV PGPLGLGPWG YKY NG MEVW GPGT TVTVS S
IGHV6-1*01,SQ TLSLTCA IPGD TVS SSSSS WHWIR QSPSRGL EWL GG TYY RS KWYIDYA VPVNS RITI NPDTSKN QVSLQLKS VTPEET AVYFCA R ATIAVV PGPLGLGPWG YKF KG MDV WGQGT KVT V
IGHV6-1*01,SQ TLSLTCAI SGDS VS SSSSS WHWIR QSPSRGL EWL GG TYYR SKWYTDY AVSVRSRIT SNPDTSKN QFSLHL NSVTPEDT AVYYC AGA SIVVV PGPLGLGPWG YKY NGM GVW GPGT TVTVS S
IGHV6-1*01,SQ TLSLTCAI SGDS VS SSSSS WHWIR QSPSRGL EWL GG TYY RPKWYTDY AVSVRSRITI NPDTSKN QFSLHL NSVTPEDT AVYYC AGA SIVVV PGPLGLGPWG YKY NGM GVW GPGT TVTVS S
IGHV6-1*01,SQ TLSLTCAI SGDSVSSN SAAWNWIRQ SPSRGL EWL G RTYYR SKWYNDY AVSVKSRITI NPDTSKN QFSLQL NSVTPEDT AVYYCA RDHT FDWLFSL LAFDI WGQG TMVTVS S
IGHV6-1*01,T LSLTCAI SGDSVSSN SAAWNWIRQ SPSRGL EWL GR TYYR SKWYNDY AVSVKSRITI NPDTSKN QFSLQL NSVT PEDTAVYYCARAVSVWGELLRNQLWDV WGQGT TVTV SS
IGHV6-1*01,LS LTCSM SGDSVSNN TAAWNWIS QSPSRGL EWL G RTYYR SKWYNDY AVSVRSRITI NPETSKN QFSLQLN SVTPEDT AVYYC ARGS SYYYYN YNW F DPWGQG TLVTVS S
IGHV6-1*01,SQ TLSLTCAI SGDSVSSN SAAWNWIRQ SPSRGL EWL GT TYYR S K WYNDY AVSVKSRIII NPDTSKN QFSLQLKS VTPEDT AVYYC ARTP IVVV PGI LGL GPWG Y RSNGR DV WGQG TTVTVS S
IGHV6-1*01,SPTRS RTFAIS GDSGSSSSSS WHWIR QSPSRGL EWL GG TYYR SKWYTDY AVSVRSRITI NPDTSKN QFSLHL NSVTPEDT AVYYC AGA SIVVV PGPLGLGPWG YKY NGM GVW GPGT TVTVS S
IGHV6-1*01,SQTRS RTVAIS GDSVSSN SAAWNWLRQ SPSRGL EWL GT TYYR SKWYNDY AVSVKSRIII NPDTSKN QFSLQLKS VTPEDT AVYYC ARTP IVVV PGI LG LGPWG YRY NG LDVW GQG TTVTVS S
IGHV6-1*01,QT LSLTCAI SGDSVPSSSSS WHWIR QSPSRGL EWL GG TYS RSKRYTD YAVSVRSRITI NPDTSKN QFSLHLN SVTPEDT AVYYC AGP SIVVV PGPLGLGPWG YKY NGM GVW GPGT TVTVS S
IGHV6-1*01,SQ TLSLTCAI SGD TVSS TSSS WHWIR QSPSRGL EWL GG TYYR SK WY TDY AVSVKSRMTIN TDTSKN QVSLHL NSVTPEDT AVYFCA RA SIVIV PGPLGLGPWG YKY NG MEVW GPGT TVTVS S
IGHV6-1*01,SQ TLSLTCAI SGDSVSSN SAAWNWIRQ SPSRGL EWL G RTYYR SKWYNDY AVSVKSRITI NPDTSKN QFSLQL NSVTPEDT AVYYCA RDH IEIVVVVA ARS YYYYGMDV WGQG TTVTVS S
IGHV6-1*01,L SLTCAIS GDT VS STTA SWNWIR QSPSRGL EWL GG TYFRSR WSTDYAA SVKSRITI NPDTSKN QFSLQLN SVTPEDT AVYYCA RA SIVVV PGPLGLGPWG YKY NGM GVW GPGT TVTVS S
IGHV6-1*01,SQTR SLTFAISW DSVSSN SAAWNWIRQ SPSRGL EWL G TTYYR SKWHNDY AVSVKSRVII NPDTSKN QFSLQLKS VTPEDT AVYYC ARTP IVVV PGI LGL GPWG YRY NG LDVW GQG TTVIVS S
IGHV6-1*01,SQ TLSLNCAI SGD TVSS TSSS WHWIR QSPSRS LEW LGG TYYR S KWY TDY AVSVKSRMTIN TDTSKN QVSLHL NSVTPEDT AVYFCA RA SIVIV PGPLGLGPWG YKY NG MEVW GPGT TVTV S
IGHV6-1*01,SH TLSLTCAI SGDS VS SSSSS WHWIR QSPSRGL EWL GG TYYR S K WYTDY AVSVRSRITI NPDTSKN QFSLHL NSVTPEDT AVYYC AGA SIVVV PGPLGLGPWG YKY NGMG V WGPGPRSPSP
IGHV6-1*01,T LSLTCDI SGDSVSSNN VAWNWIRQ SPSGG LEWL G RTYYR SKWFNNYAPS VIGRIAIN ADTSKN QFSLQL NSVT PEDTAMYYCARY GPAL RYFD LWGRG TLVAV SS
IGHV6-1*01,SQ TLSLTCAI SGDS VS SSSGS WHWIR QSPSRGL EWL GGTSYRSKWHTDY AVSVKSRITI NPDTSKN QFSLQLLSV TPEDT AVYFCARASITVV PGPLGLGPWGHKYKG MDV WGQG TTVTVS S
IGHV6-1*01,T LSLTCAI SGDSVSSN SAAWNWIRQ SPSRGL EWL G RTYYR SKWYNDY AVSVKSRITI NPDTSKN QFSLQL NSVTPEDT AVYYCA RDQDSSG WYV GD YYYYGMDV WGQG TTVTVS S
IGHV6-1*01,Q TLSLTCDI SGDSVSSNN VAWNWIR QSPSGG LEWL G RTYYR SKWFNNYAPS VIGRIAIN ADTSKN QFSLQLN SVTPEDT AMYYCVRY GPA VRYFDL WGRG TLVAVS S
IGHV6-1*01,S LTCAIS GDSVSSN SAAWNWIRQ SPSRGL EWL G RTYYR SKWYNDY AVSVKSRITI NPDTSKN QFSLQL NSVTPEDT AVYYCAAIV SSGW YTLGVDY YGM DV WGQG TTVTVS S
IGHV6-1*01,SQ TLSLTCAI SGDS VS SSSSS WHWIR QSPSRGL EWL GG TYYR S K WYTDY AVSVRSRITI NPDTSKN QYSLHL NSVTPEDT AVYYC AGA SIVVV PGPLGLGPWG YKY NGM GVW GPGT TVTVS S
IGHV6-1*01,SQ SLSLTCAI SGDS VS SSSSS WHWIR QSPSRGL EWL GG TYYR S K WYTDY AVSVRSRITI NPDTSKN QFSLHL NSVTPEDT AVYYC AGA SIVVV PGPLGLGPWG YKYT GM GVW GPGT TVTVS S
IGHV6-1*01,LTHP LTLAIS RDRASSRSGRWP LLR QSPSRGL EW LGG TYYRSLW STDY AVSVHSRITI NPDTSPN QVSLHLKS VSPEDT AVYYCA RA SIVVV PGPLGLGPWG YKY NG MDV WGPGT TVTVS S
IGHV6-1*01,SQ TLSLTCAI SGDS VS SSSGS WHWIR QSPSRGL EWL GG TYYR S K WYTDY AVSVKSRITI NPDTSKN QFSLQLHS VTPEDT AVYFCARASITVV PGPLGLGPWGHKYKG MDV WGQG TTVTVS S
IGHV6-1*01,QT LSLTCAI SGDS VS SSSSS WHWIR QSPSRGL EWL GG TYYR SK W YTDY AVSVRSRITI NPDTSKN QFSLQLKS VTPEDT AVYYC ARTP IVVV PGI LGL GPWG YRY NG LDVW SQGT TVTVS S
IGHV6-1*01,SQ TLSLTCAI SGDS VS SSSSS WHWIR QSPSRGL EWL GG TYYR S K WYTDY AVSVRSRITI NPDTSKN QFSLHL NSVTPEDT AVYYC AGS SIVVV PGPLGLGPWG YKY NGM GVW GPGT TVTVS S
IGHV6-1*01,SH TLSLICAI SGDSVSSN SAAWNWIRQ SPSRGL EWL G RTLYR SKWDNDY ALSVKSRITI NPDTSKN QFSLQL NSVTPEDT AVYYC ARG TWRLGL DSWSQG TLVAVS S
IGHV6-1*01,T LSLTCDI SGDSVSSNN VAWNWIR QSPSGG LEWL G RTYYR SKWFNNYAPS VIGRIAIN ADTSKN QFSLQL NSVTPEDT AMYYCVRY GPA VRYFD LWGRG TLVAV SS
IGHV6-1*01,Q TLSLTFAI PWESASNSSAG WHSIR QSPSRG LAWL GG TYYR S KW YTDYAAS VKSRITI NPDPSKN QVSLHL NSVTPEDT AVYYCA RA SIVIV PGPLGLGPWG YKY NG MEVW GPGT TVTVS S
IGHV6-1*01,SQ TLSLTCAI SGDSVSSN SAAWNWIRQ SPSRGL EWL GG TYYR S K WYTDY AVSVRSRITI NPDTSKN QFSLHL NSVTPEDT AVYYC AGA SIVVV PGPLGLGPWG YKY NGM GVW GPGT TVTVS S
IGHV6-1*01,SQ TLSLTCAI SGDSVSSN SAAWNWVRQ SPSRGL EWL G RTYYR SKWYNDY AVSVKSRITI NPDTSKN QFSLQL NSVTPEDT AVYYCA RD FIYY DSSGY Y KPN YYYYGMDV WGQG TTVTVS S
IGHV6-1*01,QV QLQQ SGPGLVKPSQ TLSLTCSI SGDSVSSN SAAWNWIR QSPSRGL EWL G RTYYR SKWYNDY EVSVKSRITI NPDTSKN QFSLQL NSVTPEDT AVYYCA GSRTHSG TYYAVDY WGQGTPVPVSS
IGHV6-1*01,QT LSLTCAI SGDS VS SNSGG WHWIR QSPSRGL EWL GGTNYRSK WY TDY AVSVKSRITI NPDTSKN QFSLQLN SVT PEDA AVYYC ARA SIVIV PGPLGLGPWG YKY NG MDV WGPGT TVTVS S
IGHV6-1*01,SQ TLSLTCAI SGDSVSSNSAA WNWI RPSPSRGL EWL G RTYY RSNW YYDYAVSV EG RMTISA DTSKN QISLQL NSVTPEDS AVYYCVR GGE YMVTTWAHLD LWGRGT PVTV SS
IGHV6-1*01,SQ TLSLTCAI SGDSVSSN SAVWNWIRQ SPSRGL EWL G RTYYR SKWSNDY AISVKSRIII NPDTTKN QFSLHL NSVTPEDT AVYYCVR SAGLT RRYWYFDL WGRG TLVTVS S
IGHV6-1*01,L FLTCA IPG YTFS STSSS WHWIR QSPSRGL EW LGGPYYRS KWYIDYAVSVKSRITI NPDTSKN QFSLHL NSVTPEDT AVYYC AGA SIVVV PGPLGLGPWG YKY NGM GVW GPGT TVTVS S
IGHV6-1*01,QS LSLTCAI SGDS VS SSSSS WHWIR QSPSRGL EWL GG TYYR SK W YTDY AVSVRSRITI NPDTSKN QFSLHL NSVTPEDT AVYYC AGA SIVVV PGPLGLGPWG YKY NGM GVW GPGT TVTVS S
IGHV6-1*01,L SLTCAIS GDSVSSN SAAWNWIRQ SPSRGL EWL GT TYYR SKWYNDY AVSVKSRIII NPDTSKN QFSLQLKS VTPEDT AVYYC ARTP IVVV PGI L GLGPWG YRY NRLDGWGPGT TVNV SS
IGHV6-1*01,QT LSLTCAIY GDT VS RTTA S WNWIR QSPSRGL EWL GGT HFRSR WSSDYAESV KSRITIN ADTSKN QFSLQLN AVTPEDT AVYYCARASITVV PGPLGLGPWG YKF KG MDV WGQG TTVTVS S
IGHV6-1*01,QV QLQQ SGPG LVR TSQ TLSLTCVIS GDSVSTNT AAWNWIR QSPSRGL EW LGR TYYRFQWY NDY AVSVQGRITI NPDTSKN QFSLQLKS VTPDDT AVYYCV RD SLVV GPPAD FYYYY G M DVWG QVTTVTVS S
IGHV6-1*01,QTPS LTCAIS WDSFSSN SAAWNLLRQ SPSRGL EWL GR TYFR SKWYSDY AVSVKGRITIN SDTSKN QFSLQLS SVTPEDT AVYYC ART SIVVV PGPLGLGPWGYNYHGM GVW GQG TTVIVS S
IGHV6-1*01,SQ TLSLTCAI SGDSVSSN SAAWNWIRQ SPSRGL EWL G RTLYR SKWDNDY ALSVKSRITI NPDTSKN QFSLQL NSVTPEDT AVYYC ARG TWRLGL DSWGQG TLVAVS S
IGHV6-1*01,QTIPLTCPISGDSVPSRSAG WHWIR HSPSRGL EWL GG TYYR SKWYSDY EVSVKSRITI NPDTSKN QFSLHLN SVTPEDT AVYYCA RA SIVVV PGPLGLGP WRYKY NG MEVW GPGT TVTVS S
IGHV6-1*01,QTPS LTFAIS RDSFSSSSSS WHLLR QSPSRGL EWL GG TYYR SK W YTDY AVSVRSRITI NPDTSKN QFSLHLN SVTPEDT AVYYC AGA SIVVV PGPLGLGPWG YKY NGM GVW GPGT TVTVS S
IGHV6-1*01,SQ ILSLTFAIS GDSVSSNSAG WHWVR QSPSRGL EWL GG TYYR SKWYTDY AVSVKRRITI NPDTSKN QFSLQL NSVTPEDT AVYYCA RA SIVVV PGPLGLGPWG YKY NG MEVW GQG TTVTVS S
IGHV6-1*01,TC AIS GDS V SSSSD TWNWIR QSPSGG LEWL G RTYYR SKWYNDY AVSVKSRMTI NPDTSKN QFSLQL NSVTPEDT AVYYC ARG YYFDY WGQG TLVTV SS
IGHV6-1*01,QSR SLTFAIS GDSFSS NSAAWNWLRQ SPSRGL EWL G RTYYR SKWYNDY AVSVKSRITI NPDTSRN QFSLQLN SVTPEDT AVYYCA RD FIYY DSSGY Y KPN YYYYGMDV WGQG TTVTVS S
IGHV6-1*01,QT LSLTCAI SGDSLSSN SAAWAWIRQ SPSRGL EWLGWTYYK SKWYDG YAVSLRSRITI NPESSRN QFSLQLRS VTPEDT AVYYCARARITTV RG VLW EDYGM DVW GQG TTVIVS S
IGHV6-1*01,SQT LSRTFAIS GDS VS SSSSSW H WNRQSPSRGL EW LGG TYYR S K WYTDY AVSVRSRITI NPDTSKN QFSLHL NSVTPEDT AVYYC AGA SIVVV PGPLGLGPWG YKY NGM GVW GPGT TVTVS S
IGHV6-1*01,SQ TLSLTCAI SGDS VS SSSSS WHW LR QSPSRGL EW LGG TYYR S K WYTDY AVSVRSRITI NPDTSKN QFSLHL NSVTPEDT AVYYC AGA SIVVV PGPLGLGPWG YKY NGM GVW GPGT TVTVS S
IGHV6-1*01,SQTR SLTVAIS GD TVS SSSSS WHWIR QSPSRGL EWL GG TYYMSKWYIDYAVSVKSRITI NPDTSKN QVSLQLKS VTPEET AVYFCA R ATIAVV PGPLGLGPWG YKY NG MEVW GPGT TVTVS S
IGHV6-1*01,SQ TLSLTCAI SGDS VS SSSSS WHWIR QSPSRGL EWL GG TYYR S KWY TDY AVSVRSRITIK SDTSKN QFSLHL NSVTPEDT AVYYC AGA SIVVV PGPLGLGPWG YKY NGM GVW GPGT TVTVS S
IGHV6-1*01,RTPSLTSAISRDSVSSSSSS WHLLR QSPSRGL EWL GG TYYR SK W YTDY AVSVRSRITI NPDTSKN QFSLHL NSVTPEDT AVYYC AGA SIVVV PGPLGLGPWG YKY NGM GVW GPGT TVTVS S
IGHV6-1*01,SQ TLSLTCAV SGD TVSS TTAS W NWIR QSPSRGL EWL GG TYFRSR WSTDY AVSVKSRITI NPDTSKN QFSLQLN SVTPEDT AVYYCA R ASITIV PGPLGLGPLG YKF KG MDV WGQG TTVTVS S
IGHV6-1*01,SQ TLSLICAI SGD TVS STSSS WHWIR QSPSRGL EWL GG TYYR S KWY TDY AVSVRSRMTIN TDTSKN QVSLHL NSVTPEDT AVYFCA RA SIVIV PGPLGLGPWG YKY NG MEVW GPGT TVTVS S
IGHV6-1*01,SQ TLSLTCAI SGDS VS SSSSS WHWIR QSPSRGL EWL GG TYYR S K WYTDY AVSVRSRITI NPDTSKN QFSLHL NSVTPEDT AVYYC AGA SIVVV PGPLGLGPWG YKY NGM GVW GPGT TVTVS S
IGHV6-1*01,QT LSLTCAI SGD SVSIS SSSSH WIRQ SPSSGL EWL GG TYYR SKWSTD YAVSV GS RITI NPDTSKN QFSLHL NSVTPEDT AVYYC AGA SIVVV PGPLGLGPWG YKY NGM GVW GPGT TVTVS S
IGHV6-1*01,SQTR SLTFAIS GDS V SSSSSS WHWIR QSPSRGL EWL GG TYYR S K WYTDY AVSVRSRITI NPDTSKN QFSLHL NSVTPEDT AVYYC AGA SIVVV PGPLGLGPWG YKY NGM GVW GPGT TVTVS S
IGHV6-1*01,SQ TLSLTCTI SGD TVS SNSAG WHWIR QSPSRGL EWL GG TYYR S K WYTDY AVSVKSRITI NPDTSKN QFSLQLN SVTPEDS AVYYCA RA SIVVV PGPLGLGPWG YKY NG MEVW GPGT TVTVC S
IGHV6-1*01,QTPS LTCAI SGDS VSSI SSS W HW I R QSPSRGL ERL GG TYFMSKW YTDY AVSVSSRITI NPDTSTN QFSLHLN SVTPENT AVYYC AGA SIVVV PGPLGLGPWG YKY NGM GVW GPGT TVTVS S
IGHV6-1*01,QSPS LTCAISW DSPSSSSSS WHLLR QSPSSGL EWLGWTYYMS KWYPDY AVSVRSRITI NPDTSTN QFSLHL NSVTPEDT AVYYC AGA SIVVV PGPLGLGT WGYKY NGM GVW GPGT KVTVS S
IGHV6-1*01,QV QLQQ SGPGLVKPSQ TLSLTCAI SGDT VS SNS AAWNWIR QSPSRGLG WL G RTYYR SKWYNDY AVSVRSRINI KPDTSKN QFSLQL NSVTPEDT AVYYCA RGDSSNY LGSLEYW GQG VMVTVA S
IGHV6-1*01,SQN LSLTCAI SGDS VS SSSSS WHWIR QSPSRGL EWL GG TYYR S K WYTDY AVSVRSRITI NPDTSKN QFSLHL NSVTPEDT AVYYC AGA SIVVV PGPLGLGQ WGYKY NG VGVW GPGT TVTV S
IGHV6-1*01,SQ TLSLTCAI SGDSVSSN SAVWNWIRQ SPSRGL EWL G RTYYR SKWSNDY AISVKSRIII NPDTSKN QFSLHLS SVTPEDT AVYYCVR SAGLT RRYWYFD LWGRG TLVTVS S
IGHV6-1*01,SQ TLSLTCAI SGD TVSIS SSS WHWIR QSPSRGL EWL GG TYY RS KWYIDYAVSVKSRITI NPDTSKN QVSLQLKS VTPEET AVYFCA R ATIAVV PGPLGLGPWG YKY NG MEVW GPGT TVTVS S
IGHV6-1*01,SQ TLSLTCAI SGDSVSSN SAAWNWIRQ SPSRGL EWL G RTYYR SKWYNDY AVSVKSRITI NPDTSKN QFSLQL NSVTPEDT AVYYCA RGGRG FRYFDW LPGGW F DPWGQG TLVTV SS
IGHV6-1*01,SQ TLSLTCAI SGDSVS SNRAVWNWIRQ SPSRGL EWLGRIYYR SKWSND YAISVKSRITI NPDTSKN QFSLHL NSVTPE D T AVYYCA R SAGLT RRYWYFDL WGRG TLVTVS S
IGHV6-1*01,T LSLTCAI SGDSVSSN SAAWNWIRQ SPSRGL EWL G RTYYR SKWYNDY AVSVKSRITI NPDTSKN QFSLQL NSVTPEDT AVYYCA REGVGE LSLFSYYYYYY GM D VWGQG TTVTV SS
IGHV6-1*01,LS LTCAIS GDS VS SSSSS WHWIR QSPSRGL EWL GG TYYR SK W YTDY AVSVKSRLTI NPDTSKN QFSLHLN SVAPEDT AVYYCA RA SIVIV PGPLGLGPWG YKY NG MEVW GPGT TVTVS S
IGHV6-1*01,LTSS LTAAI AGDSFSSNTAS W N WIR QSPSSGL EWL G RTYYRS QWGSDS TVSLKRRITISA DTSKN QFSLQLN SVTPEDT AVYYC ARG LTV AGAP SYWF DPWGQG TLVTVS S
IGHV6-1*01,SQ TLSLTCAI SGE SVS SSSAG WHWIR QSPSRGL EWL GG TYYR S KWY TDYAAS VKSRITI NPDPSKN QVSLHL NSVTPEDPA VYYCA R ASIVIV PGPLGLGPWG YKY NG MEVW GPGT TVTVS S
IGHV6-1*01,QTPS LTCAIS WDSVSSN SAAWNLLRQ SPSRGL EWL GT TYYR SKWYNDY AVSVKSRIII NPDTSKN QFSLQLKS VTPEDT AVYYC ARTP IVVV PGI LGL GPWG YRY NG LDVW GQG TTVTVS S
IGHV6-1*01,SQ TLSLTCAI SGDSVSSN SAAWNWIRQ SPSRGL EWL G RTYYR SKWYNDY AVSVKSRITI NPDTSKN QFSLQL NSVTPE D T AVYYC AREAA SSGW YRIVPYWYFD LWGRG TLVTV SS
IGHV6-1*01,SQ TLSLTCAI SGD TVS SSSGS WHWIR QSPSRGL EWL GG TYYR S K WYTDY AVSVKSRITI NPDTSKN QFSLQL NSVTPEDT AVYYC ARGWTN F DYWGQG TLVTVS S
IGHV6-1*01,QT LSLTFAIS GDS VS SSSSS WHWIR QSPSRGL EWL GG TYYR SK W YTDY AVSVRSRITI NPDTSKN QFSLHL NSVTPEDT AVYYC AGA SIVVV PGPLGLGPWG YKY NGM GVW GPGT TVTVS S
IGHV6-1*01,L TCAIS GDSVSSN SAAWNWIRQ FP SRCLEWL GR TYYR SKWYNDY AVSVKSRITI TPDTSKN QFSLHLTS VSPEDT AVYYCAR ADEEVGA TTAFD YWGQG TLVTV SS
IGHV6-1*01,SQ TLSLTCVIS GDSVSSN SAAWNWIRQ SPSRGL EWL GT TYYR SKWYNDY AVSVKSRIII NPDTSKN QFSLQLKS VTPEDT AVYYC ARTP IVVV PGI LG LGPWG YRY NG LDVW GQG TTVTVS S
IGHV6-1*01,SQ TLSLTCA VPGDSFSSTTA SWNWIR QSPSRGL EWL GG TFFRSLWS TDYSGS AQSRITI NPDTSQN QFSLQLNS VTTEDT AVYYCARASITIV PGPLGLGS WGYKF KG MDV WGQG TTVTVS S
IGHV6-1*01,SQ TLSLTCAI SGDSVSSN SAAWNWIRE SPSRGL EWL G RTYYR SKWYNDY AVSVKSRITI NPDTSKN QFSLQL NSVTPEDT AVYYCA RD FIYY DSSGY Y KPN YYYYGMDV WGQG TTVTVS S
IGHV6-1*01,SQ TLSLTCAI SGDS VS SSSSS WHW NRQSPSRGL EW LGG TYYR S K WYTDY AVSVRSRITI NPDTSKN QFSLHL NSVTPEDT AVYYC AGA SIVVV PGPLGLGPWGYKDNGM GVW GPGT TVTVS S
IGHV6-1*01,SQ TLSLTCAI SGDS VS SSSSS WHWIR QSPSRGL GWL GG TYYR S K WYTDY AVSVRSRITI NPDTSKN QFSLHL NSVTPEDT AVYYC AGA SIVVV PGPLGLGPWG YKY NGM GVW GPGT TVTVS S
IGHV6-1*01,SQ TLSLTCAIY GDTVSSTTA S WNWIR QSPSRGL EWL GG TYFRSR WSTDYAES VKSRITI NPDTSKN QFSLQLNA VTPEDT AVYYCARASITVV PGPLGLGPW GYRY NG LDVW GQG TTVTVS S
IGHV6-1*01,SQ TLSLTCAI SGDSVSSNS VAWNWVRL SPSRGL EWL G RTYYWS KWHNDY AVSVKSRIIV NPDTSKN QFSLQL NSVTPEDT AVYYCA RGQNS ALDVW GQG TMVTVS A
IGHV6-1*01,SCPTLVKPTQ TLSLTCAI SGDSVPSN SAAWNWIRQ SPSRGL EWL G RTYYR SKWYNDY AVSVKSRITI NPDTSKN QFSLQL NSVTPEDT AVYYCA REGGG SIYY GSGS Y YPATSPYGM DV WGQG TTVTVS S
IGHV6-1*01,SQ TLSLTCAI SGD TVSS TSSS WHWLR QSPSRGL EW LGG TYYR SKWYTD YAVSV KG RMTIN TDTSKN QVSLHL NSVT PEDTA AYFCA RA SIVIV PGPLGLGPWG YKY NG MEVW GPGT TITVS S
IGHV6-1*01,SQP LSLTCAI SGDS V SSSRSS WHWIR QSPSRGL EWL GG TYYR S K WYTDY AVSVRSRITI NPDTSKN QFSLHL NSVTPEDT AVYYC AGA SIVVV PGPLGLGPWG YKY NGM GVW GPGT TVTVS S
IGHV6-1*01,T LSLTCAI SGDS VS SSSSS WHWIR QSPSRGL EWL GG TYYR S KWY TDY AVSVRSRITIK SDTSKN QFSLHL NSVTPEDT AVYYC AGA SIVVV PGPLGLGPWG YKY NGM GVW GPGT TVTVS S
IGHV6-1*01,SQ TLSLTFAI SGD TVSS TSSSWP L L RQSPSRGL EW LGG TYYR SK WY TDY AVSVRSRMTIN TDTSKN QVSLHL NSVTPEDT AVYFCA RA SIVIV PGPLGLGPWG YKY NG MEVW GPGT TVTVS S
IGHV6-1*01,QT LSLTFAIS GDSVSSN SAAWNWIRQ SPSRGL EWL G RTYYR SKWYNDY AVSVKSRITI NPDTSKN QFSLQLN SVTPEDT AVYYC ARGGRG LRYFNW LPGGW F DPWGQG TLVTVS S
IGHV6-1*01,SQ TLSLTCAI SGDSVSSN SAAWNWIRQ SPSRGL EWL G TTYYR SKWYND YAVFVIRRIAI NPDTSQN QVSLHLN SVTPEDPA VYFCA R ASIVIV PGPLGLGPWG YKY NG VEVW GPGT TVTVA S
IGHV6-1*01,SQ TLSLTCAI SGDSVSSN SAAWNWIRQ SPSRGL EWL GS TYYR SKYYNDY AVSVKSRITI DPDTSKN QFSLQL NSVTPEDT AVYYC ARGSS YYHF NDNWFDPWGQG TLVTV SS
IGHV6-1*01,TLSLP FAI SGDSVS SHTAAWNWIRQ SPSRG LAW LGRPY YR SKWYNDY AVSVKSRITI NPDTSKN QFSLQL NSVTPEDT AVYYC ARGWTNFDYWGQG TLVTVS S
IGHV6-1*01,LMPSLTDA IS WDSASSSSSS WHLLR QSPSRGL EWL GG TYYR SK W YTDY AVSVRSRITI NPDTSKN QFSLHL NSVTPEDT AVYYC AGA SIVVV PGPLGLGPWG YKY NGM GVW GPGT TVTVS S
IGHV6-1*01,T LSLTCAIS GD SVS SSSGS WHWIR QSPSRGL EWL GG TYYR S K WYTDY AVSVKSRITI NPDTSKN QFSLQLHS VTPEDT AVYFCARASITVV PGPLGLGPWG YKY KG MDV WGQG TTVTVS S
IGHV6-1*01,SQ TLSLTCAI SGDS VS SSSGS WHWIR QSPSRGL EWL GG TYYR S K WYTDY AVSVKSRITI NPDTSKN QVSLHL NSVSPEDT AVYYCA RA SIVVV PGPLGLGPWG YKY NG MDV WGPGT TVTVS S
IGHV6-1*01,SQN LSLTFAIA GD SVS SSSGS WHWIR QSPSRGL EWL GG TYYR SK W YTDY ALSVKSRINI SPDTSRN QFSLQLN SVTPGDT AVYFCARASITIV PGPLGLGPWG YKY KG MDV WGQG TTVTV S
IGHV6-1*01,QV QLQQ SGPGLVKPSQ TLSLTCSIS AD TLFT NG VAWNWIR QSPSRGL EWL GR TYYR SKWYDDYAASA RSRITV SPDTSKN QFSLQLKYV TPEDT AVYYCVR GQYSG FDVWA QG TMVTV S
IGHV6-1*01,SQ TLSLTCAI SGDSVSSN SAAWNWIRQ SPSRGL EWL GT TYYR S K WYNDY AVSVKSRIII NPDTSKN QFSLQLKS VTPEDT AVYYC ARTP IVVV PGI L GLGPW CYR HNGL DVW GQG TTVTVS S
IGHV6-1*01,T LSLTCAI SGDS VS SSSSS WHWIR QSPSRGL EW LGGPYYRSK WYTYYAVSVRSRITI NPDTSKN QFSLHL NSVTPEDT AVYFC AGA SIVVV PGHLGLGPWGYKDNGMG VW GPGT TVTVS S
IGHV6-1*01,SQ TLSLTCAV SGD TVSS TTAS WNWIR QSPSRGL EWL GG TYFRSR WSTDY AVSVKSRITI NPDTSKN QFSLQLN SVTPEDTA VNYCARASITIV PGPLGLGPWG YKF KG MDV WGQG TTVTVS S
IGHV6-1*01,QTR SLTFAVS GD TVS STSAS WNWIR QSPSRGL EWL GG TFFR SQWSTDY AVSVQRRITI TPDTSKN QFSLHLN SVTPQDT AVYYCARASITIV PGPLGLGPWG YKF KG MDV WGQG TTVTVS S
IGHV6-1*01,T LSLTCDI SGDSVSSNSA TWNWVR QSPSRGL EW LGR TYYRSRW YDDYATSLQ GRVAIKA DTSKN QFSLQLYFV TPEDT AVYYCARRLS LSRTYSGMG VW GQG TTVIV S
IGHV6-1*01,QV QLQQ SGPGLVKPSQ TLSLTCAI SGDS V SKSGA W NWIR QSPSRGL EWL GR TYY KSKWYNE YAVSVKSRRTI NPDTSKN QFSLQLTS VTPEDT AVYYCA RGW F ASGLG L WGQG TLVTV SS
IGHV6-1*01,QPL SITYAIAA DSVSSSSSS WHCILQ SPSRGL EWL GG TYYR SK W YTDY AVSVRSRITI NPDTSKN QFSLHLN SVTPEDT AVYYC AGA SIVVV PGPLGLGPWG YKY NGM GVW GPGT TVTVS S
IGHV6-1*01,QT LSLTCAI SGDS VS SSSGS WHWIRQ SPSRGL EWL GG TYYRS KWSTDY AVSVKSRITI SPDTSKN QFSLQLN SVTPEDT AVYFCARASITVV PGPLGLGPWG YKY KG MDV WGQG TTVTVS S
IGHV6-1*01,SQ TLSLTCAI SGDSVS SHSAAWNWIRQ SPSRGL EW LGR TYYMSK WYNDY AVSVKSRITIN ADTSKN QFSLQL NSVTPE VTAVYYCA RQRAE MATISSF DNWGQG TLVTVS S
IGHV6-1*01,SQ TLSLTCAI SGDSVSNSSSS WHWIR QSPSRGL EWL GG TYYR S K WYTDY AVSVRSRITI NPDTSKN QFSLHL NSVTPEDT AVYYC AGA SIVVV PGPLGLGPWG YKY NGM GVW GPGT TVTVS S
IGHV6-1*01,SQ TLSLTCD ISGDS VSSNIAAWNWIRQ SPSRGL EWL GR TYYR SKWYHD YAVFVQ G RITI NPDTSKG QFSLQL NSVTPEDT AVYFCA RDVSA RFHQ WGQG TLVTV SS
IGHV6-1*01,SQTR SLTFAIS GDSVSSNS AAWTWIR QSPSRGL EWL GP TYYR SKWYNDY AVSVKSRIII NPDTSKN QFSLQLKS VTPEDT AVYYC ARTP IVVV PGI LGL GPWG YRY NG LDVW GQG TTVTVS S
IGHV6-1*01,SQ TLSLTCD ISGD IVSS YTATWNWIR QSPSRGL EWL GR TYY RSKWFTDY AVS LKS RMVISAD TSNN QVTLQLSS VTPEDT AVYFCT RDLLMGTTTNWD GVYF DPWGQG TLVVVS S
IGHV6-1*01,QV QLQQ SGPGLVKPSQ TLSLTCSIS AD TLFT NG VAWNWIR QSPSRGL EWL GR TYYR SKWYDDYAA SVRSRITV SPDTSKN QFSLQLKYV TPEDT AVYYCVR GQYSG FDVWA RG KMVTV S
IGHV6-1*01,SQ TLSLTCAI SGDS VS SSSSS WHWIR QSPSRGL EWL GG TYYR S K WYTDY AVSVRSRITI NPDTSKN QFSLHL NSVTPEDT AVYYC AGA SIVVV PGPLGLGPWG YKYIGMGVW GPE TTVTVS S
IGHV6-1*01,QL QLH QSGPGLVKPSQTPS LTCAI SGDGVSN NIAAWNWIR QSPSRGL EWL GR TYYRYKW FNDY ALSVKSRITI SPDTSKN EFSLQLTS VTPEDT AIYYCT RASAN YIWAFDVWA QG TAVTVS S
IGHV6-1*01,L SLTCAIS GDSVSSN SAAWNWIRQ SPSRGL EWL GT TYYR SKWYNDY AVSVKSRIII NPDTSKN QFSLQLKS VTPEDT AVYYC ARTP IVVV PGI L GLGPWG YRY NG LDVW GEGT KVTVS S
IGHV6-1*01,SQ TLSLTCAI SGDSVSSN SAAWNWIRQ SPSRGL E WLGRAYYR SKWYNDY AVSVKSRITI NPDTSKN QFSLQL N S VTAEDT AVYYC ARGG TYLFDY WGQG TLVTV SS
IGHV6-1*01,R TLSLTCAI SGDSVSSN SAAWNWIRQ SPSRGL EWL G TTYYR SKWYNDY AVSVKSRIII NPDTSKN QFSLQLKS VTPEDT AVYYC ARTP IVVV PGI LG LGPWG YRY NG LDVW GQG TTVTVS S
IGHV6-1*01,SL TCAVS RDTVSSNSAGW NWIR QSPSRGL EWL GG TYYR SKWYTDY AVSVKSRISI NPETSKN QFSLHLRS VTPEDT AVYYCA RA SIVVV PGPLGLGPWG YKY NG MEVW GQG TTVTVS S
IGHV6-1*01,SH TLSLTCAI SGE SV SSSSAG WHWIR QSPSRGL EWL GG TYYR S K WYTDY AVSVRSRITI NPDTSKN QFSLHL NSVTPEDT AVYYC AGA SIVVV PGPLGLGPWG YKY NGM GVW GPGT TVTVS S
IGHV6-1*01,SH TLSLTCAI SGD TVSS TRSS WHWIR QSPSRGL EWL GG TYYR SK WY TDY AVSVRSRMTIN TDTSKN QVSLHL NSVTPEDT AVYFCA RA SIVIV PGPLGLGPWG YKY NG MEVW GPGT TVTVS S
IGHV6-1*01,SQ TLSLTCAI SGA SV SSSS VAWTWVR QSPSRGL EWL G RTYYR SKWYND YAVFVQ S RIVINL DTSKN RLSLQL NSVTPEDT AVYYC ARGQ HTAFDY WGQGN LVTV SS
IGHV6-1*01,SQ TLSLTCAI SGDS VS SSSSS WHWIR QSPSRGL EWL GG TYYR S K WYTDY AVSVRSRITI NPDTSKN QFSLHL NSVTPEDT AVYYC AGA SIVVV PGPLGLGPWGYKNNGM GVW GPGT TVTVS S
IGHV6-1*01,SQ TLSLTCAI SGDS VS SSSSS WHWIR QSPSRGL EWL GG TYYR S K WYTDY AVSVRSRITI NPDTSKN QFSLHL NSVTPEDT AVYYC AGA SIVVV PGPLGLGPWGDKYNGM GVW GPGT TVTVS S
IGHV6-1*01,SQ TLSLTCSI SGDS V SSSSSS WHWIR QSPSRG LECL GG TYYR SKWYTDY AVAVKSRLTI NPDTSKN QFSLHLN SVAPEDT AVYYCA RA SIVIV PGPLGLGPWG YKY NG MEVW GPGT TVTVS S
IGHV6-1*01,QT LSLTCAI SGDS VS SSSSS WHWIR QSPSRGL EWL GG TYYR SK W YTDY AVSVRSRITI NPDTSKN QFSLHL NSVTPEDT AVYYC AGA SIVVV PGPLGLGPWG YKY NGM GVW GPGT TVTVS S
IGHV6-1*01,SQ TLSLTCAL SGDSVSSN SAAWNWIRQ SPSRGL EWL G RTYYR SKWYNDY AVSVKSRITI NPDTSKN QFSLQLNS VTAEDT AVYYC ARGG TYLFDY WGQG TLVTVS S
IGHV6-1*01,SQ TLSLTCAI SGDSVSSN SAAWNWIRQ SPSRGL EWL GR TYYR SKWWNDYA LSVRSRIIIT PDTSKN QFALQL DSVTPEDT AVYYCA RETGNWNDPWDAFDTWGQGT TVTV SS
IGHV6-1*01,SQ TLSLTCAV SGD TVSS TTAS W NWIR QSPSRGL EWL GG TYFRSR WSTDY AVSVKSRITI NPDTSKN QFSLQL NSVTPEDT AVYYC AGA SIVVV PGPLGLGPWG YKYT GM GVW GPGT TVTVS S
IGHV6-1*01,SPTR SLTCAI SGDS VS SSSSS WHWIR QSPSSGL EWL GG TYYR S K WYTDY AVSVRSRITI NPDTSKN QFSLHL NSVTPEDT AVYYC AGA SIVVV PGPLGLGPWG YKY NGM GVW GPGT TVTVS S
IGHV6-1*01,QT LSLTCAI SGDS VS SSSSS WHWIR QSPSRGL EWL GG TYYR SK W YTDY AVSVKSRITI NPDTSKN QFSLHM NSVTPEDT AVYYC AGA SIVVV PGPLGLGPWG YKY NG MEVW GPGT TVTVS S
IGHV6-1*01,SQ TLSLTCAI SGDSVSSN SAAWNWIRQ SPSRGL EWL G RTYYR SKWYNDY AVSVKSRITI NPDTSKN QFSLQL NSVTPEDT AVYYCA RD FIYY DSSGY Y KPNY HYY G MDVWA HG TAVAL SS
IGHV6-1*01,SGATLSKPTQ TLSLTCAI SSDSVSRN SAAWNWIR QSPSRGL EWL G TTYYR SKWYNDY AVSVKSRIII NPDTSKN QFSLQLKS VTPEDT AVYYC ARTP IVVV PGI LGL RPWG YRY NG LDVW GQG TTVTVS S
IGHV6-1*01,SQ TLSLTCAI SGDS VS SSSSS WHWIR QSPSRGL EWL GG TYYR S K WYTDY AVSVKSRITI NPDTSKN QFSLHL NSVTPEDT AVYYCA RA SIVVV PGPLGLGPWG YKY NGMEGWGPGT TVTVS S
IGHV6-1*01,SQTR SLTCAISW DSVSSSSGS WHWIRQ SPSRGL EWL GG TYYR S K WYTDY AVSVKSRITI NPDTSKN QVSLHLKS VSPEDT AVYYCA RA SIVVV PGPLGLGPWG YKY NG MDV WGPGT TVTVS S
IGHV6-1*01,L SLTCAIS GDSVSSN SAAWNWIRQ FPSRGL EWL G RTYYR SKWYNDY AVSVKSRITI TPDTSKN QFSLHLTS VSPEDT AVYYCAR ADEEVGA TTAFD YWGQG TLVTV SS
IGHV6-1*01,L SLTCAIS GDSVSSN SAAWNWIRQ SPSRGL EWL G RTYYR SKWYNDY AVSVKSRITI NPDTSKN QFSLQLN SVTPEDT AVYYCA RD FIYY DSSGY Y KPN YYYYGMDV WGQG TTVTVS S
IGHV6-1*01,QT LSLTCAI SGDSVSSN SAAWNWIRQ SPSRGL EWL G TTYYR SKWYNDY AVSVKSRIII NPDTSRN QFSLQLKS VTPEDT AVYYC ARTP IVVV PGI LG LGPWG YRY NG LDVW GQG TTVTVS S
IGHV6-1*01,SQ TLSLTCAI SGDSVSSN SAAWNWIRQ SPSRGL EWL G RTYYR SKWYNDY AVSVKSRITI NPDTSKN QFSLQL NSVTPEDT AVYYCAR DLSGT MVRGVIYP Y YF DYWGQG TLVTV SS
IGHV6-1*01,SQ TLSLTRA ISGDSVSSN SAAWNWIRQ SPSRGL EWL G RTYY RPKWYNDY AVSVKSRITI HPDTSKN QFSLQL NSVTPEDT AVYYC SRGQ KTAFD YWGQ GILVTV SS
IGHV6-1*01,SQPL SLNCAI SGDSVSSTPAG WHWLR QSPSRG IEWL GG TYFR SKWFTD YAVFVKSRITI NPDTAKN QVSLHL NSVTPEDT AVYFCARASITIV PGPLGLGPWG YKY KG MDVW GPGT TVTV S
IGHV6-1*01,SRTPS LTLAIS GDS V SSSSSSW H S L RQSPSRGL EWLGVTYYR SKWYTDY AVSVRSRITI NPETSKN QFSLHL NSVTPEDT AVYYC AGA SIVVV PGPLGLGPWG YKY NGM GVW GPGT TVTVS S
IGHV6-1*01,QT LSLTSA ISGDSV S GN IASWNL TRQSPSRGL GWLRTTYY RSKWYN YYAVSVKSRILI NPDTSKN QFSLQLKS VTPEDT AVYYC ARTP IVVV PGI LGL GPWG YRY NG LDVW GQG TTVTVS S
IGHV6-1*01,SQ TLALTCAI SGDS V SSSSSS WHWIR QSPSRGL EWL GG TYYR SKWYTD YAVSVRSRIT NNPDTSKN QFSLHL NSVTPEDT AVYYC AGA SIVVV PGPLGLGPWG YKY NGM GVW GPGT TVTVS S
IGHV6-1*01,SQP LSLTCAI SGDSVSSN RATWNWIRQ SPSRGL EWL GR TYY RSK WYY D YAVSVKSRIII NPDTSKN QFSLQL NSVTPDDT AVYYCARTIAVAV DPSYDHWGQG TLVTV SS
IGHV6-1*01,SQ TLSLTCAI TGD TVS STSGS WHWIR QSPSRGL QWL GG TYYR SDWYTDY AVSVKSRITVN ADTSKN QLSLRVSSV TAADT AVYYCA REEHSYAEN YFEYW GQG THVTVS S
IGHV6-1*01,QA LSLTCAI SGDSVSS NHAAWNWIRQ SPSRGL EWL G RTYYRS R W FNDY AVSVKSRITI NPDTSKN QFALQLN SVTPEDT AVYYCA RDEGNWDDG FDIW GQG TMVTV SS
IGHV6-1*01,SQ TLSLTFAISW DSVSSSSSS WHWL R QSPSRGL EWL GG TYFR SKWYTDY AVSVKSRITI NPDTSKN QVSLHL NSVTPEDT AVFYC ARA SIVIV PGPLGLGPWG YKYIGMEVW GPGT TVTVA S
IGHV6-1*01,SQ TLSLTCAI SGDSVSSS SSAWNWIRQ SPSRGL EWL G TTYYR SKWYNDY AVSVKSRIII NPDTSKN QFSLQLKS VTPEDT AVYYC ARTP IVVV PGI LGL GPWG YRY NG LDVW GQG TTVTVS S
IGHV6-1*01,QV QLQQ SGPGLVKPSQ TLSLTCSIS AD TLFT NG VAWNWIR QSPSRGL EWL GR TYYR SKWYDDYAA SVRSRITV SPDTSKN QFSLQLKYV TPEDT AVYYCVR GQYSG LDVWA QG TMVTV S
IGHV6-1*01,QTLSPTRALSGDSVSSN SAAWNWIRQ SPSRGL EWL G TTYYRS KWYNDY AVSVKSRITI NPDTSKN QFSLHL NSVTPEDT AVYYC AGA SIVVV PGPLGLGPWG YKY NGM GVW GPGT TVTVS S
IGHV6-1*01,SQTR SLTFAIS GDSVSSN SAAWNWIRQ SPSRGL EWL GT TYYR SKWYNDY AVSVKSRIII NPDTSKN QFSLQLKS VTPEDT AVYYC ARTP IVVV PGI LG LGPWG YRY NG LDVW GQG TTVTVS S
IGHV6-1*01,SQ TLSLTCAI SGD TVSS TSSS WHWIR QSPSRGL EWL GG TYYR SK WY TDY AVSVRSRMTIN TDTSKN QVSLHL NSVTPEDT AVYFCA RA SIVIV PGPLGLGPWG YKY NG MEVW GPA TTVTVS S
IGHV6-1*01,SQ TLSLTCAI SGD TVSS TSSS WHWIR QSPSRGL EWL GG TYYR SK WY TDY AVSVRSRMTIN TDTSKN QVSLHL NSVTPEDT AMYFCA RA SIVIV PGPLGLGPWG YKY NGM GVW GPGT TVTVS S
IGHV6-1*01,SQ TLSLLCAV SGDT VS STTAS WNWIR QSPSRGL EWL GG TYFR SRWST AYAVS AT SRMTI NPDTSKT KFSL QPNSVTPEDT AVYYCA RA SITIV PGPSGLGPW EYKY KG MDVWS QGT TVTVS S
IGHV6-1*01,QL QLHQ SGPGLVKPSQ TLSLTCAI SGDGVSNN IA AWNWIR QSPSRGL EW LGR TYYRYKWV NDY ALSVKSRITI SPDTSKN EFSLQLTS VTPEDT AIYYCT RASAN YIWAFDVWA QG TAVTVS S
IGHV6-1*01,SPT LSLTFAI SRDSFSS NSAVWNLLRQ SPSRG LAWL G RTYYR SKWSND YAISVKSRITI NPDTSKN QFSLLLN SVTP EDT AVYYC ARS AGLT RRYWYFDL WGRG TLVTVS S
IGHV6-1*01,SQ TLSLTCAI SGDSVSSN SAAWNWIRQ SPSRGL EWL G RTYYR SKWYNDY AVSVKSRITI NPDTSKN QFSLQL NSVT PEDTAVYYCARAVSVWGELLRNQLWDV WGQGT TVTV SS
IGHV6-1*01,SPT LSLTCA IPGDS V SSSSSSWP WI R QSPSRGF EW LGG TYYR SKCYTDY AVSVSSRITI NPDTSKN QFSLHL NSVTPEDT AVYYC AGA SIVVV PGPWGLGPWG YKY NGM GVW GPGT TVTVS S
IGHV6-1*01,L SLTCAVS GD TVS STTAS WNWIR QSPSRGL EWL GG TYFRS RWSTDY AVSVKSRITI NPDTSKN QFSLQLN SVTPEDT AVYYCARASITIM PGPLGLGPWG YKF KG MDV WGQG TTVTVS S
IGHV6-1*01,SQ TLSLTCAI SGDS VS SSSSG WHWIR QSPSRGL EWL GG TYYR S K WYTDY AVSVKSRITI NPDTSKN QFSLHL NSVTPEDT AVYYCA RA SIVIV PGPLGLGPWG YKY NG MEVW GPGT TVTVS S
IGHV6-1*01,SQ TLSLTCDI SGDSVSSQ SAAWNWI RQPPSRGL EWL G RTYYRSKW YSDSPLS VKSRITIKA DTSKN QISLQLNS VTPEDT GVYYCA SSTNWYNW F DPWGQG TLVTVS S
IGHV6-1*01,SQ TLSLTCSI SGDS VS SSSAG WHWIR QSPSRGL EWL GG TYYR S K WYSDY AVSVKSRITI NPDTSKN QFSLHL NSVTPEDT AVYYCA RA SIVVV PGPLGLGPWG YKY NG MEVW GPGT TVTVS S
IGHV6-1*01,SQ TLSLTCAI SGDSVSSN SAAWNWIRQ SPSRGL EWL GR TYYR SKWFSDYA LSVKSRITV NPDTSKN QFSLQVNS VTPEDT AVYYCAR AADETNAYNTGYNYPANWFHPWGQ GILVTVS S
IGHV6-1*01,QT LSLTCAI SGDSVSND KAAWSWIRQ SPSRGL EWL GR TFF RSKWYHDY AVSVQSRITI NPDTSKN QFSLQLN SVTPEDT AVYYCA RDGGRYGNPYGM DV WGQGT TVTVS S
IGHV6-1*01,SQ TLSLTCAI SGDSVSSN SAAWNWIRQ SPSRGL EWL G RTYY NSKWVNDY AVSV K SRITINVD TSEN QFSLQL NSVTPEDT AIYYC AKGQP FYYAMD VWGQG TTVTVS S
IGHV6-1*01,SQ TLSLTHAFSV DSFSSSSSSCPSIRQSPSRGL EW LGG TYYR S K WYTDY AVSVRSRITI NPDTSKN QFSLHL NSVTPEDT AVYYC AGA SIVVV PGPLGLGPWG YKY NGM GVW GPGT TVTVS S
IGHV6-1*01,SQ TLSLTCAI SGDSVSSN SVAWNWIRQ SPSRGL EWL GST YY RSEWS YAYAVS LKS RITITS DTSKN QLSLHL NSVTPDDT AVYYCARE YSGS RLDFW GQG TLVTVS S
IGHV6-1*01,SQ TLSLTVAIS GDS V SSSSSS WHWIR QSPSRGL EWL GG TYYR S K WYTDY AVSVRSRITI NPDTSKN QFSLHL NSVTPEDT AVYYC AGA SIVVV PGPLGLGPWG YKY NGM GVW GPGT TVTVS S
IGHV6-1*01,SQ TLSLTCAI SGDSVSS TSSAWNWIRQ SPSRGL EW LGR TYYRSRWF HDSAA SVRGRIFI NPDTSKN QFSLELHS VTPE D T AVYYCARL SSSGLD VWGL G TTVSV SS
IGHV6-1*01,SQ TLSLTCAI SGDSVSSN SATWNWIRQ SPWRGL EW LGR TYYR SKWYNEY AVSVKRRITIS TDTLKN QFSLHL NSVT PEDTA VYYC A RVLIRF RGR QWMEQRYFDYWA RDPWSPSPQ
IGHV6-1*01,PTR SLTAAISW DSASSSSSS WHLLR QSPSRGL EW LGGPY Y RSK W YTDY AVSVRSRITI NPDTSKN QFSLHL NSVTPEDT AVYYC AGA SIVVV PGPLGLGPWG YKY NGM GVW GPGT TVTVS S
IGHV6-1*01,QV QLQQ SGPGLVKPSQ TLSLTCAI SGDSVSSN SAAWNWIR QSPSRGL EWL G RTYYR SKWYNDY EVSVKSRIII NPDTSKN QFSLQL NSVTPEDT AVYYC AGSRTHSG TYYAVDY WGQG TLVTVS S
IGHV6-1*01,SQ TLSLTCAI SGDSVSSN SATWNWIRQ SPSRGL EWL G RTYYR SKWYNDY AVSVKSRITI NPDTSKN QFSLQL NSVTPEDT AVYYCARA YSGS WYRFDY WGQG TLVTVS S
IGHV6-1*01,QV QLQQ SGPGLVKPSQ TLSLTCAI SGDSVSSNS AAWIWIRQ SPSRGL EWL G RTYYR SKWYTDY AVSMKSRITI NPDTSKN QVSLQL NSVTPEDT ALYYCVR ANKR LVTTYYYYYYYIDV WGKG TTVTVS S
IGHV6-1*01,SQ TLSLTCAI SGD TVSS TSSS WHWIR QSPSRGL EWL GG TYYR SK WY TDY AVSVRSRMTIN TDTSKN QVSLHL NSVTPKDT AVYFCA RA SIVIV PGPLGLGPGG YKY NG MEVW GPGT TVTVS S
IGHV6-1*01,SQ TLSLTCAI SGDS VS SSSGS WHWIR QSPSRGL EWL GG TYYR SKWSTDY AVSVKSRITI SPDTSKN QFSLQL NSVTPEDT AVYFCARASITVV PGPLGLGPWG YKY KG MDV WGQG TTVTVS S
IGHV6-1*01,SQ TLSLTCAI SGDS VS SSSSS WHWIR QSPSRGL EWL GG TYYR S K WYTDY AVSVRSRITI NPDTSKN QFSLHL NSVTPEDT AVYYC AGA SIVVV PGPLGLGPWG YKY NGM GVW GPE TTVTVS S
IGHV6-1*01,SQ TLSLTCAI SGDS VS SSSSS WHWIR QSPSRGL EWL GG TYYR S KWY TDY AVSVRSRITINL DTSKN QFSLHL NSVTPEDT AVYYC AGA SIVVV PGPLGLGPWG YKY NGM GVW GPGT TVTVS S
IGHV6-1*01,SQ TLSLTCAI SGDS VSS ISATWNWFR QSPSRGL EWL G RTFYR S KWY NNYAGS VESRITI NPDTSKN QFSLQLTS VTPDDT AMYYCA REGNCGSAN CYGRVDY WGQG TLVTVS S
IGHV6-1*01,SQ TLSLTCAI SGDSVSSN SAAWNWIRQ SPSRGL EWL GT TYYR S K WYNDY AVSVKSRIII NPDTSKN QFSLQLKS VTPEDT AVYYC ARTP IVVV PGI LG LGPWG YRY NG MDV WGQGTP VTV AS
IGHV6-1*01,QNR SLTCAI SGDNVSS KSAAWNWIRQ SPSRGL EWL G RTYYRS KWDSNY AVSVKSRITI TPDTSKN QFSLQLS SVTPEDT AVYYCT RDTHLRGGSRGEN YYYGMDV WGQG TTVTVS S
IGHV6-1*01,SQ TLSLTCAI SGDSVSSN SAAWNWIRQ SPSRGL EWL GT TYYR SKWYNDY AVSVKSRIII NPDTSKN QFSLQLKS VT PEDTAAYY C ARTP IVVV PGI L GLGPWG YRY NG LDVW GQG TTVAV S
IGHV6-1*01,SQ TLSLTCAI SGDS VS SSSAG WHWIR QSPSRGL EWL GG TYYR SKWYSDY EVSVKSRITI NPDTSKN QFSLHL NSVTPEDT AVYYCA RA SIVVV PGPLGLGPWG YKY NG MEVW GPGT TVTVS S
IGHV6-1*01,SQ TLSLTFAIS GDSVSSNSA SWNLI R QSPSRGL EWL GG TYYR S KWY TDY AVSLRSRITIT PDTSKN QFSLQL NSVTPEDT AVYYCA RA SIVVV PGPLGLGPWG YKY NG MEVW GQG TTVTVS S
IGHV6-1*01,SQ TLSLTCAI SGDSVSSN SAAWNWIRQ SPSRGL EWL G RTYYR SKWYNDY AVSVKSRITI NPDTSKN QFSLQL NSVTPEDT AVYYCA RGSNSGYD F WGQG TLVTV SS
IGHV6-1*01,SQ TLSLTCAI SGDS V SSNSAAGN WIRQ SPSRGL EWL G TTYYR SKWYNDY AVSVKSRIII NPDTSKN QFSLQLKS VTPEDT AVYYC ARTP IVVV PGI LGL GPWGYPYTG LDVWC QGTTDT V SS
IGHV6-1*01,SQ TLSLTCAI SGDSVSSN SAAWNWIRQ SPSRGL EWL G RTYYR SKWYNDY AVSVKSRITI NPDTSKN QFSLQL NSVTPEDT AVYYCA RENR IAA AGTGT YYYYYY G MD VWGQG TTVTVS S
IGHV6-1*01,SQ TLSLTS ALPGDT V SSN SAAWNWIRQ SPSRG LELLG T TS YRSKWYNDY AVSVKSRIIIH PDTSKN QFSLQLKS VTPEH TAVYYC ARTP IVVV PGI LG LGPWG YRY NG LDVW GQG TTVTVS S
IGHV6-1*01,SQ TLSLTCAI SGDSVSSNS SAWNWIRQ SPSRGL EWL G RTYYR SKWYNDY AVSVKSRITI NPDTSKN QFSLQLNS VTAEDT AVYYC ARGG TYLFDY WGQG TLVTVS S
IGHV6-1*01,SQ TLSLTCAI SGDSVSS SSAAWNWIRQ SPSRGL EWL G RTFYR SKWYHDY AVSVKSRITI NPDTSKN QFSLQL NSVTPEDT AVYFCA RDSAIGLD ALDI WGQG TMVTVS S
IGHV6-1*01,SQ TLSLTCAI SGD SVSIS SSSWPW IR QSPSRGL EW LGG TYYR S K WYTDY AVSVRSRITI NPDTSKN QFSLHL NSVTPEDT AVYYC AGA SIVVV PGPLGLGPWG YKY NGM GVW GPGT TVTVS S
IGHV6-1*01,QT LSLTCAI SGDS VS SSSAG WHWIR QSPSRGL EWL GG TYYRS KWNTDY AVSVKSRITI NPDTSKN QFSLHLN SVTPEDT AVYYCA RA SIVVV PGPLGLGPWG YKY NG MEVW GPGT TVTVS S
IGHV6-1*01,SQ TLSLTCAIS GDSVSNNGA SWHWIR QSPSRGL EWL G RTYYR SKWYSDY AVSLKSRITIN SDTSQN QFSLQLTS LTPGDT AMYYCAR TS IGV VPG IL GLGPWK YYSYAMDV WGQG TTVTVS S
IGHV6-1*01,QNPS LTCAISW DTDSSTSS SWHLLR QSPSRG LAWL GG TYYR SK W YTDY AVSVKSRMTIN TDTSKN QVSLHLN SVTPEDT AVYFCA RA SIVIV PGPLGLGP WVYKY NG MEVW GPGT TVTVS S
IGHV6-1*01,SQ TLSLTCAI SGDSVSSS SAAWTWIR QSPSRGL EWL GR TYFR SKWYNDYAPS VKSRITI NPDTSKN QFSLQLKS VTPEDT AVYYCASVE MGSH TIYAMDV WGQG TTVTV S
IGHV6-1*01,SQ TLSLTCAI SGDS VS SSSSS WHWIR QSPSRGL EWL GG TYYR S K WYTDY AVSVRSRITI NPDTSKN QFSLHL NSVTPEDT AVYYC AGA SIVVV PGPLGLGR WGYKY NGM GVW GPGT TVTVS S
IGHV6-1*01,SQ TLSLTCAI SGDSVSSN SAAWNWIRQ SPSRGL EWL G RTYYR SKWYNDY AVSVKSRITI NPDTSKN QFSLQL NSVTPEDT AVYYCA RD FIYY DSSGY Y KPN YYYYGMDV WGQG TTVTVS S
IGHV6-1*01,SQ TLSLTCAI SGDS VS SSSSS WHWIR QSPSRGL EWL GG TYYR S K WYTDY AVSVRSRITI NPDTSKK QFSLHL NSVTPEDT AVYYC AG AYIVVV PGPLGLGPR RYNY TGM GVW GPGH TVTVS S
IGHV6-1*01,SLPC AI SGDSVSSN SAAWNWIRQ SPSRGL EWL G RTYYR SKWYNDY AVSVKSRITI NPDTSKN QFSLQL NSVTPEDT AVYYCAR DKSGYCSGGS CQFVFDY WGQG TLVTVS S
IGHV6-1*01,SQ TLSLTCAI SGDSVSSN SAAWNWIRQ SPSRGL EWL GT TYYR SKWYNDY AVSVKSRIIIN ADTSKN QFSLQLKS VTPEDT AVYYC ARTP IVVV PGI LG LGPWG YRY NG LDVW GQG TTVTVS S
IGHV6-1*01,SQ TLSLTCAV SGD TVSS TTA SW N WIR QSPSRGL EWLE G TYFRSR WSTDY AVSVKSRITI NPDTSKN QFSLQLN SVTPEDT AVYYCARASITIV PGPLGLGPWG YKF KG MDV WGQG TTVTVS S
IGHV6-1*01,SQ TLSLTCAI SGDS VS SSSSS WHWIR QSPSRGL EWL GG TYYR SKWYTDY AVSVISRITI NPDTSKN QFSLHL NSVTPGDT AVYYC AGA SIVVV PGPLGLGPWG YE YNGMGGWGPA TTVT GSS
IGHV6-1*01,LS LTCAIS GDS VS SSSSS WHWIR QSPSRGL EWL GG TYYR SK W YTDY AVSVRSRITI NPYTSKN QFSLHL NSVTPEDT AVYYC AGA SIVVV PGPLGLGPWG YKY NGM GVW GPGT TVTVS S
IGHV6-1*01,SQ TLSLTCAI SGDS V SSNSGG WHWIR QSPSRGL EWL GGTNYRSK WY TD YAVSV KG RITIN ADTSKN QFSLQL NSVT PEDA AVYYCA RA SIVIV PGLLGLGPWG YKY NG MDV WGPGT TVTVS S
IGHV6-1*01,LNPS LTIAIS WGSVSS NSAAWNLLRQ SPSRG LAWL GT TYYR SKWYNDY AVSVKSRIII NPDTSKN QFSLQLK SVTPEDT AVYYC ARTP IVVV PGI L GLGPWG YRY NG LDVW GQG TTVTVS S
IGHV6-1*01,SQ TLSLTCAI SGDSVSSD SAAWNWIRQ SPSRGL EWLGWTYY RSKWHYD YAVSVKSRITI NPDTSKN QFSLQL NSVTPEDT AVYYCA RAP IYC SGDSCN WF DPWGQG TLVTVS S
IGHV6-1*01,SQ TLSLTCAI SGDSVST KSAAWHWIRQ SPSRGL EWL GR TYYT SKWYND YAVSVKGRITI NPDTSKN QFSLQL NSVTPEDT AVYYCA RDHK YYS G KCF DSWGQG TLVVVS S
IGHV6-1*01,PTR SLTFAFS RDTFSSTT ASWTLLR QSPSRG LAWL GG TFFR SQWSTDY AVSVKSRITI NPDTSKN QFSLQLN SVTPEDT AVYYCAR A SITIV PGPLGLGPWG YKF KG MDV WGQG TTVTVS S
IGHV6-1*01,SQ TLSLTCAI SGD TVSS TSSS WHWIR QSPSRGL EWL GG TYYR SK WY TDY AVSVKSRMTIN TDTSKN QVSLHL NSVTPEDT AVYFCA RA SIVIV PGPLGLGPWG YKY NG MEVL GPGT TVTVS S
IGHV6-1*01,SH TLSLTCAI SGDSVSS NSAVWNWIRQ SPSRGL EWL G RTYYR SKWSNDY AISVKSRIII NPDTSKN QFSLHL NSVTPEDT AVYYCVR SAGLT RRYWYFDL WGRG TLVTVS S
IGHV6-1*01,SQ TLSLTCAI SGDSV S SYI PAWNWIR QSPSRGL E W LGR TYYR SKWYNDYAES V K GRLTI NPDTSKN QISLHL NSVTPDDT AVYYCA RDSSGFYPPLG YFDVW GRG TLVTV SS
IGHV6-1*01,QSPSLTSAISRDSVSSN SAAWNWIRQ SPSGG IEWL G TTYYR SKWYNDY AVSVKSRIIIN TDTSKN QFSLQLKS VTPGD TAVYYCA RTP LVVV PGIRGLGPWG Y RHNG LDVW GQG TTVTVS S
IGHV6-1*01,SQ TLSLTCVIS GDSVSSNT AAWVWIR QSPSRGL EWL GR TYY RSK WFVDYAVS LK SRVTIK SDTSEN QFSLQLTS VTPEDT AVYYCVRA EELGPR YDVFDIW GQG TLVTVS S
IGHV6-1*01,SQ TLSLTCAI SGD TVSS TSSS WHWIR QSPSRGL EWL GG TYYR SK WY TDY AVSVRSRMTIN TDTSKN QVSLHL NSVTPEDT AVYFCA RA SIVIV PGPLGLGPWG Y NYNG MEVW GPGT TVTVS S
IGHV6-1*01,LGRP YAI SGDSVSSN SAAWNWIRQ SPSRGL EWL GRTSYRSKWYTDY AVSVKSRITI NPDTSKN QFSLQLN SVTPEDT AVYYCA RAD MITF GG VIVTVAFDI WGQG TMVTV S
IGHV6-1*01,QT LSLTYAISVD SVSSNSA AWNCILQ SPSRGL EW LGTPY YR SKWYNDY AVSVKSRIII NPDKSKN QFSLQLKS VTPEDT AVYYC ARTP IVVV PGI L GLGQ WGYRY NG LDVW GQG TTVTVS S
IGHV6-1*01,TLP LTYAIS GD TV SSPSSS WHWIR QSPSRG LAWL GG TYYR SKWYTDY AVSVKSRMTIN TDTSKN QVSLHL NSVTPEDT AVYFCA RA SIVIV PGPLGLGPWG YKY NG MEVW GPGT TVTVS S
IGHV6-1*01,SQ TLSLTCAIY GDTVSSTTA S WNWIR QSPSRGL EWL GG TYFRSR WSSDYAES VKSRITI NPDTSKN QFSLQLNA VTPEDT AVYYCARASITVV PGPLGLGPWG YKF KG MDV WGQG TTVTVS S
IGHV6-1*01,QT LSLTFAISW DSISSSSSSWP WLR QSPSRGL EW LGG TYYR SK W YTDY AVSVRSRITI NPDTSKN QFSLHL NSVTPEDT AVYYC AGA SIVVV PGPLGLGPWG YKY NGM GVW GPGT TVTVS S
IGHV6-1*01,QSLSLPCPISGSSVSSSSSS WHWIR QSPSRGL EWL GG TYYR SK W YTDY AVSVRSRITI NPDTSKN QFSLHL NSVTPEDT AVYYC AGA SIVVV PGPLGLGPWG YKY NGM GVW GPGT TVTVS S
IGHV6-1*01,SQ TLSLACAI SGDSVSSN SAAWTWIR QSPS KRLEWLR TT YSRSKWYNDY AVSVKIRLII NPDTSKH QFSLQLKS VTPEDT AVYYCA RN TIVVI PGITGLSPWGY RY NG LDVWR QGT TVTV A
IGHV6-1*01,SQ TLSLTCAI SGDSVSSN SAAWNWIRQ SPSRGL EWL G RTYYR SKWYNDYA LSVKSRITI NPDTSKN QFSLQL NSVTPEDT AVYYC ARG LYSFNWF DPWGQ GTLVTVS S
IGHV6-1*01,SH TLSLTCAI SGESVSSNSAS WNWIR QSPSRGL EW LGGTN FRTEWY AGKSK WYT D YSVSV QG RITISA DTSKN QFSLQLN SVTPEDT AVYYCARVSVAVV PGPLGLGPWGPKH KAMEVW GQG VTVTVS S
IGHV6-1*01,SQ TLSLTCAI SGDSVS SRSAAWNWIRQ SPSRGL EWL GR TYYR SQWYNDYA LSLKSRITV SPDTSKN HFSLQL NSLTPEDT AVYYC ARGTHANGW YD WGQGT RVNV SS
IGHV6-1*01,SQ TLSLTCAI SGDS VSS TSSGW NWIR QSPSRGL EWL GG TYYR S K WYTDY AVSVKSRITI NPDTSRN QFSLQL NSVTPEDT AVYYCA RA SIVIV PGPLGLGPWG YKY NG MDV WGQG TTVTVS S
IGHV6-1*01,SQ TLSLTCAI SGDSVSSN SAAWNWIRQ SPSRGL EWL GT TYYR S K WYNDY AVSVKSRIII NPDTSKN QFSLQLKS VTPEDT AVYYC ARTP IVVV PGI L GLGPW AYRY NG LDVW GQG TTVTVS S
IGHV6-1*01,QSPS LTFA IPGDSVSSSSS SLHWLR QSPSRG IE WPGGT YYRFTWH TDY AVSVRSRITI NPATSKN QFSLHL NSVTPEDT AVYYC AGA SIVVV PGPLGLGPGG YKY NG MGVW GPGT TVTVS S
IGHV6-1*01,QV QLQQ SGPGLVKPSQ TLSLTCAI SGD TVSRS GSAGN LIR QSPSIG LEW LGR TYYR SKWYNDYVGS VKSRIII NPDTSRN QFSLQL NSVTPEDT AVYYC ASGR YSAFDI WGQG TMVTVS S
IGHV6-1*01,SQ TLSLTCAV SGD TVSS TTAS W N WIR QSPSRGL EWL GG TYFRSR LSTDY AVSVKSRITI NPYTSKN QFSLQL NSVTPEDT AVYYCA R ASITIV PGPLGLGPWG YKF KG MDV WGKG TTVTVS S
IGHV6-1*01,SQ TLSLTCAI SGDSV S SYI PAWNWIR QSPSRGL E W LGR TYYR SKWYNDYAES V K GRLTI NPDTSKN QISLHL NSVTPDDT AVYYCA RDSSGFYPPLG YFDVW GRG TLVTV SS
IGHV6-1*01,SQ TLSLTCDI SGDSVS SQSAAWNWIRQ SPSRGL EWL G RTYYRSKW YSDSPLS VKSRITIKA DTSKN QISLQLNS VTPEDT GVYYCA SSTNW YNWF DPRGQ GTLVTVS S
IGHV6-1*01,QT LSLTCAI SGD TVSS TSSS WHWIR QSPSRGL EWL G TTYYRS KWYNDY AVSVKSRIII NPDTSKN QFSLQLKS VTPEDT AVYYC ARTP IVVV PGI LGL GPWG YRY NG LDVW GQG TTVTVS S
IGHV6-1*01,QTPSPT CAI SGDS V SSSSSS WHWIR QSPSRGL EW LGG TYYRFKWY TDY AVSVRSRITIY PDTSKN QFSLHL NSVTPEDT AVYYC AGA SIVVV PGPLGLGPWG YRY NGM GVW GPGT TVTVS S
IGHV6-1*01,SQ TLSLTCAI SGDSVSSN SAAWNWIRQ SPSRGL EWL GT TYYR SKWYNDY AVSVKSRIII NPDTSKN QFSLQLKS VTPEDT AVYYC ARTP IVVV PGI LG LGPWGYRDN VLDVW GPGT TVTVS S
IGHV6-1*01,QTPS LTFAIS GDSFSS NSAAWHLLRQ SPSRGL EWL GT TYYR SKWYNDY AVSVKSRIII NPDTSKN QFSLQLS SVTPEDT AVYYC ART SIVVV PGPLGLGPWGYNYHGMG VW GQG TTVIVS S
IGHV6-1*01,SH TLSLTCAI SGDSVSSN SAAWNWIRQ SPSRGL EWL G RTYYR SKWYNDY AVSVKSRITI NPDTSKN QFSLQL NSVTP ED T AVYYCA R ATIF GVVPPY YYYGMDV WGQG TTVTVS S
IGHV6-1*01,QT LSLTCAI SGDSVSSN SAAWNWIRQ SPSRGL EWL GT TYYR SKWYNDY AVSVKSRIIIKS DTSKN QFSLQLKS VTPEDT AVYYC ARTP IVVV PGI LGL GPWG YRY NG LDVW GQG TTVTVS S
IGHV6-1*01,QPLSHS YAISVDTV SRSSSSWP CIRQ SPSRGL EW LGG TYY RS KWYIDYAVSVKSRITI NPDTSKN QVSLQLKS VTPEET AVYFCA R ATIAVV PGPLGLGPWG YKY NG MEVW GPGT TVTVS S
IGHV6-1*01,SQ TLSLTCAI SGDS VS SSSAG WHWIR QSPSRGL EWL GG TYYRS KWNTDY AVSVKSRITI NPDTS KIQFSLHL NSVTPEDT AVYYCA RA SIVVV PGPLGLGPWG YKY HG MEVS GPGS TVSV SS
IGHV6-1*01,SQ TLSLTCGI SGDS V S SNYVAWNWIRQ SPSRGL EWL GR TYCRW SKWSTEYAPF VKSRILIN GDTSKN HLSLQLTS VTPEDT AVYYCA RDHGWN LDY WGQG TLVTVS S
IGHV6-1*01,SQ TLSLTCAI SGDSVSSN SAAWNWIRQ SPSRGL EWL G RTYYR SKWYNDY AVSVKSRITI NPDTSKN QFSLQL NSVTPEDT AVYYCA RGIYDPPY YYYYYGMDV WGQG TTVTVS S
IGHV6-1*01,SQ TLSLTCAI SGDS VS SSSSS WHWIR QSPSRG LECL GG TYYR SKWYTDY AVSVRSRITI NPDTSKN QFSLHL NSVTPEDT AVYYC AGA SIVVV PGPLGLGPWG YKY NGM GVW GPGT TVTVS S
IGHV6-1*01,QT LSLTCAI SGDS VS TNSAG WNWIR QSPSRGL EWL GG TYYR SK W YSDF AVSVKSRITI SPDTSQN QFSLQLN SVTPEDT AVYYCA RA SIVVV PGPLGLGPWG YKY NG MEVW GQG TTVTVS S
IGHV6-1*01,QTR SLTCAIT GDSASSSSSS WHLIRQ SPSRG LAWL GG TYYR SK W YTDY AVSVRSRITI NPDTSKN QFSLHLN SVTPEDT AVYYC AGA SIVVV PGPLGLGPWG YKY NGM GVW GPGT TVTVS S
IGHV6-1*01,SQSRS LT G AI SGDSVSSN SAAWNWIRQ SPSRGL EWL GT TYYR SKWYNDY AVSVKSRIII NPDTSKN QFSLHLKS VTPEDT AVYYC ARTP IVVV PGI L GLGQ WGYRY NG LDVW GQG TTVTVS S
IGHV6-1*01,QT LSLTCAI SGDS VS RSSSS WHWIR QSPSRGL EWL GG TYYR SK W YTDY AVSVRSRITI NPDTSKN QFSLHL NSVTPEDT AVYYC AGA SIVVV PGPLGLGPWG YKY NGM GVW GPGT TVTVS S
IGHV6-1*01,SQ TLSLTCAI SGDSVSSN SAAWNWIRQ SPSRGL EWL GT TYYR S K WYNDY AVSVKSRIII NPDTSKN QFSLQLKS VTPEDT AVYYC ARTP IVVV PG ILGL GPGG YRY NG LDVW GQG TTVTVS S
IGHV6-1*01,SPT LSLTCAI SGDSVSSN SAAWNWLRQ SPSRGL EWL G TTYYR SNWYNDY AVSVKSRIII NPDTSKN QFSLQLKS VTPEDT AVYYC ARSP IVVV PGI LGL GPWG YRY NG LDVW GQG TTVTVS S
IGHV6-1*01,SQ TLSLTCAI SGD TVS SSSSS WHWIR QSPSRGL EWL GG TYY RS KWYIDYAVSVKSRITI NPDTSKN QVSLQLKS VTPEET AVYFCA R ATIAVV PGPLGLGPGG YKY NG MEVW GPGT TVTVS S
IGHV6-1*01,SLPCDISGDS VS SSSSS WHWIRH STSRGL EWL GG TYYR S KWY TDY AVSVRSRITI NPDTSKN QFSLHL NSVTPEDT AVYYC AGA SIVVV PGPLGLGPWG YKY NGM GVW GPGT TVTVS S
IGHV6-1*01,SQ TLSLTCAI SGDSVSSN SAAWNWIRQ SPSRGL EWL G RTYYR SKWYNDY AVSVKSRITI NPDTSKN QFSLQL NSVTPEDT AIYYCVRE A RY CSGT SCCF DPWGQG TLVTVS S
IGHV6-1*01,QV HLQ QSGPGLVRPSQ TLSLSCAI SGDS LSSIDAAWNWIRQ SPSGG LEWL GR TYYR SKWK ED FAAS VRSRISII PDSSKN QFTLQLHS VTPEDT AVYFC GREGR V DYSN TWLHALES WGQGA QVTVS S
IGHV6-1*01,SQTLP LTCAI SGDSVSSN SAAWNWIRQ SPSRGL EWL GT TYYR S K WYNDY AVSVKSRIII NPDTSKN QFSLQLKS VTPEDT AVYYC ARTP IVVV PGI LG LGPWG YRY NG LDVW GQG TTVTVS S
IGHV6-1*01,L ELTCAIS GDS VS SSSSS WHWIR QSPSRGL EWL GG TYYR SK W YTDY AVSVRSRITI NPDTSKN QFSLHLN SVTPEDT AVYYC AGA SIVVV PGPLGLGPWG YKY NGM GVW GPGT TVTVS S
IGHV6-1*01,SQ TLSLTCAI SGDSVSSN SAAWNWIRQ SPSRGL EWL G RTYYR SKWYNDY AVSVKSRITI NPDTSKN QFSLKLSS VTAADT AVYYCARVRY SSGWPPDYWGQG TLVTVS S
IGHV6-1*01,SQTL SHTCAI SGA SV SSS SVAWNWVR QSPSRGL EWL G RTYYRSK WYNDDA VFVQSRIVINL DTSKD QLSLQL NSVTPEDT AVYYC ARGQ HTAFDY WGQGN LVTV SS
IGHV6-1*01,QT LSLTCAI SGDSVSS TSAAWNWIRQ SPSRGL EWL GR TYYRSRWF HDSAA SVRGRIFI NPDTSKN QFSLELHS VTPED TA VYYCARL SSSGLD VWGL G TTVSVS S
IGHV6-1*01,QV QL QQSVPGLVKPSQT L S RTCAI SGDSVSSNSA A WTWIR QSPSRGL EW LGR TYYRSRWY NDYAGS VKSRIIFN TDTSKN QFSLQLN SVTPDDT AVYYC ARDT IVALITAF DSWGQGP LVTV SS
IGHV6-1*01,SQ TLSLTCAI SGDSVSSN SVAWNWIRQ SPSRGL EWL GR TYY RSEWS YAYAVS LKS RITITS DTSKN QLSLHL NSVTPDDT AVYYCARK YSGS RLDFW GQG TLVTVS S
IGHV6-1*01,RSPSL TTAVS WDTPSSTT ASWHLLR QSPSRGL EWL GG TFFR SQWSTDY AVSVKSRITI NPDTSKN QFSLQLN SVTPEDT AVYYCARASITIV PGPLGLGPWG YKF KG MDV WGQG TTVTVS S
IGHV6-1*01,Q VQLLQ SGPGLVKPSQ TLSLTCAI SGDSVSSS SAAWNWIRQ SPSRGL EWL GR TYYR SKWYNDYAAS VKSRITI NPDTSKN QFSLQL NSVTPEET AVYYCAR DRRGE VVD GGN WF DPWGQG TLVTVS S
IGHV6-1*01,SQ TLSLTCAV SGDT VSS TTAS WNWIR QSPSRGL EWL GG TYFRSR WSTDYAES VKSRITI NPDTSKN QFSLQL NSVTPEDT AVYYCARASITIV PGPLGLGPWG YKF KG MDV WGQG TTVTVS S
IGHV6-1*01,QV QLQQ SGPGLVKPSQ TLSLTCAI SGDS V SKSGS WNWIR QSPSRGL EWL G RTYYK SKWYNEY AVSVKSRITI NPDTSKN QFSLQLTS VTPEDT AVYYCA RGW F ASGLG L WGQG TLVTV SS
IGHV6-1*01,SQ TLSLTCAI SGDSVS SNIGFWNWIR QSPSRGL EWL G RTYYR SKWYND YAVSVKGRIRIN ADTSKN QFSLQL DSVTPEDT AVYFCARV STNYADYE RFDF WGQG TLVTVS S
IGHV6-1*01,SQ TLSLTCAI SGDSFSSN SAAWNWIRQ SPSRGL EWL G RTYYR SKWYNDY AVSVKSRITI NPDTSKN QFSLQL NSVTPEDT AVYYCA RDRIRSDDFWSG YY TSDDYY GMDV WGQG TTVTVS S
IGHV6-1*01,SQ TLSLTCAI SGDSVSS NRAAWNWIRQ SPSRGL EWL G RTYYR SKWYNDY AVSVKSRITI NPDTSKN QFSLQL NSVTPEDT AVYYCA RAD MITF GG VIVTVAFDI WGQG TMVTVS S
IGHV6-1*01,QTPS LTCAIS WDSFSSN SAAWNLLRQ SPSRG LAWL GT TYYR SKWYNDY AVSVKSRIII NPDTAKN QFSLQLK SVTPEDT AVYYC ARTP IVVV PGI L GLGPWG YRY NG LDVW GQG TTVTVS S
IGHV6-1*01,SQ TLSLTCAI SGDSVSSNG AAWNWVR QSPSRGL EWL G RTYYR SKWYNDY AVSVKSRITI NPDTSKN QISLKLTS VTAAD TAVYYCAVLRGYIYD YWGGMDVWGHGTP VTV SS
IGHV6-1*01,T LSLTFAI SGDSVSSN SAAWNWIRQ SPSRGL EWL G RTYYR SKWYNDY AVSVKSRITI NPDTSKN QFSLQL NSVTP ED T AVYYC ARAD IVVV PAAGWNYVPY Y YGMD V WGQGT TVTV SS
IGHV6-1*01,SQ TLSLTCAV SGD TVSS TTAS W N WI R QSPSRGL EWL GG TYFRSR WSTDY AVSVKSRITI NPDTSKN QFSLQLN SVTPEDT AVYYCA R ASITIV PGPLGLDPWGY KFK G MGVW GRG TTVTVS S
IGHV6-1*01,QV QLQQ SGPGLVKPSQ TLSVTCVIS GDSVSSS S VA WNWIR QSPSRGL EWL G RTYYT SKWNTEY AVSVKARITIR PDTSRN QFSLQLNS VTPDDT AVYYCA RGFPPDVHGA HFDFW GQG TLVTVS S
IGHV6-1*01,SQ TLSLTCAI SGDS VS SSSSS WHWT RQSPSRGRE WL GG TYYR S K WYTDY AVTVRSRITI NPDTSKN QFSLHL NSVTPEDT AVSYC AGA SIVVV PGPLGLGPWGYNYNGM GVW GPGT TVTVS S
IGHV6-1*01,SQ TLSLTCAI SGD TVSS TSSS WHWIR QSPSRGL EWL GG TYYR SK WY TDY AVSVRSRMTIN TDTSKN QVSLHL NSVTPEDT AVYFCA RA SIVIV PGPLGLGPW KYHS YG MDV WGQG TTVTVS S
IGHV6-1*01,QTPS LTFAISW DTFSSTSSS WH LL R QSPSRGL EWL GG TYYR SK W YTDY AVSVRSRMTIN TDTSKN QVSLHLN SVTPEDT AVYFCA RA SIVIV PGPLGLGPWG YKY NG MEVW GPGT TVTVS S
IGHV6-1*01,SQ TLSLTCAI SGDSVSSN SAAWNWIRQ SPSRGL EWL G RTYYR SKWYNDY AVSVKSRITI NPDTSKN QFSLQL NSVTPEDT AVYYCAR AADDSSA YY NAPNLFDPWGQG TLVTVS S
IGHV6-1*01,SQ TLSLTCSI SGD CVSISC SS LHCI RPSPSTGL EWL GG TYYR SNCYTDY AVSVRRRITI NPDTSKN QFSLHL NSVTPEDT AVYYC EGA SIVVV PGPLGLGPWG YKY NGM GVW GPGT TVTVS S
IGHV6-1*01,SQ TLSLTCAI SGDS VS SSSSS WHWIR QSPSRGL EWL GG TYYR S K WYTDY AVSVRSRITI NPDTSKN QFSLHL NSVTPEDT AVYYC AGA SIVVV PGPLGLGPWG YQY NGM GVW GPGT TVTVS S
IGHV6-1*01,T LSLTCAIS GDS VS SGTGS WHWIR QSPSRGL EWL GG TYYR S K WYTDY AVSVKSRVTI SPDTSRN QFSLQLTSV THGDT AVYYCARASITIV PGPLGLGPWG YKF KG MDV WGQG TTVSV SS
IGHV6-1*01,SQ TLSLTCAI SGDS VS SSSSS WHWIR QSPSRGL EWL GG TYYR S K WYTDY AVSVRSRITI NPDTSKN QFSLHL NSVTPEDT AVYYC AGA SIVVV PGPLGLGPWG YKC NGM GVW GPGT TVTVS S
IGHV6-1*01,SQ TLSLTCAV SGD TVS SSSAS WNWIR QSPSRGL EWL GG TFFR SRWSTDY ALSVKSRITI NPDTSKN QFSLQLNS VTAEDT AVYYCARASITVV PGPLGLGPWG YKF RG MEVW GQG TTVTVS S
IGHV6-1*01,SQ TLSLTCAI SGDS VS SSSSS WHWIR QSPSRGL EWL GG TYYR SKWYTDY AVSVRSRITI NPDTFKN QFSLHL NSVTPEDT AVYYC AGA SIVVV PGPLGLGP WVYKY NGM GVW GPGT TVTVS S
IGHV6-1*01,QPLS LTSA ISGDS VS SSSDT WHCIRQ SPSGG LEWL G RTYYR SKWYNDY AVSVKSRMTI NPDTSKN QFSLQLN SVTPEDT AVYYC ARG YYFDY WGQG TLVTVS S
IGHV6-1*01,SQ TLSLTCAI SGDSVSSN SAAWNWIRQ SPSRGL EWL G RTYYR SKWYNDY AVSVKSRITI NPDTSKN QFSLQL NSVTP EDT AVYYC AR RGA TFGASFDY WGQG TLVTVS S
IGHV6-1*01,SQ TLSLTCTI SGD TVS SNSAG WHWIR QSPSRGL EWL GG TYYRSKL YTDY AVSVKSRITI NPDTSKN QFSLQLN SVTPEDS AVYYCA RA SIVVV PGPLGLGPWG YKY NG MEVW GPGT TVTVS S
IGHV6-1*01,QTLP LTCAI SGDSVSSN SAAWNWIRQ SPSRG LEWL GR TYYR SKWYNDY AVSVKSRLTI NPDTSKN QFSLQLN SVTPEDT AVYYCA REE LR Y FD WLDY YYYYY GMDVWGQGT TVTVS S
IGHV6-1*01,LS LTCAIS GDS VS TNSAG WNWIR QSPSRGL EWL GG TYYR SKWYSDF AVSVKSRITI SPDTSKN QFSLQLN SVTPEDT AVYYCA RA SIVVV PGPLGLGPWG YKY NGM GVW GPGT TVTVS S
IGHV6-1*01,SQ TLSLTCAI SGDSVSSN SAAWNWIRQ SPSRGL EWL GT TYYR S K WYNDY AVSVKSRIII NPDTSKN QFSLQLKS VTPEDT AVYYC ARTP IVVV PGI LGL GPWG YRY NG MDV WGQG TTVTVS S
IGHV6-1*01,SQ TLSLTCAI SGDSVSSN SAAWNWIRQ SPSRGL EWL G RTYYR SKWYNDY AVSVKSRITI NPDTSKN QFSLQL NSVTPEDT AVYYCA RSGRGR TIFGVVIIP VGWCDPWGQ GTLVTVS S
IGHV6-1*01,IRQSPSRGL EW LGR TYYR SKWYNDY AVSVKSRITI NPDTSKN QFSLQL NSVT PEDTAVYYCARMRAV AGTDD YYYYYGMDV WGQG TTVTVS S
IGHV6-1*01,T LSLTCAI SGDSVSSN SAAWNWIRQ SPSRGL EWL G RTYYR SKWYNDY AVSVKSRITI NPDTSKN QFSLQL NSVTPEDT AVYYCA REGD AFDIW GQG TMVTVS S
IGHV6-1*01,SQ TLSLTS AISRDSLSSSSAG WHLLR QSPSRGL EWL GG TYYR SKWYSDY EVSVKSRITI NPDTSKN QFSLHL NSVTPEDT AVYYC AGA SIVVV PGPLGLGPWG YKY NGM GVW GPGT TVTVS S
IGHV6-1*01,SH TLSLICAI SGDSVSS NSAAWNWIRQ SPSRGL EWL G TTYYR S K WYNDY AVSVKSRIII NPDTSKNQFP LQLKS VTPEDT AVYYC ARTP IVVV PGI LG LGPWG YRY NG LDVW GQG TTVTVS S
IGHV6-1*01,SQ TLSLTCAI SGDSVSSN SAACNWIRQ SPSRGL EWL G TTYYR SKWYNDY SVSVKSRIII NPDTSKN QFSLQLKS VTPEDT AVYYC ARTP IVVV PGI LGL GPWG YRY NG LDVW GQG TTVTVS S
IGHV6-1*01,SQ TLSLTCAI SGDS VS SSSSS WHWIR QSPSRGL EWL GG TYYR SKWYTDY AVSVRSRLTI NPDTSKN QFSLHL NSVTPEDT AVYYC AGA SIVVV PGPLGLGPWG YKY NGM GVW GQG TMVTVS S
IGHV6-1*01,SQSPS LTCAISW DSVSSNTA SWNLL RQPPSRGRE WLGRTYYR SKWGSDS TVSLKSRITISA DTSKN QFSLQLN SVTPEDT AVYYC ARGL TV AGAP SYWF DPWGQG TLVTVS S
IGHV6-1*01,LS LTCAIS GDS VS SSSSS WHWIR QSPSRGL EWL GG TYYR SK W YTDY AVSVRSRITI NPDTSKN QFSLHL NSVTAAD T ALYYCA RDPGL FFTGSFYS WGQG ILVTVS S
IGHV6-1*01,SH TLSLTCAI SGD TVS SSSSS WHWIR QSPSRGL EWL GG TYY RS KWYIDYAVSVKSRITI NPDTSKN QVSLQLKS VTPEET AVYFCA R ATIAVV PGPLGLGPWG YKY NG MEVW GPGT TVTVS S
IGHV6-1*01,QV QLQQ SGPGAVKPSQ TLSLTCVIA GDSVSNK TVAWNWIR QSPSRGL EWL G MTYY RSK WY YDYPVS L K SRLTI SPDTSKN HLSLQL NSVTPEDT AVYYCA RGPRTGW F DSWGQ GLLVTVS S
IGHV6-1*01,SQTP SLTFAISW DSFSSSSSS WHLLR QSPSRGL EWL GG TYYR S K WYTDY AVSVRSRITI NPDTSKN QFSLHL NSVTPEDT AVYYC AGA SIVVV PGPLGLGPWG YKY NGM GVW GPGT TVTVS S
IGHV6-1*01,T LSLTCVVS GDT VS STTAS WNWIR QSPSRGL EWL GG TFFR SQWSTDY AVSVKSRITI NPDTSKN QFSLQL NSVTPEDT AVYFCA RA SIVIV PGPLGLGPWG YKY NG MEVW GPGT TVTVS S
IGHV6-1*01,SQ TLSLTCAI SGDS VST SSAG WHWIR QSPSRGL EWL GG TYYR S K WYTDY AVSVKSRITI NPDTSKN QFSLHL NSVTPEDT AVYYCA RA SIVVV PGPLGLGPWG YKY NG MEVW GPGT TVTVS S
IGHV6-1*01,SQTPSLTSAISRDSCSRK NVAWNLLR QSPARG LEWL GR TY FGS RLY SEY AVSV H SRIIIT PDTAKN QVSLQL DSVTPEDS AVYYCA RGGGEDGYCSGGSCHPY YFDYW AQG TLVTV SS
IGHV6-1*01,RTPS LTTAISW DSDSSN SAAWTLLR QSPARG LAWL G RTYYR SKWYNDY AVSVKSRITI NPDTSKN QFSLQLN SVTPEDT AVYYC ARGGRG LRYFDW LPGGW F DPWGQG TLVTVS S
IGHV6-1*01,SQ TLSLTCAI SGDS VS SSSSS WHWIR QSPSRGL EWL GG TYYR S K WYTDY AVSVRSRITI NPDTSKN QFSLHLKS VTPEDT AVYYC ARTP IVVV PGI LGL GPWG YRY NG LDVW GQG TTVTVS S
IGHV6-1*01,SQ TLSLTCAI SGDSVSSN SAAWNWIRQ SPSRGL EWL G RTYYR SKWYNDY AVSVKSRITI NPDTSKN QFSLQLYS VTPEDT AVYYC ARTP IVVVIWAAF DIWGQG TMVTVS S
IGHV6-1*01,LRPSLTPA I SWDSPSSSSSSWP L L RESPARG LAWL GG TYYR SK W YTDY AVSVRSRITI NPDTSKN QFSLHL NSVTPEDT AVYYC AGA SIVVV PGPLGLGPRG YKY NG M GVGGQG TTVTVS S
IGHV6-1*01,QV QLQQ SGPGLVKPSQ TLSLTCSIS AD TLFT NG VAWNWIR QSPSRGL EWL GR TYYR SKWYDDYAA SVRSRITV SPDTSKN QFSLQLKYV TPEDT AVYYCVR GQYSGF DVWAQVTMVTV S
IGHV6-1*01,SH TLSLTCAI SGDSVSSN SAAWNWIRQ SPSRGL EWL GT TYYR SKWYNDY AVSVKSRIII NPDTSKN QFSLQLKS VTPEDT AVYYC ARTP IVVV PGI LGL GPWG YRY NG LDVWC QG TTVTVS S
IGHV6-1*01,QTPSLTSAISGDSVSSN TAAWNWLRQ SPSRG L EWL G RTYYR SKWYNDY AVSVKSRITI NPDTSKN QFSLQLN SVTPEDT AVYYC ARGWTNFDYWGQG TLVTV SS
IGHV6-1*01,SQ TLSLTCAI SGDS VS SSSSS WHWIR QSPSRGL EWL GG TYYR S K WYTDY AVSVRSRITI NPDTSKN QFSLHL NSVTPEDT AVYYC AGA SIVVV PGPLGLGPWG YEY NGM GVW GPGT TVTVS S
IGHV6-1*01,SQ TLSLTCAI SGDSVSSNSAG WHWIR QSPSRGL EWL GG TYY RS KWYIDYAVSVKSRITI KPDTSKN QFSLHL NSVTPEDT AVYYCA RA SIVVV PGPLGLGPWG YKY NG MEVW GPGT TVTVA S
IGHV6-1*01,SQ TLSLTCAI SGDS VS SSSSS WHWIR QSPSRGL EW LGGPY YR SK W YTDY AVSVRSRITI NPDTSKN QFSLHL NSVTPEDT AVYYC AGA SIVVV PGPLGLGPWG YKY NGM GVW GPGT TVTVS S
IGHV6-1*01,QT LSLTCSI SGDS VS SSSSS WHWIR QSPSRGL EWL GG TYYR SK W YTDY AVSVRSRITI NPDTSKN QFSLHL NSVTPEDT AVYYC AGA SIVVV PGPLGLGPWG YKY NGM GVW GPGT TVTVS S
IGHV6-1*01,T LSLTCAI SGDSVSSN SAAWNWIRQ SPSRGL EWL GG TYYR SKWYTDY AVSVRSRITI NPDTSKN QFSLHL NSVTPEDT AVYYC AGA SIVVV PGPLGLGPWG YKY NGM GVW GPGT TVTVS S
IGHV6-1*01,SH TLSLTCAI SGDS VS SSRSS WHWIR QSPSRGL EWL GG TYYR S K WYTDY AVSVRSRITI NPDTSKN QFSLHL NSVTPEDT AVYYC AGA SIVVV PGPLGLGPWG YKY NGM GVW GPGT TVTVS S
IGHV6-1*01,SQ TLSLTCTIS GDS V SSSSSS WHWIR QSPSRGL EWL GG TYYR S K WYTDY SVSVRSRITI NPDTSKN QFSLHL NSVTPEDT AVYYC AGA SIVVV PGPLGLGPWG YKY NGM GVW GPGT TVTVS S
IGHV6-1*01,SQ TLSLTCAI SG EIVS SSRAGW NWIR QSPARGL EWL GG TYYR S K WFTDY AVSVKSRITI SPDTSKN QFSLQL NSVTPEDT AVYYCA RA SIVIV PGPLGLGPWG YKY NG MEVW GQG TTVTVS S
IGHV6-1*01,QSR SLTYAIS GDS VS SSSSS WHWIR QSPSRGL E WL RG TYYR SK W YTDY AVSVRSRLTIN QDTSKN QFSLHL NSVTPEDT AVYYC AGA SIVVV PGPLGLGPWG YKY NGM GVW GPGT TVTVS S
IGHV6-1*01,SQ TLSLTCAI SGDS VS SSSSS WHWIR QSPSRGL EWL GG TYYR S K WYTDY AVSVRSRITI NPDTSKN QFSLHL NSVTPEDT AVYYC AGA SIVVV PGPLGLGPWGDKNNGMG FW GPGT TVTVS S
IGHV6-1*01,QV QLQQ SGPGAVKPSQ TLSLTCVIA GDSVSNK TVAWNWIR QSPSRGL EWL G MTYY RSK WY YDYPVS L K SRLTI SPDTSKN HLSLQL NSVTPEDT AVYYCA RGPRTGW L DSWGQ GLLVTVS S
IGHV6-1*01,TLSLP CAI SGDSVSSN SAAWNWIRQ SPSSGL EWL G TTYYR S K WYNDY AVSVKSRIII NPDTSKN QFSLQLKS VTPEDT AVYYC ARTP IVVV PGI LGL GPWG YRY NG LDVW GQG TTVTVS S
IGHV6-1*01,QT LSLTCAI SGDS VS SSSAG WHWIR QSPSRG LAWL GG TYYR SK W YTDY AVSVKSRITI NPDTSKN QVSLHL NSVTPEDT AVYYC GR ASIVVV PGPLGLGPWG YKY NG MEVW GPGT TVTVS S
IGHV6-1*01,QT LSLSCA MSG VSV SSNS AAWNWIS QSPSIG LGWL G TTYYR SKSYNDY AVSVKSRLII NPDTSKN QFSLQLKS VTPEDT AVYYC ARTP IVVV PGI LGL GPWG YRY NG LDVW GQG TTVTVS S
IGHV6-1*01,SH TLSLTCVIS GDSVSRNTA SWNWIR QSPSKGL EWL G RTYYR SKWSAD YAVSLKGRITI NPDTSKN QVVLQLTS VTPEDT AIYYCA RHRGA FL DSWGLG TLVTV SS
IGHV6-1*01,QPR TLTCA IPGASVSSN CAAWYWIR QSPARGL EWRGTTSY RPKRTNDNAM SVTSLIII NPDTSKN QYSLQLKS VTPEDT AVYYC ARTP IVVV PGI L GLGPW AYRY NG LDVW GQG TTVTVS S
IGHV6-1*01,QPIPLT SVVSVD TVSSTTA SWNCIR QSPSRGL EWL GG TFFR SQWSTDY AVSVKSRITI NPDTPKN QFSLQLN SVTPEDT AVYYCARASITIV PGPLGLGPWG YKF KG MDV WGQG TTVTVS S
IGHV6-1*01,SQ TLSLTCAI SGDSVSSN SAAWNWIRQ SPSRGL EWL G RTYYR SKWYNDY AVSVKSRITI NPDTSKN QFSLQL NSVTPEDT AVYYCA KDKS FRLLG LRDYFGM DV WGQGT TVTVY S
IGHV6-1*01,SPTR SLTLAISW DSVSSSSSSWP WLR QSPSRGL EW LGG TYYR S K WYTDY AVSVRSRITI NPDTSKN QFSLHL NSVTPEDT AVYYC AGA SIVVV PGPLGLGPWG YKY NGM GVW GPGT TVTVS S
IGHV6-1*01,QT LSLT SAISWD S F STYDAAWHLLRQ SPSSGL E W L G RTYYR SKWYNDY AVSVKSRINI NPDTSKN LFSLQL NSVT PEDTAVYYCARDMI RGEIGD YYYYGLDVW GQGT TVTVS S
IGHV6-1*01,SQ TLSLTCAI SGDSVSSN SAAWNWIRQ SPSRGL EWL GT TYYR S K WYNDY AVSVKSRIII NPDTSKN QFSLQLKS VTPEDT AVYYC ARTP IVVV PGI LG LGPWG YRY HG LDV WGQG TTVTVS S
IGHV6-1*01,QT LSLTCAI AGD SVS SSSGS WHWIR QSPSRGL EWL GG TYYR SK W YTDY ALSVKSRINI SPDTSRN QFSLQLN SVTPGD TAVYFCARASITIV PGPLGLGPWG YKY KG MDV WGQG TTVTV S
IGHV6-1*01,SQ TLSLTCAI SGD TVSS TSSS WHWIR QSPSRGL EWL GG TYYR SK WY TDY AVSVRSRMTIN TDTSKN QVSLHL NSVTPEDT AVYFCA RA SIVIV PGPLGLGPWG YKY NG MEVW GKG TLVTV SS
IGHV6-1*01,L SLTCAI SGDS VSSNIAAWNWIRQ SPSRGL EWL GT TYYRSTW YNDY AVSVKSRIII NPDTSKN QFSLQLKS VTPEDT AVYYC ARTP IVVV PGI LG LGPWG YRY NG LDVW GQG TTVTVS S
IGHV6-1*01,SQ TLSLTCVIS GDSVS R N NVAWNWLRQ SPSRGL EWL GR TYH KSQWFNDY ALSVKSRITI NPDTSKN QFSLQLKS VTPEDT AVYFCA REDGL LQSVAFDI WGQG TLITVS S
IGHV6-1*01,SQ TLSLTCAI SGD TVSS TSSS WHWIR PSPSRGL EWL GG TYYR SK WY TDY AVSVKSRMTIN TDTSKN QVSLHL NSVTPEDT AVYFCA RA SIVIV PGPLGLGPWG YKY NG MEVW GPGT TVTVS S
IGHV6-1*01,PTPSLTPA IS WDSSSSN SAAWHLLR QSPSRGL EWL GT TYYR SKWYNDY AVSVKSRIII NPDTSKN QFSLQLKS VTPEDT AVYYC ARTP IVVV PGI LGL GPWG YRY NG LDVW GQG TTVTVS S
IGHV6-1*01,SPTR SLTAAISW DSFSSSSSS WHLLR QSPSRGL EWLGCTYYR SKWYTDY ALSVRSRITI NPYTSKN QFSLHL NSVTPEDT AVYYC AGA SIVVV PGPLGLGT WGYKY NGM GVW GPGT TVTVS S
IGHV6-1*01,SQ TLSLTCAI SGDSFSSNSA AWPLLR QSPSRGL EWL GT TYYR SKWYNDY AVSVKSRIII NPDTSKN QFSLQLKS VTPEDT AVYYC ARTP IVVV PGI LGL GPWG YRY NG LDVW GQG TTVTVS S
IGHV6-1*01,T LSLTCAI SGDSVSNNRG AWNWIR QSPSRGL EWL G RTLYR SEWRHDY ALSVKSRISI NPDTSKN QFSLQL NSVTPEDT AVYFC AGGT WHFGL DSWGQGTP VAV SS
IGHV6-1*01,QT LSLTCAI SGDS VS SSSSS WHWIR QSPSRGL EWL GG TYYR SK W YTDY AVSVRSRITI NPDTSKN QFSLHL NSVTPEDT AVYYC AGS SIVVV PGPLGLGPWG YKY NGM GVW GPGT TVTVS S
IGHV6-1*01,SQ TLSLTCAI SGESISSNSAS WN WIR QSPSRGL EW LGGTN FRTEWY AGGA KWYT DY SLSV QG RITISA DTSKN HLSLKLN SVTPEDT AVYFCARVSVVVV PGPLGLGPWGH KFKAMEV CGQG TTVTVS S
IGHV6-1*01,SQ TLSLTCDI SGDSVSSNS ATWNWIR QSPSRGL EWL GR TYYR SKWYDDYAPS V Q GRIAIKA DTSKN QFSLQLYFV TPEDT VVYYCARRLSL S R T Y SGMG VW GQG TTVIVS S
IGHV6-1*01,SQ TLSLTCAI SGDS VS SSSSS WHWIR QSPSRGL EWL GG TYYR S K WYTDY AVSVRSRITI NPDTSKN QFSLHL NSVTPEDT AVYYC AGA SIVVV PGPLGLGPWGC KY NGM GVW GPGT TVTVS S
IGHV6-1*01,QV QLQQ SGPGLVKPSQ TLSLTCAI SGDSVSSNSA AWTWIR QSPSRGL EWL G RTYYRSR WYNDY AVSVKSRIIFN TDTSKN QFSLQR NSVTSDDT AVYYC ARE TIVALS T AFDSWGQG ALVTVS S
IGHV6-1*01,SQ TLSLTCAI SGDSVSSN SAAWNWIRQ SPSRGL EWL G RTYYR SKWYNDY AVSVKSRITI NPDTSKN QFSLQL NSVTP ED T AVYYCA R E VYGIAVA GKDLNWFDPWGQG TLVTVS S
IGHV6-1*01,LS LTCAIF GDSVSSN SAAWNWIRQ SPSRGL EWL G TTYYR SKWYNDY AVSVKSRIII NPDTSKN QFSLQLKS VTPEDT AVYYC ARTP IVVV PGI LG LGPWG YRY NG LDVW GQG TTVTVS S
IGHV6-1*01,SQ TLSLTFAIA GD SVS SSSGS WHWIR QSPSRGL EWL GG TYYR SK W YTDY ALSVKSRINI SPDTSRN QFSLQLN SVTPGDT AVYFCARASITIV PGPLGLGPWG YKY KG MDV WGQG TTVTV S
IGHV6-1*01,HSHS LTHAISW DSYSRKSAACTSLRQSPSRG LALLGTTYYRS KLYNDY AVSVQRRIII NPDTSKN QFSLQLKS VTPEDT AVYYC ARTP IVVV PGI LGL GPWG YRY NG LDVW GQG TTVTVS S
IGHV6-1*01,SH TLSLTCAI SGDSVS SNRAAWNWIRQ SPSRGL EWL GT TYYR SKWYNDY AVSVKSRIII NPDTSKN QFSLQLKS VTPEDT AVYYC ARTP IVVV PGI LG LGPWG YRY NG LDVW GQG TTVTVS S
IGHV6-1*01,WVRQMPGKGL EW LGR TYYR SKWFNNY ALSVKSRIKI NPDTSKN QFSLHLN SVIPEDT AVYYCAR SSGYPDYWGQG TLVTVS S
IGHV6-1*01,SQ TLSLTCAI SGDSVSSN SAAWNWIRQ SPSRGL EWL GT TYYR S K WYNDY AVSVKSRIII NPDTSKN QFSLQLK SMTPEDT AVYYC ARTP IVVV PGI LG LGPWG YRY NG LDVW GQG TTVTVS S
IGHV6-1*01,LS LTCSISVDIVSI SSSS WHWIR PSPSRGL EWL GG TYYR SK W YTDY AVSVRSRITI NPDTSKN QFSLHLN SVTPEDT AVYYC AGA SIVVV PGPLGLGPWG YKY NGM GVW GPGT TVTVS S
IGHV6-1*01,SH TLSLTCAI SGDS VS SSSAG WHWIR QSPSRGL EWL GG TYYR S K WYTDY AVSVKSRITI NPDTSKN QFSLHL NSVTPEDT AVYYCA RA SIVVV PGPLGLGPWG YKY NG MEVW GPGT TVTVS S
IGHV6-1*01,PTPS LTLVVSW DTASSTTAS WPLLR QSPTRG LAWL GG TFFR SQWSTDY AVSVKSRITI NPDTSKN QFSLQLN SVTPEDT AVYYCAR A SITIV PGPLGLGPWG YKF KG MDV WGQG TTVTVS S
IGHV6-1*01,LTPSRTDA I SRDSDSSSGS SWHLH RQSPSRGL EW LGG TYYRSKWYT DYAGS VRSRITI NPDKSKN QFSLHL NSVTPEDT AVYYC AGA SIVVV PGPLGLGP WWYKY NGM GVW GPGT TVTVS S
IGHV6-1*01,LS LTCAIS GD SVS TNSGS WTWIR QSPSRGL EWL G RTFYRLKW HNDY AISVKSRMTIN ADTSKN QFSLQLN SVTPEDT AVYYCTR ESYGSGLSKW F DPWGQG TLVIVS S
IGHV6-1*01,SQ TLSLTCVIS GDSVSSN SATWNWIRQ SPSRGL EW LGR TYYR S RWYFD YAASMK SRITVT PHTPEN QFSLQLS SVTPEDT ALYYCA RSSG WYKF DSWGQG TLVT GSS
IGHV6-1*01,QA LSFICAIS GDSVSS TYVAWTWI RPSPSRGL EWL G RTYYMS KWKNDY ALSVNSRMTIN SDTSKN QFSLQLAS VTP E D TA VYYCA RALH DRGG LLTFDY WGQ GILVTVS S
IGHV6-1*01,SQ TLSLTCGI SGDSVSDN GAAWNWIRQ SPTRG LE W L GR TYF RS KWYHDYAES FKG RITI NPDTSTN HFSLQM NSMSPEDT AVYYC ARGRR AFDIW GQG TMVTVS S
IGHV6-1*01,SQ TLSLTCAI SGDS VS TNSAG WHWVRQ SPSRGL EWL GG TYYR S KW YSDYADS VKSRITI NPDTSKN HFSLQLKS VTPEDT AVYYCA RA SIVVV PGPLGLGP WSYKY NG MEVW GQG TTVTVS S
IGHV6-1*01,SQ TLSLTCAI SGDSLSSN SAAWNWIRQ SPSRGL E WL G RTLYR SGWHYD YALSVKSRITI NPDTSKN QFSLQL NSVTPEDT AVYYCV RG TWHLGL DSWGQG TLVA DSS
IGHV6-1*01,SQ TLSLTCVVS GDT VSST TA SCNWIR QSPSRGL EWL GG TFFR SQWSTDY AVSVKSRITI NPDTSKN QFSLQLN SVTPEDT AVYYCARASITIV PGHLGLGPWG YKF KG MDV WGQG TTVTVS S
IGHV6-1*01,QT LSLTCAI SGDSVSSN SAAWNWIRQ SPSRGL EWL G RTYYR SKWYNDY AVSVKSRITI NPDTSKN QFSLQLN SVTPEDT AVYYCA RELR YY DFWSGYSG YYYGMDV WGQG TTVTVS S
IGHV6-1*01,SQTLP LTCAI SGGSVSSN SAAWNWIRQ SPSRGL EWL GR TYFR SKWYSDY AVSVKGRITIN SDTSKN QFSLQLSS VTPEDT AVYYC ART SIVVV PGPLGLGPWGYNYHGM GVW GQG TTVIVS S
IGHV6-1*01,SQ TLSLTCAI SGDS VS SSSSS LHWIR QSPSRGL EWL GG TYY RSK WYTVYAVSVRSRITI NPDTSKN QFSLHL NSVTPEDT AVYYC AGA SIVVV PGPLGLGPWG YKY NGM GVW GPGT TVTVS S
IGHV6-1*01,SQ TLSLTCAI SGDNIGSSSA SWNWIR QSPSRGL EW LGGTNFR SEWY AGGSKWYPDYAPSV KSRITIN ADTSKN QLSLQLN SVSPEET AVYYCA RA SVVVV PGPWGLGPWG YKFKAIQVW GLG TTVTVS S
IGHV6-1*01,QTLP LTCAI SGDS V SSSSSS WHLLR QSPSRGL EWL GG TYYR SK W YTDY AVSVRSRITI NPDTSKN QFSLHL NSVTPEDT AVYYC AGA SIVVV PGPLGLGPWG YKY NGM GVW GPGT TVTVS S
IGHV6-1*01,QT LSLTCAI SGD TVSS TSSS WHWIR QSPSRGL EWL GG TYYR SK W YTDY AVSVRSRMTIN TDTSKN QVSLHLN SVTPEDT AVYFCA RA SIVIV PGPLGLGPWG YKYIGMGVW GPGT TVTVS S
IGHV6-1*01,SQ TLSLTCAI SGDS VS SSSSS WHWIR QSPSRGL EWL GG TYYR S K WYTDY AVSVRSRITI NPDTSKN QFSLHL NSVTPEDT AVYYC AGA SIVVV PGPLGLGPWG YRY NG LDVW GQG TTVTVS S
IGHV6-1*01,SH TLSLTCAI SGDSVS SNRAAWNWIRQ SPSRGL EWL GT TYYR SKWYNDY AVSVKSRIII NPDTSKN QFSLQLKS VTPEDT AVYYC ARTP IVVV PGI LG LGPWG YRY HG LDV WGQG TTVTVS S
IGHV6-1*01,SE TLSLTCTV SGGSVSSGD YY WSWIR QSPSRGL EWL G RTYYR SKWYSDY AVSVKSRITI NPDTSKN QFSLQLKS VAPDDT ALYFCAR DSSGW Y SPGY Y DYWGQG SLVTVS S
IGHV6-1*01,T LSLTCAI SGD TVS STSSS WHWIR QSPSRGL EWL GG TYYR SK WY TDY AVSVKSRMTIN TDTSKN QVSLHL NSVTPEDT AVYFCA RA SIVIV PGPLGLGPWG YKY NG MEVW GPGT TVTVS S
IGHV6-1*01,SQ TLSLTCAV SGD TVSS TTAS W NW I R QSPSRGL EWL GG TYFRSR WSTDY AVSVKSRITI NPDTSKN QFSLQLN SVTPEDT AVYYCARASITIV PGPLGLGPCG YKF KG MDV WGQG TTVTVS S
IGHV6-1*01,SR TLSLTCAI SGDSASSN SAAWNWIRQ SPSRGL EWL G RTYYR SKWYNDY AVSVKSRITI NPDTSKN QFSLQL NSVTPEDT AVYYCA RDRT WLANYYFD YWGQG TLVTV SS
IGHV6-1*01,QT LSLTCAI SGD TVSS TSSS WHWIR QSPSRGL EWL GG TYYR SK W YTDY AVSVRSRMTIN TDTSTN QVSLHLN SVTPEDT AVYFCA RA SIVIV PGPLGLSPWG YKY NG MEVW GPGT TVTVS S
IGHV6-1*01,SPTR SLTCAI SGDSVSSN SAAWNWIRQ SPSRGL EWL GT TYYR S K WYNDY AVSVKSRIII NPDTSKN QFSLQLKS VTPEDT AVYYC ARTP IVVV PGI LGL GPWG YRY NG LDVW GQG TTVTVS S
IGHV6-1*01,SQ TLSLTCAIY GDSVS SNDVAWNWIRQ SPSRGL EW LGR TYYR S RWHIEY SG FVSRQLSI EPDTSKN QISLQLN SVTPDDT AVYYCAR HLHDYPSLDNWGRG TLVTV SS
IGHV6-1*01,SLIPSH TCAI SGDS VSSIRAAWNWIRQ SPSRGL EWL GT TYYWSK CYND YVVSVKSRIII NPDTSKN QFSLQLKS VTP EE T AVYYC ARTP MVVV PG ILG LGPWG YRY NG LDV SGKG TTVTVA S
IGHV6-1*01,TLP LTFAV SGE SVS SSSAG WHWIR QSPSRGL EWL GG TYYR S KWY TDYAAS VKSRITI NPDPSKN QVSLHL NSVTPEDT AVYYCA RA SIVIV PGPLGLGPWG YKY NG MEVW GPGT TVTIS S
IGHV6-1*01,SQ TLSLTCAI SGD TVSS TSSS WHWIR QSPSRGL EWL GG TYYR SKWYTDY AVSVRSRMTINTY TSKN QVSLHL NSVTPEDT AVYFCA RA SIVIV PGPLGLGPWG YKY NG MEVW GPGT TVTVS S
IGHV6-1*01,SQ TLSLTCAV SGD TVSS TTAS W NWIR QSPSRGL EWL GG TFFR SQWSTDY AVSVKSRITI NPDTSNN HFSLQL NSVTPEDT AVYYCARASITIV PGPLGLGPWG YKF KG MDV WGQG TTVTVS S
IGHV6-1*01,SQ TLSLTCAI SGDT VS SSS ATWNWIR QSPSRGL EW LGKTHYRSK WYSVY ADSV KSRITI DPDTSKN QFSLKLSS VTAADT AVYFCARQ IDS WHIVVVVS VPRGE PFYFESW GQG ALVTVS S
IGHV6-1*01,SQN LSLTCDISY DSVSSN GAAWNWLRQ SPSRGL EW LGR TYYRSRWY HDYEES V K GRITIT PDTSKN QFSLQL NSMTPEDS AVYYC ARGR RAFDIW GQG TMVTVS S
IGHV6-1*01,PTR SLTVAIS WDSRSS NSAAWTLLRQ SPSRG LAWLG T TYYR SKWYNDY AVSVKSRIII NPDTSKN QFSLQLKS VTPEDT AVYYC ARTP IVVV PGI L GLGPWG YRY NG LDVW GQG TTVTVS S
IGHV6-1*01,L SLTCAIS GDT V SSD SAAWNWIRQ SPSRGL EWLGWTYYR SKWYNDY AISVKSRITI NPDTSKN QFSLQLN SVTPEDT AVYYCA RAP IYC SGDSCNW F DRWGQG TLVTV SS
IGHV6-1*01,SQ TLSLTCAI SGD TVSS TSSS WHWIR QSPSRGL EWL GG TYYR S K WYTDY AVSVRSRMTIN TDTSKN QVSLHL NSVTPEDPA VYFCA R ASIVIV PGPLGLGPWG YKY NG MEVW GPGT TVTVS S
IGHV6-1*01,QNPSL TYDISW DSISSSSSS WHSIR QSPSRGL EWL GG TYYR SK W YTDY AVSVRSRITI NPDTSKN QFSLHL NSVTPEDT AVYYC AGA SIVVV PGPLGLGPWG YKY NGM GVW GPGT TVTVS S
IGHV6-1*01,LSLT S AISGDS VS SSSSS WHWIR QSPSRGL EWL GG TYYR SK W YTDY AVSVRSRITI NPDTSKN QFSLHLN SVTPEDT AVYYC AGA SIVVV PGPLGLGPWG YKY NGM GVW GPGT TVTVS S
IGHV6-1*01,QT LSLTCAI SGDS VS SSSAG WHWIR QSPSRGL EWL GG TCY RSKWYTDY AV SRKS RITI NPDTAKN QFSLHL NSVTPEDT AVYYCA RA SIVVV PGPLGLGP WKYKY NG MEVW GPGT TVTVS S
IGHV6-1*01,SQ TLSLTCAI SGDSVSSN SAAWNWIRQ SPSRG LAWL GT TYYR SKWYNDY AVSVKSRIII NPDTSKN QFSLQLKS VTPEDT AVYYC ARTP IVVV PGI LG LGPWG YRY NG LDVW GQG TTVTVS S
IGHV6-1*01,SQ TLSLTCAI SGDS VS SSSSSR HWI RPSPSRGPEWLGG TYYR S K WYTDY AVSVRSRITI NPDTSKN QFSLHL NSVTRKDT AVYYC AGA SIVVV PGPLSLGPWG YKY NGM GVW GPGT TVTVS S
IGHV6-1*01,SQ TLSLTCAI SGDSVSSN IVTWNWIR QSPSRGL EWL G RTYYR SKWYSNY AVSVTSRMTI NPDKSKN QFSLQLN SVTPEDT AVYFCA RDRYDATDW TLNAFDIW GEG TMVTVS S
IGHV6-1*01,QT LSLTFAIS GDS VS SNSGG WHWIR QSPSRGL EWL GGTNYRSK WY TDY AVSVKSRITI NPDTSKN QFSLQLN SVT PEDA AVYYC ARA SIVIV PGPLGLGPWG YKY NG MDV WGPGT TVTVS S
IGHV6-1*01,QIPS LTYAIS GDSVSS NSAAWNLLRQ SPSRGL EWL GT TYYR SKWYNDY AVSVKSRIII NPDTSKN QFSLQLKS VTPEDT AVYYC ARTP IVVV PGI L GLGPWG YRY NG LDVW GQG TTVTVS S
IGHV6-1*01,SQ TLSLTCAI SGDS VS SSSSS WHWIR QSPSRGL EWL GG TYYR S K WYTDY AVSVRSRITI NPDTSKN QFSLHL NSVTPEDT AVYYC AGA SIVVV PGPLGLGPWG YKY NGM GVW GPGA TVTVS S
IGHV6-1*01,SQTPS LTCAI SGDS VS SSSSS WHWT RQSPSRGL EWL GG TYYRS KCYTDY AVWVRSRITI NPDTSKN QCSLHLNA VTPEAP AVYYC AGA SIVVV PGPLGLGPWG YKY NGM GVW GPGT TVP VSS
IGHV6-1*01,SQ TLSLTCAI SGD TVSS TSSS WHWIR QSPSRGL EWL GG TYYR SK WY TDY AVSVRSRMTIN TDTSKN QVSLHL NSVTPEDT AVYFCA RA SIVIV PGPLGLGPWG YKY NG MDV WGQG TTVTVS S
IGHV6-1*01,SQTRSL T G AISVYSV SSNSA TWSWIR QSPSRGL KWL G RTYY RSKW HYEYAVSV KS RLIIM PDTPKN QFSLQL NSVTPEDT AI DYCA RGQEKR FDY WGQGTP VTV SS
IGHV6-1*01,SQ TLSLTCAV SGD TVSS TTAS WNWIR QSPSRGL EWL GG TFFR SQWSTDY AVSVKSRVTI NPDTSKN RFSLQL NSVTPEDT AVYYCARASITIV PGPLGLGPWG YKF KG MDV WGQG TTVTVS S
IGHV6-1*01,SQ TLSLTCAI SGD TVSS TSSS WHWIR QSPSRGL EWL GG TYYR S KWY TDY AVSVRSRMTIN TDTSKN QVSLHL NSVTPEDT AVYFCA RA SIVLV PGPLGLGPWG YKY NG REVW GPGT TVTVS S
IGHV6-1*01,TR SLTCYIS GDSVSSN SAAWNWIRQ SPSSGL EWL G TTYYR SKWYNDY AVSVKSRIII NPDTSKN QFSLQLKS VTPEDT AVYYC ARTP IVVV PGI LG LGPWG YRY NG LDVW GQG TTVTVS S
IGHV6-1*01,SQ TLSLTFAIS GDT F SSSSSSWP LL RQSPSRGL EW LGG TYY RS KWYIDYAVSVKSRITI NPDTSKN QVSLQLKS VTPEET AVYFCA R ATIAVV PGPLGLGPWG YKY NG MEVW GPGT TVTVS S
IGHV6-1*01,L SLTCAIS GDSVSSN SAAWNWIRQ SPSRGL EWL G RTYYR SKWYNDY AVSVKSRITI NPDTSKN QFSLQLN SVTPEDT AVYYC AREP LITMVR G VKVR NA FDI WGQG TMVTVS S
IGHV6-1*01,SQ TLSLTCAIY GDTVSSTTA S WNWIR QSPSRGL EWL GG TYFRSR WSTDYAES VKSRITIT PDTSKN QLSLQLNA VTPEDT AVYYCARASITVV PGPLGLGPWG YKF KG MDV WGQG TTVTVS S
IGHV6-1*01,SQ TLSLTCAI SGDSVSS NSAALNWIRQ SPSRGL EWL G RTYYR SKWYNDY AVSVKRRITI NPDTSKN QFSLQL NSVTPEDT AVYYCA RDLGPPR GVVIILA KGY YGMD VGGQG TTVTVS S
IGHV6-1*01,SQ TLSLTCAI SGDS VS SSSSS WHWIR QSPSRGL EWL GG TYYR S K WYTDY AVSVRSRITI NPDTSKN QFSLHL NSVTPDDT AVYYC AGA SIVVV PGPLGLGPWG YKY NGM GVW GPGT TVTVS S
IGHV6-1*01,QT LSLTYAIS WDSVSSN SAAWNWIRQ SPSRGL EWL G TTYYRS KWYNDY AVSVKSRIII NPDTSKN QFSLQLKS VTPEDT AVYYC ARTP IVVV PGI LGL GPWG YRY NG LDVW GQG TTVTVS S
IGHV6-1*01,SQ TLSLTCAI SGDSVSSNSAA WNWI RPSPSRGL ECLGTTYYR SKWYNDYA VSVKSLIII NPDTSKN QFSLQLKS VTPEDT AVYYC ARTP IVVV PGI LGL GPWG YRY NG LDVW GQG TTVTVS S
IGHV6-1*01,LIPSLTG AIS WDSFSSN TAAWNLLR QSPSRGL EWL G RTYYR SKWYNDY AVSVKSRITI NPDTSKN QFSLQLN SVTPEDT AVYYC ARGWTNFDYWGQG TLVTV SS
IGHV6-1*01,SQ TLSLTCAI SGDSVSSN SAAWNWIRQ SPSRGL EWL GR TYFR SKWYSD YAVSVKGRITT NSDTSKN QFSLQLSS VTPEDT AVYYC ART SIVVV PGPLGLGPWGYNYHGM GVW GQG TTVIVS S
IGHV6-1*01,SQ TLSLTCAI SGD TVSS TSSS WHWIR QSPSRGL EWL GG TYYR SK WY TDY AVSVRSRMTIN TDTSKN QVSLHL NSVTPEDT AVYFCA RA SIVIVP VPLGLGPWG YKY NG MEVW GPGT TVTVS S
IGHV6-1*01,SQ TLSLTCAI SGDSVSSN SAAWNWIRQ SPSRGL EWL G RTYYR SKWYNDY AVSVKSRITI NPDTSKN QFSLQL NSVTPEDT AVYYC ARG HVLLWFGELSLNWF DPWGQG TLVTVS S
IGHV6-1*01,T LSLTCAI SGDSVSSN SAAWNWIRQ SPSRGL EWL G RTYYR SKWYNDY AVSVKSRITI NPDTSKN QFSLQL NSVT PEDTAVYYCARMRAV AGTDD YYYYYGMDV WGQG TTVTVS S
IGHV6-1*01,QT LSLTVAIS GDSFSS NSAAWNWLRQ SPSRGL EWL GT TYYR SKWYNDY AVSVKSRIII NPDTSKN QFSLQLKS VTPEDT AVYYC ARTP IVVV PGI L GLGPWG YRY NG LDVW GQG TTVTVS S
IGHV6-1*01,SQ TLSLTCDI SGDSVS SQSAAWNWIRQ SPSRGL EWL G RTYYRSKW YSDSPLS VKSRITIK AGTSKN QISLQL NSVTPEDT GVYYCA SSTNWYNW F DPWGQG TLVTV SS
IGHV6-1*01,SQ TLSLTCAI SGDS V SSSSAS WNWIR QSPSRGL EWL GG TYFRSRWY TDY AVSVKSRITI NPDTSKN QFSLQL NSVTPEDT AVYFCARASITVV PGPLGLGPWG YKF KG MDV WGQG TTVTVS S
IGHV6-1*01,SQ TLSLTCAI SGDSVSSN SAAWNWIRQ SPSRGL EWL GT TYYR S K WYNDY AVSVKSRIII NPDTSKN QFSLQLKS VTPEDT AVYYC ARTP IVVV PG ILGL GPGG YRY NG LDVWS QGT TVTVS S
IGHV6-1*01,SQ TLSLTCAI SGDS VS SSSSS WHWIR QSPSRGL EWL GG TYYR S K WYTDY AVSVRSRITI NPDTSKN QFSLHL NSVTPEDT AVYYC AGA SIVVV PGPLGLGPCG FTY NGM GVW GPGT AVTV SS
IGHV6-1*01,SQP LSLTCAI SGDS VS TNSAG WHWVRQ SPSRGL EWL GG TYYR S K WYSDY AVSVKSRITI NPDTSKN HFSLQLKS VTPEDT AVYYCA RA SIVVV PGPLGLGP WSYKY NG MEVW GQG TTVTVS S
IGHV6-1*01,SPTRS RTIAISW DSVSSSSSS WHLLR QSPSRGL EWL GG TYYR S K WYTDY AVSVRSRITI NPDTSKN QFSLHL NSVTPEDT AVYYC AGA SIVVV PGPLGLGPWG YKY NGM GVW GPGT TVTVS S
IGHV6-1*01,SQ TLSLTCAI SGDSVSSN SAAWNWIRQ SPSRGL EWL G RTYYR SKWYNDY AVSVKSRITI NPDTSKN QFSLQL NSVTPEDT AVYYCA RD FIYY DSSGY Y KPN YYYYGMDV WPRDHGHRLL
IGHV6-1*01,SQ TLSLTCAI SGDS V SSDGA AWNWVR QSPSRGL EWL GR TYYR SKWYSEYA LSVKSRLTIN ADTSKN QFSLQLN SVTPEDT AVYYCARASIRIL PGPLGLGPWGH YYSAVDVW GRG TTVTVS S
IGHV6-1*01,T LSLTC ASSGDS VS SSSSS WHWIR QSPSRGL EWL GG TYYR S K WYTDY AVSVRSRITI NPDTSKN QFSLHL NSVTPEDT AVYYC AGA SIVVV PGPLGLGPWG YKY NGM GVW GPGT TVTVS S
IGHV6-1*01,SQ TLSLTCVIS GDSVSND DAAWHWIRQ SPSRGL EWL GR TYFMSKW YSDYAPSVK SRITIKA DTSKN HLSLHL NSVTPEDT AMYYCT RGDG IAAA NTGFDPWGQG TLVTVS S
IGHV6-1*01,SQ TLSLSCAI SGDSVSS NRAVWNWIRQ SPARGL EWL G RTYYR SKWSNDY AISVKSRIII NPDTSKN QFSLHL NSVTPEDT AVYYCVR SAGLT RRYWYFDL WGRG TLVTVS S
IGHV6-1*01,SQ TLSLTCAI SGDSVSSNS AAWIWIR QSPSRGL EWL GR TYYR SKWYHDYAAS VKSRITI NPDTSKN QLSLQL NSVT PEDTAVYYCARDWLD SGGFPLD FDY WGQG TLVTV SS
IGHV6-1*01,SQTR SLTCAI SGDSVSSN SAAWNWIRQ SPSRGL EWL G RTYYR SKWYNDY AVSVKSRITI NPDTSKN QFSLQL NSVTPEDT AVYYCA RGLGG VFDY WGQG TLVTV SS
IGHV6-1*01,QT LSLTRA ISGDSVSSSSS SWHWIRQSLSRGLEWL GG TYYR S KW YTDY AVSVRSRITI NPDTSKN QFSLHL NSVTPEDT AVYYC AGA SIVVV PGPLGLGPWG YKY NGM GVW GPGT TVTVS S
IGHV6-1*01,SQ TLSLTCAI SGDSVSRN SAAWNWIRQ SPSRGL EWL G RTYYR SKWYNDY AVSVKSRITI NPDTSKN QFSLQL NSVTPEDT AVYYWS RGTGRGRP FMYYD YGMD V WGQG TTVTVS S
IGHV6-1*01,SQ TLSLTCAI SGDSVPS IS SS WHWIR QSPSRGL EWL GG TYYR S K WYTDY AVSVRSRITI NPDTSKN QFSLHL NSVTPEDT AVYYC AGA SIVVV PGPLGLGPWG YKY NGM GVW GPGT TVTVS S
IGHV6-1*01,SQ TLSLTCAI SGDSVSSN SAAWNWIRQ SPSRGL EWL GT TYYR S K WYNDY AVSVKSRIII NPDTSKN QFSLQLKS VTPEDT AVYYC ARTP IVVV PGI LGL GPWG YRY NG LDVW GQG TMVTVS S
IGHV6-1*01,SQ TLSLTCAI SGDS VS SSSAG WHWIR QSPSRGL EWL GG TYYR S K WYTDY AVSVKSRITI NPDTSKN QVSLHL NSVTPEDT AVYFC GR ASIVVV PGPLGLGPWG YKY NG MEVW GPGT TVTVS S
IGHV6-1*01,PT LSLTIAIS GDSISSSSSS WH WIR QAPSRGL EWL GG TYYR SK W YTDY AVSVRSRITI NPDTSKN QFSLHL NSVTPEDT AVYYC AGA SIVVV PGPLGLGPWG YKY NGM GVW GPGT TVTVS S
IGHV6-1*01,SQ TLSLTCA IPGDSVSSN SAAWNWIRQ SPSRGL EWL GT TYYR SKWYNDY AV SAK SRIII NPDTSKN QFSLQLKS VTPEDT AVYYC ARTP IVVV PGI LG LGPWG YRY NG LDVW GQG TTVTVS S
IGHV6-1*01,SQ TLSLTCAI SGDSVSNN DATWNWLR QSPSRGL EWL G RTYY KSKWYNDY FFSVKSRISIN ADTFTN KFSLHLRS VTPDDT AVYYCA RDQ VTLVRGVVYN YYGM DV WGQG TTVTVS S
IGHV6-1*01,SQ TLSLTCDI SGDSVSSN SAAWNWIRQ SPSTGL EWL G RTYYR SKWYNDY AVSVKSRITI NPDTSKN QFSLQLN SVTPEDT AVYYCVR SSTDT AMVT GGN WF DPWGQG TLVTV SS
IGHV6-1*01,QRHS LTTAIS WDSPSSN SAAWHLLR QSPSRGL EWL GR TYFR SKWYSDY AVSVKGRITIN SDTSKN QFSLQLS SVTPEDT AVYYC ART SIVVV PGPLGLGPWGYNYHGM GVW GQG TTVIVS S
IGHV6-1*01,QT LSLTCAISW DTVSSTSCS W HWLR QSPSRGL EWL GG TYYR SK W YTDY AVSVRSRMTIN TDTSKN QVSLHLN SVTPEDT AVYFCA RA SIVIV PGPLGLGPWG YKY NG MEVW GPGT TVTVS S
IGHV6-1*01,QN LSLTCAI SGDSVSSN SAAWNWIRQ SPSRGL EWL G TTYYRS KWYNDY AVSVKSRIII NPDTSKN QFSLQLKS VTPEDT AVYYC ARTP IVVV PGI LG LGPWG YRY NG LDVW GQG TTVTVS S
IGHV6-1*01,SQ TLSLTCAI SGDS VS SSSAG WHWIR QSPSRGL EWL GG TYYRS KWNTDY AVSVKSRITI NPDTSKN QFSLHL NSVTPEDT AVYYCA RA SIVVV PGPLGLGPWG YKY NG MEVW GPGT TVTVS S
IGHV6-1*01,SQ TLSLTCAV SGD TVSS TTAS W NWIR QSPSRGL EWL GG TYFRSR WSTDY AVSVKSRITI NPDTS KIQFSLQL NSVTPEDT AVYYCARASITIV PGPLGLGPWG YKF KG MDV WGQG TTVTVS S
IGHV6-1*01,SQ TLSLTCAISW DTFSSTSSS WHWLR QSPSRGL EW LGG TYYR S KWY TDY AVSVRSRMTIN TDTSKN QVSLHL NSVTPEDT AVYFCA RA SIVIV PGPLGLGPWG YKY NG MEVW GPGT TVTVS S
IGHV6-1*01,SRIPP VTFAIFW DSCSSNS VGW HLRM QPPSRG LVWM GGTNYRSNWFTDY AVCVKLRITI NPDTT KYQFSLQL NSVTPEDA CVYYC ARA SIVIV PGPLGLVP WVYKY NGM DV WGPGT TVTVS S
IGHV6-1*01,SR TLSLICAI SGDSVS SNRAAWNWIRQ SPSRGL EWL G TTYYR S K WYNDY AVSVKSRIII NPDTSKN QFSLQLKS VTPEDT AVYYC ARTP IVVV PGI LG LGPWG YRY NG LDVW GQG TTVTVS S
IGHV6-1*01,SQ TLSLTCAI SGDSVSSN SAAWAWIR QSPSRGL EWLGWTYYK SKWYDG YAVSLRSRITI NPESSRN QFSLQLRS VTPEDT AVYYCARARITTV R GVLW EDYGM DVW GQG TTVIV S
IGHV6-1*01,SKR AAWNW KKKSPTKGL EW MGT TYYR SKWYNDY AVSVKSRIII NPDTSKN QFSLQLKS VTPEDT AVYYC ARTP IVVV PGI LGL GPWG YRY NG LDVW GQG TTVTVS S
IGHV6-1*01,SQ TLSLTCAI SGDSVSSN SAAWNWIRQ SPSRGL EWL GT TYYR SKWYNDY AVSVKSRIII NPDTSKN QFSLQLKS VTPEDT AVYYC ARTP IVVV PGI L GLGPC CYRYNCLD VWGQ ATTVTVS S
IGHV6-1*01,SHPL SLTCAI SGDSVSS NRAAWNWIRQ SPSRGL EWL GT TYYR S K WYNDY AVSVKSRIII NPDTSKN QFSLQLKS VTPEDT AVYYC ARTP IVVV PGI LG LGPWG YRY NG LDVW GQG TTVTVS S
IGHV6-1*01,SQ TLFLTCAI SGD TVS STSSS WHWIR QSPSRGL EWL GG TYYR SK W YTDY AVSVRSRMTIN TDTSKN QVSLHL NSVTPEDT AVYFCA RA SIVIV PGPLGLGPWG YKY NG MEVW GPGT TVTVS S
IGHV6-1*01,LS LTCAIS GDSVSSNS AAWVWIR QSPSRGL EWLGRAHY RSK WYLDYAVSVKSRATI NPDPSKNQ FSLQLRSV IPEDT AVYYCA G QC CSDG VCYFCYW GQG TLVTVS S
IGHV6-1*01,QNPS LTFAIS WDSFSS NSAAWNLLRQ SPSRGL EWL GT TYYR SKWYNDY AVSVKSRIII NPDTSKN QFSLQLKS VTPEDT AVYYC ARTP IVVV PGI L GLGPWG YRY NG LDVW GQG TTVTVS S
IGHV6-1*01,SQIP SLTFAIS GDSVSSN SAAWNWIRQ SPSRGL EWL GR TYY RSKW YY DY AVSVKSRITI NPDTSKN QFSLQL NSVTPEDT AVYYCA RECPQS LTIFGVLVI GPI YHYYMDV WGKGT TVTV SS
IGHV6-1*01,LS LTCDI SGDSVSSN SATWNWIRQ SPSRG L EWL GR TYFR SKWYDDYATSLQG RIAIKA DTSKNQ FSLQLFFV TPEDT AVYYCARRL SLSRTYSGMG VW GQG TTVIVS S
IGHV6-1*01,QT LSLTCAI SGDSVSSN SAAWHWIRQ SPSRGL EWL G TTYYR SKWYNDY AVSVKSRIII NPDTSKN QFSLQLN SVTPEDT AVYYCARASITIV PGPLGLGPWG YKF KG MDV WGQG TTVTVS S
IGHV6-1*01,SQ TLSLTCAI SGDS VS SSSSS WHWIR QSPSRGL EWL GG TYYR S K WYTDY AVSVRSRITI NPDTSKN QFSLHL NSVTPEDT AVYYC AGA SIVVV PGPLGLGPWG YKS TGM GVW GPGT TVTVS S
IGHV6-1*01,SQ TLSLTCAI SGD TVS SSSSS WHWIR QSPSRGL EWL GG TYY RS KWYIDYAVSV KSP ITI NPDTSKN QVSLQLKS VTPEET AVYFCA R ATIAVV PGPLGLGPWG YKY NG MEVW GPGT TVTVS S
IGHV6-1*01,L SLTCAIS GDSVSSN SAAWNWIRQ SPSRGL EWL GT TYYR SKWYNDY AVSVKSRIII NPDTSKN QFSLQLKS VTPEDT AVYYC ARTP IVVV PGI L GLGPWG YRY NG LDVW GQG TTVTVS S
IGHV6-1*01,SQ TLSLTCAI SGD TVSS TSSS WHWIR QSPSRGL EWL GG TYYR SKWYTDY AVSVRSRMTIN TDPSKN QVSLHL NSVTPEDT AVYFCA RA SIVIV PGPLGLGPWG YKY NG MEVW GPGT TVTVS S
IGHV6-1*01,SQ TLSLTCAI SGDSVSNNRG AWNWIR QSPSRGL EWL G RTLYR SEWRHDY ALSVKSRISI NPDTSKN QFSLQL NSVTPEDT AVYFC AGGT WHFGL DSWGQGTP VAV SS
IGHV6-1*01,SQTRS STFAIS GDSVSSN SAAWNWIRQ SPSRGL EWL GT TYYR S K WYNDY AVSVKSRIII NPDTSKN QFSLQLKS VTPEDT AVYYC ARTP IVVV PGI LGL GPWG YRY NG LDVW GQG TTVTVS S
IGHV6-1*01,QT LSLTCAV SGD TVS SSSAS WNWIR QSPSRGL EW LGG TYFRS RWSTDYALSEK SRITI NPDTSKN QFSLQLN S V TAEDT AVYYCARASITVV PGPLGLGPWG YKF KG MDV WGQG TTVTVS S
IGHV6-1*01,SH TLSLTCAI SGDSVSSN SAAWNWIRQ SPSRGL EWL G RTYYR SKWYNDY AVSVKSRITI NPDTSKN QFSLQL NSVT PEDTAVYYCARAVSVWGELLRNQLWDV WGQGT TVTV SS
IGHV6-1*01,SQT LS LP CAI SGDSVSSN SVAWNWIRQ SPSRG LEWL GR TYR RSYD YAVSVKSRISIN ADTSKN QFSLQL NSMT PEDTA VYYC A RG IWNA FDI WGQG TMVTVS S
IGHV6-1*01,SQ TLSLTCAI SGDSVSSN SAAWNWIRQ SPSRGL EWL G RTYYR SKWYNDY AVSVKSRITI NPDTSKN QFSLQLN SVTPEDT AVYYCARVSYS SSSG VLGYYGMDV WGQG TTVTVS S
IGHV6-1*01,QV QLQQ SGPGLVKPSQ TLSLTCAI SGD TVSSNISSCNLIR QSPSRGL EWL G RTYYR SKWYNDYPV SVKSRITI NPDTSKN QLSLQLNS VSTEDT AVYFCVRQ KAGTT EF DPWGQG TLVTV AS
IGHV6-1*01,QT LSLTCAI SGDSVSSN SAAWNWIRQ SPSRGL EWL G TTYYR SKWYNDY AVSVKSRIII NPDTSKN QFSLQLKS VTPEDT AVYYC ARTP IVVV PGI L GLGPWG YRY SG LDVW GQG TTVTVS S
IGHV6-1*01,SQ TLSLTCAI SGDSVSSN SAAWNWIRQ SPSRGL EWL GR TYFR SKWYSDY AVSVKGRITIN SDTSKN QFSLQLSS VTPEDT AVYYC ART SIVVV PGPLGLGPWGYNYHGM GVW GQG TTVTVS S
IGHV6-1*01,SQ TLSLTCAISV DSVSSNSAS WNWIR QSP SRCLEWLVTTY YRAKW YNDY AVSVE SP LII NPDTSQN KFSLQLKS VTPEDT AVVYC ARTP IVVV PGI LGL GPWG YRY NG MDV WGQGT KVTVS S
IGHV6-1*01,Q VQLLQ SGPGLVKPSQ TLSLTCAI SGDSVSSS SAAWNWIRQ SPSRG LE WL GR TYYR SKWYNDYAAS VKRRITI NPDTSKN QFSLQL NSVTPEDT AVYYCAR DRRGE VVD GGNW F DPWGQG TLVTFS S
IGHV6-1*01,SQ TLSLTCAI SGD TVSS TSSS WHWIR QSPSRGL EWL GG TYYR SK WY TDY AVSVRSRMTIN TDTSKN QVSLHL NSVTPEDT AVYFCA RA SIVIV PGPLGLGPWG YKY NG MDV WGPGT TVTVS S
IGHV6-1*01,T LSLTCAI SGDS VS SSSSS WHWIR QSPSRGL EWL GG TYYR S K WYTDY AVSVRSRITI NPDTSKN QFSLHL NSVTPEDT AVYYC AGA SIVVV PGPLGLGPWG YKY NGM GVW GPGT TVTVS S
IGHV6-1*01,QT LSLTCAI SGDSVSSN NAAWNWIRQ SPSRGL EWL GR TYY RSK WFYDYTVSVKSRMTIN ADTSKN QFSLQVNS VTPEDTG VYYCARYL SSPGGM DVW GQG TTVTVS S
IGHV6-1*01,SQTP SLTFAIS GDS VS SSSAG WHWIR QSPSRGL EWL GG TYYR S K WYSDY AVSVKSRITI NPDTSKN QFSLHL NSVTPEDT AVYYCA RA SIVVV PGPLGLGPWG YKY NG MEV GGPGT TVTVS S
IGHV6-1*01,QT LSLTCAI SGDS VS SSSSS WHWIR QSPSRGL EWL GG TYYR SK W YTDY AVSVRSRITI NPDTSKN QFSLHL DSVTPEDT AVYYC AGA SIVVV PGPLGLGPWG YKY NGM GFW GPGT TVTVS S
IGHV6-1*01,QT LSLTCAI SGDSV A SNSAS WNWIR QSPSRGL EWL GGANFRSDSYDCQSKWYSDY AVSVKSRISIN ADTSKN QFSLQLN SVSPEDT AVYYCA RA SVVVV PGPLGLGPWGHKH KAMEIW GQGT TVTVT S
IGHV6-1*01,SQ TLSLTCAI SGDSVSSN SAAWNWIRQ SPSRGL EWL GT TYYR S K WYNDY AVSVKSRIII NPDTSKN QFSLQLKS VTPEDT AVYYC ARTP IVVV PGI LGL GPWG YRY NG LDV WGQ RTTVTVS S
IGHV6-1*01,Q VQLLQ SGPGLVKPSQ TLSLTCAI SGDSVSSS SAAWNWIRQ SPSRGL EWL GR TYYR SKWYNDYAAS VKSRITI NPDTSKN QFSLQL NSVTPEDT AVYYCA RDRRE EVV DGGNW L DPWGQG TLVTVS S
IGHV6-1*01,SQ TLSLIYAIS GDS VS SSSSS WHLT RQSPSRGL EWL GG TYYR SKWYTD YTVSVRSRITI NPATSKN QFSLNL NSVTPEDT AVYYC AGA SIVVV PGPLGLGTWGDKYNGM GVW DAGT TVNV TS
IGHV6-1*01,SQ TLSLTCAI SGD TVSS TSSS WHWIR QSPSRGL EWL GG TYYR SK WY TDY AVSVRSRMTIN TDTSKN QVSLHL NSVTPEDT AVYFCA RA SIVIV PGPLGLGPWG YRY NG LDVW GQG TTVTVS S
IGHV6-1*01,SQ TLSLTCAI SGDSVSS NRAAWNWIRQ SPSRGL EWL GR TYYR SKWFNDY AFSVKGRITI NPDTSKN QFSLQL NSVTPEDT AVYYCA SSWSSGWYDNWFDPWGQG TLVTVS S
IGHV6-1*01,T ISLTCAISW DSVSSSSSS LHWIR QSPSRGL EWL GG TYYR S K WYTDY AVSVRSRITI NPDTSKN QFSLHL NSVTPEDT AVYYC AGA SIVVV PGPLGLGPSR YEYTRMRVR GPGP AVTV AS
